{
	"credit": "Made with Blockbench",
	"textures": {
		"0": "item/guns/smg/pdw/pdw",
		"1": "item/guns/smg/pdw/black",
		"particle": "item/guns/smg/pdw/pdw"
	},
	"elements": [
		{
			"name": "hexadecagon",
			"from": [11.2, 7.85082, 7.25],
			"to": [14.2, 8.14918, 7.75],
			"rotation": {"angle": -45, "axis": "x", "origin": [12.7, 8, 8]},
			"faces": {
				"north": {"uv": [0.25, 0.25, 0.75, 0.75], "texture": "#1"},
				"east": {"uv": [1.25, 0.25, 1.75, 0.75], "texture": "#1"},
				"south": {"uv": [2.25, 0.25, 2.75, 0.75], "texture": "#1"},
				"west": {"uv": [3.25, 0.25, 3.75, 0.75], "texture": "#1"},
				"up": {"uv": [4.25, 0.25, 4.75, 0.75], "texture": "#1"},
				"down": {"uv": [5.25, 0.25, 5.75, 0.75], "texture": "#1"}
			}
		},
		{
			"name": "hexadecagon",
			"from": [11.2, 7.85082, 7.25],
			"to": [14.2, 8.14918, 7.75],
			"rotation": {"angle": -22.5, "axis": "x", "origin": [12.7, 8, 8]},
			"faces": {
				"north": {"uv": [6.25, 0.25, 6.75, 0.75], "texture": "#1"},
				"east": {"uv": [7.25, 0.25, 7.75, 0.75], "texture": "#1"},
				"south": {"uv": [8.25, 0.25, 8.75, 0.75], "texture": "#1"},
				"west": {"uv": [9.25, 0.25, 9.75, 0.75], "texture": "#1"},
				"up": {"uv": [10.25, 0.25, 10.75, 0.75], "texture": "#1"},
				"down": {"uv": [11.25, 0.25, 11.75, 0.75], "texture": "#1"}
			}
		},
		{
			"name": "hexadecagon",
			"from": [11.2, 7.85082, 7.25],
			"to": [14.2, 8.14918, 7.75],
			"rotation": {"angle": 0, "axis": "x", "origin": [12.7, 8, 8]},
			"faces": {
				"north": {"uv": [12.25, 0.25, 12.75, 0.75], "texture": "#1"},
				"east": {"uv": [13.25, 0.25, 13.75, 0.75], "texture": "#1"},
				"south": {"uv": [14.25, 0.25, 14.75, 0.75], "texture": "#1"},
				"west": {"uv": [15.25, 0.25, 15.75, 0.75], "texture": "#1"},
				"up": {"uv": [0.25, 1.25, 0.75, 1.75], "texture": "#1"},
				"down": {"uv": [1.25, 1.25, 1.75, 1.75], "texture": "#1"}
			}
		},
		{
			"name": "hexadecagon",
			"from": [11.2, 7.85082, 7.25],
			"to": [14.2, 8.14918, 7.75],
			"rotation": {"angle": 22.5, "axis": "x", "origin": [12.7, 8, 8]},
			"faces": {
				"north": {"uv": [2.25, 1.25, 2.75, 1.75], "texture": "#1"},
				"east": {"uv": [3.25, 1.25, 3.75, 1.75], "texture": "#1"},
				"south": {"uv": [4.25, 1.25, 4.75, 1.75], "texture": "#1"},
				"west": {"uv": [5.25, 1.25, 5.75, 1.75], "texture": "#1"},
				"up": {"uv": [6.25, 1.25, 6.75, 1.75], "texture": "#1"},
				"down": {"uv": [7.25, 1.25, 7.75, 1.75], "texture": "#1"}
			}
		},
		{
			"name": "hexadecagon",
			"from": [11.2, 7.85082, 7.25],
			"to": [14.2, 8.14918, 7.75],
			"rotation": {"angle": 45, "axis": "x", "origin": [12.7, 8, 8]},
			"faces": {
				"north": {"uv": [8.25, 1.25, 8.75, 1.75], "texture": "#1"},
				"east": {"uv": [9.25, 1.25, 9.75, 1.75], "texture": "#1"},
				"south": {"uv": [10.25, 1.25, 10.75, 1.75], "texture": "#1"},
				"west": {"uv": [11.25, 1.25, 11.75, 1.75], "texture": "#1"},
				"up": {"uv": [12.25, 1.25, 12.75, 1.75], "texture": "#1"},
				"down": {"uv": [13.25, 1.25, 13.75, 1.75], "texture": "#1"}
			}
		},
		{
			"name": "hexadecagon",
			"from": [11.2, 7.85082, 8.25],
			"to": [14.2, 8.14918, 8.75],
			"rotation": {"angle": -45, "axis": "x", "origin": [12.7, 8, 8]},
			"faces": {
				"north": {"uv": [14.25, 1.25, 14.75, 1.75], "texture": "#1"},
				"east": {"uv": [15.25, 1.25, 15.75, 1.75], "texture": "#1"},
				"south": {"uv": [0.25, 2.25, 0.75, 2.75], "texture": "#1"},
				"west": {"uv": [1.25, 2.25, 1.75, 2.75], "texture": "#1"},
				"up": {"uv": [2.25, 2.25, 2.75, 2.75], "texture": "#1"},
				"down": {"uv": [3.25, 2.25, 3.75, 2.75], "texture": "#1"}
			}
		},
		{
			"name": "hexadecagon",
			"from": [11.2, 7.85082, 8.25],
			"to": [14.2, 8.14918, 8.75],
			"rotation": {"angle": -22.5, "axis": "x", "origin": [12.7, 8, 8]},
			"faces": {
				"north": {"uv": [4.25, 2.25, 4.75, 2.75], "texture": "#1"},
				"east": {"uv": [5.25, 2.25, 5.75, 2.75], "texture": "#1"},
				"south": {"uv": [6.25, 2.25, 6.75, 2.75], "texture": "#1"},
				"west": {"uv": [7.25, 2.25, 7.75, 2.75], "texture": "#1"},
				"up": {"uv": [8.25, 2.25, 8.75, 2.75], "texture": "#1"},
				"down": {"uv": [9.25, 2.25, 9.75, 2.75], "texture": "#1"}
			}
		},
		{
			"name": "hexadecagon",
			"from": [11.2, 7.85082, 8.25],
			"to": [14.2, 8.14918, 8.75],
			"rotation": {"angle": 0, "axis": "x", "origin": [12.7, 8, 8]},
			"faces": {
				"north": {"uv": [10.25, 2.25, 10.75, 2.75], "texture": "#1"},
				"east": {"uv": [11.25, 2.25, 11.75, 2.75], "texture": "#1"},
				"south": {"uv": [12.25, 2.25, 12.75, 2.75], "texture": "#1"},
				"west": {"uv": [13.25, 2.25, 13.75, 2.75], "texture": "#1"},
				"up": {"uv": [14.25, 2.25, 14.75, 2.75], "texture": "#1"},
				"down": {"uv": [15.25, 2.25, 15.75, 2.75], "texture": "#1"}
			}
		},
		{
			"name": "hexadecagon",
			"from": [11.2, 7.85082, 8.25],
			"to": [14.2, 8.14918, 8.75],
			"rotation": {"angle": 22.5, "axis": "x", "origin": [12.7, 8, 8]},
			"faces": {
				"north": {"uv": [0.25, 3.25, 0.75, 3.75], "texture": "#1"},
				"east": {"uv": [1.25, 3.25, 1.75, 3.75], "texture": "#1"},
				"south": {"uv": [2.25, 3.25, 2.75, 3.75], "texture": "#1"},
				"west": {"uv": [3.25, 3.25, 3.75, 3.75], "texture": "#1"},
				"up": {"uv": [4.25, 3.25, 4.75, 3.75], "texture": "#1"},
				"down": {"uv": [5.25, 3.25, 5.75, 3.75], "texture": "#1"}
			}
		},
		{
			"name": "hexadecagon",
			"from": [11.2, 7.85082, 8.25],
			"to": [14.2, 8.14918, 8.75],
			"rotation": {"angle": 45, "axis": "x", "origin": [12.7, 8, 8]},
			"faces": {
				"north": {"uv": [6.25, 3.25, 6.75, 3.75], "texture": "#1"},
				"east": {"uv": [7.25, 3.25, 7.75, 3.75], "texture": "#1"},
				"south": {"uv": [8.25, 3.25, 8.75, 3.75], "texture": "#1"},
				"west": {"uv": [9.25, 3.25, 9.75, 3.75], "texture": "#1"},
				"up": {"uv": [10.25, 3.25, 10.75, 3.75], "texture": "#1"},
				"down": {"uv": [11.25, 3.25, 11.75, 3.75], "texture": "#1"}
			}
		},
		{
			"name": "hexadecagon",
			"from": [11.2, 7.25, 7.85082],
			"to": [14.2, 7.75, 8.14918],
			"rotation": {"angle": -22.5, "axis": "x", "origin": [12.7, 8, 8]},
			"faces": {
				"north": {"uv": [12.25, 3.25, 12.75, 3.75], "texture": "#1"},
				"east": {"uv": [13.25, 3.25, 13.75, 3.75], "texture": "#1"},
				"south": {"uv": [14.25, 3.25, 14.75, 3.75], "texture": "#1"},
				"west": {"uv": [15.25, 3.25, 15.75, 3.75], "texture": "#1"},
				"up": {"uv": [0.25, 4.25, 0.75, 4.75], "texture": "#1"},
				"down": {"uv": [1.25, 4.25, 1.75, 4.75], "texture": "#1"}
			}
		},
		{
			"name": "hexadecagon",
			"from": [11.2, 7.25, 7.85082],
			"to": [14.2, 7.75, 8.14918],
			"rotation": {"angle": 0, "axis": "x", "origin": [12.7, 8, 8]},
			"faces": {
				"north": {"uv": [2.25, 4.25, 2.75, 4.75], "texture": "#1"},
				"east": {"uv": [3.25, 4.25, 3.75, 4.75], "texture": "#1"},
				"south": {"uv": [4.25, 4.25, 4.75, 4.75], "texture": "#1"},
				"west": {"uv": [5.25, 4.25, 5.75, 4.75], "texture": "#1"},
				"up": {"uv": [6.25, 4.25, 6.75, 4.75], "texture": "#1"},
				"down": {"uv": [7.25, 4.25, 7.75, 4.75], "texture": "#1"}
			}
		},
		{
			"name": "hexadecagon",
			"from": [11.2, 7.25, 7.85082],
			"to": [14.2, 7.75, 8.14918],
			"rotation": {"angle": 22.5, "axis": "x", "origin": [12.7, 8, 8]},
			"faces": {
				"north": {"uv": [8.25, 4.25, 8.75, 4.75], "texture": "#1"},
				"east": {"uv": [9.25, 4.25, 9.75, 4.75], "texture": "#1"},
				"south": {"uv": [10.25, 4.25, 10.75, 4.75], "texture": "#1"},
				"west": {"uv": [11.25, 4.25, 11.75, 4.75], "texture": "#1"},
				"up": {"uv": [12.25, 4.25, 12.75, 4.75], "texture": "#1"},
				"down": {"uv": [13.25, 4.25, 13.75, 4.75], "texture": "#1"}
			}
		},
		{
			"name": "hexadecagon",
			"from": [11.2, 8.25, 7.85082],
			"to": [14.2, 8.75, 8.14918],
			"rotation": {"angle": -22.5, "axis": "x", "origin": [12.7, 8, 8]},
			"faces": {
				"north": {"uv": [14.25, 4.25, 14.75, 4.75], "texture": "#1"},
				"east": {"uv": [15.25, 4.25, 15.75, 4.75], "texture": "#1"},
				"south": {"uv": [0.25, 5.25, 0.75, 5.75], "texture": "#1"},
				"west": {"uv": [1.25, 5.25, 1.75, 5.75], "texture": "#1"},
				"up": {"uv": [2.25, 5.25, 2.75, 5.75], "texture": "#1"},
				"down": {"uv": [3.25, 5.25, 3.75, 5.75], "texture": "#1"}
			}
		},
		{
			"name": "hexadecagon",
			"from": [11.2, 8.25, 7.85082],
			"to": [14.2, 8.75, 8.14918],
			"rotation": {"angle": 0, "axis": "x", "origin": [12.7, 8, 8]},
			"faces": {
				"north": {"uv": [4.25, 5.25, 4.75, 5.75], "texture": "#1"},
				"east": {"uv": [5.25, 5.25, 5.75, 5.75], "texture": "#1"},
				"south": {"uv": [6.25, 5.25, 6.75, 5.75], "texture": "#1"},
				"west": {"uv": [7.25, 5.25, 7.75, 5.75], "texture": "#1"},
				"up": {"uv": [8.25, 5.25, 8.75, 5.75], "texture": "#1"},
				"down": {"uv": [9.25, 5.25, 9.75, 5.75], "texture": "#1"}
			}
		},
		{
			"name": "hexadecagon",
			"from": [11.2, 8.25, 7.85082],
			"to": [14.2, 8.75, 8.14918],
			"rotation": {"angle": 22.5, "axis": "x", "origin": [12.7, 8, 8]},
			"faces": {
				"north": {"uv": [10.25, 5.25, 10.75, 5.75], "texture": "#1"},
				"east": {"uv": [11.25, 5.25, 11.75, 5.75], "texture": "#1"},
				"south": {"uv": [12.25, 5.25, 12.75, 5.75], "texture": "#1"},
				"west": {"uv": [13.25, 5.25, 13.75, 5.75], "texture": "#1"},
				"up": {"uv": [14.25, 5.25, 14.75, 5.75], "texture": "#1"},
				"down": {"uv": [15.25, 5.25, 15.75, 5.75], "texture": "#1"}
			}
		},
		{
			"name": "hexadecagon",
			"from": [10.2, 7.80109, 7],
			"to": [13.2, 8.19891, 7.5],
			"rotation": {"angle": -45, "axis": "x", "origin": [11.7, 8, 8]},
			"faces": {
				"north": {"uv": [6.25, 6.25, 6.75, 6.75], "texture": "#1"},
				"east": {"uv": [7.25, 6.25, 7.75, 6.75], "texture": "#1"},
				"south": {"uv": [8.25, 6.25, 8.75, 6.75], "texture": "#1"},
				"west": {"uv": [9.25, 6.25, 9.75, 6.75], "texture": "#1"},
				"up": {"uv": [10.25, 6.25, 10.75, 6.75], "texture": "#1"},
				"down": {"uv": [11.25, 6.25, 11.75, 6.75], "texture": "#1"}
			}
		},
		{
			"name": "hexadecagon",
			"from": [10.2, 7.80109, 7],
			"to": [13.2, 8.19891, 7.5],
			"rotation": {"angle": -22.5, "axis": "x", "origin": [11.7, 8, 8]},
			"faces": {
				"north": {"uv": [12.25, 6.25, 12.75, 6.75], "texture": "#1"},
				"east": {"uv": [13.25, 6.25, 13.75, 6.75], "texture": "#1"},
				"south": {"uv": [14.25, 6.25, 14.75, 6.75], "texture": "#1"},
				"west": {"uv": [15.25, 6.25, 15.75, 6.75], "texture": "#1"},
				"up": {"uv": [0.25, 7.25, 0.75, 7.75], "texture": "#1"},
				"down": {"uv": [1.25, 7.25, 1.75, 7.75], "texture": "#1"}
			}
		},
		{
			"name": "hexadecagon",
			"from": [10.2, 7.80109, 7],
			"to": [13.2, 8.19891, 7.5],
			"rotation": {"angle": 0, "axis": "x", "origin": [11.7, 8, 8]},
			"faces": {
				"north": {"uv": [2.25, 7.25, 2.75, 7.75], "texture": "#1"},
				"east": {"uv": [3.25, 7.25, 3.75, 7.75], "texture": "#1"},
				"south": {"uv": [4.25, 7.25, 4.75, 7.75], "texture": "#1"},
				"west": {"uv": [5.25, 7.25, 5.75, 7.75], "texture": "#1"},
				"up": {"uv": [6.25, 7.25, 6.75, 7.75], "texture": "#1"},
				"down": {"uv": [7.25, 7.25, 7.75, 7.75], "texture": "#1"}
			}
		},
		{
			"name": "hexadecagon",
			"from": [10.2, 7.80109, 7],
			"to": [13.2, 8.19891, 7.5],
			"rotation": {"angle": 22.5, "axis": "x", "origin": [11.7, 8, 8]},
			"faces": {
				"north": {"uv": [8.25, 7.25, 8.75, 7.75], "texture": "#1"},
				"east": {"uv": [9.25, 7.25, 9.75, 7.75], "texture": "#1"},
				"south": {"uv": [10.25, 7.25, 10.75, 7.75], "texture": "#1"},
				"west": {"uv": [11.25, 7.25, 11.75, 7.75], "texture": "#1"},
				"up": {"uv": [12.25, 7.25, 12.75, 7.75], "texture": "#1"},
				"down": {"uv": [13.25, 7.25, 13.75, 7.75], "texture": "#1"}
			}
		},
		{
			"name": "hexadecagon",
			"from": [10.2, 7.80109, 7],
			"to": [13.2, 8.19891, 7.5],
			"rotation": {"angle": 45, "axis": "x", "origin": [11.7, 8, 8]},
			"faces": {
				"north": {"uv": [14.25, 7.25, 14.75, 7.75], "texture": "#1"},
				"east": {"uv": [15.25, 7.25, 15.75, 7.75], "texture": "#1"},
				"south": {"uv": [0.25, 8.25, 0.75, 8.75], "texture": "#1"},
				"west": {"uv": [1.25, 8.25, 1.75, 8.75], "texture": "#1"},
				"up": {"uv": [2.25, 8.25, 2.75, 8.75], "texture": "#1"},
				"down": {"uv": [3.25, 8.25, 3.75, 8.75], "texture": "#1"}
			}
		},
		{
			"name": "hexadecagon",
			"from": [10.2, 7.80109, 8.5],
			"to": [13.2, 8.19891, 9],
			"rotation": {"angle": -45, "axis": "x", "origin": [11.7, 8, 8]},
			"faces": {
				"north": {"uv": [4.25, 8.25, 4.75, 8.75], "texture": "#1"},
				"east": {"uv": [5.25, 8.25, 5.75, 8.75], "texture": "#1"},
				"south": {"uv": [6.25, 8.25, 6.75, 8.75], "texture": "#1"},
				"west": {"uv": [7.25, 8.25, 7.75, 8.75], "texture": "#1"},
				"up": {"uv": [8.25, 8.25, 8.75, 8.75], "texture": "#1"},
				"down": {"uv": [9.25, 8.25, 9.75, 8.75], "texture": "#1"}
			}
		},
		{
			"name": "hexadecagon",
			"from": [10.2, 7.80109, 8.5],
			"to": [13.2, 8.19891, 9],
			"rotation": {"angle": -22.5, "axis": "x", "origin": [11.7, 8, 8]},
			"faces": {
				"north": {"uv": [10.25, 8.25, 10.75, 8.75], "texture": "#1"},
				"east": {"uv": [11.25, 8.25, 11.75, 8.75], "texture": "#1"},
				"south": {"uv": [12.25, 8.25, 12.75, 8.75], "texture": "#1"},
				"west": {"uv": [13.25, 8.25, 13.75, 8.75], "texture": "#1"},
				"up": {"uv": [14.25, 8.25, 14.75, 8.75], "texture": "#1"},
				"down": {"uv": [15.25, 8.25, 15.75, 8.75], "texture": "#1"}
			}
		},
		{
			"name": "hexadecagon",
			"from": [10.2, 7.80109, 8.5],
			"to": [13.2, 8.19891, 9],
			"rotation": {"angle": 0, "axis": "x", "origin": [11.7, 8, 8]},
			"faces": {
				"north": {"uv": [0.25, 9.25, 0.75, 9.75], "texture": "#1"},
				"east": {"uv": [1.25, 9.25, 1.75, 9.75], "texture": "#1"},
				"south": {"uv": [2.25, 9.25, 2.75, 9.75], "texture": "#1"},
				"west": {"uv": [3.25, 9.25, 3.75, 9.75], "texture": "#1"},
				"up": {"uv": [4.25, 9.25, 4.75, 9.75], "texture": "#1"},
				"down": {"uv": [5.25, 9.25, 5.75, 9.75], "texture": "#1"}
			}
		},
		{
			"name": "hexadecagon",
			"from": [10.2, 7.80109, 8.5],
			"to": [13.2, 8.19891, 9],
			"rotation": {"angle": 22.5, "axis": "x", "origin": [11.7, 8, 8]},
			"faces": {
				"north": {"uv": [6.25, 9.25, 6.75, 9.75], "texture": "#1"},
				"east": {"uv": [7.25, 9.25, 7.75, 9.75], "texture": "#1"},
				"south": {"uv": [8.25, 9.25, 8.75, 9.75], "texture": "#1"},
				"west": {"uv": [9.25, 9.25, 9.75, 9.75], "texture": "#1"},
				"up": {"uv": [10.25, 9.25, 10.75, 9.75], "texture": "#1"},
				"down": {"uv": [11.25, 9.25, 11.75, 9.75], "texture": "#1"}
			}
		},
		{
			"name": "hexadecagon",
			"from": [10.2, 7.80109, 8.5],
			"to": [13.2, 8.19891, 9],
			"rotation": {"angle": 45, "axis": "x", "origin": [11.7, 8, 8]},
			"faces": {
				"north": {"uv": [12.25, 9.25, 12.75, 9.75], "texture": "#1"},
				"east": {"uv": [13.25, 9.25, 13.75, 9.75], "texture": "#1"},
				"south": {"uv": [14.25, 9.25, 14.75, 9.75], "texture": "#1"},
				"west": {"uv": [15.25, 9.25, 15.75, 9.75], "texture": "#1"},
				"up": {"uv": [0.25, 10.25, 0.75, 10.75], "texture": "#1"},
				"down": {"uv": [1.25, 10.25, 1.75, 10.75], "texture": "#1"}
			}
		},
		{
			"name": "hexadecagon",
			"from": [10.2, 7, 7.80109],
			"to": [13.2, 7.5, 8.19891],
			"rotation": {"angle": -22.5, "axis": "x", "origin": [11.7, 8, 8]},
			"faces": {
				"north": {"uv": [2.25, 10.25, 2.75, 10.75], "texture": "#1"},
				"east": {"uv": [3.25, 10.25, 3.75, 10.75], "texture": "#1"},
				"south": {"uv": [4.25, 10.25, 4.75, 10.75], "texture": "#1"},
				"west": {"uv": [5.25, 10.25, 5.75, 10.75], "texture": "#1"},
				"up": {"uv": [6.25, 10.25, 6.75, 10.75], "texture": "#1"},
				"down": {"uv": [7.25, 10.25, 7.75, 10.75], "texture": "#1"}
			}
		},
		{
			"name": "hexadecagon",
			"from": [10.2, 7, 7.80109],
			"to": [13.2, 7.5, 8.19891],
			"rotation": {"angle": 0, "axis": "x", "origin": [11.7, 8, 8]},
			"faces": {
				"north": {"uv": [8.25, 10.25, 8.75, 10.75], "texture": "#1"},
				"east": {"uv": [9.25, 10.25, 9.75, 10.75], "texture": "#1"},
				"south": {"uv": [10.25, 10.25, 10.75, 10.75], "texture": "#1"},
				"west": {"uv": [11.25, 10.25, 11.75, 10.75], "texture": "#1"},
				"up": {"uv": [12.25, 10.25, 12.75, 10.75], "texture": "#1"},
				"down": {"uv": [13.25, 10.25, 13.75, 10.75], "texture": "#1"}
			}
		},
		{
			"name": "hexadecagon",
			"from": [10.2, 7, 7.80109],
			"to": [13.2, 7.5, 8.19891],
			"rotation": {"angle": 22.5, "axis": "x", "origin": [11.7, 8, 8]},
			"faces": {
				"north": {"uv": [14.25, 10.25, 14.75, 10.75], "texture": "#1"},
				"east": {"uv": [15.25, 10.25, 15.75, 10.75], "texture": "#1"},
				"south": {"uv": [0.25, 11.25, 0.75, 11.75], "texture": "#1"},
				"west": {"uv": [1.25, 11.25, 1.75, 11.75], "texture": "#1"},
				"up": {"uv": [2.25, 11.25, 2.75, 11.75], "texture": "#1"},
				"down": {"uv": [3.25, 11.25, 3.75, 11.75], "texture": "#1"}
			}
		},
		{
			"name": "hexadecagon",
			"from": [10.2, 8.5, 7.80109],
			"to": [13.2, 9, 8.19891],
			"rotation": {"angle": -22.5, "axis": "x", "origin": [11.7, 8, 8]},
			"faces": {
				"north": {"uv": [4.25, 11.25, 4.75, 11.75], "texture": "#1"},
				"east": {"uv": [5.25, 11.25, 5.75, 11.75], "texture": "#1"},
				"south": {"uv": [6.25, 11.25, 6.75, 11.75], "texture": "#1"},
				"west": {"uv": [7.25, 11.25, 7.75, 11.75], "texture": "#1"},
				"up": {"uv": [8.25, 11.25, 8.75, 11.75], "texture": "#1"},
				"down": {"uv": [9.25, 11.25, 9.75, 11.75], "texture": "#1"}
			}
		},
		{
			"name": "hexadecagon",
			"from": [10.2, 8.5, 7.80109],
			"to": [13.2, 9, 8.19891],
			"rotation": {"angle": 0, "axis": "x", "origin": [11.7, 8, 8]},
			"faces": {
				"north": {"uv": [10.25, 11.25, 10.75, 11.75], "texture": "#1"},
				"east": {"uv": [11.25, 11.25, 11.75, 11.75], "texture": "#1"},
				"south": {"uv": [12.25, 11.25, 12.75, 11.75], "texture": "#1"},
				"west": {"uv": [13.25, 11.25, 13.75, 11.75], "texture": "#1"},
				"up": {"uv": [14.25, 11.25, 14.75, 11.75], "texture": "#1"},
				"down": {"uv": [15.25, 11.25, 15.75, 11.75], "texture": "#1"}
			}
		},
		{
			"name": "hexadecagon",
			"from": [10.2, 8.5, 7.80109],
			"to": [13.2, 9, 8.19891],
			"rotation": {"angle": 22.5, "axis": "x", "origin": [11.7, 8, 8]},
			"faces": {
				"north": {"uv": [0.25, 6.25, 0.75, 6.75], "texture": "#1"},
				"east": {"uv": [1.25, 6.25, 1.75, 6.75], "texture": "#1"},
				"south": {"uv": [2.25, 6.25, 2.75, 6.75], "texture": "#1"},
				"west": {"uv": [3.25, 6.25, 3.75, 6.75], "texture": "#1"},
				"up": {"uv": [4.25, 6.25, 4.75, 6.75], "texture": "#1"},
				"down": {"uv": [5.25, 6.25, 5.75, 6.75], "texture": "#1"}
			}
		},
		{
			"from": [4.1, 6.9, 7],
			"to": [12.6, 9.1, 9],
			"faces": {
				"north": {"uv": [0, 0, 2.25, 0.5], "texture": "#0"},
				"east": {"uv": [8, 2, 8.5, 2.5], "texture": "#0"},
				"south": {"uv": [0, 0.5, 2.25, 1], "texture": "#0"},
				"west": {"uv": [3.5, 8, 4, 8.5], "texture": "#0"},
				"up": {"uv": [2.25, 1.5, 0, 1], "texture": "#0"},
				"down": {"uv": [2.25, 1.5, 0, 2], "texture": "#0"}
			}
		},
		{
			"from": [4, 6.9, 7],
			"to": [12.6, 9.1, 9],
			"faces": {
				"north": {"uv": [0, 2, 2.25, 2.5], "texture": "#0"},
				"east": {"uv": [4, 8, 4.5, 8.5], "texture": "#0"},
				"south": {"uv": [2.25, 0, 4.5, 0.5], "texture": "#0"},
				"west": {"uv": [8, 4, 8.5, 4.5], "texture": "#0"},
				"up": {"uv": [4.5, 1, 2.25, 0.5], "texture": "#0"},
				"down": {"uv": [4.5, 1, 2.25, 1.5], "texture": "#0"}
			}
		},
		{
			"from": [-4.2, 7.1, 6.8],
			"to": [4, 9.1, 9.2],
			"faces": {
				"north": {"uv": [2.25, 1.5, 4.25, 2], "texture": "#0"},
				"east": {"uv": [4.5, 8, 5, 8.5], "texture": "#0"},
				"south": {"uv": [2.25, 2, 4.25, 2.5], "texture": "#0"},
				"west": {"uv": [8, 4.5, 8.5, 5], "texture": "#0"},
				"up": {"uv": [2, 3, 0, 2.5], "texture": "#0"},
				"down": {"uv": [4, 2.5, 2, 3], "texture": "#0"}
			}
		},
		{
			"from": [-4.9, 8.2, 7.5],
			"to": [-3.7, 9.7, 8.5],
			"rotation": {"angle": -45, "axis": "z", "origin": [-4.6, 8.5, 8]},
			"faces": {
				"north": {"uv": [10.75, 2.5, 11, 3], "texture": "#0"},
				"east": {"uv": [2.75, 10.75, 3, 11.25], "texture": "#0"},
				"south": {"uv": [3, 10.75, 3.25, 11.25], "texture": "#0"},
				"west": {"uv": [10.75, 3, 11, 3.5], "texture": "#0"},
				"up": {"uv": [4.75, 12.25, 4.5, 12], "texture": "#0"},
				"down": {"uv": [12.25, 4.5, 12, 4.75], "texture": "#0"}
			}
		},
		{
			"from": [-11.1, 4.5, 7.15],
			"to": [-9.7, 9.1, 8.85],
			"faces": {
				"north": {"uv": [3, 8, 3.25, 9.25], "texture": "#0"},
				"east": {"uv": [2.5, 5, 3, 6.25], "texture": "#0"},
				"south": {"uv": [3.25, 8, 3.5, 9.25], "texture": "#0"},
				"west": {"uv": [3, 5, 3.5, 6.25], "texture": "#0"},
				"up": {"uv": [10.5, 8.75, 10.25, 8.25], "texture": "#0"},
				"down": {"uv": [9, 10.25, 8.75, 10.75], "texture": "#0"}
			}
		},
		{
			"from": [-10, 8.7, 7.15],
			"to": [-7.7, 9.1, 8.85],
			"faces": {
				"north": {"uv": [10.25, 8.75, 10.75, 9], "texture": "#0"},
				"east": {"uv": [9, 10.25, 9.5, 10.5], "texture": "#0"},
				"south": {"uv": [10.25, 9, 10.75, 9.25], "texture": "#0"},
				"west": {"uv": [9.5, 10.25, 10, 10.5], "texture": "#0"},
				"up": {"uv": [8.75, 0.5, 8.25, 0], "texture": "#0"},
				"down": {"uv": [2, 8.25, 1.5, 8.75], "texture": "#0"}
			}
		},
		{
			"from": [-10, 8.3, 7.15],
			"to": [-7.7, 8.7, 8.85],
			"faces": {
				"north": {"uv": [10.25, 9.75, 10.75, 10], "texture": "#0"},
				"east": {"uv": [10, 10.25, 10.5, 10.5], "texture": "#0"},
				"south": {"uv": [10.25, 10, 10.75, 10.25], "texture": "#0"},
				"west": {"uv": [0, 10.5, 0.5, 10.75], "texture": "#0"},
				"up": {"uv": [2.5, 8.75, 2, 8.25], "texture": "#0"},
				"down": {"uv": [3, 8.25, 2.5, 8.75], "texture": "#0"}
			}
		},
		{
			"from": [-9.95, 7.7, 7.15],
			"to": [-7.55, 8.1, 8.85],
			"rotation": {"angle": 22.5, "axis": "z", "origin": [-9.05, 7.6, 7.4]},
			"faces": {
				"north": {"uv": [10.5, 0, 11, 0.25], "texture": "#0"},
				"east": {"uv": [10.5, 0.25, 11, 0.5], "texture": "#0"},
				"south": {"uv": [0.5, 10.5, 1, 10.75], "texture": "#0"},
				"west": {"uv": [10.5, 0.5, 11, 0.75], "texture": "#0"},
				"up": {"uv": [6.5, 8.75, 6, 8.25], "texture": "#0"},
				"down": {"uv": [8.75, 6.25, 8.25, 6.75], "texture": "#0"}
			}
		},
		{
			"from": [-10, 5.1, 7.3],
			"to": [-8.5, 8.7, 8.7],
			"rotation": {"angle": -22.5, "axis": "z", "origin": [-10.55, 7.7, 8]},
			"faces": {
				"north": {"uv": [0.5, 8.25, 0.75, 9.25], "texture": "#0"},
				"east": {"uv": [0.75, 8.25, 1, 9.25], "texture": "#0"},
				"south": {"uv": [1, 8.25, 1.25, 9.25], "texture": "#0"},
				"west": {"uv": [1.25, 8.25, 1.5, 9.25], "texture": "#0"},
				"up": {"uv": [5, 11.75, 4.75, 11.5], "texture": "#0"},
				"down": {"uv": [11.75, 4.75, 11.5, 5], "texture": "#0"}
			}
		},
		{
			"from": [0.6, 6.8, 6.7],
			"to": [0.8, 7.3, 6.9],
			"faces": {
				"north": {"uv": [4, 11.5, 4.25, 11.75], "texture": "#1"},
				"east": {"uv": [11.5, 4, 11.75, 4.25], "texture": "#1"},
				"south": {"uv": [4.25, 11.5, 4.5, 11.75], "texture": "#1"},
				"west": {"uv": [11.5, 4.25, 11.75, 4.5], "texture": "#1"},
				"up": {"uv": [4.75, 11.75, 4.5, 11.5], "texture": "#1"},
				"down": {"uv": [11.75, 4.5, 11.5, 4.75], "texture": "#1"}
			}
		},
		{
			"from": [-4.1, 6.7, 6.8],
			"to": [4, 7, 9.2],
			"faces": {
				"north": {"uv": [7, 7.25, 9, 7.5], "texture": "#0"},
				"east": {"uv": [10.25, 2.25, 10.75, 2.5], "texture": "#0"},
				"south": {"uv": [0, 7.5, 2, 7.75], "texture": "#0"},
				"west": {"uv": [10.25, 2.5, 10.75, 2.75], "texture": "#0"},
				"up": {"uv": [2, 3.5, 0, 3], "texture": "#0"},
				"down": {"uv": [4, 3, 2, 3.5], "texture": "#0"}
			}
		},
		{
			"from": [-4, 6.9, 6.9],
			"to": [4, 7.2, 9.1],
			"faces": {
				"north": {"uv": [2, 7.5, 4, 7.75], "texture": "#1"},
				"east": {"uv": [10.25, 2.75, 10.75, 3], "texture": "#0"},
				"south": {"uv": [4, 7.5, 6, 7.75], "texture": "#1"},
				"west": {"uv": [10.25, 3, 10.75, 3.25], "texture": "#1"},
				"up": {"uv": [2, 4, 0, 3.5], "texture": "#0"},
				"down": {"uv": [4, 3.5, 2, 4], "texture": "#0"}
			}
		},
		{
			"from": [0.7, 5.475, 7.1],
			"to": [3.1, 6.9, 8.9],
			"faces": {
				"north": {"uv": [6.5, 8.25, 7, 8.5], "texture": "#0"},
				"east": {"uv": [9.75, 8.25, 10.25, 8.5], "texture": "#0"},
				"south": {"uv": [6.25, 10, 6.75, 10.25], "texture": "#0"},
				"west": {"uv": [6.75, 10, 7.25, 10.25], "texture": "#0"},
				"up": {"uv": [5.5, 8.5, 5, 8], "texture": "#0"},
				"down": {"uv": [8.5, 5, 8, 5.5], "texture": "#0"}
			}
		},
		{
			"from": [-4.1, 5.775, 7.1],
			"to": [0.7, 6.9, 8.9],
			"faces": {
				"north": {"uv": [8, 1.5, 9.25, 1.75], "texture": "#0"},
				"east": {"uv": [10.25, 3.25, 10.75, 3.5], "texture": "#0"},
				"south": {"uv": [8, 1.75, 9.25, 2], "texture": "#0"},
				"west": {"uv": [10.25, 3.5, 10.75, 3.75], "texture": "#0"},
				"up": {"uv": [1.25, 5.5, 0, 5], "texture": "#0"},
				"down": {"uv": [2.5, 5, 1.25, 5.5], "texture": "#0"}
			}
		},
		{
			"from": [-3.2, 4.85, 7.5],
			"to": [-1.425, 5.8, 8.5],
			"faces": {
				"north": {"uv": [10.25, 5.25, 10.75, 5.5], "texture": "#0"},
				"east": {"uv": [11.25, 8.75, 11.5, 9], "texture": "#0"},
				"south": {"uv": [10.25, 5.5, 10.75, 5.75], "texture": "#0"},
				"west": {"uv": [9, 11.25, 9.25, 11.5], "texture": "#0"},
				"up": {"uv": [10.75, 6, 10.25, 5.75], "texture": "#0"},
				"down": {"uv": [6.75, 10.25, 6.25, 10.5], "texture": "#0"}
			}
		},
		{
			"from": [-3.74394, 1.44382, 7.5],
			"to": [-2.11894, 5.29382, 8.5],
			"rotation": {"angle": -22.5, "axis": "z", "origin": [-2.90644, 3.36882, 8]},
			"faces": {
				"north": {"uv": [7, 7.5, 7.5, 8.5], "texture": "#0"},
				"east": {"uv": [0, 8.25, 0.25, 9.25], "texture": "#0"},
				"south": {"uv": [7.5, 7.5, 8, 8.5], "texture": "#0"},
				"west": {"uv": [0.25, 8.25, 0.5, 9.25], "texture": "#0"},
				"up": {"uv": [10.75, 6.5, 10.25, 6.25], "texture": "#0"},
				"down": {"uv": [10.75, 6.5, 10.25, 6.75], "texture": "#0"}
			}
		},
		{
			"from": [-3.74394, 1.34382, 7.4],
			"to": [-2.01894, 1.69382, 8.6],
			"rotation": {"angle": -22.5, "axis": "z", "origin": [-2.90644, 3.36882, 8]},
			"faces": {
				"north": {"uv": [6.75, 10.25, 7.25, 10.5], "texture": "#0"},
				"east": {"uv": [11.25, 9, 11.5, 9.25], "texture": "#0"},
				"south": {"uv": [7.25, 10.25, 7.75, 10.5], "texture": "#0"},
				"west": {"uv": [9.25, 11.25, 9.5, 11.5], "texture": "#0"},
				"up": {"uv": [8.25, 10.5, 7.75, 10.25], "texture": "#0"},
				"down": {"uv": [8.75, 10.25, 8.25, 10.5], "texture": "#0"}
			}
		},
		{
			"from": [0.7, 5.375, 7.1],
			"to": [1, 5.8, 8.9],
			"faces": {
				"north": {"uv": [11.25, 1.25, 11.5, 1.5], "texture": "#0"},
				"east": {"uv": [10, 9.25, 10.5, 9.5], "texture": "#0"},
				"south": {"uv": [1.5, 11.25, 1.75, 11.5], "texture": "#0"},
				"west": {"uv": [10, 9.5, 10.5, 9.75], "texture": "#0"},
				"up": {"uv": [10.25, 10.25, 10, 9.75], "texture": "#0"},
				"down": {"uv": [10.5, 0, 10.25, 0.5], "texture": "#0"}
			}
		},
		{
			"from": [0.5, 5.175, 7.1],
			"to": [0.8, 5.8, 8.9],
			"rotation": {"angle": 45, "axis": "z", "origin": [0.35, 5.5875, 8]},
			"faces": {
				"north": {"uv": [11.25, 3.25, 11.5, 3.5], "texture": "#0"},
				"east": {"uv": [10.25, 3.75, 10.75, 4], "texture": "#0"},
				"south": {"uv": [3.5, 11.25, 3.75, 11.5], "texture": "#0"},
				"west": {"uv": [10.25, 4, 10.75, 4.25], "texture": "#0"},
				"up": {"uv": [10.5, 4.75, 10.25, 4.25], "texture": "#0"},
				"down": {"uv": [10.5, 4.75, 10.25, 5.25], "texture": "#0"}
			}
		},
		{
			"from": [0.12537, 4.28395, 7.8],
			"to": [0.75037, 4.58395, 8.2],
			"rotation": {"angle": 45, "axis": "z", "origin": [0.13787, 5.23395, 8]},
			"faces": {
				"north": {"uv": [11.25, 3.5, 11.5, 3.75], "texture": "#0"},
				"east": {"uv": [3.75, 11.25, 4, 11.5], "texture": "#0"},
				"south": {"uv": [11.25, 3.75, 11.5, 4], "texture": "#0"},
				"west": {"uv": [4, 11.25, 4.25, 11.5], "texture": "#0"},
				"up": {"uv": [11.5, 4.25, 11.25, 4], "texture": "#0"},
				"down": {"uv": [4.5, 11.25, 4.25, 11.5], "texture": "#0"}
			}
		},
		{
			"from": [-0.47463, 4.28395, 7.8],
			"to": [0.15037, 4.58395, 8.2],
			"rotation": {"angle": 45, "axis": "z", "origin": [0.13787, 5.23395, 8]},
			"faces": {
				"north": {"uv": [11.25, 4.25, 11.5, 4.5], "texture": "#0"},
				"east": {"uv": [4.5, 11.25, 4.75, 11.5], "texture": "#0"},
				"south": {"uv": [11.25, 4.5, 11.5, 4.75], "texture": "#0"},
				"west": {"uv": [4.75, 11.25, 5, 11.5], "texture": "#0"},
				"up": {"uv": [11.5, 5, 11.25, 4.75], "texture": "#0"},
				"down": {"uv": [5.25, 11.25, 5, 11.5], "texture": "#0"}
			}
		},
		{
			"from": [-0.67463, 4.12758, 7.8],
			"to": [0.37537, 4.45258, 8.2],
			"rotation": {"angle": 0, "axis": "z", "origin": [0.13787, 4.10258, 8]},
			"faces": {
				"north": {"uv": [11.25, 5, 11.5, 5.25], "texture": "#0"},
				"east": {"uv": [5.25, 11.25, 5.5, 11.5], "texture": "#0"},
				"south": {"uv": [11.25, 5.25, 11.5, 5.5], "texture": "#0"},
				"west": {"uv": [5.5, 11.25, 5.75, 11.5], "texture": "#0"},
				"up": {"uv": [11.5, 5.75, 11.25, 5.5], "texture": "#0"},
				"down": {"uv": [6, 11.25, 5.75, 11.5], "texture": "#0"}
			}
		},
		{
			"from": [-1.5913, 4.49581, 7.8],
			"to": [-0.5663, 4.79581, 8.2],
			"rotation": {"angle": -45, "axis": "z", "origin": [-1.0663, 4.44581, 8]},
			"faces": {
				"north": {"uv": [11.25, 5.75, 11.5, 6], "texture": "#0"},
				"east": {"uv": [6, 11.25, 6.25, 11.5], "texture": "#0"},
				"south": {"uv": [11.25, 6, 11.5, 6.25], "texture": "#0"},
				"west": {"uv": [6.25, 11.25, 6.5, 11.5], "texture": "#0"},
				"up": {"uv": [11.5, 6.5, 11.25, 6.25], "texture": "#0"},
				"down": {"uv": [6.75, 11.25, 6.5, 11.5], "texture": "#0"}
			}
		},
		{
			"from": [-1.58199, 4.79434, 7.8],
			"to": [-1.28199, 5.79434, 8.2],
			"rotation": {"angle": 22.5, "axis": "z", "origin": [-1.63199, 5.29434, 8]},
			"faces": {
				"north": {"uv": [11.25, 6.5, 11.5, 6.75], "texture": "#0"},
				"east": {"uv": [6.75, 11.25, 7, 11.5], "texture": "#0"},
				"south": {"uv": [11.25, 6.75, 11.5, 7], "texture": "#0"},
				"west": {"uv": [7, 11.25, 7.25, 11.5], "texture": "#0"},
				"up": {"uv": [11.5, 7.25, 11.25, 7], "texture": "#0"},
				"down": {"uv": [7.5, 11.25, 7.25, 11.5], "texture": "#0"}
			}
		},
		{
			"from": [-0.72296, 5.20826, 7.95],
			"to": [-0.49796, 6.20826, 8.05],
			"rotation": {"angle": 0, "axis": "z", "origin": [-0.56201, 5.35291, 8]},
			"faces": {
				"north": {"uv": [11.25, 7.25, 11.5, 7.5], "texture": "#0"},
				"east": {"uv": [7.5, 11.25, 7.75, 11.5], "texture": "#0"},
				"south": {"uv": [11.25, 7.5, 11.5, 7.75], "texture": "#0"},
				"west": {"uv": [7.75, 11.25, 8, 11.5], "texture": "#0"},
				"up": {"uv": [11.5, 8, 11.25, 7.75], "texture": "#0"},
				"down": {"uv": [8.25, 11.25, 8, 11.5], "texture": "#0"}
			}
		},
		{
			"from": [-0.76575, 4.73107, 7.95],
			"to": [-0.54075, 5.28107, 8.05],
			"rotation": {"angle": 22.5, "axis": "z", "origin": [-0.56201, 5.35291, 8]},
			"faces": {
				"north": {"uv": [11.25, 8, 11.5, 8.25], "texture": "#0"},
				"east": {"uv": [8.25, 11.25, 8.5, 11.5], "texture": "#0"},
				"south": {"uv": [11.25, 8.25, 11.5, 8.5], "texture": "#0"},
				"west": {"uv": [8.5, 11.25, 8.75, 11.5], "texture": "#0"},
				"up": {"uv": [11.5, 8.75, 11.25, 8.5], "texture": "#0"},
				"down": {"uv": [9, 11.25, 8.75, 11.5], "texture": "#0"}
			}
		},
		{
			"from": [0.71325, 4.99228, 7.1],
			"to": [2.96325, 5.84228, 8.9],
			"rotation": {"angle": 22.5, "axis": "z", "origin": [1.91325, 5.59228, 8]},
			"faces": {
				"north": {"uv": [7.25, 10, 7.75, 10.25], "texture": "#0"},
				"east": {"uv": [7.75, 10, 8.25, 10.25], "texture": "#0"},
				"south": {"uv": [10, 7.75, 10.5, 8], "texture": "#0"},
				"west": {"uv": [10, 8, 10.5, 8.25], "texture": "#0"},
				"up": {"uv": [6, 8.5, 5.5, 8], "texture": "#0"},
				"down": {"uv": [8.5, 5.5, 8, 6], "texture": "#0"}
			}
		},
		{
			"from": [1.1, 5.6, 6.9],
			"to": [1.6, 6.9, 7.1],
			"rotation": {"angle": 0, "axis": "y", "origin": [-0.5, 0, -0.2]},
			"faces": {
				"north": {"uv": [11.25, 2.5, 11.5, 2.75], "texture": "#0"},
				"east": {"uv": [2.75, 11.25, 3, 11.5], "texture": "#0"},
				"south": {"uv": [11.25, 2.75, 11.5, 3], "texture": "#0"},
				"west": {"uv": [3, 11.25, 3.25, 11.5], "texture": "#0"},
				"up": {"uv": [11.5, 3.25, 11.25, 3], "texture": "#0"},
				"down": {"uv": [3.5, 11.25, 3.25, 11.5], "texture": "#0"}
			}
		},
		{
			"from": [1.13825, 4.99228, 6.9],
			"to": [1.58825, 5.74228, 7.1],
			"rotation": {"angle": 22.5, "axis": "z", "origin": [1.41325, 5.59228, 7.8]},
			"faces": {
				"north": {"uv": [11.25, 1.75, 11.5, 2], "texture": "#0"},
				"east": {"uv": [2, 11.25, 2.25, 11.5], "texture": "#0"},
				"south": {"uv": [11.25, 2, 11.5, 2.25], "texture": "#0"},
				"west": {"uv": [2.25, 11.25, 2.5, 11.5], "texture": "#0"},
				"up": {"uv": [11.5, 2.5, 11.25, 2.25], "texture": "#0"},
				"down": {"uv": [2.75, 11.25, 2.5, 11.5], "texture": "#0"}
			}
		},
		{
			"from": [0.81325, 1.09228, 7.4],
			"to": [2.86325, 5.04228, 8.6],
			"rotation": {"angle": 22.5, "axis": "z", "origin": [1.91325, 5.59228, 8]},
			"faces": {
				"north": {"uv": [6, 7.25, 6.5, 8.25], "texture": "#0"},
				"east": {"uv": [8, 6.25, 8.25, 7.25], "texture": "#0"},
				"south": {"uv": [6.5, 7.25, 7, 8.25], "texture": "#0"},
				"west": {"uv": [8, 7.5, 8.25, 8.5], "texture": "#0"},
				"up": {"uv": [10.75, 1, 10.25, 0.75], "texture": "#0"},
				"down": {"uv": [10.75, 1, 10.25, 1.25], "texture": "#0"}
			}
		},
		{
			"from": [0.71325, 1.09228, 7.3],
			"to": [2.96325, 1.64228, 8.7],
			"rotation": {"angle": 22.5, "axis": "z", "origin": [1.91325, 5.59228, 8]},
			"faces": {
				"north": {"uv": [10.25, 1.25, 10.75, 1.5], "texture": "#0"},
				"east": {"uv": [11.25, 1.5, 11.5, 1.75], "texture": "#0"},
				"south": {"uv": [10.25, 1.5, 10.75, 1.75], "texture": "#0"},
				"west": {"uv": [1.75, 11.25, 2, 11.5], "texture": "#0"},
				"up": {"uv": [10.75, 2, 10.25, 1.75], "texture": "#0"},
				"down": {"uv": [10.75, 2, 10.25, 2.25], "texture": "#0"}
			}
		},
		{
			"from": [4.1, 9.1, 7.325],
			"to": [12.6, 9.625, 8.7],
			"faces": {
				"north": {"uv": [3.5, 5, 5.75, 5.25], "texture": "#0"},
				"east": {"uv": [7, 11, 7.25, 11.25], "texture": "#0"},
				"south": {"uv": [3.5, 5.25, 5.75, 5.5], "texture": "#0"},
				"west": {"uv": [11, 7, 11.25, 7.25], "texture": "#0"},
				"up": {"uv": [2.25, 5.75, 0, 5.5], "texture": "#0"},
				"down": {"uv": [7.75, 2.5, 5.5, 2.75], "texture": "#0"}
			}
		},
		{
			"from": [12.2, 9.6, 7.525],
			"to": [12.6, 9.775, 8.5],
			"faces": {
				"north": {"uv": [7, 11.5, 7.25, 11.75], "texture": "#0"},
				"east": {"uv": [11.5, 7, 11.75, 7.25], "texture": "#0"},
				"south": {"uv": [7.25, 11.5, 7.5, 11.75], "texture": "#0"},
				"west": {"uv": [11.5, 7.25, 11.75, 7.5], "texture": "#0"},
				"up": {"uv": [7.75, 11.75, 7.5, 11.5], "texture": "#0"},
				"down": {"uv": [11.75, 7.5, 11.5, 7.75], "texture": "#0"}
			}
		},
		{
			"from": [11.6, 9.6, 7.525],
			"to": [12, 9.775, 8.5],
			"faces": {
				"north": {"uv": [7.75, 11.5, 8, 11.75], "texture": "#0"},
				"east": {"uv": [11.5, 7.75, 11.75, 8], "texture": "#0"},
				"south": {"uv": [8, 11.5, 8.25, 11.75], "texture": "#0"},
				"west": {"uv": [11.5, 8, 11.75, 8.25], "texture": "#0"},
				"up": {"uv": [8.5, 11.75, 8.25, 11.5], "texture": "#0"},
				"down": {"uv": [11.75, 8.25, 11.5, 8.5], "texture": "#0"}
			}
		},
		{
			"from": [11, 9.6, 7.525],
			"to": [11.4, 9.775, 8.5],
			"faces": {
				"north": {"uv": [8.5, 11.5, 8.75, 11.75], "texture": "#0"},
				"east": {"uv": [11.5, 8.5, 11.75, 8.75], "texture": "#0"},
				"south": {"uv": [8.75, 11.5, 9, 11.75], "texture": "#0"},
				"west": {"uv": [11.5, 8.75, 11.75, 9], "texture": "#0"},
				"up": {"uv": [9.25, 11.75, 9, 11.5], "texture": "#0"},
				"down": {"uv": [11.75, 9, 11.5, 9.25], "texture": "#0"}
			}
		},
		{
			"from": [10.4, 9.6, 7.525],
			"to": [10.8, 9.775, 8.5],
			"faces": {
				"north": {"uv": [9.25, 11.5, 9.5, 11.75], "texture": "#0"},
				"east": {"uv": [11.5, 9.25, 11.75, 9.5], "texture": "#0"},
				"south": {"uv": [9.5, 11.5, 9.75, 11.75], "texture": "#0"},
				"west": {"uv": [11.5, 9.5, 11.75, 9.75], "texture": "#0"},
				"up": {"uv": [10, 11.75, 9.75, 11.5], "texture": "#0"},
				"down": {"uv": [11.75, 9.75, 11.5, 10], "texture": "#0"}
			}
		},
		{
			"from": [9.8, 9.6, 7.525],
			"to": [10.2, 9.775, 8.5],
			"faces": {
				"north": {"uv": [10, 11.5, 10.25, 11.75], "texture": "#0"},
				"east": {"uv": [11.5, 10, 11.75, 10.25], "texture": "#0"},
				"south": {"uv": [10.25, 11.5, 10.5, 11.75], "texture": "#0"},
				"west": {"uv": [11.5, 10.25, 11.75, 10.5], "texture": "#0"},
				"up": {"uv": [10.75, 11.75, 10.5, 11.5], "texture": "#0"},
				"down": {"uv": [11.75, 10.5, 11.5, 10.75], "texture": "#0"}
			}
		},
		{
			"from": [9.8, 9.6, 7.525],
			"to": [10.2, 9.775, 8.5],
			"faces": {
				"north": {"uv": [10.75, 11.5, 11, 11.75], "texture": "#0"},
				"east": {"uv": [11.5, 10.75, 11.75, 11], "texture": "#0"},
				"south": {"uv": [11, 11.5, 11.25, 11.75], "texture": "#0"},
				"west": {"uv": [11.5, 11, 11.75, 11.25], "texture": "#0"},
				"up": {"uv": [11.5, 11.75, 11.25, 11.5], "texture": "#0"},
				"down": {"uv": [11.75, 11.25, 11.5, 11.5], "texture": "#0"}
			}
		},
		{
			"from": [9.2, 9.6, 7.525],
			"to": [9.6, 9.775, 8.5],
			"faces": {
				"north": {"uv": [11.5, 11.5, 11.75, 11.75], "texture": "#0"},
				"east": {"uv": [0, 11.75, 0.25, 12], "texture": "#0"},
				"south": {"uv": [11.75, 0, 12, 0.25], "texture": "#0"},
				"west": {"uv": [0.25, 11.75, 0.5, 12], "texture": "#0"},
				"up": {"uv": [12, 0.5, 11.75, 0.25], "texture": "#0"},
				"down": {"uv": [0.75, 11.75, 0.5, 12], "texture": "#0"}
			}
		},
		{
			"from": [8.6, 9.6, 7.525],
			"to": [9, 9.775, 8.5],
			"faces": {
				"north": {"uv": [11.75, 0.5, 12, 0.75], "texture": "#0"},
				"east": {"uv": [0.75, 11.75, 1, 12], "texture": "#0"},
				"south": {"uv": [11.75, 0.75, 12, 1], "texture": "#0"},
				"west": {"uv": [1, 11.75, 1.25, 12], "texture": "#0"},
				"up": {"uv": [12, 1.25, 11.75, 1], "texture": "#0"},
				"down": {"uv": [1.5, 11.75, 1.25, 12], "texture": "#0"}
			}
		},
		{
			"from": [8, 9.6, 7.525],
			"to": [8.4, 9.775, 8.5],
			"faces": {
				"north": {"uv": [11.75, 1.25, 12, 1.5], "texture": "#0"},
				"east": {"uv": [1.5, 11.75, 1.75, 12], "texture": "#0"},
				"south": {"uv": [11.75, 1.5, 12, 1.75], "texture": "#0"},
				"west": {"uv": [1.75, 11.75, 2, 12], "texture": "#0"},
				"up": {"uv": [12, 2, 11.75, 1.75], "texture": "#0"},
				"down": {"uv": [2.25, 11.75, 2, 12], "texture": "#0"}
			}
		},
		{
			"from": [7.4, 9.6, 7.525],
			"to": [7.8, 9.775, 8.5],
			"faces": {
				"north": {"uv": [11.75, 2, 12, 2.25], "texture": "#0"},
				"east": {"uv": [2.25, 11.75, 2.5, 12], "texture": "#0"},
				"south": {"uv": [11.75, 2.25, 12, 2.5], "texture": "#0"},
				"west": {"uv": [2.5, 11.75, 2.75, 12], "texture": "#0"},
				"up": {"uv": [12, 2.75, 11.75, 2.5], "texture": "#0"},
				"down": {"uv": [3, 11.75, 2.75, 12], "texture": "#0"}
			}
		},
		{
			"from": [6.8, 9.6, 7.525],
			"to": [7.2, 9.775, 8.5],
			"faces": {
				"north": {"uv": [11.75, 2.75, 12, 3], "texture": "#0"},
				"east": {"uv": [3, 11.75, 3.25, 12], "texture": "#0"},
				"south": {"uv": [11.75, 3, 12, 3.25], "texture": "#0"},
				"west": {"uv": [3.25, 11.75, 3.5, 12], "texture": "#0"},
				"up": {"uv": [12, 3.5, 11.75, 3.25], "texture": "#0"},
				"down": {"uv": [3.75, 11.75, 3.5, 12], "texture": "#0"}
			}
		},
		{
			"from": [6.2, 9.6, 7.525],
			"to": [6.6, 9.775, 8.5],
			"faces": {
				"north": {"uv": [11.75, 3.5, 12, 3.75], "texture": "#0"},
				"east": {"uv": [3.75, 11.75, 4, 12], "texture": "#0"},
				"south": {"uv": [11.75, 3.75, 12, 4], "texture": "#0"},
				"west": {"uv": [4, 11.75, 4.25, 12], "texture": "#0"},
				"up": {"uv": [12, 4.25, 11.75, 4], "texture": "#0"},
				"down": {"uv": [4.5, 11.75, 4.25, 12], "texture": "#0"}
			}
		},
		{
			"from": [5.6, 9.6, 7.525],
			"to": [6, 9.775, 8.5],
			"faces": {
				"north": {"uv": [11.75, 4.25, 12, 4.5], "texture": "#0"},
				"east": {"uv": [4.5, 11.75, 4.75, 12], "texture": "#0"},
				"south": {"uv": [11.75, 4.5, 12, 4.75], "texture": "#0"},
				"west": {"uv": [4.75, 11.75, 5, 12], "texture": "#0"},
				"up": {"uv": [12, 5, 11.75, 4.75], "texture": "#0"},
				"down": {"uv": [5.25, 11.75, 5, 12], "texture": "#0"}
			}
		},
		{
			"from": [4.9, 9.6, 7.525],
			"to": [5.3, 9.775, 8.5],
			"faces": {
				"north": {"uv": [11.75, 5, 12, 5.25], "texture": "#0"},
				"east": {"uv": [5.25, 11.75, 5.5, 12], "texture": "#0"},
				"south": {"uv": [11.75, 5.25, 12, 5.5], "texture": "#0"},
				"west": {"uv": [5.5, 11.75, 5.75, 12], "texture": "#0"},
				"up": {"uv": [12, 5.75, 11.75, 5.5], "texture": "#0"},
				"down": {"uv": [6, 11.75, 5.75, 12], "texture": "#0"}
			}
		},
		{
			"from": [3.6, 9.6, 7.525],
			"to": [4, 9.775, 8.5],
			"faces": {
				"north": {"uv": [11.75, 7.25, 12, 7.5], "texture": "#0"},
				"east": {"uv": [7.5, 11.75, 7.75, 12], "texture": "#0"},
				"south": {"uv": [11.75, 7.5, 12, 7.75], "texture": "#0"},
				"west": {"uv": [7.75, 11.75, 8, 12], "texture": "#0"},
				"up": {"uv": [12, 8, 11.75, 7.75], "texture": "#0"},
				"down": {"uv": [8.25, 11.75, 8, 12], "texture": "#0"}
			}
		},
		{
			"from": [3, 9.6, 7.525],
			"to": [3.4, 9.775, 8.5],
			"faces": {
				"north": {"uv": [11.75, 8, 12, 8.25], "texture": "#0"},
				"east": {"uv": [8.25, 11.75, 8.5, 12], "texture": "#0"},
				"south": {"uv": [11.75, 8.25, 12, 8.5], "texture": "#0"},
				"west": {"uv": [8.5, 11.75, 8.75, 12], "texture": "#0"},
				"up": {"uv": [12, 8.75, 11.75, 8.5], "texture": "#0"},
				"down": {"uv": [9, 11.75, 8.75, 12], "texture": "#0"}
			}
		},
		{
			"from": [2.4, 9.6, 7.525],
			"to": [2.8, 9.775, 8.5],
			"faces": {
				"north": {"uv": [11.75, 8.75, 12, 9], "texture": "#0"},
				"east": {"uv": [9, 11.75, 9.25, 12], "texture": "#0"},
				"south": {"uv": [11.75, 9, 12, 9.25], "texture": "#0"},
				"west": {"uv": [9.25, 11.75, 9.5, 12], "texture": "#0"},
				"up": {"uv": [12, 9.5, 11.75, 9.25], "texture": "#0"},
				"down": {"uv": [9.75, 11.75, 9.5, 12], "texture": "#0"}
			}
		},
		{
			"from": [1.8, 9.6, 7.525],
			"to": [2.2, 9.775, 8.5],
			"faces": {
				"north": {"uv": [11.75, 9.5, 12, 9.75], "texture": "#0"},
				"east": {"uv": [9.75, 11.75, 10, 12], "texture": "#0"},
				"south": {"uv": [11.75, 9.75, 12, 10], "texture": "#0"},
				"west": {"uv": [10, 11.75, 10.25, 12], "texture": "#0"},
				"up": {"uv": [12, 10.25, 11.75, 10], "texture": "#0"},
				"down": {"uv": [10.5, 11.75, 10.25, 12], "texture": "#0"}
			}
		},
		{
			"from": [1.2, 9.6, 7.525],
			"to": [1.6, 9.775, 8.5],
			"faces": {
				"north": {"uv": [11.75, 10.25, 12, 10.5], "texture": "#0"},
				"east": {"uv": [10.5, 11.75, 10.75, 12], "texture": "#0"},
				"south": {"uv": [11.75, 10.5, 12, 10.75], "texture": "#0"},
				"west": {"uv": [10.75, 11.75, 11, 12], "texture": "#0"},
				"up": {"uv": [12, 11, 11.75, 10.75], "texture": "#0"},
				"down": {"uv": [11.25, 11.75, 11, 12], "texture": "#0"}
			}
		},
		{
			"from": [0.6, 9.6, 7.525],
			"to": [1, 9.775, 8.5],
			"faces": {
				"north": {"uv": [11.75, 11, 12, 11.25], "texture": "#0"},
				"east": {"uv": [11.25, 11.75, 11.5, 12], "texture": "#0"},
				"south": {"uv": [11.75, 11.25, 12, 11.5], "texture": "#0"},
				"west": {"uv": [11.5, 11.75, 11.75, 12], "texture": "#0"},
				"up": {"uv": [12, 11.75, 11.75, 11.5], "texture": "#0"},
				"down": {"uv": [12, 11.75, 11.75, 12], "texture": "#0"}
			}
		},
		{
			"from": [0, 9.6, 7.525],
			"to": [0.4, 9.775, 8.5],
			"faces": {
				"north": {"uv": [0, 12, 0.25, 12.25], "texture": "#0"},
				"east": {"uv": [12, 0, 12.25, 0.25], "texture": "#0"},
				"south": {"uv": [0.25, 12, 0.5, 12.25], "texture": "#0"},
				"west": {"uv": [12, 0.25, 12.25, 0.5], "texture": "#0"},
				"up": {"uv": [0.75, 12.25, 0.5, 12], "texture": "#0"},
				"down": {"uv": [12.25, 0.5, 12, 0.75], "texture": "#0"}
			}
		},
		{
			"from": [-0.6, 9.6, 7.525],
			"to": [-0.2, 9.775, 8.5],
			"faces": {
				"north": {"uv": [0.75, 12, 1, 12.25], "texture": "#0"},
				"east": {"uv": [12, 0.75, 12.25, 1], "texture": "#0"},
				"south": {"uv": [1, 12, 1.25, 12.25], "texture": "#0"},
				"west": {"uv": [12, 1, 12.25, 1.25], "texture": "#0"},
				"up": {"uv": [1.5, 12.25, 1.25, 12], "texture": "#0"},
				"down": {"uv": [12.25, 1.25, 12, 1.5], "texture": "#0"}
			}
		},
		{
			"from": [-1.2, 9.6, 7.525],
			"to": [-0.8, 9.775, 8.5],
			"faces": {
				"north": {"uv": [1.5, 12, 1.75, 12.25], "texture": "#0"},
				"east": {"uv": [12, 1.5, 12.25, 1.75], "texture": "#0"},
				"south": {"uv": [1.75, 12, 2, 12.25], "texture": "#0"},
				"west": {"uv": [12, 1.75, 12.25, 2], "texture": "#0"},
				"up": {"uv": [2.25, 12.25, 2, 12], "texture": "#0"},
				"down": {"uv": [12.25, 2, 12, 2.25], "texture": "#0"}
			}
		},
		{
			"from": [-1.8, 9.6, 7.525],
			"to": [-1.4, 9.775, 8.5],
			"faces": {
				"north": {"uv": [2.25, 12, 2.5, 12.25], "texture": "#0"},
				"east": {"uv": [12, 2.25, 12.25, 2.5], "texture": "#0"},
				"south": {"uv": [2.5, 12, 2.75, 12.25], "texture": "#0"},
				"west": {"uv": [12, 2.5, 12.25, 2.75], "texture": "#0"},
				"up": {"uv": [3, 12.25, 2.75, 12], "texture": "#0"},
				"down": {"uv": [12.25, 2.75, 12, 3], "texture": "#0"}
			}
		},
		{
			"from": [-2.4, 9.6, 7.525],
			"to": [-2, 9.775, 8.5],
			"faces": {
				"north": {"uv": [3, 12, 3.25, 12.25], "texture": "#0"},
				"east": {"uv": [12, 3, 12.25, 3.25], "texture": "#0"},
				"south": {"uv": [3.25, 12, 3.5, 12.25], "texture": "#0"},
				"west": {"uv": [12, 3.25, 12.25, 3.5], "texture": "#0"},
				"up": {"uv": [3.75, 12.25, 3.5, 12], "texture": "#0"},
				"down": {"uv": [12.25, 3.5, 12, 3.75], "texture": "#0"}
			}
		},
		{
			"from": [-4, 9.6, 7.525],
			"to": [-2.6, 9.775, 8.5],
			"faces": {
				"north": {"uv": [3.75, 12, 4, 12.25], "texture": "#0"},
				"east": {"uv": [12, 3.75, 12.25, 4], "texture": "#0"},
				"south": {"uv": [4, 12, 4.25, 12.25], "texture": "#0"},
				"west": {"uv": [12, 4, 12.25, 4.25], "texture": "#0"},
				"up": {"uv": [4.5, 12.25, 4.25, 12], "texture": "#0"},
				"down": {"uv": [12.25, 4.25, 12, 4.5], "texture": "#0"}
			}
		},
		{
			"from": [4.1, 9.6, 7.525],
			"to": [4.7, 9.775, 8.5],
			"faces": {
				"north": {"uv": [11.75, 5.75, 12, 6], "texture": "#0"},
				"east": {"uv": [6, 11.75, 6.25, 12], "texture": "#0"},
				"south": {"uv": [11.75, 6, 12, 6.25], "texture": "#0"},
				"west": {"uv": [6.25, 11.75, 6.5, 12], "texture": "#0"},
				"up": {"uv": [12, 6.5, 11.75, 6.25], "texture": "#0"},
				"down": {"uv": [6.75, 11.75, 6.5, 12], "texture": "#0"}
			}
		},
		{
			"from": [4.1, 9.6, 7.525],
			"to": [4.7, 9.775, 8.5],
			"faces": {
				"north": {"uv": [11.75, 6.5, 12, 6.75], "texture": "#0"},
				"east": {"uv": [6.75, 11.75, 7, 12], "texture": "#0"},
				"south": {"uv": [11.75, 6.75, 12, 7], "texture": "#0"},
				"west": {"uv": [7, 11.75, 7.25, 12], "texture": "#0"},
				"up": {"uv": [12, 7.25, 11.75, 7], "texture": "#0"},
				"down": {"uv": [7.5, 11.75, 7.25, 12], "texture": "#0"}
			}
		},
		{
			"from": [4.1, 8.65533, 7.08006],
			"to": [12.6, 9.38033, 8.08006],
			"rotation": {"angle": 45, "axis": "x", "origin": [8.35, 9.23033, 7.48006]},
			"faces": {
				"north": {"uv": [5.5, 2.75, 7.75, 3], "texture": "#0"},
				"east": {"uv": [7.25, 11, 7.5, 11.25], "texture": "#0"},
				"south": {"uv": [5.5, 3, 7.75, 3.25], "texture": "#0"},
				"west": {"uv": [11, 7.25, 11.25, 7.5], "texture": "#0"},
				"up": {"uv": [7.75, 3.5, 5.5, 3.25], "texture": "#0"},
				"down": {"uv": [5.75, 5.5, 3.5, 5.75], "texture": "#0"}
			}
		},
		{
			"from": [4.1, 8.65533, 7.91994],
			"to": [12.6, 9.38033, 8.91994],
			"rotation": {"angle": -45, "axis": "x", "origin": [8.35, 9.23033, 8.51994]},
			"faces": {
				"north": {"uv": [5.5, 3.5, 7.75, 3.75], "texture": "#0"},
				"east": {"uv": [7.5, 11, 7.75, 11.25], "texture": "#0"},
				"south": {"uv": [5.5, 3.75, 7.75, 4], "texture": "#0"},
				"west": {"uv": [11, 7.5, 11.25, 7.75], "texture": "#0"},
				"up": {"uv": [2.25, 6, 0, 5.75], "texture": "#0"},
				"down": {"uv": [8, 1.5, 5.75, 1.75], "texture": "#0"}
			}
		},
		{
			"from": [12.1, 6.9, 6.8],
			"to": [12.6, 9.1, 7],
			"faces": {
				"north": {"uv": [2.25, 5.5, 2.5, 6], "texture": "#0"},
				"east": {"uv": [9.75, 7.75, 10, 8.25], "texture": "#0"},
				"south": {"uv": [8.25, 9.75, 8.5, 10.25], "texture": "#0"},
				"west": {"uv": [8.5, 9.75, 8.75, 10.25], "texture": "#0"},
				"up": {"uv": [3.75, 11.25, 3.5, 11], "texture": "#0"},
				"down": {"uv": [11.25, 3.5, 11, 3.75], "texture": "#0"}
			}
		},
		{
			"from": [12.1, 6.9, 6.8],
			"to": [12.6, 9.1, 7],
			"rotation": {"angle": 0, "axis": "y", "origin": [0, 16, 0]},
			"faces": {
				"north": {"uv": [5.5, 10, 5.75, 10.5], "texture": "#0"},
				"east": {"uv": [10, 5.5, 10.25, 6], "texture": "#0"},
				"south": {"uv": [5.75, 10, 6, 10.5], "texture": "#0"},
				"west": {"uv": [6, 10, 6.25, 10.5], "texture": "#0"},
				"up": {"uv": [8.75, 11.25, 8.5, 11], "texture": "#0"},
				"down": {"uv": [11.25, 8.5, 11, 8.75], "texture": "#0"}
			}
		},
		{
			"from": [4.1, 6.61967, 7.08006],
			"to": [12.6, 7.34467, 8.08006],
			"rotation": {"angle": -45, "axis": "x", "origin": [8.35, 6.76967, 7.48006]},
			"faces": {
				"north": {"uv": [0, 6, 2.25, 6.25], "texture": "#0"},
				"east": {"uv": [8.25, 11, 8.5, 11.25], "texture": "#0"},
				"south": {"uv": [6, 0, 8.25, 0.25], "texture": "#0"},
				"west": {"uv": [11, 8.25, 11.25, 8.5], "texture": "#0"},
				"up": {"uv": [8.25, 0.5, 6, 0.25], "texture": "#0"},
				"down": {"uv": [8.25, 0.5, 6, 0.75], "texture": "#0"}
			}
		},
		{
			"from": [4.1, 6.375, 7.325],
			"to": [12.6, 6.9, 8.7],
			"rotation": {"angle": 0, "axis": "y", "origin": [0, 16, 0]},
			"faces": {
				"north": {"uv": [5.75, 5, 8, 5.25], "texture": "#0"},
				"east": {"uv": [8, 11, 8.25, 11.25], "texture": "#0"},
				"south": {"uv": [5.75, 5.25, 8, 5.5], "texture": "#0"},
				"west": {"uv": [11, 8, 11.25, 8.25], "texture": "#0"},
				"up": {"uv": [8, 5.75, 5.75, 5.5], "texture": "#0"},
				"down": {"uv": [8, 5.75, 5.75, 6], "texture": "#0"}
			}
		},
		{
			"from": [12.2, 5.675, 7.825],
			"to": [12.575, 6.4, 8.2],
			"rotation": {"angle": 0, "axis": "y", "origin": [0, 16, 0]},
			"faces": {
				"north": {"uv": [8.75, 11, 9, 11.25], "texture": "#0"},
				"east": {"uv": [11, 8.75, 11.25, 9], "texture": "#0"},
				"south": {"uv": [9, 11, 9.25, 11.25], "texture": "#0"},
				"west": {"uv": [11, 9, 11.25, 9.25], "texture": "#0"},
				"up": {"uv": [9.5, 11.25, 9.25, 11], "texture": "#0"},
				"down": {"uv": [11.25, 9.25, 11, 9.5], "texture": "#0"}
			}
		},
		{
			"from": [11.3, 6.075, 7.825],
			"to": [12.275, 6.4, 8.2],
			"rotation": {"angle": 0, "axis": "y", "origin": [0, 16, 0]},
			"faces": {
				"north": {"uv": [10.25, 11, 10.5, 11.25], "texture": "#0"},
				"east": {"uv": [11, 10.25, 11.25, 10.5], "texture": "#0"},
				"south": {"uv": [10.5, 11, 10.75, 11.25], "texture": "#0"},
				"west": {"uv": [11, 10.5, 11.25, 10.75], "texture": "#0"},
				"up": {"uv": [11, 11.25, 10.75, 11], "texture": "#0"},
				"down": {"uv": [11.25, 10.75, 11, 11], "texture": "#0"}
			}
		},
		{
			"from": [10.35, 6.25, 7.825],
			"to": [11.325, 6.6, 8.2],
			"rotation": {"angle": -22.5, "axis": "z", "origin": [10.8875, 6.2375, 8.0125]},
			"faces": {
				"north": {"uv": [11, 11, 11.25, 11.25], "texture": "#0"},
				"east": {"uv": [0, 11.25, 0.25, 11.5], "texture": "#0"},
				"south": {"uv": [11.25, 0, 11.5, 0.25], "texture": "#0"},
				"west": {"uv": [0.25, 11.25, 0.5, 11.5], "texture": "#0"},
				"up": {"uv": [11.5, 0.5, 11.25, 0.25], "texture": "#0"},
				"down": {"uv": [0.75, 11.25, 0.5, 11.5], "texture": "#0"}
			}
		},
		{
			"from": [12.05, 5.075, 7.825],
			"to": [12.4, 5.7, 8.2],
			"rotation": {"angle": -22.5, "axis": "z", "origin": [12.4, 5.2375, 8.0125]},
			"faces": {
				"north": {"uv": [9.5, 11, 9.75, 11.25], "texture": "#0"},
				"east": {"uv": [11, 9.5, 11.25, 9.75], "texture": "#0"},
				"south": {"uv": [9.75, 11, 10, 11.25], "texture": "#0"},
				"west": {"uv": [11, 9.75, 11.25, 10], "texture": "#0"},
				"up": {"uv": [10.25, 11.25, 10, 11], "texture": "#0"},
				"down": {"uv": [11.25, 10, 11, 10.25], "texture": "#0"}
			}
		},
		{
			"from": [4.1, 6.61967, 7.91994],
			"to": [12.6, 7.34467, 8.91994],
			"rotation": {"angle": 45, "axis": "x", "origin": [8.35, 6.76967, 8.51994]},
			"faces": {
				"north": {"uv": [5.75, 1.75, 8, 2], "texture": "#0"},
				"east": {"uv": [7.75, 11, 8, 11.25], "texture": "#0"},
				"south": {"uv": [5.75, 2, 8, 2.25], "texture": "#0"},
				"west": {"uv": [11, 7.75, 11.25, 8], "texture": "#0"},
				"up": {"uv": [8, 2.5, 5.75, 2.25], "texture": "#0"},
				"down": {"uv": [5.75, 5.75, 3.5, 6], "texture": "#0"}
			}
		},
		{
			"from": [10.1, 6.9, 6.8],
			"to": [10.6, 9.1, 7],
			"faces": {
				"north": {"uv": [8.75, 9.75, 9, 10.25], "texture": "#0"},
				"east": {"uv": [9, 9.75, 9.25, 10.25], "texture": "#0"},
				"south": {"uv": [9.25, 9.75, 9.5, 10.25], "texture": "#0"},
				"west": {"uv": [9.75, 9.25, 10, 9.75], "texture": "#0"},
				"up": {"uv": [4, 11.25, 3.75, 11], "texture": "#0"},
				"down": {"uv": [11.25, 3.75, 11, 4], "texture": "#0"}
			}
		},
		{
			"from": [8.1, 6.9, 6.8],
			"to": [8.6, 9.1, 7],
			"faces": {
				"north": {"uv": [9.5, 9.75, 9.75, 10.25], "texture": "#0"},
				"east": {"uv": [9.75, 9.75, 10, 10.25], "texture": "#0"},
				"south": {"uv": [0, 10, 0.25, 10.5], "texture": "#0"},
				"west": {"uv": [0.25, 10, 0.5, 10.5], "texture": "#0"},
				"up": {"uv": [4.75, 11.25, 4.5, 11], "texture": "#0"},
				"down": {"uv": [11.25, 4.5, 11, 4.75], "texture": "#0"}
			}
		},
		{
			"from": [6.1, 6.9, 6.8],
			"to": [6.6, 9.1, 7],
			"faces": {
				"north": {"uv": [0.5, 10, 0.75, 10.5], "texture": "#0"},
				"east": {"uv": [0.75, 10, 1, 10.5], "texture": "#0"},
				"south": {"uv": [1, 10, 1.25, 10.5], "texture": "#0"},
				"west": {"uv": [1.25, 10, 1.5, 10.5], "texture": "#0"},
				"up": {"uv": [5, 11.25, 4.75, 11], "texture": "#0"},
				"down": {"uv": [11.25, 4.75, 11, 5], "texture": "#0"}
			}
		},
		{
			"from": [4.1, 6.9, 6.8],
			"to": [4.6, 9.1, 7],
			"faces": {
				"north": {"uv": [1.5, 10, 1.75, 10.5], "texture": "#0"},
				"east": {"uv": [10, 1.5, 10.25, 2], "texture": "#0"},
				"south": {"uv": [1.75, 10, 2, 10.5], "texture": "#0"},
				"west": {"uv": [2, 10, 2.25, 10.5], "texture": "#0"},
				"up": {"uv": [5.25, 11.25, 5, 11], "texture": "#0"},
				"down": {"uv": [11.25, 5, 11, 5.25], "texture": "#0"}
			}
		},
		{
			"from": [4.1, 8.2, 6.8],
			"to": [12.1, 9.1, 7],
			"faces": {
				"north": {"uv": [6, 0.75, 8, 1], "texture": "#0"},
				"east": {"uv": [4, 11, 4.25, 11.25], "texture": "#0"},
				"south": {"uv": [6, 1, 8, 1.25], "texture": "#0"},
				"west": {"uv": [11, 4, 11.25, 4.25], "texture": "#0"},
				"up": {"uv": [8, 1.5, 6, 1.25], "texture": "#0"},
				"down": {"uv": [5.5, 6, 3.5, 6.25], "texture": "#0"}
			}
		},
		{
			"from": [-4, 9.1, 7.325],
			"to": [4, 9.625, 8.7],
			"rotation": {"angle": 0, "axis": "y", "origin": [-8.6, 0, 0]},
			"faces": {
				"north": {"uv": [6, 7, 8, 7.25], "texture": "#0"},
				"east": {"uv": [11.25, 1, 11.5, 1.25], "texture": "#0"},
				"south": {"uv": [0, 7.25, 2, 7.5], "texture": "#0"},
				"west": {"uv": [1.25, 11.25, 1.5, 11.5], "texture": "#0"},
				"up": {"uv": [4, 7.5, 2, 7.25], "texture": "#0"},
				"down": {"uv": [6, 7.25, 4, 7.5], "texture": "#0"}
			}
		},
		{
			"from": [-4, 8.65533, 7.08006],
			"to": [4, 9.38033, 8.08006],
			"rotation": {"angle": 45, "axis": "x", "origin": [-0.25, 9.23033, 7.48006]},
			"faces": {
				"north": {"uv": [6, 6.75, 8, 7], "texture": "#0"},
				"east": {"uv": [11.25, 0.75, 11.5, 1], "texture": "#0"},
				"south": {"uv": [0, 7, 2, 7.25], "texture": "#0"},
				"west": {"uv": [1, 11.25, 1.25, 11.5], "texture": "#0"},
				"up": {"uv": [4, 7.25, 2, 7], "texture": "#0"},
				"down": {"uv": [6, 7, 4, 7.25], "texture": "#0"}
			}
		},
		{
			"from": [-4, 8.65533, 7.91994],
			"to": [4, 9.38033, 8.91994],
			"rotation": {"angle": -45, "axis": "x", "origin": [-0.25, 9.23033, 8.51994]},
			"faces": {
				"north": {"uv": [6, 6.5, 8, 6.75], "texture": "#0"},
				"east": {"uv": [11.25, 0.5, 11.5, 0.75], "texture": "#0"},
				"south": {"uv": [0, 6.75, 2, 7], "texture": "#0"},
				"west": {"uv": [0.75, 11.25, 1, 11.5], "texture": "#0"},
				"up": {"uv": [4, 7, 2, 6.75], "texture": "#0"},
				"down": {"uv": [6, 6.75, 4, 7], "texture": "#0"}
			}
		},
		{
			"from": [4.1, 6.9, 6.8],
			"to": [12.1, 7.8, 7],
			"faces": {
				"north": {"uv": [6, 4, 8, 4.25], "texture": "#0"},
				"east": {"uv": [4.25, 11, 4.5, 11.25], "texture": "#0"},
				"south": {"uv": [6, 4.25, 8, 4.5], "texture": "#0"},
				"west": {"uv": [11, 4.25, 11.25, 4.5], "texture": "#0"},
				"up": {"uv": [8, 4.75, 6, 4.5], "texture": "#0"},
				"down": {"uv": [8, 4.75, 6, 5], "texture": "#0"}
			}
		},
		{
			"from": [12.1, 6.9, 9],
			"to": [12.6, 9.1, 9.2],
			"rotation": {"angle": 0, "axis": "y", "origin": [0, 0, 16]},
			"faces": {
				"north": {"uv": [4.75, 10, 5, 10.5], "texture": "#0"},
				"east": {"uv": [5, 10, 5.25, 10.5], "texture": "#0"},
				"south": {"uv": [10, 5, 10.25, 5.5], "texture": "#0"},
				"west": {"uv": [5.25, 10, 5.5, 10.5], "texture": "#0"},
				"up": {"uv": [7, 11.25, 6.75, 11], "texture": "#0"},
				"down": {"uv": [11.25, 6.75, 11, 7], "texture": "#0"}
			}
		},
		{
			"from": [4.1, 8.2, 9],
			"to": [12.1, 9.1, 9.2],
			"rotation": {"angle": 0, "axis": "y", "origin": [0, 0, 16]},
			"faces": {
				"north": {"uv": [6, 6.25, 8, 6.5], "texture": "#0"},
				"east": {"uv": [6.5, 11, 6.75, 11.25], "texture": "#0"},
				"south": {"uv": [0, 6.5, 2, 6.75], "texture": "#0"},
				"west": {"uv": [11, 6.5, 11.25, 6.75], "texture": "#0"},
				"up": {"uv": [4, 6.75, 2, 6.5], "texture": "#0"},
				"down": {"uv": [6, 6.5, 4, 6.75], "texture": "#0"}
			}
		},
		{
			"from": [4.1, 6.9, 9],
			"to": [12.1, 7.8, 9.2],
			"rotation": {"angle": 0, "axis": "y", "origin": [0, 0, 16]},
			"faces": {
				"north": {"uv": [5.5, 6, 7.5, 6.25], "texture": "#0"},
				"east": {"uv": [6.25, 11, 6.5, 11.25], "texture": "#0"},
				"south": {"uv": [0, 6.25, 2, 6.5], "texture": "#0"},
				"west": {"uv": [11, 6.25, 11.25, 6.5], "texture": "#0"},
				"up": {"uv": [4, 6.5, 2, 6.25], "texture": "#0"},
				"down": {"uv": [6, 6.25, 4, 6.5], "texture": "#0"}
			}
		},
		{
			"from": [10.1, 6.9, 9],
			"to": [10.6, 9.1, 9.2],
			"rotation": {"angle": 0, "axis": "y", "origin": [0, 0, 16]},
			"faces": {
				"north": {"uv": [10, 4, 10.25, 4.5], "texture": "#0"},
				"east": {"uv": [4.25, 10, 4.5, 10.5], "texture": "#0"},
				"south": {"uv": [4.5, 10, 4.75, 10.5], "texture": "#0"},
				"west": {"uv": [10, 4.5, 10.25, 5], "texture": "#0"},
				"up": {"uv": [6.25, 11.25, 6, 11], "texture": "#0"},
				"down": {"uv": [11.25, 6, 11, 6.25], "texture": "#0"}
			}
		},
		{
			"from": [8.1, 6.9, 9],
			"to": [8.6, 9.1, 9.2],
			"rotation": {"angle": 0, "axis": "y", "origin": [0, 0, 16]},
			"faces": {
				"north": {"uv": [3.5, 10, 3.75, 10.5], "texture": "#0"},
				"east": {"uv": [10, 3.5, 10.25, 4], "texture": "#0"},
				"south": {"uv": [3.75, 10, 4, 10.5], "texture": "#0"},
				"west": {"uv": [4, 10, 4.25, 10.5], "texture": "#0"},
				"up": {"uv": [6, 11.25, 5.75, 11], "texture": "#0"},
				"down": {"uv": [11.25, 5.75, 11, 6], "texture": "#0"}
			}
		},
		{
			"from": [6.1, 6.9, 9],
			"to": [6.6, 9.1, 9.2],
			"rotation": {"angle": 0, "axis": "y", "origin": [0, 0, 16]},
			"faces": {
				"north": {"uv": [2.75, 10, 3, 10.5], "texture": "#0"},
				"east": {"uv": [3, 10, 3.25, 10.5], "texture": "#0"},
				"south": {"uv": [10, 3, 10.25, 3.5], "texture": "#0"},
				"west": {"uv": [3.25, 10, 3.5, 10.5], "texture": "#0"},
				"up": {"uv": [5.75, 11.25, 5.5, 11], "texture": "#0"},
				"down": {"uv": [11.25, 5.5, 11, 5.75], "texture": "#0"}
			}
		},
		{
			"from": [4.1, 6.9, 9],
			"to": [4.6, 9.1, 9.2],
			"rotation": {"angle": 0, "axis": "y", "origin": [0, 0, 16]},
			"faces": {
				"north": {"uv": [10, 2, 10.25, 2.5], "texture": "#0"},
				"east": {"uv": [2.25, 10, 2.5, 10.5], "texture": "#0"},
				"south": {"uv": [2.5, 10, 2.75, 10.5], "texture": "#0"},
				"west": {"uv": [10, 2.5, 10.25, 3], "texture": "#0"},
				"up": {"uv": [5.5, 11.25, 5.25, 11], "texture": "#0"},
				"down": {"uv": [11.25, 5.25, 11, 5.5], "texture": "#0"}
			}
		},
		{
			"name": "hexadecagon",
			"from": [0.45, 7.45027, 6.7],
			"to": [0.95, 7.54973, 7.7],
			"rotation": {"angle": -45, "axis": "z", "origin": [0.7, 7.5, 7.7]},
			"faces": {
				"north": {"uv": [11.25, 9.25, 11.5, 9.5], "texture": "#1"},
				"east": {"uv": [9.5, 11.25, 9.75, 11.5], "texture": "#1"},
				"south": {"uv": [11.25, 9.5, 11.5, 9.75], "texture": "#1"},
				"west": {"uv": [9.75, 11.25, 10, 11.5], "texture": "#1"},
				"up": {"uv": [11.5, 10, 11.25, 9.75], "texture": "#1"},
				"down": {"uv": [10.25, 11.25, 10, 11.5], "texture": "#1"}
			}
		},
		{
			"name": "hexadecagon",
			"from": [0.45, 7.45027, 6.7],
			"to": [0.95, 7.54973, 7.7],
			"rotation": {"angle": -22.5, "axis": "z", "origin": [0.7, 7.5, 7.7]},
			"faces": {
				"north": {"uv": [11.25, 10, 11.5, 10.25], "texture": "#1"},
				"east": {"uv": [10.25, 11.25, 10.5, 11.5], "texture": "#1"},
				"south": {"uv": [11.25, 10.25, 11.5, 10.5], "texture": "#1"},
				"west": {"uv": [10.5, 11.25, 10.75, 11.5], "texture": "#1"},
				"up": {"uv": [11.5, 10.75, 11.25, 10.5], "texture": "#1"},
				"down": {"uv": [11, 11.25, 10.75, 11.5], "texture": "#1"}
			}
		},
		{
			"name": "hexadecagon",
			"from": [0.45, 7.45027, 6.7],
			"to": [0.95, 7.54973, 7.7],
			"rotation": {"angle": 0, "axis": "x", "origin": [0.7, 7.5, 7.7]},
			"faces": {
				"north": {"uv": [11.25, 10.75, 11.5, 11], "texture": "#1"},
				"east": {"uv": [11, 11.25, 11.25, 11.5], "texture": "#1"},
				"south": {"uv": [11.25, 11, 11.5, 11.25], "texture": "#1"},
				"west": {"uv": [11.25, 11.25, 11.5, 11.5], "texture": "#1"},
				"up": {"uv": [0.25, 11.75, 0, 11.5], "texture": "#1"},
				"down": {"uv": [11.75, 0, 11.5, 0.25], "texture": "#1"}
			}
		},
		{
			"name": "hexadecagon",
			"from": [0.45, 7.45027, 6.7],
			"to": [0.95, 7.54973, 7.7],
			"rotation": {"angle": 22.5, "axis": "z", "origin": [0.7, 7.5, 7.7]},
			"faces": {
				"north": {"uv": [0.25, 11.5, 0.5, 11.75], "texture": "#1"},
				"east": {"uv": [11.5, 0.25, 11.75, 0.5], "texture": "#1"},
				"south": {"uv": [0.5, 11.5, 0.75, 11.75], "texture": "#1"},
				"west": {"uv": [11.5, 0.5, 11.75, 0.75], "texture": "#1"},
				"up": {"uv": [1, 11.75, 0.75, 11.5], "texture": "#1"},
				"down": {"uv": [11.75, 0.75, 11.5, 1], "texture": "#1"}
			}
		},
		{
			"name": "hexadecagon",
			"from": [0.45, 7.45027, 6.7],
			"to": [0.95, 7.54973, 7.7],
			"rotation": {"angle": 45, "axis": "z", "origin": [0.7, 7.5, 7.7]},
			"faces": {
				"north": {"uv": [1, 11.5, 1.25, 11.75], "texture": "#1"},
				"east": {"uv": [11.5, 1, 11.75, 1.25], "texture": "#1"},
				"south": {"uv": [1.25, 11.5, 1.5, 11.75], "texture": "#1"},
				"west": {"uv": [11.5, 1.25, 11.75, 1.5], "texture": "#1"},
				"up": {"uv": [1.75, 11.75, 1.5, 11.5], "texture": "#1"},
				"down": {"uv": [11.75, 1.5, 11.5, 1.75], "texture": "#1"}
			}
		},
		{
			"name": "hexadecagon",
			"from": [0.65027, 7.25, 6.7],
			"to": [0.74973, 7.75, 7.7],
			"rotation": {"angle": -22.5, "axis": "z", "origin": [0.7, 7.5, 7.7]},
			"faces": {
				"north": {"uv": [1.75, 11.5, 2, 11.75], "texture": "#1"},
				"east": {"uv": [11.5, 1.75, 11.75, 2], "texture": "#1"},
				"south": {"uv": [2, 11.5, 2.25, 11.75], "texture": "#1"},
				"west": {"uv": [11.5, 2, 11.75, 2.25], "texture": "#1"},
				"up": {"uv": [2.5, 11.75, 2.25, 11.5], "texture": "#1"},
				"down": {"uv": [11.75, 2.25, 11.5, 2.5], "texture": "#1"}
			}
		},
		{
			"name": "hexadecagon",
			"from": [0.65027, 7.25, 6.7],
			"to": [0.74973, 7.75, 7.7],
			"rotation": {"angle": 0, "axis": "x", "origin": [0.7, 7.5, 7.7]},
			"faces": {
				"north": {"uv": [2.5, 11.5, 2.75, 11.75], "texture": "#1"},
				"east": {"uv": [11.5, 2.5, 11.75, 2.75], "texture": "#1"},
				"south": {"uv": [2.75, 11.5, 3, 11.75], "texture": "#1"},
				"west": {"uv": [11.5, 2.75, 11.75, 3], "texture": "#1"},
				"up": {"uv": [3.25, 11.75, 3, 11.5], "texture": "#1"},
				"down": {"uv": [11.75, 3, 11.5, 3.25], "texture": "#1"}
			}
		},
		{
			"name": "hexadecagon",
			"from": [0.65027, 7.25, 6.7],
			"to": [0.74973, 7.75, 7.7],
			"rotation": {"angle": 22.5, "axis": "z", "origin": [0.7, 7.5, 7.7]},
			"faces": {
				"north": {"uv": [3.25, 11.5, 3.5, 11.75], "texture": "#1"},
				"east": {"uv": [11.5, 3.25, 11.75, 3.5], "texture": "#1"},
				"south": {"uv": [3.5, 11.5, 3.75, 11.75], "texture": "#1"},
				"west": {"uv": [11.5, 3.5, 11.75, 3.75], "texture": "#1"},
				"up": {"uv": [4, 11.75, 3.75, 11.5], "texture": "#1"},
				"down": {"uv": [11.75, 3.75, 11.5, 4], "texture": "#1"}
			}
		},
		{
			"name": "hexadecagon",
			"from": [7, 7.88065, 7.4],
			"to": [9, 8.11935, 8.6],
			"rotation": {"angle": -45, "axis": "x", "origin": [8, 8, 8]},
			"faces": {
				"north": {"uv": [1, 10.5, 1.5, 10.75], "texture": "#0"},
				"east": {"uv": [5, 11.5, 5.25, 11.75], "texture": "#0"},
				"south": {"uv": [1.5, 10.5, 2, 10.75], "texture": "#0"},
				"west": {"uv": [11.5, 5, 11.75, 5.25], "texture": "#0"},
				"up": {"uv": [2.5, 10.75, 2, 10.5], "texture": "#0"},
				"down": {"uv": [3, 10.5, 2.5, 10.75], "texture": "#0"}
			}
		},
		{
			"name": "hexadecagon",
			"from": [7, 7.88065, 7.4],
			"to": [9, 8.11935, 8.6],
			"rotation": {"angle": -22.5, "axis": "x", "origin": [8, 8, 8]},
			"faces": {
				"north": {"uv": [3, 10.5, 3.5, 10.75], "texture": "#0"},
				"east": {"uv": [5.25, 11.5, 5.5, 11.75], "texture": "#0"},
				"south": {"uv": [3.5, 10.5, 4, 10.75], "texture": "#0"},
				"west": {"uv": [11.5, 5.25, 11.75, 5.5], "texture": "#0"},
				"up": {"uv": [4.5, 10.75, 4, 10.5], "texture": "#0"},
				"down": {"uv": [11, 4.25, 10.5, 4.5], "texture": "#0"}
			}
		},
		{
			"name": "hexadecagon",
			"from": [7, 7.88065, 7.4],
			"to": [9, 8.11935, 8.6],
			"rotation": {"angle": 0, "axis": "x", "origin": [8, 8, 8]},
			"faces": {
				"north": {"uv": [4.5, 10.5, 5, 10.75], "texture": "#0"},
				"east": {"uv": [5.5, 11.5, 5.75, 11.75], "texture": "#0"},
				"south": {"uv": [10.5, 4.5, 11, 4.75], "texture": "#0"},
				"west": {"uv": [11.5, 5.5, 11.75, 5.75], "texture": "#0"},
				"up": {"uv": [11, 5, 10.5, 4.75], "texture": "#0"},
				"down": {"uv": [5.5, 10.5, 5, 10.75], "texture": "#0"}
			}
		},
		{
			"name": "hexadecagon",
			"from": [7, 7.88065, 7.4],
			"to": [9, 8.11935, 8.6],
			"rotation": {"angle": 22.5, "axis": "x", "origin": [8, 8, 8]},
			"faces": {
				"north": {"uv": [10.5, 5, 11, 5.25], "texture": "#0"},
				"east": {"uv": [5.75, 11.5, 6, 11.75], "texture": "#0"},
				"south": {"uv": [5.5, 10.5, 6, 10.75], "texture": "#0"},
				"west": {"uv": [11.5, 5.75, 11.75, 6], "texture": "#0"},
				"up": {"uv": [6.5, 10.75, 6, 10.5], "texture": "#0"},
				"down": {"uv": [11, 6, 10.5, 6.25], "texture": "#0"}
			}
		},
		{
			"name": "hexadecagon",
			"from": [7, 7.88065, 7.4],
			"to": [9, 8.11935, 8.6],
			"rotation": {"angle": 45, "axis": "x", "origin": [8, 8, 8]},
			"faces": {
				"north": {"uv": [6.5, 10.5, 7, 10.75], "texture": "#0"},
				"east": {"uv": [6, 11.5, 6.25, 11.75], "texture": "#0"},
				"south": {"uv": [10.5, 6.75, 11, 7], "texture": "#0"},
				"west": {"uv": [11.5, 6, 11.75, 6.25], "texture": "#0"},
				"up": {"uv": [7.5, 10.75, 7, 10.5], "texture": "#0"},
				"down": {"uv": [11, 7, 10.5, 7.25], "texture": "#0"}
			}
		},
		{
			"name": "hexadecagon",
			"from": [7, 7.4, 7.88065],
			"to": [9, 8.6, 8.11935],
			"rotation": {"angle": -22.5, "axis": "x", "origin": [8, 8, 8]},
			"faces": {
				"north": {"uv": [10.5, 7.25, 11, 7.5], "texture": "#0"},
				"east": {"uv": [6.25, 11.5, 6.5, 11.75], "texture": "#0"},
				"south": {"uv": [7.5, 10.5, 8, 10.75], "texture": "#0"},
				"west": {"uv": [11.5, 6.25, 11.75, 6.5], "texture": "#0"},
				"up": {"uv": [11, 7.75, 10.5, 7.5], "texture": "#0"},
				"down": {"uv": [11, 7.75, 10.5, 8], "texture": "#0"}
			}
		},
		{
			"name": "hexadecagon",
			"from": [7, 7.4, 7.88065],
			"to": [9, 8.6, 8.11935],
			"rotation": {"angle": 0, "axis": "x", "origin": [8, 8, 8]},
			"faces": {
				"north": {"uv": [8, 10.5, 8.5, 10.75], "texture": "#0"},
				"east": {"uv": [6.5, 11.5, 6.75, 11.75], "texture": "#0"},
				"south": {"uv": [10.5, 8, 11, 8.25], "texture": "#0"},
				"west": {"uv": [11.5, 6.5, 11.75, 6.75], "texture": "#0"},
				"up": {"uv": [11, 8.5, 10.5, 8.25], "texture": "#0"},
				"down": {"uv": [11, 8.5, 10.5, 8.75], "texture": "#0"}
			}
		},
		{
			"name": "hexadecagon",
			"from": [7, 7.4, 7.88065],
			"to": [9, 8.6, 8.11935],
			"rotation": {"angle": 22.5, "axis": "x", "origin": [8, 8, 8]},
			"faces": {
				"north": {"uv": [9, 10.5, 9.5, 10.75], "texture": "#0"},
				"east": {"uv": [6.75, 11.5, 7, 11.75], "texture": "#0"},
				"south": {"uv": [10.5, 9.25, 11, 9.5], "texture": "#0"},
				"west": {"uv": [11.5, 6.75, 11.75, 7], "texture": "#0"},
				"up": {"uv": [10, 10.75, 9.5, 10.5], "texture": "#0"},
				"down": {"uv": [11, 9.5, 10.5, 9.75], "texture": "#0"}
			}
		},
		{
			"name": "hexadecagon",
			"from": [-10, 7.85082, 7.25],
			"to": [-4, 8.14918, 8.75],
			"rotation": {"angle": -45, "axis": "x", "origin": [-5, 8, 8]},
			"faces": {
				"north": {"uv": [7.5, 6, 9, 6.25], "texture": "#0"},
				"east": {"uv": [10, 10.5, 10.5, 10.75], "texture": "#0"},
				"south": {"uv": [0, 7.75, 1.5, 8], "texture": "#0"},
				"west": {"uv": [10.5, 10.25, 11, 10.5], "texture": "#0"},
				"up": {"uv": [1.5, 4.5, 0, 4], "texture": "#0"},
				"down": {"uv": [3, 4, 1.5, 4.5], "texture": "#0"}
			}
		},
		{
			"name": "hexadecagon",
			"from": [-10, 7.85082, 7.25],
			"to": [-4, 8.14918, 8.75],
			"rotation": {"angle": -22.5, "axis": "x", "origin": [-5, 8, 8]},
			"faces": {
				"north": {"uv": [1.5, 7.75, 3, 8], "texture": "#0"},
				"east": {"uv": [10.5, 10.5, 11, 10.75], "texture": "#0"},
				"south": {"uv": [7.75, 2.5, 9.25, 2.75], "texture": "#0"},
				"west": {"uv": [0, 10.75, 0.5, 11], "texture": "#0"},
				"up": {"uv": [5.5, 3, 4, 2.5], "texture": "#0"},
				"down": {"uv": [4.5, 4, 3, 4.5], "texture": "#0"}
			}
		},
		{
			"name": "hexadecagon",
			"from": [-10, 7.85082, 7.25],
			"to": [-4, 8.14918, 8.75],
			"rotation": {"angle": 0, "axis": "x", "origin": [-5, 8, 8]},
			"faces": {
				"north": {"uv": [7.75, 2.75, 9.25, 3], "texture": "#0"},
				"east": {"uv": [0.5, 10.75, 1, 11], "texture": "#0"},
				"south": {"uv": [3, 7.75, 4.5, 8], "texture": "#0"},
				"west": {"uv": [10.75, 0.75, 11.25, 1], "texture": "#0"},
				"up": {"uv": [5.5, 3.5, 4, 3], "texture": "#0"},
				"down": {"uv": [5.5, 3.5, 4, 4], "texture": "#0"}
			}
		},
		{
			"name": "hexadecagon",
			"from": [-10, 7.85082, 7.25],
			"to": [-4, 8.14918, 8.75],
			"rotation": {"angle": 22.5, "axis": "x", "origin": [-5, 8, 8]},
			"faces": {
				"north": {"uv": [7.75, 3, 9.25, 3.25], "texture": "#0"},
				"east": {"uv": [1, 10.75, 1.5, 11], "texture": "#0"},
				"south": {"uv": [7.75, 3.25, 9.25, 3.5], "texture": "#0"},
				"west": {"uv": [10.75, 1, 11.25, 1.25], "texture": "#0"},
				"up": {"uv": [5.75, 2, 4.25, 1.5], "texture": "#0"},
				"down": {"uv": [5.75, 2, 4.25, 2.5], "texture": "#0"}
			}
		},
		{
			"name": "hexadecagon",
			"from": [-10, 7.85082, 7.25],
			"to": [-4, 8.14918, 8.75],
			"rotation": {"angle": 45, "axis": "x", "origin": [-5, 8, 8]},
			"faces": {
				"north": {"uv": [7.75, 3.5, 9.25, 3.75], "texture": "#0"},
				"east": {"uv": [10.75, 1.25, 11.25, 1.5], "texture": "#0"},
				"south": {"uv": [7.75, 3.75, 9.25, 4], "texture": "#0"},
				"west": {"uv": [1.5, 10.75, 2, 11], "texture": "#0"},
				"up": {"uv": [1.5, 5, 0, 4.5], "texture": "#0"},
				"down": {"uv": [6, 0, 4.5, 0.5], "texture": "#0"}
			}
		},
		{
			"name": "hexadecagon",
			"from": [-10, 7.25, 7.85082],
			"to": [-4, 8.75, 8.14918],
			"rotation": {"angle": -22.5, "axis": "x", "origin": [-5, 8, 8]},
			"faces": {
				"north": {"uv": [4.5, 0.5, 6, 1], "texture": "#0"},
				"east": {"uv": [8.5, 10.5, 8.75, 11], "texture": "#0"},
				"south": {"uv": [4.5, 1, 6, 1.5], "texture": "#0"},
				"west": {"uv": [10.75, 1.5, 11, 2], "texture": "#0"},
				"up": {"uv": [6, 8, 4.5, 7.75], "texture": "#0"},
				"down": {"uv": [1.5, 8, 0, 8.25], "texture": "#0"}
			}
		},
		{
			"name": "hexadecagon",
			"from": [-10, 7.25, 7.85082],
			"to": [-4, 8.75, 8.14918],
			"rotation": {"angle": 0, "axis": "x", "origin": [-5, 8, 8]},
			"faces": {
				"north": {"uv": [1.5, 4.5, 3, 5], "texture": "#0"},
				"east": {"uv": [2, 10.75, 2.25, 11.25], "texture": "#0"},
				"south": {"uv": [3, 4.5, 4.5, 5], "texture": "#0"},
				"west": {"uv": [10.75, 2, 11, 2.5], "texture": "#0"},
				"up": {"uv": [9.5, 1, 8, 0.75], "texture": "#0"},
				"down": {"uv": [9.5, 1, 8, 1.25], "texture": "#0"}
			}
		},
		{
			"name": "hexadecagon",
			"from": [-10, 7.25, 7.85082],
			"to": [-4, 8.75, 8.14918],
			"rotation": {"angle": 22.5, "axis": "x", "origin": [-5, 8, 8]},
			"faces": {
				"north": {"uv": [4.5, 4, 6, 4.5], "texture": "#0"},
				"east": {"uv": [2.25, 10.75, 2.5, 11.25], "texture": "#0"},
				"south": {"uv": [4.5, 4.5, 6, 5], "texture": "#0"},
				"west": {"uv": [2.5, 10.75, 2.75, 11.25], "texture": "#0"},
				"up": {"uv": [9.5, 1.5, 8, 1.25], "texture": "#0"},
				"down": {"uv": [3, 8, 1.5, 8.25], "texture": "#0"}
			}
		}
	],
	"display": {
		"thirdperson_righthand": {
			"rotation": [0, 90, 0],
			"translation": [0, 0.75, -4],
			"scale": [0.64, 0.64, 0.64]
		},
		"thirdperson_lefthand": {
			"rotation": [0, -90, 0],
			"translation": [0, 0.75, -4],
			"scale": [0.64, 0.64, 0.64]
		},
		"firstperson_righthand": {
			"rotation": [0, 90, 0],
			"translation": [-8.99, 6.75, 1.25],
			"scale": [0.6, 0.6, 0.6]
		},
		"firstperson_lefthand": {
			"rotation": [0, -90, 0],
			"translation": [-0.75, 4.25, -2.5],
			"scale": [0.6, 0.6, 0.6]
		},
		"ground": {
			"rotation": [90, 0, 0],
			"translation": [6.25, 3, 2],
			"scale": [0.6, 0.6, 0.6]
		},
		"gui": {
			"rotation": [0, 180, 45],
			"translation": [-3, 3.75, 0],
			"scale": [0.7, 0.7, 0.7]
		},
		"head": {
			"rotation": [0, 90, 0],
			"translation": [0, 9.75, -8.25]
		},
		"fixed": {
			"translation": [7, 0, 0]
		}
	},
	"groups": [
		{
			"name": "hexadecagon",
			"origin": [8, 8, 8],
			"color": 0,
			"children": [0, 1, 2, 3, 4, 5, 6, 7, 8, 9, 10, 11, 12, 13, 14, 15]
		},
		{
			"name": "hexadecagon",
			"origin": [8, 8, 8],
			"color": 0,
			"children": [16, 17, 18, 19, 20, 21, 22, 23, 24, 25, 26, 27, 28, 29, 30, 31]
		},
		32,
		33,
		34,
		35,
		36,
		37,
		38,
		39,
		40,
		41,
		42,
		43,
		44,
		45,
		46,
		47,
		48,
		49,
		50,
		51,
		52,
		53,
		54,
		55,
		56,
		57,
		58,
		59,
		60,
		61,
		62,
		63,
		64,
		65,
		66,
		67,
		68,
		69,
		70,
		71,
		72,
		73,
		74,
		75,
		76,
		77,
		78,
		79,
		80,
		81,
		82,
		83,
		84,
		85,
		86,
		87,
		88,
		89,
		90,
		91,
		92,
		93,
		94,
		95,
		96,
		97,
		98,
		99,
		100,
		101,
		102,
		103,
		104,
		105,
		106,
		107,
		108,
		109,
		110,
		111,
		112,
		113,
		114,
		115,
		116,
		117,
		118,
		{
			"name": "hexadecagon",
			"origin": [8, 8, 8],
			"color": 0,
			"children": [119, 120, 121, 122, 123, 124, 125, 126]
		},
		{
			"name": "hexadecagon",
			"origin": [8, 8, 8],
			"color": 0,
			"children": [127, 128, 129, 130, 131, 132, 133, 134]
		},
		{
			"name": "hexadecagon",
			"origin": [8, 8, 8],
			"color": 0,
			"children": [135, 136, 137, 138, 139, 140, 141, 142]
		}
	]
}