{"textures":{"0":"item/mobs/zaku/zaku_natk"},"elements":[{"from":[8.0,-3.2000008,-1.6000004],"to":[8.0,32.0,21.6],"rotation":{"angle":0.0,"axis":"y","origin":[8.0,-0.40000057,8.8]},"faces":{"east":{"uv":[16.0,0.0,0.0,16.0],"rotation":0,"texture":"#0","tintindex":0},"south":{"uv":[0.0,0.0,0.0,16.0],"rotation":0,"texture":"#0","tintindex":0},"north":{"uv":[0.0,0.0,0.0,16.0],"rotation":0,"texture":"#0","tintindex":0},"west":{"uv":[0.0,0.0,16.0,16.0],"rotation":0,"texture":"#0","tintindex":0},"up":{"uv":[0.0,0.0,16.0,0.0],"rotation":90,"texture":"#0","tintindex":0},"down":{"uv":[0.0,0.0,16.0,0.0],"rotation":270,"texture":"#0","tintindex":0}}}],"display":{"head":{"translation":[0.0,38.4,0.0],"scale":[4.0,4.0,4.0]}}}