{"textures":{"0":"item/mobs/scorpion/scorpion_king"},"elements":[{"from":[5.191476,5.714286,-3.0920544],"to":[11.477191,10.285714,8.336516],"rotation":{"angle":0.0,"axis":"y","origin":[-7.8603563,16.266434,14.038855]},"faces":{"east":{"uv":[9.125,3.625,7.875,4.125],"rotation":0,"texture":"#0","tintindex":0},"south":{"uv":[12.625,2.5625,11.9375,3.0625],"rotation":0,"texture":"#0","tintindex":0},"north":{"uv":[9.125,0.0,8.4375,0.5],"rotation":0,"texture":"#0","tintindex":0},"west":{"uv":[8.0625,0.5625,6.8125,1.0625],"rotation":0,"texture":"#0","tintindex":0},"up":{"uv":[5.375,1.25,6.0625,0.0],"rotation":0,"texture":"#0","tintindex":0},"down":{"uv":[5.375,2.4375,6.0625,3.6875],"rotation":0,"texture":"#0","tintindex":0}}}],"display":{"head":{"translation":[0.0,-6.4,0.0],"scale":[4.0,4.0,4.0]}}}