{
	"credit": "Made with Blockbench",
	"textures": {
		"0": "item/hat/gas_mask/gas_mask",
		"1": "item/hat/gas_mask/gas_mask2",
		"particle": "item/hat/gas_mask/gas_mask"
	},
	"elements": [
		{
			"from": [5.52583, 0.4, 6.72583],
			"to": [6.52583, 2.9, 7.22583],
			"rotation": {"angle": -22.5, "axis": "y", "origin": [5.95083, 1.5, 4.82583]},
			"faces": {
				"north": {"uv": [4, 9, 4.5, 10.25], "texture": "#0"},
				"east": {"uv": [11.5, 0, 11.75, 1.25], "texture": "#0"},
				"south": {"uv": [9, 4.5, 9.5, 5.75], "texture": "#0"},
				"west": {"uv": [11.5, 2.5, 11.75, 3.75], "texture": "#0"},
				"up": {"uv": [12, 13.25, 11.5, 13], "texture": "#0"},
				"down": {"uv": [12.5, 13, 12, 13.25], "texture": "#0"}
			}
		},
		{
			"from": [6.02583, 0.4, 4.72583],
			"to": [6.52583, 2.9, 7.22583],
			"rotation": {"angle": -22.5, "axis": "y", "origin": [5.95083, 1.5, 4.82583]},
			"faces": {
				"north": {"uv": [7.5, 11.5, 7.75, 12.75], "texture": "#0"},
				"east": {"uv": [4.5, 3, 5.75, 4.25], "texture": "#0"},
				"south": {"uv": [8, 11.5, 8.25, 12.75], "texture": "#0"},
				"west": {"uv": [4.5, 4.5, 5.75, 5.75], "texture": "#0"},
				"up": {"uv": [8.75, 12.75, 8.5, 11.5], "texture": "#0"},
				"down": {"uv": [11.75, 9.5, 11.5, 10.75], "texture": "#0"}
			}
		},
		{
			"from": [6.52583, 0.9, 5.22583],
			"to": [7.02583, 2.4, 6.72583],
			"rotation": {"angle": -22.5, "axis": "y", "origin": [5.95083, 1.5, 4.82583]},
			"faces": {
				"north": {"uv": [6.5, 12.5, 6.75, 13.25], "texture": "#0"},
				"east": {"uv": [4.5, 10, 5.25, 10.75], "texture": "#0"},
				"south": {"uv": [13, 4.5, 13.25, 5.25], "texture": "#0"},
				"west": {"uv": [10, 6.5, 10.75, 7.25], "texture": "#0"},
				"up": {"uv": [13.25, 6.25, 13, 5.5], "texture": "#0"},
				"down": {"uv": [7.75, 13, 7.5, 13.75], "texture": "#0"}
			}
		},
		{
			"from": [5.52583, 0.4, 4.72583],
			"to": [6.52583, 2.9, 5.22583],
			"rotation": {"angle": -22.5, "axis": "y", "origin": [5.95083, 1.5, 4.82583]},
			"faces": {
				"north": {"uv": [5.5, 9, 6, 10.25], "texture": "#0"},
				"east": {"uv": [11.5, 11, 11.75, 12.25], "texture": "#0"},
				"south": {"uv": [6, 9, 6.5, 10.25], "texture": "#0"},
				"west": {"uv": [12, 0, 12.25, 1.25], "texture": "#0"},
				"up": {"uv": [13.5, 12.25, 13, 12], "texture": "#0"},
				"down": {"uv": [13, 13, 12.5, 13.25], "texture": "#0"}
			}
		},
		{
			"from": [5.52583, 2.4, 4.72583],
			"to": [6.52583, 2.9, 7.22583],
			"rotation": {"angle": -22.5, "axis": "y", "origin": [5.95083, 1.5, 4.82583]},
			"faces": {
				"north": {"uv": [13, 13, 13.5, 13.25], "texture": "#0"},
				"east": {"uv": [11, 4.5, 12.25, 4.75], "texture": "#0"},
				"south": {"uv": [0, 13.5, 0.5, 13.75], "texture": "#0"},
				"west": {"uv": [11.5, 1.5, 12.75, 1.75], "texture": "#0"},
				"up": {"uv": [7, 10.25, 6.5, 9], "texture": "#0"},
				"down": {"uv": [7.5, 9, 7, 10.25], "texture": "#0"}
			}
		},
		{
			"from": [5.52583, 0.4, 4.72583],
			"to": [6.52583, 0.9, 7.22583],
			"rotation": {"angle": -22.5, "axis": "y", "origin": [5.95083, 1.5, 4.82583]},
			"faces": {
				"north": {"uv": [13.5, 0, 14, 0.25], "texture": "#0"},
				"east": {"uv": [11.5, 4, 12.75, 4.25], "texture": "#0"},
				"south": {"uv": [0.5, 13.5, 1, 13.75], "texture": "#0"},
				"west": {"uv": [1, 12, 2.25, 12.25], "texture": "#0"},
				"up": {"uv": [8, 10.25, 7.5, 9], "texture": "#0"},
				"down": {"uv": [8.5, 9, 8, 10.25], "texture": "#0"}
			}
		},
		{
			"from": [5.47583, 0.4, 11.69867],
			"to": [6.47583, 2.9, 12.19867],
			"rotation": {"angle": 22.5, "axis": "y", "origin": [5.95083, 1.5, 12.07367]},
			"faces": {
				"north": {"uv": [8.5, 9, 9, 10.25], "texture": "#0"},
				"east": {"uv": [12, 2, 12.25, 3.25], "texture": "#0"},
				"south": {"uv": [9, 9, 9.5, 10.25], "texture": "#0"},
				"west": {"uv": [2.5, 12, 2.75, 13.25], "texture": "#0"},
				"up": {"uv": [14, 0.75, 13.5, 0.5], "texture": "#0"},
				"down": {"uv": [1.5, 13.5, 1, 13.75], "texture": "#0"}
			}
		},
		{
			"from": [5.97583, 0.4, 9.69867],
			"to": [6.47583, 2.9, 12.19867],
			"rotation": {"angle": 22.5, "axis": "y", "origin": [5.95083, 1.5, 12.07367]},
			"faces": {
				"north": {"uv": [3, 12, 3.25, 13.25], "texture": "#0"},
				"east": {"uv": [0, 6, 1.25, 7.25], "texture": "#0"},
				"south": {"uv": [3.5, 12, 3.75, 13.25], "texture": "#0"},
				"west": {"uv": [6, 0, 7.25, 1.25], "texture": "#0"},
				"up": {"uv": [4.25, 13.25, 4, 12], "texture": "#0"},
				"down": {"uv": [4.75, 12, 4.5, 13.25], "texture": "#0"}
			}
		},
		{
			"from": [6.47583, 0.9, 10.19867],
			"to": [6.97583, 2.4, 11.69867],
			"rotation": {"angle": 22.5, "axis": "y", "origin": [5.95083, 1.5, 12.07367]},
			"faces": {
				"north": {"uv": [8, 13, 8.25, 13.75], "texture": "#0"},
				"east": {"uv": [10.5, 0, 11.25, 0.75], "texture": "#0"},
				"south": {"uv": [8.5, 13, 8.75, 13.75], "texture": "#0"},
				"west": {"uv": [10.5, 1, 11.25, 1.75], "texture": "#0"},
				"up": {"uv": [13.25, 10.75, 13, 10], "texture": "#0"},
				"down": {"uv": [13.25, 11, 13, 11.75], "texture": "#0"}
			}
		},
		{
			"from": [5.47583, 0.4, 9.69867],
			"to": [6.47583, 2.9, 10.19867],
			"rotation": {"angle": 22.5, "axis": "y", "origin": [5.95083, 1.5, 12.07367]},
			"faces": {
				"north": {"uv": [0, 9.5, 0.5, 10.75], "texture": "#0"},
				"east": {"uv": [5, 12, 5.25, 13.25], "texture": "#0"},
				"south": {"uv": [0.5, 9.5, 1, 10.75], "texture": "#0"},
				"west": {"uv": [12, 5, 12.25, 6.25], "texture": "#0"},
				"up": {"uv": [14, 1.25, 13.5, 1], "texture": "#0"},
				"down": {"uv": [2, 13.5, 1.5, 13.75], "texture": "#0"}
			}
		},
		{
			"from": [5.47583, 2.4, 9.69867],
			"to": [6.47583, 2.9, 12.19867],
			"rotation": {"angle": 22.5, "axis": "y", "origin": [5.95083, 1.5, 12.07367]},
			"faces": {
				"north": {"uv": [2, 13.5, 2.5, 13.75], "texture": "#0"},
				"east": {"uv": [12, 3.5, 13.25, 3.75], "texture": "#0"},
				"south": {"uv": [2.5, 13.5, 3, 13.75], "texture": "#0"},
				"west": {"uv": [5.5, 12, 6.75, 12.25], "texture": "#0"},
				"up": {"uv": [1.5, 10.75, 1, 9.5], "texture": "#0"},
				"down": {"uv": [2, 9.5, 1.5, 10.75], "texture": "#0"}
			}
		},
		{
			"from": [5.47583, 0.4, 9.69867],
			"to": [6.47583, 0.9, 12.19867],
			"rotation": {"angle": 22.5, "axis": "y", "origin": [5.95083, 1.5, 12.07367]},
			"faces": {
				"north": {"uv": [3, 13.5, 3.5, 13.75], "texture": "#0"},
				"east": {"uv": [12, 6.5, 13.25, 6.75], "texture": "#0"},
				"south": {"uv": [3.5, 13.5, 4, 13.75], "texture": "#0"},
				"west": {"uv": [12, 7, 13.25, 7.25], "texture": "#0"},
				"up": {"uv": [2.5, 10.75, 2, 9.5], "texture": "#0"},
				"down": {"uv": [3, 9.5, 2.5, 10.75], "texture": "#0"}
			}
		},
		{
			"from": [6, 0.5, 5.8],
			"to": [8.475, 3.5, 11.2],
			"faces": {
				"north": {"uv": [4.5, 0, 5.75, 1.5], "texture": "#0"},
				"east": {"uv": [0, 0, 2.75, 1.5], "texture": "#0"},
				"south": {"uv": [4.5, 1.5, 5.75, 3], "texture": "#0"},
				"west": {"uv": [0, 1.5, 2.75, 3], "texture": "#0"},
				"up": {"uv": [1.25, 5.75, 0, 3], "texture": "#0"},
				"down": {"uv": [4.25, 0, 3, 2.75], "texture": "#0"}
			}
		},
		{
			"from": [6, 3.5, 5.8],
			"to": [8.475, 5.75, 6.45],
			"faces": {
				"north": {"uv": [1.5, 6, 2.75, 7.125], "texture": "#0"},
				"east": {"uv": [9, 10.5, 9.375, 11.625], "texture": "#0"},
				"south": {"uv": [6, 1.5, 7.25, 2.625], "texture": "#0"},
				"west": {"uv": [9.5, 10.5, 9.875, 11.625], "texture": "#0"},
				"up": {"uv": [11.75, 2.375, 10.5, 2], "texture": "#0"},
				"down": {"uv": [4.25, 10.5, 3, 10.875], "texture": "#0"}
			}
		},
		{
			"from": [6, 5, 5.8],
			"to": [8.475, 6.05, 11.2],
			"faces": {
				"north": {"uv": [9, 6, 10.25, 6.5], "texture": "#0"},
				"east": {"uv": [7.5, 0, 10.25, 0.5], "texture": "#0"},
				"south": {"uv": [9.5, 4.5, 10.75, 5], "texture": "#0"},
				"west": {"uv": [7.5, 0.5, 10.25, 1], "texture": "#0"},
				"up": {"uv": [2.75, 5.75, 1.5, 3], "texture": "#0"},
				"down": {"uv": [4.25, 3, 3, 5.75], "texture": "#0"}
			}
		},
		{
			"from": [6, 3.5, 7.8],
			"to": [8.475, 5.75, 8.95],
			"faces": {
				"north": {"uv": [6, 6, 7.25, 7.125], "texture": "#0"},
				"east": {"uv": [8, 3.5, 8.625, 4.625], "texture": "#0"},
				"south": {"uv": [0, 7.5, 1.25, 8.625], "texture": "#0"},
				"west": {"uv": [8, 5, 8.625, 6.125], "texture": "#0"},
				"up": {"uv": [6.75, 8.125, 5.5, 7.5], "texture": "#0"},
				"down": {"uv": [8.25, 7.5, 7, 8.125], "texture": "#0"}
			}
		},
		{
			"from": [6, 3.5, 10.55],
			"to": [8.475, 5.75, 11.2],
			"faces": {
				"north": {"uv": [3, 6, 4.25, 7.125], "texture": "#0"},
				"east": {"uv": [10.5, 9.5, 10.875, 10.625], "texture": "#0"},
				"south": {"uv": [6, 3, 7.25, 4.125], "texture": "#0"},
				"west": {"uv": [10, 10.5, 10.375, 11.625], "texture": "#0"},
				"up": {"uv": [11.75, 5.375, 10.5, 5], "texture": "#0"},
				"down": {"uv": [6.75, 10.5, 5.5, 10.875], "texture": "#0"}
			}
		},
		{
			"from": [6, 3.5, 8.55],
			"to": [8.475, 5.75, 9.2],
			"faces": {
				"north": {"uv": [4.5, 6, 5.75, 7.125], "texture": "#0"},
				"east": {"uv": [0, 11, 0.375, 12.125], "texture": "#0"},
				"south": {"uv": [6, 4.5, 7.25, 5.625], "texture": "#0"},
				"west": {"uv": [0.5, 11, 0.875, 12.125], "texture": "#0"},
				"up": {"uv": [11.75, 5.875, 10.5, 5.5], "texture": "#0"},
				"down": {"uv": [11.75, 6, 10.5, 6.375], "texture": "#0"}
			}
		},
		{
			"from": [6.25, 3.5, 9.2],
			"to": [8.475, 5.025, 10.575],
			"faces": {
				"north": {"uv": [1.5, 8, 2.5, 8.75], "texture": "#0"},
				"east": {"uv": [7, 10.5, 7.625, 11.25], "texture": "#0"},
				"south": {"uv": [2.5, 8, 3.5, 8.75], "texture": "#0"},
				"west": {"uv": [10.5, 7.5, 11.125, 8.25], "texture": "#0"},
				"up": {"uv": [4, 10.125, 3, 9.5], "texture": "#0"},
				"down": {"uv": [10.5, 5, 9.5, 5.625], "texture": "#0"}
			}
		},
		{
			"from": [6.25, 3.5, 6.45],
			"to": [8.475, 5.025, 7.825],
			"faces": {
				"north": {"uv": [8, 2.5, 9, 3.25], "texture": "#0"},
				"east": {"uv": [8, 10.5, 8.625, 11.25], "texture": "#0"},
				"south": {"uv": [3.5, 8, 4.5, 8.75], "texture": "#0"},
				"west": {"uv": [10.5, 8.5, 11.125, 9.25], "texture": "#0"},
				"up": {"uv": [10.5, 9.125, 9.5, 8.5], "texture": "#0"},
				"down": {"uv": [10.5, 9.5, 9.5, 10.125], "texture": "#0"}
			}
		},
		{
			"name": "hexadecagon",
			"from": [5.5, 1.75109, 7.5],
			"to": [6.25, 2.14891, 9.5],
			"rotation": {"angle": -45, "axis": "x", "origin": [8.5, 1.95, 8.5]},
			"faces": {
				"north": {"uv": [13.5, 3.5, 13.875, 3.75], "texture": "#0"},
				"east": {"uv": [12, 10, 13, 10.25], "texture": "#0"},
				"south": {"uv": [4, 13.5, 4.375, 13.75], "texture": "#0"},
				"west": {"uv": [12, 10.5, 13, 10.75], "texture": "#0"},
				"up": {"uv": [1.375, 12, 1, 11], "texture": "#0"},
				"down": {"uv": [1.875, 11, 1.5, 12], "texture": "#0"}
			}
		},
		{
			"name": "hexadecagon",
			"from": [5.5, 1.75109, 7.5],
			"to": [6.25, 2.14891, 9.5],
			"rotation": {"angle": -22.5, "axis": "x", "origin": [8.5, 1.95, 8.5]},
			"faces": {
				"north": {"uv": [4.5, 13.5, 4.875, 13.75], "texture": "#0"},
				"east": {"uv": [12, 11, 13, 11.25], "texture": "#0"},
				"south": {"uv": [13.5, 4.5, 13.875, 4.75], "texture": "#0"},
				"west": {"uv": [12, 11.5, 13, 11.75], "texture": "#0"},
				"up": {"uv": [2.375, 12, 2, 11], "texture": "#0"},
				"down": {"uv": [2.875, 11, 2.5, 12], "texture": "#0"}
			}
		},
		{
			"name": "hexadecagon",
			"from": [5.5, 1.75109, 7.5],
			"to": [6.25, 2.14891, 9.5],
			"rotation": {"angle": 0, "axis": "y", "origin": [8.5, 1.95, 8.5]},
			"faces": {
				"north": {"uv": [5, 13.5, 5.375, 13.75], "texture": "#0"},
				"east": {"uv": [12, 12, 13, 12.25], "texture": "#0"},
				"south": {"uv": [13.5, 5, 13.875, 5.25], "texture": "#0"},
				"west": {"uv": [0, 12.5, 1, 12.75], "texture": "#0"},
				"up": {"uv": [11.375, 3.5, 11, 2.5], "texture": "#0"},
				"down": {"uv": [3.375, 11, 3, 12], "texture": "#0"}
			}
		},
		{
			"name": "hexadecagon",
			"from": [5.5, 1.75109, 7.5],
			"to": [6.25, 2.14891, 9.5],
			"rotation": {"angle": 22.5, "axis": "x", "origin": [8.5, 1.95, 8.5]},
			"faces": {
				"north": {"uv": [5.5, 13.5, 5.875, 13.75], "texture": "#0"},
				"east": {"uv": [12.5, 0, 13.5, 0.25], "texture": "#0"},
				"south": {"uv": [13.5, 5.5, 13.875, 5.75], "texture": "#0"},
				"west": {"uv": [12.5, 0.5, 13.5, 0.75], "texture": "#0"},
				"up": {"uv": [3.875, 12, 3.5, 11], "texture": "#0"},
				"down": {"uv": [11.375, 3.5, 11, 4.5], "texture": "#0"}
			}
		},
		{
			"name": "hexadecagon",
			"from": [5.5, 1.75109, 7.5],
			"to": [6.25, 2.14891, 9.5],
			"rotation": {"angle": 45, "axis": "x", "origin": [8.5, 1.95, 8.5]},
			"faces": {
				"north": {"uv": [6, 13.5, 6.375, 13.75], "texture": "#0"},
				"east": {"uv": [1, 12.5, 2, 12.75], "texture": "#0"},
				"south": {"uv": [13.5, 6, 13.875, 6.25], "texture": "#0"},
				"west": {"uv": [12.5, 1, 13.5, 1.25], "texture": "#0"},
				"up": {"uv": [4.375, 12, 4, 11], "texture": "#0"},
				"down": {"uv": [4.875, 11, 4.5, 12], "texture": "#0"}
			}
		},
		{
			"name": "hexadecagon",
			"from": [5.5, 0.95, 8.30109],
			"to": [6.25, 2.95, 8.69891],
			"rotation": {"angle": -22.5, "axis": "x", "origin": [8.5, 1.95, 8.5]},
			"faces": {
				"north": {"uv": [5, 11, 5.375, 12], "texture": "#0"},
				"east": {"uv": [2, 12.5, 2.25, 13.5], "texture": "#0"},
				"south": {"uv": [5.5, 11, 5.875, 12], "texture": "#0"},
				"west": {"uv": [12.5, 2, 12.75, 3], "texture": "#0"},
				"up": {"uv": [6.875, 13.75, 6.5, 13.5], "texture": "#0"},
				"down": {"uv": [13.875, 6.5, 13.5, 6.75], "texture": "#0"}
			}
		},
		{
			"name": "hexadecagon",
			"from": [5.5, 0.95, 8.30109],
			"to": [6.25, 2.95, 8.69891],
			"rotation": {"angle": 0, "axis": "y", "origin": [8.5, 1.95, 8.5]},
			"faces": {
				"north": {"uv": [6, 11, 6.375, 12], "texture": "#0"},
				"east": {"uv": [12.5, 4.5, 12.75, 5.5], "texture": "#0"},
				"south": {"uv": [6.5, 11, 6.875, 12], "texture": "#0"},
				"west": {"uv": [5.5, 12.5, 5.75, 13.5], "texture": "#0"},
				"up": {"uv": [13.875, 7.25, 13.5, 7], "texture": "#0"},
				"down": {"uv": [13.875, 10, 13.5, 10.25], "texture": "#0"}
			}
		},
		{
			"name": "hexadecagon",
			"from": [5.5, 0.95, 8.30109],
			"to": [6.25, 2.95, 8.69891],
			"rotation": {"angle": 22.5, "axis": "x", "origin": [8.5, 1.95, 8.5]},
			"faces": {
				"north": {"uv": [11, 6.5, 11.375, 7.5], "texture": "#0"},
				"east": {"uv": [12.5, 5.5, 12.75, 6.5], "texture": "#0"},
				"south": {"uv": [11, 9.5, 11.375, 10.5], "texture": "#0"},
				"west": {"uv": [6, 12.5, 6.25, 13.5], "texture": "#0"},
				"up": {"uv": [13.875, 10.75, 13.5, 10.5], "texture": "#0"},
				"down": {"uv": [11.375, 13.5, 11, 13.75], "texture": "#0"}
			}
		},
		{
			"from": [8, 5.95, 9.9],
			"to": [11.75, 6.1, 10.7],
			"faces": {
				"north": {"uv": [12.5, 3, 14.375, 3.125], "texture": "#0"},
				"east": {"uv": [13.5, 11, 13.875, 11.125], "texture": "#0"},
				"south": {"uv": [12.5, 7.5, 14.375, 7.625], "texture": "#0"},
				"west": {"uv": [11.5, 13.5, 11.875, 13.625], "texture": "#0"},
				"up": {"uv": [9.875, 6.875, 8, 6.5], "texture": "#0"},
				"down": {"uv": [9.875, 7, 8, 7.375], "texture": "#0"}
			}
		},
		{
			"from": [8, 4.125, 11.1],
			"to": [11.75, 4.925, 11.25],
			"rotation": {"angle": 0, "axis": "y", "origin": [9.875, 6.025, 10.3]},
			"faces": {
				"north": {"uv": [9, 2.5, 10.875, 2.875], "texture": "#0"},
				"east": {"uv": [13.5, 13, 13.625, 13.375], "texture": "#0"},
				"south": {"uv": [9, 3, 10.875, 3.375], "texture": "#0"},
				"west": {"uv": [13.5, 13.5, 13.625, 13.875], "texture": "#0"},
				"up": {"uv": [14.875, 1.625, 13, 1.5], "texture": "#0"},
				"down": {"uv": [14.875, 2, 13, 2.125], "texture": "#0"}
			}
		},
		{
			"from": [8, 1.75, 11.1],
			"to": [11.75, 2.55, 11.25],
			"rotation": {"angle": 0, "axis": "y", "origin": [9.875, 2.15, 11.175]},
			"faces": {
				"north": {"uv": [9, 3.5, 10.875, 3.875], "texture": "#0"},
				"east": {"uv": [0, 14, 0.125, 14.375], "texture": "#0"},
				"south": {"uv": [9, 4, 10.875, 4.375], "texture": "#0"},
				"west": {"uv": [14, 0, 14.125, 0.375], "texture": "#0"},
				"up": {"uv": [14.875, 2.625, 13, 2.5], "texture": "#0"},
				"down": {"uv": [14.875, 4, 13, 4.125], "texture": "#0"}
			}
		},
		{
			"from": [11.725, 1.75, 5.725],
			"to": [11.875, 2.55, 11.25],
			"rotation": {"angle": 0, "axis": "y", "origin": [9.875, 2.15, 11.175]},
			"faces": {
				"north": {"uv": [1, 14, 1.125, 14.375], "texture": "#0"},
				"east": {"uv": [7.5, 1.5, 10.25, 1.875], "texture": "#0"},
				"south": {"uv": [14, 1, 14.125, 1.375], "texture": "#0"},
				"west": {"uv": [7.5, 2, 10.25, 2.375], "texture": "#0"},
				"up": {"uv": [11.625, 9.25, 11.5, 6.5], "texture": "#0"},
				"down": {"uv": [7.125, 11.5, 7, 14.25], "texture": "#0"}
			}
		},
		{
			"from": [8, 5.95, 6.4],
			"to": [11.75, 6.1, 7.2],
			"rotation": {"angle": 0, "axis": "y", "origin": [9.875, 6.025, 6.8]},
			"faces": {
				"north": {"uv": [12.5, 8, 14.375, 8.125], "texture": "#0"},
				"east": {"uv": [13.5, 11.5, 13.875, 11.625], "texture": "#0"},
				"south": {"uv": [12.5, 8.5, 14.375, 8.625], "texture": "#0"},
				"west": {"uv": [12, 13.5, 12.375, 13.625], "texture": "#0"},
				"up": {"uv": [7.375, 8.875, 5.5, 8.5], "texture": "#0"},
				"down": {"uv": [9.375, 8.5, 7.5, 8.875], "texture": "#0"}
			}
		},
		{
			"from": [11.725, 1.8, 6.4],
			"to": [11.875, 6.1, 7.2],
			"rotation": {"angle": 0, "axis": "y", "origin": [9.875, 6.025, 6.8]},
			"faces": {
				"north": {"uv": [12, 7.5, 12.125, 9.625], "texture": "#0"},
				"east": {"uv": [7.5, 2.5, 7.875, 4.625], "texture": "#0"},
				"south": {"uv": [9, 12, 9.125, 14.125], "texture": "#0"},
				"west": {"uv": [4.5, 7.5, 4.875, 9.625], "texture": "#0"},
				"up": {"uv": [1.625, 14.375, 1.5, 14], "texture": "#0"},
				"down": {"uv": [2.125, 14, 2, 14.375], "texture": "#0"}
			}
		},
		{
			"from": [11.725, 1.8, 9.9],
			"to": [11.875, 6.1, 10.7],
			"rotation": {"angle": 0, "axis": "y", "origin": [9.875, 6.025, 6.8]},
			"faces": {
				"north": {"uv": [9.5, 12, 9.625, 14.125], "texture": "#0"},
				"east": {"uv": [5, 7.5, 5.375, 9.625], "texture": "#0"},
				"south": {"uv": [10, 12, 10.125, 14.125], "texture": "#0"},
				"west": {"uv": [7.5, 5, 7.875, 7.125], "texture": "#0"},
				"up": {"uv": [2.625, 14.375, 2.5, 14], "texture": "#0"},
				"down": {"uv": [3.125, 14, 3, 14.375], "texture": "#0"}
			}
		},
		{
			"from": [8, 4.125, 5.725],
			"to": [11.75, 4.925, 5.875],
			"rotation": {"angle": 0, "axis": "y", "origin": [9.875, 6.025, 6.8]},
			"faces": {
				"north": {"uv": [8.5, 7.5, 10.375, 7.875], "texture": "#0"},
				"east": {"uv": [13.5, 12, 13.625, 12.375], "texture": "#0"},
				"south": {"uv": [8.5, 8, 10.375, 8.375], "texture": "#0"},
				"west": {"uv": [12.5, 13.5, 12.625, 13.875], "texture": "#0"},
				"up": {"uv": [14.375, 9.125, 12.5, 9], "texture": "#0"},
				"down": {"uv": [14.375, 9.5, 12.5, 9.625], "texture": "#0"}
			}
		},
		{
			"from": [11.725, 4.125, 5.725],
			"to": [11.875, 4.925, 11.25],
			"rotation": {"angle": 0, "axis": "y", "origin": [9.875, 4.525, 5.8]},
			"faces": {
				"north": {"uv": [0.5, 14, 0.625, 14.375], "texture": "#0"},
				"east": {"uv": [7.5, 1, 10.25, 1.375], "texture": "#0"},
				"south": {"uv": [14, 0.5, 14.125, 0.875], "texture": "#0"},
				"west": {"uv": [1.5, 7.5, 4.25, 7.875], "texture": "#0"},
				"up": {"uv": [10.625, 13.75, 10.5, 11], "texture": "#0"},
				"down": {"uv": [11.125, 10.5, 11, 13.25], "texture": "#0"}
			}
		},
		{
			"from": [11.725, 2.375, 6.725],
			"to": [11.875, 5.425, 10.25],
			"rotation": {"angle": 0, "axis": "y", "origin": [9.875, 4.525, 5.8]},
			"faces": {
				"north": {"uv": [0.5, 14, 0.625, 14.375], "texture": "#0"},
				"east": {"uv": [7.5, 1, 10.25, 1.375], "texture": "#0"},
				"south": {"uv": [14, 0.5, 14.125, 0.875], "texture": "#0"},
				"west": {"uv": [1.5, 7.5, 4.25, 7.875], "texture": "#0"},
				"up": {"uv": [10.625, 13.75, 10.5, 11], "texture": "#0"},
				"down": {"uv": [11.125, 10.5, 11, 13.25], "texture": "#0"}
			}
		},
		{
			"from": [8, 1.75, 5.725],
			"to": [11.75, 2.55, 5.875],
			"rotation": {"angle": 0, "axis": "y", "origin": [9.875, 6.025, 6.8]},
			"faces": {
				"north": {"uv": [0, 9, 1.875, 9.375], "texture": "#0"},
				"east": {"uv": [13.5, 12.5, 13.625, 12.875], "texture": "#0"},
				"south": {"uv": [2, 9, 3.875, 9.375], "texture": "#0"},
				"west": {"uv": [13, 13.5, 13.125, 13.875], "texture": "#0"},
				"up": {"uv": [13.375, 12.625, 11.5, 12.5], "texture": "#0"},
				"down": {"uv": [1.875, 13, 0, 13.125], "texture": "#0"}
			}
		},
		{
			"from": [5.75, 3.25, 6.25],
			"to": [6, 3.5, 8],
			"faces": {
				"north": {"uv": [0, 0, 0.125, 0.125], "texture": "#0"},
				"east": {"uv": [0, 0, 0.875, 0.125], "texture": "#0"},
				"south": {"uv": [0, 0, 0.125, 0.125], "texture": "#0"},
				"west": {"uv": [0, 0, 0.875, 0.125], "texture": "#0"},
				"up": {"uv": [0, 0, 0.125, 0.875], "texture": "#0"},
				"down": {"uv": [0, 0, 0.125, 0.875], "texture": "#0"}
			}
		},
		{
			"from": [5.75, 3.25, 9],
			"to": [6, 3.5, 10.75],
			"faces": {
				"north": {"uv": [0, 0, 0.125, 0.125], "texture": "#0"},
				"east": {"uv": [0, 0, 0.875, 0.125], "texture": "#0"},
				"south": {"uv": [0, 0, 0.125, 0.125], "texture": "#0"},
				"west": {"uv": [0, 0, 0.875, 0.125], "texture": "#0"},
				"up": {"uv": [0, 0, 0.125, 0.875], "texture": "#0"},
				"down": {"uv": [0, 0, 0.125, 0.875], "texture": "#0"}
			}
		},
		{
			"from": [5.75, 5, 9],
			"to": [6, 5.25, 10.75],
			"faces": {
				"north": {"uv": [0, 0, 0.125, 0.125], "texture": "#0"},
				"east": {"uv": [0, 0, 0.875, 0.125], "texture": "#0"},
				"south": {"uv": [0, 0, 0.125, 0.125], "texture": "#0"},
				"west": {"uv": [0, 0, 0.875, 0.125], "texture": "#0"},
				"up": {"uv": [0, 0, 0.125, 0.875], "texture": "#0"},
				"down": {"uv": [0, 0, 0.125, 0.875], "texture": "#0"}
			}
		},
		{
			"from": [5.75, 3.5, 10.5],
			"to": [6, 5.25, 10.75],
			"rotation": {"angle": 0, "axis": "y", "origin": [5.875, 5.125, 9.875]},
			"faces": {
				"north": {"uv": [0, 0, 0.125, 0.875], "rotation": 180, "texture": "#0"},
				"east": {"uv": [0, 0, 0.875, 0.125], "rotation": 270, "texture": "#0"},
				"south": {"uv": [0, 0, 0.125, 0.875], "texture": "#0"},
				"west": {"uv": [0, 0, 0.875, 0.125], "rotation": 90, "texture": "#0"},
				"up": {"uv": [0, 0, 0.125, 0.125], "rotation": 180, "texture": "#0"},
				"down": {"uv": [0, 0, 0.125, 0.125], "texture": "#0"}
			}
		},
		{
			"from": [5.75, 3.5, 9],
			"to": [6, 5.25, 9.25],
			"rotation": {"angle": 0, "axis": "y", "origin": [5.875, 5.125, 9.875]},
			"faces": {
				"north": {"uv": [0, 0, 0.125, 0.875], "rotation": 180, "texture": "#0"},
				"east": {"uv": [0, 0, 0.875, 0.125], "rotation": 270, "texture": "#0"},
				"south": {"uv": [0, 0, 0.125, 0.875], "texture": "#0"},
				"west": {"uv": [0, 0, 0.875, 0.125], "rotation": 90, "texture": "#0"},
				"up": {"uv": [0, 0, 0.125, 0.125], "rotation": 180, "texture": "#0"},
				"down": {"uv": [0, 0, 0.125, 0.125], "texture": "#0"}
			}
		},
		{
			"from": [5.75, 3.5, 6.25],
			"to": [6, 5.25, 6.5],
			"rotation": {"angle": 0, "axis": "y", "origin": [5.875, 5.125, 9.875]},
			"faces": {
				"north": {"uv": [0, 0, 0.125, 0.875], "rotation": 180, "texture": "#0"},
				"east": {"uv": [0, 0, 0.875, 0.125], "rotation": 270, "texture": "#0"},
				"south": {"uv": [0, 0, 0.125, 0.875], "texture": "#0"},
				"west": {"uv": [0, 0, 0.875, 0.125], "rotation": 90, "texture": "#0"},
				"up": {"uv": [0, 0, 0.125, 0.125], "rotation": 180, "texture": "#0"},
				"down": {"uv": [0, 0, 0.125, 0.125], "texture": "#0"}
			}
		},
		{
			"from": [5.75, 3.5, 7.75],
			"to": [6, 5.25, 8],
			"rotation": {"angle": 0, "axis": "y", "origin": [5.875, 5.125, 9.875]},
			"faces": {
				"north": {"uv": [0, 0, 0.125, 0.875], "rotation": 180, "texture": "#0"},
				"east": {"uv": [0, 0, 0.875, 0.125], "rotation": 270, "texture": "#0"},
				"south": {"uv": [0, 0, 0.125, 0.875], "texture": "#0"},
				"west": {"uv": [0, 0, 0.875, 0.125], "rotation": 90, "texture": "#0"},
				"up": {"uv": [0, 0, 0.125, 0.125], "rotation": 180, "texture": "#0"},
				"down": {"uv": [0, 0, 0.125, 0.125], "texture": "#0"}
			}
		},
		{
			"from": [5.75, 5, 6.25],
			"to": [6, 5.25, 8],
			"faces": {
				"north": {"uv": [0, 0, 0.125, 0.125], "texture": "#0"},
				"east": {"uv": [0, 0, 0.875, 0.125], "texture": "#0"},
				"south": {"uv": [0, 0, 0.125, 0.125], "texture": "#0"},
				"west": {"uv": [0, 0, 0.875, 0.125], "texture": "#0"},
				"up": {"uv": [0, 0, 0.125, 0.875], "texture": "#0"},
				"down": {"uv": [0, 0, 0.125, 0.875], "texture": "#0"}
			}
		},
		{
			"name": "hexadecagon",
			"from": [5.4, 1.90054, 8],
			"to": [5.65, 2.09946, 9],
			"rotation": {"angle": -45, "axis": "x", "origin": [13.4, 2, 8.5]},
			"faces": {
				"north": {"uv": [0, 0, 1, 1], "texture": "#1"},
				"east": {"uv": [0, 1, 1, 2], "texture": "#1"},
				"south": {"uv": [1, 0, 2, 1], "texture": "#1"},
				"west": {"uv": [1, 1, 2, 2], "texture": "#1"},
				"up": {"uv": [1, 3, 0, 2], "texture": "#1"},
				"down": {"uv": [3, 0, 2, 1], "texture": "#1"}
			}
		},
		{
			"name": "hexadecagon",
			"from": [5.4, 1.90054, 8],
			"to": [5.65, 2.09946, 9],
			"rotation": {"angle": -22.5, "axis": "x", "origin": [13.4, 2, 8.5]},
			"faces": {
				"north": {"uv": [1, 2, 2, 3], "texture": "#1"},
				"east": {"uv": [2, 1, 3, 2], "texture": "#1"},
				"south": {"uv": [2, 2, 3, 3], "texture": "#1"},
				"west": {"uv": [0, 3, 1, 4], "texture": "#1"},
				"up": {"uv": [4, 1, 3, 0], "texture": "#1"},
				"down": {"uv": [2, 3, 1, 4], "texture": "#1"}
			}
		},
		{
			"name": "hexadecagon",
			"from": [5.4, 1.90054, 8],
			"to": [5.65, 2.09946, 9],
			"rotation": {"angle": 0, "axis": "y", "origin": [13.4, 2, 8.5]},
			"faces": {
				"north": {"uv": [3, 1, 4, 2], "texture": "#1"},
				"east": {"uv": [2, 3, 3, 4], "texture": "#1"},
				"south": {"uv": [3, 2, 4, 3], "texture": "#1"},
				"west": {"uv": [3, 3, 4, 4], "texture": "#1"},
				"up": {"uv": [1, 5, 0, 4], "texture": "#1"},
				"down": {"uv": [5, 0, 4, 1], "texture": "#1"}
			}
		},
		{
			"name": "hexadecagon",
			"from": [5.4, 1.90054, 8],
			"to": [5.65, 2.09946, 9],
			"rotation": {"angle": 22.5, "axis": "x", "origin": [13.4, 2, 8.5]},
			"faces": {
				"north": {"uv": [1, 4, 2, 5], "texture": "#1"},
				"east": {"uv": [4, 1, 5, 2], "texture": "#1"},
				"south": {"uv": [2, 4, 3, 5], "texture": "#1"},
				"west": {"uv": [4, 2, 5, 3], "texture": "#1"},
				"up": {"uv": [4, 5, 3, 4], "texture": "#1"},
				"down": {"uv": [5, 3, 4, 4], "texture": "#1"}
			}
		},
		{
			"name": "hexadecagon",
			"from": [5.4, 1.90054, 8],
			"to": [5.65, 2.09946, 9],
			"rotation": {"angle": 45, "axis": "x", "origin": [13.4, 2, 8.5]},
			"faces": {
				"north": {"uv": [4, 4, 5, 5], "texture": "#1"},
				"east": {"uv": [0, 5, 1, 6], "texture": "#1"},
				"south": {"uv": [5, 0, 6, 1], "texture": "#1"},
				"west": {"uv": [1, 5, 2, 6], "texture": "#1"},
				"up": {"uv": [6, 2, 5, 1], "texture": "#1"},
				"down": {"uv": [3, 5, 2, 6], "texture": "#1"}
			}
		},
		{
			"name": "hexadecagon",
			"from": [5.4, 1.5, 8.40054],
			"to": [5.65, 2.5, 8.59946],
			"rotation": {"angle": -22.5, "axis": "x", "origin": [13.4, 2, 8.5]},
			"faces": {
				"north": {"uv": [5, 2, 6, 3], "texture": "#1"},
				"east": {"uv": [3, 5, 4, 6], "texture": "#1"},
				"south": {"uv": [5, 3, 6, 4], "texture": "#1"},
				"west": {"uv": [4, 5, 5, 6], "texture": "#1"},
				"up": {"uv": [6, 5, 5, 4], "texture": "#1"},
				"down": {"uv": [6, 5, 5, 6], "texture": "#1"}
			}
		},
		{
			"name": "hexadecagon",
			"from": [5.4, 1.5, 8.40054],
			"to": [5.65, 2.5, 8.59946],
			"rotation": {"angle": 0, "axis": "y", "origin": [13.4, 2, 8.5]},
			"faces": {
				"north": {"uv": [0, 6, 1, 7], "texture": "#1"},
				"east": {"uv": [6, 0, 7, 1], "texture": "#1"},
				"south": {"uv": [1, 6, 2, 7], "texture": "#1"},
				"west": {"uv": [6, 1, 7, 2], "texture": "#1"},
				"up": {"uv": [3, 7, 2, 6], "texture": "#1"},
				"down": {"uv": [7, 2, 6, 3], "texture": "#1"}
			}
		},
		{
			"name": "hexadecagon",
			"from": [5.4, 1.5, 8.40054],
			"to": [5.65, 2.5, 8.59946],
			"rotation": {"angle": 22.5, "axis": "x", "origin": [13.4, 2, 8.5]},
			"faces": {
				"north": {"uv": [3, 6, 4, 7], "texture": "#1"},
				"east": {"uv": [6, 3, 7, 4], "texture": "#1"},
				"south": {"uv": [4, 6, 5, 7], "texture": "#1"},
				"west": {"uv": [6, 4, 7, 5], "texture": "#1"},
				"up": {"uv": [6, 7, 5, 6], "texture": "#1"},
				"down": {"uv": [7, 5, 6, 6], "texture": "#1"}
			}
		}
	],
	"gui_light": "front",
	"display": {
		"thirdperson_righthand": {
			"rotation": [0, 180, 0],
			"translation": [2.25, 4.75, 1.5]
		},
		"thirdperson_lefthand": {
			"translation": [1.75, 2, 0]
		},
		"firstperson_righthand": {
			"rotation": [0, 22, 0],
			"translation": [0.25, 6.75, 0]
		},
		"firstperson_lefthand": {
			"rotation": [0, -166, 0],
			"translation": [3, 6, -1.25]
		},
		"ground": {
			"translation": [5.25, 6, 0]
		},
		"gui": {
			"rotation": [0, 90, 0],
			"translation": [-0.5, 7, 0],
			"scale": [1.47, 1.47, 1.47]
		},
		"head": {
			"rotation": [0, -90, 0],
			"translation": [1.25, 12, -2.75],
			"scale": [2.61, 2.61, 2.61]
		},
		"fixed": {
			"rotation": [0, -90, 0],
			"translation": [1.75, 8.75, 0.5],
			"scale": [1.65, 1.65, 1.65]
		}
	},
	"groups": [
		{
			"name": "group",
			"origin": [4.625, 1.5, 3.5],
			"color": 0,
			"children": [0, 1, 2, 3, 4, 5]
		},
		{
			"name": "group",
			"origin": [4.625, 1.5, 3.5],
			"color": 0,
			"children": [6, 7, 8, 9, 10, 11]
		},
		12,
		13,
		14,
		15,
		16,
		17,
		18,
		19,
		{
			"name": "hexadecagon",
			"origin": [8, 8, 8],
			"color": 0,
			"children": [20, 21, 22, 23, 24, 25, 26, 27]
		},
		28,
		29,
		30,
		31,
		32,
		33,
		34,
		35,
		36,
		37,
		38,
		39,
		40,
		41,
		42,
		43,
		44,
		45,
		46,
		{
			"name": "hexadecagon",
			"origin": [8, 8, 8],
			"color": 0,
			"children": [47, 48, 49, 50, 51, 52, 53, 54]
		}
	]
}