{
	"credit": "Made with Blockbench",
	"textures": {
		"0": "item/ammo/pistol",
		"particle": "item/ammo/pistol"
	},
	"elements": [
		{
			"from": [7, 3, 7],
			"to": [9, 3.3, 9],
			"faces": {
				"north": {"uv": [8, 0, 10, 1], "texture": "#0"},
				"east": {"uv": [8, 1, 10, 2], "texture": "#0"},
				"south": {"uv": [8, 2, 10, 3], "texture": "#0"},
				"west": {"uv": [8, 3, 10, 4], "texture": "#0"},
				"up": {"uv": [4, 7, 2, 5], "texture": "#0"},
				"down": {"uv": [6, 5, 4, 7], "texture": "#0"}
			}
		},
		{
			"from": [7.2, 3.3, 7.2],
			"to": [8.8, 3.9, 8.8],
			"faces": {
				"north": {"uv": [8, 4, 10, 5], "texture": "#0"},
				"east": {"uv": [8, 5, 10, 6], "texture": "#0"},
				"south": {"uv": [6, 8, 8, 9], "texture": "#0"},
				"west": {"uv": [8, 6, 10, 7], "texture": "#0"},
				"up": {"uv": [8, 2, 6, 0], "texture": "#0"},
				"down": {"uv": [8, 2, 6, 4], "texture": "#0"}
			}
		},
		{
			"from": [7, 3.9, 7],
			"to": [9, 8.5, 9],
			"faces": {
				"north": {"uv": [0, 0, 2, 5], "texture": "#0"},
				"east": {"uv": [2, 0, 4, 5], "texture": "#0"},
				"south": {"uv": [4, 0, 6, 5], "texture": "#0"},
				"west": {"uv": [0, 5, 2, 10], "texture": "#0"},
				"up": {"uv": [8, 6, 6, 4], "texture": "#0"},
				"down": {"uv": [8, 6, 6, 8], "texture": "#0"}
			}
		},
		{
			"from": [7.2, 8.5, 7.2],
			"to": [8.8, 9.5, 8.8],
			"faces": {
				"north": {"uv": [8, 7, 10, 8], "texture": "#0"},
				"east": {"uv": [8, 8, 10, 9], "texture": "#0"},
				"south": {"uv": [2, 9, 4, 10], "texture": "#0"},
				"west": {"uv": [4, 9, 6, 10], "texture": "#0"},
				"up": {"uv": [4, 9, 2, 7], "texture": "#0"},
				"down": {"uv": [6, 7, 4, 9], "texture": "#0"}
			}
		},
		{
			"from": [7.4, 9.5, 7.4],
			"to": [8.6, 9.7, 8.6],
			"faces": {
				"north": {"uv": [6, 9, 7, 10], "texture": "#0"},
				"east": {"uv": [7, 9, 8, 10], "texture": "#0"},
				"south": {"uv": [8, 9, 9, 10], "texture": "#0"},
				"west": {"uv": [9, 9, 10, 10], "texture": "#0"},
				"up": {"uv": [1, 11, 0, 10], "texture": "#0"},
				"down": {"uv": [11, 0, 10, 1], "texture": "#0"}
			}
		}
	],
	"gui_light": "front",
	"display": {
		"thirdperson_righthand": {
			"translation": [0, 1.25, 0.5],
			"scale": [0.4, 0.4, 0.4]
		},
		"thirdperson_lefthand": {
			"translation": [0, 1.5, 0.75],
			"scale": [0.4, 0.4, 0.4]
		},
		"firstperson_righthand": {
			"rotation": [-16, 0, 0],
			"translation": [0, 1.75, 0],
			"scale": [0.4, 0.4, 0.4]
		},
		"firstperson_lefthand": {
			"rotation": [-12, 0, 0],
			"translation": [0, 1.5, 0],
			"scale": [0.4, 0.4, 0.4]
		},
		"ground": {
			"rotation": [0, 0, 90],
			"scale": [0.5, 0.5, 0.5]
		},
		"gui": {
			"rotation": [0, 0, 56],
			"translation": [-1.5, 0.75, 0],
			"scale": [1.15, 1.15, 1.15]
		}
	}
}