{
	"credit": "Made with Blockbench",
	"texture_size": [64, 64],
	"textures": {
		"0": "item/guns/shotgun/aa12/skins/predator/texture",
		"particle": "item/guns/shotgun/aa12/skins/predator/texture"
	},
	"elements": [
		{
			"from": [7.545, 8.73, 8.15],
			"to": [8.455, 10.93, 19.25],
			"rotation": {"angle": 0, "axis": "y", "origin": [7.695, 0, 0]},
			"faces": {
				"north": {"uv": [8.25, 1.25, 8.5, 1.75], "texture": "#0"},
				"east": {"uv": [0, 0, 2.75, 0.5], "texture": "#0"},
				"south": {"uv": [8.25, 6.25, 8.5, 6.75], "texture": "#0"},
				"west": {"uv": [0, 0.5, 2.75, 1], "texture": "#0"},
				"up": {"uv": [3.25, 5.75, 3, 3], "texture": "#0"},
				"down": {"uv": [3.5, 3, 3.25, 5.75], "texture": "#0"}
			}
		},
		{
			"from": [7.225, 8.73, 8.15],
			"to": [8.775, 10.43, 19.25],
			"rotation": {"angle": 0, "axis": "y", "origin": [7.675, 0, 0]},
			"faces": {
				"north": {"uv": [7.75, 7.25, 8.125, 7.625], "texture": "#0"},
				"east": {"uv": [0, 1, 2.75, 1.375], "texture": "#0"},
				"south": {"uv": [8, 2, 8.375, 2.375], "texture": "#0"},
				"west": {"uv": [0, 1.5, 2.75, 1.875], "texture": "#0"},
				"up": {"uv": [0.375, 4.75, 0, 2], "texture": "#0"},
				"down": {"uv": [0.875, 2, 0.5, 4.75], "texture": "#0"}
			}
		},
		{
			"from": [7.545, 10.83, 11.9],
			"to": [8.455, 11.03, 12.4],
			"rotation": {"angle": 22.5, "axis": "x", "origin": [8.195, 10.98, 12.1]},
			"faces": {
				"north": {"uv": [10.25, 6.75, 10.5, 6.875], "texture": "#0"},
				"east": {"uv": [10.75, 7.25, 10.875, 7.375], "texture": "#0"},
				"south": {"uv": [10.25, 7.25, 10.5, 7.375], "texture": "#0"},
				"west": {"uv": [7.5, 10.75, 7.625, 10.875], "texture": "#0"},
				"up": {"uv": [10.5, 7.625, 10.25, 7.5], "texture": "#0"},
				"down": {"uv": [8, 10.25, 7.75, 10.375], "texture": "#0"}
			}
		},
		{
			"from": [7.225, 8.49, 4.45],
			"to": [8.775, 9.36, 10.45],
			"rotation": {"angle": 0, "axis": "y", "origin": [7.625, 0.03, -0.4]},
			"faces": {
				"north": {"uv": [6, 8.5, 6.375, 8.75], "texture": "#0"},
				"east": {"uv": [6.75, 1.25, 8.25, 1.5], "texture": "#0"},
				"south": {"uv": [8.5, 6.25, 8.875, 6.5], "texture": "#0"},
				"west": {"uv": [6.75, 1.5, 8.25, 1.75], "texture": "#0"},
				"up": {"uv": [0.875, 6.25, 0.5, 4.75], "texture": "#0"},
				"down": {"uv": [4.375, 4.75, 4, 6.25], "texture": "#0"}
			}
		},
		{
			"from": [7.225, 9.24, 4.45],
			"to": [8.775, 10.11, 5.57],
			"rotation": {"angle": 0, "axis": "y", "origin": [7.625, 0.03, -0.4]},
			"faces": {
				"north": {"uv": [8.5, 6.5, 8.875, 6.75], "texture": "#0"},
				"east": {"uv": [8.75, 3.25, 9, 3.5], "texture": "#0"},
				"south": {"uv": [6.75, 8.5, 7.125, 8.75], "texture": "#0"},
				"west": {"uv": [8.75, 5.5, 9, 5.75], "texture": "#0"},
				"up": {"uv": [8.375, 8.75, 8, 8.5], "texture": "#0"},
				"down": {"uv": [8.875, 8.25, 8.5, 8.5], "texture": "#0"}
			}
		},
		{
			"from": [7.225, 9.96, 4.45],
			"to": [8.775, 10.58, 11.85],
			"rotation": {"angle": 0, "axis": "y", "origin": [7.625, 0.03, -0.4]},
			"faces": {
				"north": {"uv": [9.75, 4, 10.125, 4.125], "texture": "#0"},
				"east": {"uv": [6.75, 5, 8.625, 5.125], "texture": "#0"},
				"south": {"uv": [4.25, 9.75, 4.625, 9.875], "texture": "#0"},
				"west": {"uv": [7.75, 3.75, 9.625, 3.875], "texture": "#0"},
				"up": {"uv": [1.875, 3.875, 1.5, 2], "texture": "#0"},
				"down": {"uv": [2.375, 2, 2, 3.875], "texture": "#0"}
			}
		},
		{
			"from": [7.225, 9.21, 4.45],
			"to": [8.275, 10.58, 11.85],
			"rotation": {"angle": 0, "axis": "y", "origin": [7.625, 0.03, -0.4]},
			"faces": {
				"north": {"uv": [8.5, 8.5, 8.75, 8.875], "texture": "#0"},
				"east": {"uv": [2.5, 2, 4.375, 2.375], "texture": "#0"},
				"south": {"uv": [0, 8.75, 0.25, 9.125], "texture": "#0"},
				"west": {"uv": [2.5, 2.5, 4.375, 2.875], "texture": "#0"},
				"up": {"uv": [6.5, 8.375, 6.25, 6.5], "texture": "#0"},
				"down": {"uv": [6.75, 6.25, 6.5, 8.125], "texture": "#0"}
			}
		},
		{
			"from": [7.225, 10.13, -2],
			"to": [8.775, 10.61, 4.45],
			"rotation": {"angle": 0, "axis": "y", "origin": [7.625, 0, 0.2]},
			"faces": {
				"north": {"uv": [9.75, 4.25, 10.125, 4.375], "texture": "#0"},
				"east": {"uv": [7.75, 4.5, 9.375, 4.625], "texture": "#0"},
				"south": {"uv": [9.75, 4.75, 10.125, 4.875], "texture": "#0"},
				"west": {"uv": [7.75, 7, 9.375, 7.125], "texture": "#0"},
				"up": {"uv": [4.375, 4.625, 4, 3], "texture": "#0"},
				"down": {"uv": [4.875, 1, 4.5, 2.625], "texture": "#0"}
			}
		},
		{
			"from": [7.98052, 10.0845, -2],
			"to": [8.43052, 10.4845, 19.25],
			"rotation": {"angle": -45, "axis": "z", "origin": [8.75552, 10.1345, 1.225]},
			"faces": {
				"north": {"uv": [10.75, 7.5, 10.875, 7.625], "texture": "#0"},
				"east": {"uv": [3.25, 0, 8.625, 0.125], "texture": "#0"},
				"south": {"uv": [7.75, 10.75, 7.875, 10.875], "texture": "#0"},
				"west": {"uv": [3.25, 0.25, 8.625, 0.375], "texture": "#0"},
				"up": {"uv": [1.625, 9.375, 1.5, 4], "texture": "#0"},
				"down": {"uv": [1.875, 4, 1.75, 9.375], "texture": "#0"}
			}
		},
		{
			"from": [7.225, 8.48, -2],
			"to": [8.775, 9.18, 5.6],
			"rotation": {"angle": 0, "axis": "y", "origin": [8.125, 9.105, 1.225]},
			"faces": {
				"north": {"uv": [9.75, 5, 10.125, 5.125], "texture": "#0"},
				"east": {"uv": [7.75, 4, 9.625, 4.125], "texture": "#0"},
				"south": {"uv": [5.25, 9.75, 5.625, 9.875], "texture": "#0"},
				"west": {"uv": [7.75, 4.25, 9.625, 4.375], "texture": "#0"},
				"up": {"uv": [3.125, 1.875, 2.75, 0], "texture": "#0"},
				"down": {"uv": [2.875, 3, 2.5, 4.875], "texture": "#0"}
			}
		},
		{
			"from": [7.225, 8.03, 7.89],
			"to": [8.775, 8.98, 10.54],
			"rotation": {"angle": 0, "axis": "y", "origin": [8.125, 9.105, 1.225]},
			"faces": {
				"north": {"uv": [8.75, 0, 9.125, 0.25], "texture": "#0"},
				"east": {"uv": [5.5, 2, 6.125, 2.25], "texture": "#0"},
				"south": {"uv": [0.25, 8.75, 0.625, 9], "texture": "#0"},
				"west": {"uv": [7.25, 7.75, 7.875, 8], "texture": "#0"},
				"up": {"uv": [4.375, 8.375, 4, 7.75], "texture": "#0"},
				"down": {"uv": [4.875, 7.75, 4.5, 8.375], "texture": "#0"}
			}
		},
		{
			"from": [7.225, 8.82779, 9.82604],
			"to": [8.775, 9.47779, 10.87604],
			"rotation": {"angle": -45, "axis": "x", "origin": [8.125, 9.30279, 11.15104]},
			"faces": {
				"north": {"uv": [9.75, 5.25, 10.125, 5.375], "texture": "#0"},
				"east": {"uv": [8, 10.25, 8.25, 10.375], "texture": "#0"},
				"south": {"uv": [9.75, 5.5, 10.125, 5.625], "texture": "#0"},
				"west": {"uv": [10.25, 8, 10.5, 8.125], "texture": "#0"},
				"up": {"uv": [9.125, 0.5, 8.75, 0.25], "texture": "#0"},
				"down": {"uv": [9.125, 0.5, 8.75, 0.75], "texture": "#0"}
			}
		},
		{
			"from": [7.225, 8.88, -2],
			"to": [8.775, 10.38, -0.9],
			"rotation": {"angle": 0, "axis": "y", "origin": [7.625, 0.55, 0.2]},
			"faces": {
				"north": {"uv": [2.5, 8, 2.875, 8.375], "texture": "#0"},
				"east": {"uv": [0.75, 8.75, 1, 9.125], "texture": "#0"},
				"south": {"uv": [8, 2.5, 8.375, 2.875], "texture": "#0"},
				"west": {"uv": [8.75, 2, 9, 2.375], "texture": "#0"},
				"up": {"uv": [9.125, 1, 8.75, 0.75], "texture": "#0"},
				"down": {"uv": [9.125, 2.5, 8.75, 2.75], "texture": "#0"}
			}
		},
		{
			"from": [7.545, 10.48, -2],
			"to": [8.455, 10.93, 9.05],
			"rotation": {"angle": 0, "axis": "y", "origin": [7.695, 0, 0.2]},
			"faces": {
				"north": {"uv": [10.25, 8.25, 10.5, 8.375], "texture": "#0"},
				"east": {"uv": [6.75, 1.75, 9.5, 1.875], "texture": "#0"},
				"south": {"uv": [10.25, 8.5, 10.5, 8.625], "texture": "#0"},
				"west": {"uv": [6.75, 4.75, 9.5, 4.875], "texture": "#0"},
				"up": {"uv": [3.75, 5.75, 3.5, 3], "texture": "#0"},
				"down": {"uv": [4, 3, 3.75, 5.75], "texture": "#0"}
			}
		},
		{
			"from": [7.225, 6.54955, 18.20307],
			"to": [8.775, 10.59955, 19.25307],
			"rotation": {"angle": 0, "axis": "y", "origin": [8.125, 7.54955, 18.80307]},
			"faces": {
				"north": {"uv": [1, 6.75, 1.375, 7.75], "texture": "#0"},
				"east": {"uv": [3, 7, 3.25, 8], "texture": "#0"},
				"south": {"uv": [6.75, 3.75, 7.125, 4.75], "texture": "#0"},
				"west": {"uv": [3.25, 7, 3.5, 8], "texture": "#0"},
				"up": {"uv": [9.125, 3, 8.75, 2.75], "texture": "#0"},
				"down": {"uv": [9.125, 3, 8.75, 3.25], "texture": "#0"}
			}
		},
		{
			"from": [7.225, 8.39013, 12.14984],
			"to": [8.775, 9.94013, 18.44984],
			"rotation": {"angle": 22.5, "axis": "x", "origin": [9.125, 8.09013, 13.69984]},
			"faces": {
				"north": {"uv": [3, 8, 3.375, 8.375], "texture": "#0"},
				"east": {"uv": [4.5, 2.75, 6.125, 3.125], "texture": "#0"},
				"south": {"uv": [8, 3, 8.375, 3.375], "texture": "#0"},
				"west": {"uv": [4.5, 3.25, 6.125, 3.625], "texture": "#0"},
				"up": {"uv": [4.875, 5.375, 4.5, 3.75], "texture": "#0"},
				"down": {"uv": [0.375, 4.75, 0, 6.375], "texture": "#0"}
			}
		},
		{
			"from": [7.225, 9.89013, 16.34984],
			"to": [8.775, 10.49013, 17.84984],
			"rotation": {"angle": 22.5, "axis": "x", "origin": [8.125, 8.09013, 13.69984]},
			"faces": {
				"north": {"uv": [6.25, 9.75, 6.625, 9.875], "texture": "#0"},
				"east": {"uv": [6.75, 9.75, 7.125, 9.875], "texture": "#0"},
				"south": {"uv": [7.25, 9.75, 7.625, 9.875], "texture": "#0"},
				"west": {"uv": [9.75, 7.25, 10.125, 7.375], "texture": "#0"},
				"up": {"uv": [3.875, 8.375, 3.5, 8], "texture": "#0"},
				"down": {"uv": [5.375, 8, 5, 8.375], "texture": "#0"}
			}
		},
		{
			"from": [8.24768, 10.42948, 19.25],
			"to": [8.69768, 10.82948, 19.61],
			"rotation": {"angle": -45, "axis": "z", "origin": [8.47268, 10.62948, 19.43]},
			"faces": {
				"north": {"uv": [10.75, 7.75, 10.875, 7.875], "texture": "#0"},
				"east": {"uv": [8, 10.75, 8.125, 10.875], "texture": "#0"},
				"south": {"uv": [10.75, 8, 10.875, 8.125], "texture": "#0"},
				"west": {"uv": [8.25, 10.75, 8.375, 10.875], "texture": "#0"},
				"up": {"uv": [10.875, 8.375, 10.75, 8.25], "texture": "#0"},
				"down": {"uv": [8.625, 10.75, 8.5, 10.875], "texture": "#0"}
			}
		},
		{
			"from": [7.545, 10.53, 19.25],
			"to": [8.455, 10.93, 19.61],
			"rotation": {"angle": 0, "axis": "y", "origin": [8.42, 10.58, 22.465]},
			"faces": {
				"north": {"uv": [8.75, 10.25, 9, 10.375], "texture": "#0"},
				"east": {"uv": [10.75, 8.5, 10.875, 8.625], "texture": "#0"},
				"south": {"uv": [10.25, 8.75, 10.5, 8.875], "texture": "#0"},
				"west": {"uv": [8.75, 10.75, 8.875, 10.875], "texture": "#0"},
				"up": {"uv": [9.25, 10.375, 9, 10.25], "texture": "#0"},
				"down": {"uv": [9.5, 10.25, 9.25, 10.375], "texture": "#0"}
			}
		},
		{
			"from": [7.23, 6.90311, 19.15663],
			"to": [8.77, 10.60311, 19.60663],
			"rotation": {"angle": 0, "axis": "y", "origin": [8.13, 10.00311, 19.10663]},
			"faces": {
				"north": {"uv": [4.5, 6.75, 4.875, 7.625], "texture": "#0"},
				"east": {"uv": [5.5, 8.5, 5.625, 9.375], "texture": "#0"},
				"south": {"uv": [6.75, 6.25, 7.125, 7.125], "texture": "#0"},
				"west": {"uv": [5.75, 8.5, 5.875, 9.375], "texture": "#0"},
				"up": {"uv": [10.125, 7.625, 9.75, 7.5], "texture": "#0"},
				"down": {"uv": [8.125, 9.75, 7.75, 9.875], "texture": "#0"}
			}
		},
		{
			"from": [7.21801, 10.93303, 19.25],
			"to": [7.66801, 11.33303, 19.61],
			"rotation": {"angle": 45, "axis": "z", "origin": [8.09301, 10.98303, 22.465]},
			"faces": {
				"north": {"uv": [10.75, 8.75, 10.875, 8.875], "texture": "#0"},
				"east": {"uv": [9, 10.75, 9.125, 10.875], "texture": "#0"},
				"south": {"uv": [10.75, 9, 10.875, 9.125], "texture": "#0"},
				"west": {"uv": [9.25, 10.75, 9.375, 10.875], "texture": "#0"},
				"up": {"uv": [10.875, 9.375, 10.75, 9.25], "texture": "#0"},
				"down": {"uv": [9.625, 10.75, 9.5, 10.875], "texture": "#0"}
			}
		},
		{
			"from": [7.23, 7.05917, 19.0834],
			"to": [8.77, 7.40917, 19.5834],
			"rotation": {"angle": -45, "axis": "x", "origin": [8.13, 7.00917, 19.7834]},
			"faces": {
				"north": {"uv": [8.25, 9.75, 8.625, 9.875], "texture": "#0"},
				"east": {"uv": [10.75, 9.5, 10.875, 9.625], "texture": "#0"},
				"south": {"uv": [9.75, 8.5, 10.125, 8.625], "texture": "#0"},
				"west": {"uv": [9.75, 10.75, 9.875, 10.875], "texture": "#0"},
				"up": {"uv": [10.125, 8.875, 9.75, 8.75], "texture": "#0"},
				"down": {"uv": [10.125, 9.25, 9.75, 9.375], "texture": "#0"}
			}
		},
		{
			"from": [7.21801, 10.93303, -2],
			"to": [7.66801, 11.33303, 19.25],
			"rotation": {"angle": 45, "axis": "z", "origin": [8.09301, 10.98303, 1.225]},
			"faces": {
				"north": {"uv": [10.75, 9.75, 10.875, 9.875], "texture": "#0"},
				"east": {"uv": [3.25, 0.5, 8.625, 0.625], "texture": "#0"},
				"south": {"uv": [10, 10.75, 10.125, 10.875], "texture": "#0"},
				"west": {"uv": [3.25, 0.75, 8.625, 0.875], "texture": "#0"},
				"up": {"uv": [2.125, 9.375, 2, 4], "texture": "#0"},
				"down": {"uv": [2.375, 4, 2.25, 9.375], "texture": "#0"}
			}
		},
		{
			"from": [7.305, 8.88, -0.9],
			"to": [8.695, 10.13, 4.45],
			"rotation": {"angle": 0, "axis": "y", "origin": [1.205, 0.38, -0.65]},
			"faces": {
				"north": {"uv": [8, 5.25, 8.375, 5.625], "texture": "#0"},
				"east": {"uv": [6.5, 5.25, 7.875, 5.625], "texture": "#0"},
				"south": {"uv": [5.5, 8, 5.875, 8.375], "texture": "#0"},
				"west": {"uv": [6.5, 5.75, 7.875, 6.125], "texture": "#0"},
				"up": {"uv": [4.375, 7.625, 4, 6.25], "texture": "#0"},
				"down": {"uv": [0.375, 6.5, 0, 7.875], "texture": "#0"}
			}
		},
		{
			"from": [7.505, 5.28, 10.7],
			"to": [8.495, 7.78, 11.5],
			"rotation": {"angle": -22.5, "axis": "x", "origin": [7.905, 6.48, 11.65]},
			"faces": {
				"north": {"uv": [6, 7, 6.25, 7.625], "texture": "#0"},
				"east": {"uv": [6, 7.75, 6.25, 8.375], "texture": "#0"},
				"south": {"uv": [0, 8, 0.25, 8.625], "texture": "#0"},
				"west": {"uv": [0.25, 8, 0.5, 8.625], "texture": "#0"},
				"up": {"uv": [9, 7, 8.75, 6.75], "texture": "#0"},
				"down": {"uv": [9.25, 3.25, 9, 3.5], "texture": "#0"}
			}
		},
		{
			"from": [7.505, 5.28, 11.25],
			"to": [8.495, 6.98, 11.7],
			"rotation": {"angle": -22.5, "axis": "x", "origin": [7.905, 6.48, 11.65]},
			"faces": {
				"north": {"uv": [3.75, 8.75, 4, 9.125], "texture": "#0"},
				"east": {"uv": [3.5, 9.75, 3.625, 10.125], "texture": "#0"},
				"south": {"uv": [4, 8.75, 4.25, 9.125], "texture": "#0"},
				"west": {"uv": [5.75, 9.75, 5.875, 10.125], "texture": "#0"},
				"up": {"uv": [10.5, 9.375, 10.25, 9.25], "texture": "#0"},
				"down": {"uv": [10, 10.25, 9.75, 10.375], "texture": "#0"}
			}
		},
		{
			"from": [7.5, 8.55, 10.65],
			"to": [8.5, 9.05, 12.25],
			"rotation": {"angle": -22.5, "axis": "x", "origin": [7.9, 9.25, 11.75]},
			"faces": {
				"north": {"uv": [10, 10.25, 10.25, 10.375], "texture": "#0"},
				"east": {"uv": [9.5, 9.75, 9.875, 9.875], "texture": "#0"},
				"south": {"uv": [10.25, 10, 10.5, 10.125], "texture": "#0"},
				"west": {"uv": [0, 10, 0.375, 10.125], "texture": "#0"},
				"up": {"uv": [4.5, 9.125, 4.25, 8.75], "texture": "#0"},
				"down": {"uv": [4.75, 8.75, 4.5, 9.125], "texture": "#0"}
			}
		},
		{
			"from": [7.5, 8.75, 9.9],
			"to": [8.5, 9.25, 11.5],
			"rotation": {"angle": -45, "axis": "x", "origin": [7.9, 9.25, 11.75]},
			"faces": {
				"north": {"uv": [10.25, 10.25, 10.5, 10.375], "texture": "#0"},
				"east": {"uv": [10, 0, 10.375, 0.125], "texture": "#0"},
				"south": {"uv": [10.5, 0, 10.75, 0.125], "texture": "#0"},
				"west": {"uv": [10, 0.25, 10.375, 0.375], "texture": "#0"},
				"up": {"uv": [5, 9.125, 4.75, 8.75], "texture": "#0"},
				"down": {"uv": [5.25, 8.75, 5, 9.125], "texture": "#0"}
			}
		},
		{
			"from": [7.5, 7.3, 10.75],
			"to": [8.5, 9, 11.25],
			"rotation": {"angle": 0, "axis": "y", "origin": [7.9, 9.25, 11.75]},
			"faces": {
				"north": {"uv": [8.75, 5, 9, 5.375], "texture": "#0"},
				"east": {"uv": [8.75, 9.75, 8.875, 10.125], "texture": "#0"},
				"south": {"uv": [6, 8.75, 6.25, 9.125], "texture": "#0"},
				"west": {"uv": [0.5, 10, 0.625, 10.375], "texture": "#0"},
				"up": {"uv": [10.75, 0.375, 10.5, 0.25], "texture": "#0"},
				"down": {"uv": [0.75, 10.5, 0.5, 10.625], "texture": "#0"}
			}
		},
		{
			"from": [7.5, 4.95, 9.55],
			"to": [8.5, 5.25, 11.05],
			"rotation": {"angle": -22.5, "axis": "x", "origin": [7.9, 8.2, 11]},
			"faces": {
				"north": {"uv": [10.5, 0.5, 10.75, 0.625], "texture": "#0"},
				"east": {"uv": [10, 0.5, 10.375, 0.625], "texture": "#0"},
				"south": {"uv": [0.75, 10.5, 1, 10.625], "texture": "#0"},
				"west": {"uv": [0.75, 10, 1.125, 10.125], "texture": "#0"},
				"up": {"uv": [6.5, 9.125, 6.25, 8.75], "texture": "#0"},
				"down": {"uv": [7, 8.75, 6.75, 9.125], "texture": "#0"}
			}
		},
		{
			"from": [8.25, 5.13847, 11.59776],
			"to": [8.35, 5.43847, 11.79776],
			"rotation": {"angle": -22.5, "axis": "x", "origin": [8, 5.28847, 12.09776]},
			"faces": {
				"north": {"uv": [10.75, 10, 10.875, 10.125], "texture": "#0"},
				"east": {"uv": [10.25, 10.75, 10.375, 10.875], "texture": "#0"},
				"south": {"uv": [10.75, 10.25, 10.875, 10.375], "texture": "#0"},
				"west": {"uv": [10.5, 10.75, 10.625, 10.875], "texture": "#0"},
				"up": {"uv": [10.875, 10.625, 10.75, 10.5], "texture": "#0"},
				"down": {"uv": [10.875, 10.75, 10.75, 10.875], "texture": "#0"}
			}
		},
		{
			"from": [7.95, 5.13847, 10.99776],
			"to": [8.05, 5.43847, 11.19776],
			"rotation": {"angle": -22.5, "axis": "x", "origin": [8, 5.28847, 12.09776]},
			"faces": {
				"north": {"uv": [0, 11, 0.125, 11.125], "texture": "#0"},
				"east": {"uv": [11, 0, 11.125, 0.125], "texture": "#0"},
				"south": {"uv": [0.25, 11, 0.375, 11.125], "texture": "#0"},
				"west": {"uv": [11, 0.25, 11.125, 0.375], "texture": "#0"},
				"up": {"uv": [0.625, 11.125, 0.5, 11], "texture": "#0"},
				"down": {"uv": [11.125, 0.5, 11, 0.625], "texture": "#0"}
			}
		},
		{
			"from": [7.95, 5.13847, 11.29776],
			"to": [8.05, 5.43847, 11.49776],
			"rotation": {"angle": -22.5, "axis": "x", "origin": [8, 5.28847, 12.09776]},
			"faces": {
				"north": {"uv": [0.75, 11, 0.875, 11.125], "texture": "#0"},
				"east": {"uv": [11, 0.75, 11.125, 0.875], "texture": "#0"},
				"south": {"uv": [1, 11, 1.125, 11.125], "texture": "#0"},
				"west": {"uv": [11, 1, 11.125, 1.125], "texture": "#0"},
				"up": {"uv": [1.375, 11.125, 1.25, 11], "texture": "#0"},
				"down": {"uv": [11.125, 1.25, 11, 1.375], "texture": "#0"}
			}
		},
		{
			"from": [7.65, 5.13847, 11.29776],
			"to": [7.75, 5.43847, 11.49776],
			"rotation": {"angle": -22.5, "axis": "x", "origin": [8, 5.28847, 12.09776]},
			"faces": {
				"north": {"uv": [1.5, 11, 1.625, 11.125], "texture": "#0"},
				"east": {"uv": [11, 1.5, 11.125, 1.625], "texture": "#0"},
				"south": {"uv": [1.75, 11, 1.875, 11.125], "texture": "#0"},
				"west": {"uv": [11, 1.75, 11.125, 1.875], "texture": "#0"},
				"up": {"uv": [2.125, 11.125, 2, 11], "texture": "#0"},
				"down": {"uv": [11.125, 2, 11, 2.125], "texture": "#0"}
			}
		},
		{
			"from": [7.65, 5.13847, 11.59776],
			"to": [7.75, 5.43847, 11.79776],
			"rotation": {"angle": -22.5, "axis": "x", "origin": [8, 5.28847, 12.09776]},
			"faces": {
				"north": {"uv": [2.25, 11, 2.375, 11.125], "texture": "#0"},
				"east": {"uv": [11, 2.25, 11.125, 2.375], "texture": "#0"},
				"south": {"uv": [2.5, 11, 2.625, 11.125], "texture": "#0"},
				"west": {"uv": [11, 2.5, 11.125, 2.625], "texture": "#0"},
				"up": {"uv": [2.875, 11.125, 2.75, 11], "texture": "#0"},
				"down": {"uv": [11.125, 2.75, 11, 2.875], "texture": "#0"}
			}
		},
		{
			"from": [7.95, 5.13847, 11.99776],
			"to": [8.05, 5.43847, 12.19776],
			"rotation": {"angle": -22.5, "axis": "x", "origin": [8, 5.28847, 12.09776]},
			"faces": {
				"north": {"uv": [3, 11, 3.125, 11.125], "texture": "#0"},
				"east": {"uv": [11, 3, 11.125, 3.125], "texture": "#0"},
				"south": {"uv": [3.25, 11, 3.375, 11.125], "texture": "#0"},
				"west": {"uv": [11, 3.25, 11.125, 3.375], "texture": "#0"},
				"up": {"uv": [3.625, 11.125, 3.5, 11], "texture": "#0"},
				"down": {"uv": [11.125, 3.5, 11, 3.625], "texture": "#0"}
			}
		},
		{
			"from": [7.75, 4.8826, 9.81142],
			"to": [8.05, 5.1826, 9.86142],
			"rotation": {"angle": -22.5, "axis": "x", "origin": [7.95, 8.1426, 10.86142]},
			"faces": {
				"north": {"uv": [3.75, 11, 3.875, 11.125], "texture": "#0"},
				"east": {"uv": [11, 3.75, 11.125, 3.875], "texture": "#0"},
				"south": {"uv": [4, 11, 4.125, 11.125], "texture": "#0"},
				"west": {"uv": [11, 4, 11.125, 4.125], "texture": "#0"},
				"up": {"uv": [4.375, 11.125, 4.25, 11], "texture": "#0"},
				"down": {"uv": [11.125, 4.25, 11, 4.375], "texture": "#0"}
			}
		},
		{
			"from": [7.75, 4.8826, 10.01142],
			"to": [8.05, 5.1826, 10.06142],
			"rotation": {"angle": -22.5, "axis": "x", "origin": [7.95, 8.1426, 10.86142]},
			"faces": {
				"north": {"uv": [4.5, 11, 4.625, 11.125], "texture": "#0"},
				"east": {"uv": [11, 4.5, 11.125, 4.625], "texture": "#0"},
				"south": {"uv": [4.75, 11, 4.875, 11.125], "texture": "#0"},
				"west": {"uv": [11, 4.75, 11.125, 4.875], "texture": "#0"},
				"up": {"uv": [5.125, 11.125, 5, 11], "texture": "#0"},
				"down": {"uv": [11.125, 5, 11, 5.125], "texture": "#0"}
			}
		},
		{
			"from": [7.75, 4.8826, 10.11142],
			"to": [8.05, 5.1826, 10.16142],
			"rotation": {"angle": -22.5, "axis": "x", "origin": [7.95, 8.1426, 10.86142]},
			"faces": {
				"north": {"uv": [5.25, 11, 5.375, 11.125], "texture": "#0"},
				"east": {"uv": [11, 5.25, 11.125, 5.375], "texture": "#0"},
				"south": {"uv": [5.5, 11, 5.625, 11.125], "texture": "#0"},
				"west": {"uv": [11, 5.5, 11.125, 5.625], "texture": "#0"},
				"up": {"uv": [5.875, 11.125, 5.75, 11], "texture": "#0"},
				"down": {"uv": [11.125, 5.75, 11, 5.875], "texture": "#0"}
			}
		},
		{
			"from": [7.7, 4.94, 10.25],
			"to": [8.3, 5.24, 10.3],
			"rotation": {"angle": -22.5, "axis": "x", "origin": [7.9, 8.2, 11]},
			"faces": {
				"north": {"uv": [6, 11, 6.125, 11.125], "texture": "#0"},
				"east": {"uv": [11, 6, 11.125, 6.125], "texture": "#0"},
				"south": {"uv": [6.25, 11, 6.375, 11.125], "texture": "#0"},
				"west": {"uv": [11, 6.25, 11.125, 6.375], "texture": "#0"},
				"up": {"uv": [6.625, 11.125, 6.5, 11], "texture": "#0"},
				"down": {"uv": [11.125, 6.5, 11, 6.625], "texture": "#0"}
			}
		},
		{
			"from": [7.7, 4.94, 10.35],
			"to": [8.3, 5.24, 10.45],
			"rotation": {"angle": -22.5, "axis": "x", "origin": [7.9, 8.2, 11]},
			"faces": {
				"north": {"uv": [6.75, 11, 6.875, 11.125], "texture": "#0"},
				"east": {"uv": [11, 6.75, 11.125, 6.875], "texture": "#0"},
				"south": {"uv": [7, 11, 7.125, 11.125], "texture": "#0"},
				"west": {"uv": [11, 7, 11.125, 7.125], "texture": "#0"},
				"up": {"uv": [7.375, 11.125, 7.25, 11], "texture": "#0"},
				"down": {"uv": [11.125, 7.25, 11, 7.375], "texture": "#0"}
			}
		},
		{
			"from": [7.7, 4.94, 10.55],
			"to": [8.3, 5.24, 10.65],
			"rotation": {"angle": -22.5, "axis": "x", "origin": [7.9, 8.2, 11]},
			"faces": {
				"north": {"uv": [7.5, 11, 7.625, 11.125], "texture": "#0"},
				"east": {"uv": [11, 7.5, 11.125, 7.625], "texture": "#0"},
				"south": {"uv": [7.75, 11, 7.875, 11.125], "texture": "#0"},
				"west": {"uv": [11, 7.75, 11.125, 7.875], "texture": "#0"},
				"up": {"uv": [8.125, 11.125, 8, 11], "texture": "#0"},
				"down": {"uv": [11.125, 8, 11, 8.125], "texture": "#0"}
			}
		},
		{
			"from": [7.7, 4.94, 10.75],
			"to": [8.3, 5.24, 10.85],
			"rotation": {"angle": -22.5, "axis": "x", "origin": [7.9, 8.2, 11]},
			"faces": {
				"north": {"uv": [8.25, 11, 8.375, 11.125], "texture": "#0"},
				"east": {"uv": [11, 8.25, 11.125, 8.375], "texture": "#0"},
				"south": {"uv": [8.5, 11, 8.625, 11.125], "texture": "#0"},
				"west": {"uv": [11, 8.5, 11.125, 8.625], "texture": "#0"},
				"up": {"uv": [8.875, 11.125, 8.75, 11], "texture": "#0"},
				"down": {"uv": [11.125, 8.75, 11, 8.875], "texture": "#0"}
			}
		},
		{
			"from": [7.7, 4.94, 10.95],
			"to": [8.3, 5.24, 11.05],
			"rotation": {"angle": -22.5, "axis": "x", "origin": [7.9, 8.2, 11]},
			"faces": {
				"north": {"uv": [9, 11, 9.125, 11.125], "texture": "#0"},
				"east": {"uv": [11, 9, 11.125, 9.125], "texture": "#0"},
				"south": {"uv": [9.25, 11, 9.375, 11.125], "texture": "#0"},
				"west": {"uv": [11, 9.25, 11.125, 9.375], "texture": "#0"},
				"up": {"uv": [9.625, 11.125, 9.5, 11], "texture": "#0"},
				"down": {"uv": [11.125, 9.5, 11, 9.625], "texture": "#0"}
			}
		},
		{
			"from": [7.5, 5.21653, 11.98992],
			"to": [8.5, 5.81653, 12.28992],
			"rotation": {"angle": 0, "axis": "y", "origin": [7.9, 6.01653, 12.13992]},
			"faces": {
				"north": {"uv": [10.5, 0.75, 10.75, 0.875], "texture": "#0"},
				"east": {"uv": [9.75, 11, 9.875, 11.125], "texture": "#0"},
				"south": {"uv": [1, 10.5, 1.25, 10.625], "texture": "#0"},
				"west": {"uv": [11, 9.75, 11.125, 9.875], "texture": "#0"},
				"up": {"uv": [10.75, 1.375, 10.5, 1.25], "texture": "#0"},
				"down": {"uv": [2, 10.5, 1.75, 10.625], "texture": "#0"}
			}
		},
		{
			"from": [7.5, 5.69823, 11.69519],
			"to": [8.5, 6.59823, 11.99519],
			"rotation": {"angle": -22.5, "axis": "x", "origin": [7.9, 6.49823, 11.84519]},
			"faces": {
				"north": {"uv": [9.25, 0.75, 9.5, 1], "texture": "#0"},
				"east": {"uv": [2, 10.5, 2.125, 10.75], "texture": "#0"},
				"south": {"uv": [9.25, 1.25, 9.5, 1.5], "texture": "#0"},
				"west": {"uv": [10.5, 2, 10.625, 2.25], "texture": "#0"},
				"up": {"uv": [10.75, 2.375, 10.5, 2.25], "texture": "#0"},
				"down": {"uv": [10.75, 2.5, 10.5, 2.625], "texture": "#0"}
			}
		},
		{
			"from": [7.5, 5.39823, 10.44519],
			"to": [8.5, 7.89823, 10.74519],
			"rotation": {"angle": -22.5, "axis": "x", "origin": [7.9, 6.49823, 11.84519]},
			"faces": {
				"north": {"uv": [0.5, 8, 0.75, 8.625], "texture": "#0"},
				"east": {"uv": [2.75, 9, 2.875, 9.625], "texture": "#0"},
				"south": {"uv": [0.75, 8, 1, 8.625], "texture": "#0"},
				"west": {"uv": [3, 9, 3.125, 9.625], "texture": "#0"},
				"up": {"uv": [3, 10.625, 2.75, 10.5], "texture": "#0"},
				"down": {"uv": [10.75, 2.75, 10.5, 2.875], "texture": "#0"}
			}
		},
		{
			"from": [7.5, 4.8814, 10.6969],
			"to": [8.5, 5.6314, 10.9969],
			"rotation": {"angle": 0, "axis": "y", "origin": [7.9, 6.1314, 10.8469]},
			"faces": {
				"north": {"uv": [9.25, 1.5, 9.5, 1.75], "texture": "#0"},
				"east": {"uv": [3, 10.5, 3.125, 10.75], "texture": "#0"},
				"south": {"uv": [4.25, 9.25, 4.5, 9.5], "texture": "#0"},
				"west": {"uv": [10.5, 3, 10.625, 3.25], "texture": "#0"},
				"up": {"uv": [10.75, 3.375, 10.5, 3.25], "texture": "#0"},
				"down": {"uv": [4, 10.5, 3.75, 10.625], "texture": "#0"}
			}
		},
		{
			"from": [7.5, 6.97057, 9.89108],
			"to": [8.5, 8.12057, 10.39108],
			"rotation": {"angle": 22.5, "axis": "x", "origin": [7.9, 7.12057, 10.26608]},
			"faces": {
				"north": {"uv": [4.5, 9.25, 4.75, 9.5], "texture": "#0"},
				"east": {"uv": [4, 10.5, 4.125, 10.75], "texture": "#0"},
				"south": {"uv": [4.75, 9.25, 5, 9.5], "texture": "#0"},
				"west": {"uv": [4.25, 10.5, 4.375, 10.75], "texture": "#0"},
				"up": {"uv": [4.75, 10.625, 4.5, 10.5], "texture": "#0"},
				"down": {"uv": [10.75, 4.5, 10.5, 4.625], "texture": "#0"}
			}
		},
		{
			"from": [7.5, 7.67057, 9.14108],
			"to": [8.5, 8.02057, 10.39108],
			"rotation": {"angle": 22.5, "axis": "x", "origin": [7.9, 7.12057, 10.26608]},
			"faces": {
				"north": {"uv": [4.75, 10.5, 5, 10.625], "texture": "#0"},
				"east": {"uv": [10, 0.75, 10.375, 0.875], "texture": "#0"},
				"south": {"uv": [5, 10.5, 5.25, 10.625], "texture": "#0"},
				"west": {"uv": [1.25, 10, 1.625, 10.125], "texture": "#0"},
				"up": {"uv": [7.25, 9.125, 7, 8.75], "texture": "#0"},
				"down": {"uv": [9, 7.25, 8.75, 7.625], "texture": "#0"}
			}
		},
		{
			"from": [7.5, 7.49557, 10.01608],
			"to": [8.5, 7.84557, 10.36608],
			"rotation": {"angle": 0, "axis": "y", "origin": [7.9, 7.12057, 10.26608]},
			"faces": {
				"north": {"uv": [5.25, 10.5, 5.5, 10.625], "texture": "#0"},
				"east": {"uv": [10, 11, 10.125, 11.125], "texture": "#0"},
				"south": {"uv": [5.5, 10.5, 5.75, 10.625], "texture": "#0"},
				"west": {"uv": [11, 10, 11.125, 10.125], "texture": "#0"},
				"up": {"uv": [6.25, 10.625, 6, 10.5], "texture": "#0"},
				"down": {"uv": [6.5, 10.5, 6.25, 10.625], "texture": "#0"}
			}
		},
		{
			"from": [7.5, 6.30764, 11.12375],
			"to": [8.5, 8.00764, 11.42375],
			"rotation": {"angle": -45, "axis": "x", "origin": [7.9, 7.10764, 11.27375]},
			"faces": {
				"north": {"uv": [8, 8.75, 8.25, 9.125], "texture": "#0"},
				"east": {"uv": [1.75, 10, 1.875, 10.375], "texture": "#0"},
				"south": {"uv": [8.25, 8.75, 8.5, 9.125], "texture": "#0"},
				"west": {"uv": [2, 10, 2.125, 10.375], "texture": "#0"},
				"up": {"uv": [10.75, 6.375, 10.5, 6.25], "texture": "#0"},
				"down": {"uv": [6.75, 10.5, 6.5, 10.625], "texture": "#0"}
			}
		},
		{
			"from": [7.5, 7.05764, 10.37375],
			"to": [8.5, 7.35764, 11.07375],
			"rotation": {"angle": 22.5, "axis": "x", "origin": [7.9, 7.10764, 11.27375]},
			"faces": {
				"north": {"uv": [6.75, 10.5, 7, 10.625], "texture": "#0"},
				"east": {"uv": [10.25, 11, 10.375, 11.125], "texture": "#0"},
				"south": {"uv": [10.5, 6.75, 10.75, 6.875], "texture": "#0"},
				"west": {"uv": [11, 10.25, 11.125, 10.375], "texture": "#0"},
				"up": {"uv": [7.25, 10.625, 7, 10.5], "texture": "#0"},
				"down": {"uv": [10.75, 7, 10.5, 7.125], "texture": "#0"}
			}
		},
		{
			"from": [7.45, 4.37483, 9.25843],
			"to": [8.55, 4.77483, 10.75843],
			"rotation": {"angle": -22.5, "axis": "x", "origin": [7.95, 4.87483, 10.15843]},
			"faces": {
				"north": {"uv": [7.25, 10.5, 7.5, 10.625], "texture": "#0"},
				"east": {"uv": [10, 1.25, 10.375, 1.375], "texture": "#0"},
				"south": {"uv": [10.5, 7.25, 10.75, 7.375], "texture": "#0"},
				"west": {"uv": [10, 2, 10.375, 2.125], "texture": "#0"},
				"up": {"uv": [9, 8.875, 8.75, 8.5], "texture": "#0"},
				"down": {"uv": [0.5, 9, 0.25, 9.375], "texture": "#0"}
			}
		},
		{
			"from": [7.85, 4.72483, 10.30843],
			"to": [8.15, 4.82483, 10.50843],
			"rotation": {"angle": -22.5, "axis": "x", "origin": [7.95, 4.87483, 10.15843]},
			"faces": {
				"north": {"uv": [10.5, 11, 10.625, 11.125], "texture": "#0"},
				"east": {"uv": [11, 10.5, 11.125, 10.625], "texture": "#0"},
				"south": {"uv": [10.75, 11, 10.875, 11.125], "texture": "#0"},
				"west": {"uv": [11, 10.75, 11.125, 10.875], "texture": "#0"},
				"up": {"uv": [11.125, 11.125, 11, 11], "texture": "#0"},
				"down": {"uv": [0.125, 11.25, 0, 11.375], "texture": "#0"}
			}
		},
		{
			"from": [7.8, 4.82483, 10.20843],
			"to": [8.2, 4.97483, 10.60843],
			"rotation": {"angle": -22.5, "axis": "x", "origin": [7.95, 4.87483, 10.15843]},
			"faces": {
				"north": {"uv": [11.25, 0, 11.375, 0.125], "texture": "#0"},
				"east": {"uv": [0.25, 11.25, 0.375, 11.375], "texture": "#0"},
				"south": {"uv": [11.25, 0.25, 11.375, 0.375], "texture": "#0"},
				"west": {"uv": [0.5, 11.25, 0.625, 11.375], "texture": "#0"},
				"up": {"uv": [11.375, 0.625, 11.25, 0.5], "texture": "#0"},
				"down": {"uv": [0.875, 11.25, 0.75, 11.375], "texture": "#0"}
			}
		},
		{
			"from": [7.45, 4.06848, 8.12828],
			"to": [8.55, 4.46848, 9.51828],
			"rotation": {"angle": 0, "axis": "y", "origin": [7.95, 4.56848, 9.02828]},
			"faces": {
				"north": {"uv": [7.5, 10.5, 7.75, 10.625], "texture": "#0"},
				"east": {"uv": [10, 2.25, 10.375, 2.375], "texture": "#0"},
				"south": {"uv": [10.5, 7.5, 10.75, 7.625], "texture": "#0"},
				"west": {"uv": [10, 2.5, 10.375, 2.625], "texture": "#0"},
				"up": {"uv": [0.75, 9.375, 0.5, 9], "texture": "#0"},
				"down": {"uv": [9.25, 1.25, 9, 1.625], "texture": "#0"}
			}
		},
		{
			"from": [7.45, 6.51386, 9.8928],
			"to": [8.55, 6.71386, 10.3828],
			"rotation": {"angle": -22.5, "axis": "x", "origin": [7.95, 6.11386, 8.9878]},
			"faces": {
				"north": {"uv": [7.75, 10.5, 8, 10.625], "texture": "#0"},
				"east": {"uv": [11.25, 0.75, 11.375, 0.875], "texture": "#0"},
				"south": {"uv": [10.5, 7.75, 10.75, 7.875], "texture": "#0"},
				"west": {"uv": [1, 11.25, 1.125, 11.375], "texture": "#0"},
				"up": {"uv": [8.25, 10.625, 8, 10.5], "texture": "#0"},
				"down": {"uv": [10.75, 8, 10.5, 8.125], "texture": "#0"}
			}
		},
		{
			"from": [7.45, 6.82974, 8.13083],
			"to": [8.55, 7.02974, 9.67083],
			"rotation": {"angle": 0, "axis": "y", "origin": [7.95, 6.42974, 8.27583]},
			"faces": {
				"north": {"uv": [8.25, 10.5, 8.5, 10.625], "texture": "#0"},
				"east": {"uv": [10, 2.75, 10.375, 2.875], "texture": "#0"},
				"south": {"uv": [10.5, 8.25, 10.75, 8.375], "texture": "#0"},
				"west": {"uv": [3, 10, 3.375, 10.125], "texture": "#0"},
				"up": {"uv": [9.25, 2.375, 9, 2], "texture": "#0"},
				"down": {"uv": [2.75, 9, 2.5, 9.375], "texture": "#0"}
			}
		},
		{
			"name": "Trigger",
			"from": [7.85, 7.66334, 9.43923],
			"to": [8.15, 8.30334, 9.63923],
			"rotation": {"angle": -22.5, "axis": "x", "origin": [8.35, 7.93334, 9.53923]},
			"faces": {
				"north": {"uv": [11.25, 1, 11.375, 1.125], "texture": "#0"},
				"east": {"uv": [1.25, 11.25, 1.375, 11.375], "texture": "#0"},
				"south": {"uv": [11.25, 1.25, 11.375, 1.375], "texture": "#0"},
				"west": {"uv": [1.5, 11.25, 1.625, 11.375], "texture": "#0"},
				"up": {"uv": [11.375, 1.625, 11.25, 1.5], "texture": "#0"},
				"down": {"uv": [1.875, 11.25, 1.75, 11.375], "texture": "#0"}
			}
		},
		{
			"name": "Trigger",
			"from": [7.85, 7.32946, 9.44716],
			"to": [8.15, 7.76946, 9.59716],
			"rotation": {"angle": 22.5, "axis": "x", "origin": [8.35, 7.39946, 9.54716]},
			"faces": {
				"north": {"uv": [11.25, 1.75, 11.375, 1.875], "texture": "#0"},
				"east": {"uv": [2, 11.25, 2.125, 11.375], "texture": "#0"},
				"south": {"uv": [11.25, 2, 11.375, 2.125], "texture": "#0"},
				"west": {"uv": [2.25, 11.25, 2.375, 11.375], "texture": "#0"},
				"up": {"uv": [11.375, 2.375, 11.25, 2.25], "texture": "#0"},
				"down": {"uv": [2.625, 11.25, 2.5, 11.375], "texture": "#0"}
			}
		},
		{
			"from": [7.45, 4.22176, 8.10768],
			"to": [8.55, 4.62176, 8.35768],
			"rotation": {"angle": 22.5, "axis": "x", "origin": [7.95, 4.72176, 7.85768]},
			"faces": {
				"north": {"uv": [8.5, 10.5, 8.75, 10.625], "texture": "#0"},
				"east": {"uv": [11.25, 2.5, 11.375, 2.625], "texture": "#0"},
				"south": {"uv": [10.5, 8.5, 10.75, 8.625], "texture": "#0"},
				"west": {"uv": [2.75, 11.25, 2.875, 11.375], "texture": "#0"},
				"up": {"uv": [9, 10.625, 8.75, 10.5], "texture": "#0"},
				"down": {"uv": [10.75, 8.75, 10.5, 8.875], "texture": "#0"}
			}
		},
		{
			"from": [7.45, 4.16415, 7.89731],
			"to": [8.55, 8.11415, 8.18731],
			"rotation": {"angle": 0, "axis": "y", "origin": [7.95, 4.61415, 7.89731]},
			"faces": {
				"north": {"uv": [3.5, 7, 3.75, 8], "texture": "#0"},
				"east": {"uv": [6.5, 8.25, 6.625, 9.25], "texture": "#0"},
				"south": {"uv": [3.75, 7, 4, 8], "texture": "#0"},
				"west": {"uv": [7.75, 8.25, 7.875, 9.25], "texture": "#0"},
				"up": {"uv": [9.25, 10.625, 9, 10.5], "texture": "#0"},
				"down": {"uv": [10.75, 9, 10.5, 9.125], "texture": "#0"}
			}
		},
		{
			"from": [8.2, 10.795, 11.59231],
			"to": [8.4, 13.085, 11.79231],
			"rotation": {"angle": -22.5, "axis": "x", "origin": [8, 11.09, 11.69231]},
			"faces": {
				"north": {"uv": [3.25, 9, 3.375, 9.625], "texture": "#0"},
				"east": {"uv": [3.5, 9, 3.625, 9.625], "texture": "#0"},
				"south": {"uv": [9, 5, 9.125, 5.625], "texture": "#0"},
				"west": {"uv": [5.25, 9, 5.375, 9.625], "texture": "#0"},
				"up": {"uv": [11.375, 2.875, 11.25, 2.75], "texture": "#0"},
				"down": {"uv": [3.125, 11.25, 3, 11.375], "texture": "#0"}
			}
		},
		{
			"from": [7.6, 10.90694, 11.56096],
			"to": [8.3, 11.34694, 11.66096],
			"rotation": {"angle": -22.5, "axis": "x", "origin": [7.9, 11.20194, 11.56096]},
			"faces": {
				"north": {"uv": [11.25, 3, 11.375, 3.125], "texture": "#0"},
				"east": {"uv": [3.25, 11.25, 3.375, 11.375], "texture": "#0"},
				"south": {"uv": [11.25, 3.25, 11.375, 3.375], "texture": "#0"},
				"west": {"uv": [3.5, 11.25, 3.625, 11.375], "texture": "#0"},
				"up": {"uv": [11.375, 3.625, 11.25, 3.5], "texture": "#0"},
				"down": {"uv": [3.875, 11.25, 3.75, 11.375], "texture": "#0"}
			}
		},
		{
			"from": [7.6, 10.90694, 11.56096],
			"to": [7.9, 12.09694, 11.66096],
			"rotation": {"angle": -22.5, "axis": "x", "origin": [7.9, 11.20194, 11.56096]},
			"faces": {
				"north": {"uv": [9.25, 10.5, 9.375, 10.75], "texture": "#0"},
				"east": {"uv": [10.5, 9.25, 10.625, 9.5], "texture": "#0"},
				"south": {"uv": [9.5, 10.5, 9.625, 10.75], "texture": "#0"},
				"west": {"uv": [10.5, 9.5, 10.625, 9.75], "texture": "#0"},
				"up": {"uv": [11.375, 3.875, 11.25, 3.75], "texture": "#0"},
				"down": {"uv": [4.125, 11.25, 4, 11.375], "texture": "#0"}
			}
		},
		{
			"from": [8.1, 10.90694, 11.56096],
			"to": [8.4, 12.09694, 11.66096],
			"rotation": {"angle": -22.5, "axis": "x", "origin": [7.9, 11.20194, 11.56096]},
			"faces": {
				"north": {"uv": [9.75, 10.5, 9.875, 10.75], "texture": "#0"},
				"east": {"uv": [10.5, 9.75, 10.625, 10], "texture": "#0"},
				"south": {"uv": [10, 10.5, 10.125, 10.75], "texture": "#0"},
				"west": {"uv": [10.5, 10, 10.625, 10.25], "texture": "#0"},
				"up": {"uv": [11.375, 4.125, 11.25, 4], "texture": "#0"},
				"down": {"uv": [4.375, 11.25, 4.25, 11.375], "texture": "#0"}
			}
		},
		{
			"from": [7.6, 12.00694, 11.56096],
			"to": [8.3, 12.69694, 11.66096],
			"rotation": {"angle": -22.5, "axis": "x", "origin": [7.9, 11.20194, 11.56096]},
			"faces": {
				"north": {"uv": [11.25, 4.25, 11.375, 4.375], "texture": "#0"},
				"east": {"uv": [4.5, 11.25, 4.625, 11.375], "texture": "#0"},
				"south": {"uv": [11.25, 4.5, 11.375, 4.625], "texture": "#0"},
				"west": {"uv": [4.75, 11.25, 4.875, 11.375], "texture": "#0"},
				"up": {"uv": [11.375, 4.875, 11.25, 4.75], "texture": "#0"},
				"down": {"uv": [5.125, 11.25, 5, 11.375], "texture": "#0"}
			}
		},
		{
			"from": [7.6, 10.795, 11.59231],
			"to": [7.8, 13.085, 11.79231],
			"rotation": {"angle": -22.5, "axis": "x", "origin": [8, 11.09, 11.69231]},
			"faces": {
				"north": {"uv": [9, 6.25, 9.125, 6.875], "texture": "#0"},
				"east": {"uv": [9, 8, 9.125, 8.625], "texture": "#0"},
				"south": {"uv": [8.5, 9, 8.625, 9.625], "texture": "#0"},
				"west": {"uv": [8.75, 9, 8.875, 9.625], "texture": "#0"},
				"up": {"uv": [11.375, 5.125, 11.25, 5], "texture": "#0"},
				"down": {"uv": [5.375, 11.25, 5.25, 11.375], "texture": "#0"}
			}
		},
		{
			"from": [8.2, 10.68141, 10.48124],
			"to": [8.4, 12.97141, 10.68124],
			"rotation": {"angle": 0, "axis": "y", "origin": [8, 10.97641, 10.58124]},
			"faces": {
				"north": {"uv": [9, 8.75, 9.125, 9.375], "texture": "#0"},
				"east": {"uv": [0, 9.25, 0.125, 9.875], "texture": "#0"},
				"south": {"uv": [9.25, 0, 9.375, 0.625], "texture": "#0"},
				"west": {"uv": [0.75, 9.25, 0.875, 9.875], "texture": "#0"},
				"up": {"uv": [11.375, 5.375, 11.25, 5.25], "texture": "#0"},
				"down": {"uv": [5.625, 11.25, 5.5, 11.375], "texture": "#0"}
			}
		},
		{
			"from": [7.6, 10.68141, 10.48124],
			"to": [7.8, 12.97141, 10.68124],
			"rotation": {"angle": 0, "axis": "y", "origin": [8, 10.97641, 10.58124]},
			"faces": {
				"north": {"uv": [9.25, 2, 9.375, 2.625], "texture": "#0"},
				"east": {"uv": [9.25, 2.75, 9.375, 3.375], "texture": "#0"},
				"south": {"uv": [3.75, 9.25, 3.875, 9.875], "texture": "#0"},
				"west": {"uv": [4, 9.25, 4.125, 9.875], "texture": "#0"},
				"up": {"uv": [11.375, 5.625, 11.25, 5.5], "texture": "#0"},
				"down": {"uv": [5.875, 11.25, 5.75, 11.375], "texture": "#0"}
			}
		},
		{
			"from": [7.6, 10.68141, 10.58124],
			"to": [8.3, 11.22141, 10.68124],
			"rotation": {"angle": 0, "axis": "y", "origin": [8, 10.97641, 10.58124]},
			"faces": {
				"north": {"uv": [11.25, 5.75, 11.375, 5.875], "texture": "#0"},
				"east": {"uv": [6, 11.25, 6.125, 11.375], "texture": "#0"},
				"south": {"uv": [11.25, 6, 11.375, 6.125], "texture": "#0"},
				"west": {"uv": [6.25, 11.25, 6.375, 11.375], "texture": "#0"},
				"up": {"uv": [11.375, 6.375, 11.25, 6.25], "texture": "#0"},
				"down": {"uv": [6.625, 11.25, 6.5, 11.375], "texture": "#0"}
			}
		},
		{
			"from": [7.6, 12.48141, 10.58124],
			"to": [8.3, 12.62141, 11.08124],
			"rotation": {"angle": 0, "axis": "y", "origin": [8, 10.97641, 10.58124]},
			"faces": {
				"north": {"uv": [11.25, 6.5, 11.375, 6.625], "texture": "#0"},
				"east": {"uv": [6.75, 11.25, 6.875, 11.375], "texture": "#0"},
				"south": {"uv": [11.25, 6.75, 11.375, 6.875], "texture": "#0"},
				"west": {"uv": [7, 11.25, 7.125, 11.375], "texture": "#0"},
				"up": {"uv": [11.375, 7.125, 11.25, 7], "texture": "#0"},
				"down": {"uv": [7.375, 11.25, 7.25, 11.375], "texture": "#0"}
			}
		},
		{
			"from": [7.85, 10.98141, 4.53124],
			"to": [8.15, 12.37141, 4.63124],
			"rotation": {"angle": -45, "axis": "x", "origin": [8, 11.82641, 5.33124]},
			"faces": {
				"north": {"uv": [10, 3, 10.125, 3.375], "texture": "#0"},
				"east": {"uv": [3.75, 10, 3.875, 10.375], "texture": "#0"},
				"south": {"uv": [4, 10, 4.125, 10.375], "texture": "#0"},
				"west": {"uv": [4.25, 10, 4.375, 10.375], "texture": "#0"},
				"up": {"uv": [11.375, 7.375, 11.25, 7.25], "texture": "#0"},
				"down": {"uv": [7.625, 11.25, 7.5, 11.375], "texture": "#0"}
			}
		},
		{
			"from": [7.85, 11.70373, 4.52785],
			"to": [8.15, 11.99373, 4.62785],
			"rotation": {"angle": -22.5, "axis": "x", "origin": [8, 11.44873, 5.32785]},
			"faces": {
				"north": {"uv": [11.25, 7.5, 11.375, 7.625], "texture": "#0"},
				"east": {"uv": [7.75, 11.25, 7.875, 11.375], "texture": "#0"},
				"south": {"uv": [11.25, 7.75, 11.375, 7.875], "texture": "#0"},
				"west": {"uv": [8, 11.25, 8.125, 11.375], "texture": "#0"},
				"up": {"uv": [11.375, 8.125, 11.25, 8], "texture": "#0"},
				"down": {"uv": [8.375, 11.25, 8.25, 11.375], "texture": "#0"}
			}
		},
		{
			"from": [7.85, 11.12644, 4.48355],
			"to": [8.15, 11.41644, 4.58355],
			"rotation": {"angle": 0, "axis": "y", "origin": [8, 11.27144, 4.53355]},
			"faces": {
				"north": {"uv": [11.25, 8.25, 11.375, 8.375], "texture": "#0"},
				"east": {"uv": [8.5, 11.25, 8.625, 11.375], "texture": "#0"},
				"south": {"uv": [11.25, 8.5, 11.375, 8.625], "texture": "#0"},
				"west": {"uv": [8.75, 11.25, 8.875, 11.375], "texture": "#0"},
				"up": {"uv": [11.375, 8.875, 11.25, 8.75], "texture": "#0"},
				"down": {"uv": [9.125, 11.25, 9, 11.375], "texture": "#0"}
			}
		},
		{
			"from": [8.3, 12.02, -1.99],
			"to": [8.4, 12.32, -1.71],
			"rotation": {"angle": 0, "axis": "y", "origin": [8, 11.27, -1.445]},
			"faces": {
				"north": {"uv": [11.25, 9, 11.375, 9.125], "texture": "#0"},
				"east": {"uv": [9.25, 11.25, 9.375, 11.375], "texture": "#0"},
				"south": {"uv": [11.25, 9.25, 11.375, 9.375], "texture": "#0"},
				"west": {"uv": [9.5, 11.25, 9.625, 11.375], "texture": "#0"},
				"up": {"uv": [11.375, 9.625, 11.25, 9.5], "texture": "#0"},
				"down": {"uv": [9.875, 11.25, 9.75, 11.375], "texture": "#0"}
			}
		},
		{
			"from": [7.6, 12.02, -1.99],
			"to": [7.7, 12.32, -1.71],
			"rotation": {"angle": 0, "axis": "y", "origin": [8, 11.27, -1.445]},
			"faces": {
				"north": {"uv": [11.25, 9.75, 11.375, 9.875], "texture": "#0"},
				"east": {"uv": [10, 11.25, 10.125, 11.375], "texture": "#0"},
				"south": {"uv": [11.25, 10, 11.375, 10.125], "texture": "#0"},
				"west": {"uv": [10.25, 11.25, 10.375, 11.375], "texture": "#0"},
				"up": {"uv": [11.375, 10.375, 11.25, 10.25], "texture": "#0"},
				"down": {"uv": [10.625, 11.25, 10.5, 11.375], "texture": "#0"}
			}
		},
		{
			"from": [7.6, 12.02, -1.9],
			"to": [8.4, 12.07, -1.71],
			"rotation": {"angle": 0, "axis": "y", "origin": [8, 11.27, -1.455]},
			"faces": {
				"north": {"uv": [10.25, 10.5, 10.5, 10.625], "texture": "#0"},
				"east": {"uv": [11.25, 10.5, 11.375, 10.625], "texture": "#0"},
				"south": {"uv": [10.5, 10.25, 10.75, 10.375], "texture": "#0"},
				"west": {"uv": [10.75, 11.25, 10.875, 11.375], "texture": "#0"},
				"up": {"uv": [10.75, 10.625, 10.5, 10.5], "texture": "#0"},
				"down": {"uv": [0.25, 10.75, 0, 10.875], "texture": "#0"}
			}
		},
		{
			"from": [7.95, 12.02, -1.9],
			"to": [8.05, 12.52, -1.77],
			"rotation": {"angle": 0, "axis": "y", "origin": [8, 11.27, -1.455]},
			"faces": {
				"north": {"uv": [11.25, 10.75, 11.375, 10.875], "texture": "#0"},
				"east": {"uv": [11, 11.25, 11.125, 11.375], "texture": "#0"},
				"south": {"uv": [11.25, 11, 11.375, 11.125], "texture": "#0"},
				"west": {"uv": [11.25, 11.25, 11.375, 11.375], "texture": "#0"},
				"up": {"uv": [0.125, 11.625, 0, 11.5], "texture": "#0"},
				"down": {"uv": [11.625, 0, 11.5, 0.125], "texture": "#0"}
			}
		},
		{
			"from": [7.9, 12.02, -1.9],
			"to": [8.1, 12.27, -1.77],
			"rotation": {"angle": 0, "axis": "y", "origin": [8.05, 11.27, -1.455]},
			"faces": {
				"north": {"uv": [0.25, 11.5, 0.375, 11.625], "texture": "#0"},
				"east": {"uv": [11.5, 0.25, 11.625, 0.375], "texture": "#0"},
				"south": {"uv": [0.5, 11.5, 0.625, 11.625], "texture": "#0"},
				"west": {"uv": [11.5, 0.5, 11.625, 0.625], "texture": "#0"},
				"up": {"uv": [0.875, 11.625, 0.75, 11.5], "texture": "#0"},
				"down": {"uv": [11.625, 0.75, 11.5, 0.875], "texture": "#0"}
			}
		},
		{
			"from": [7.6, 10.82, -1.9],
			"to": [8.4, 11.22, -1.31],
			"rotation": {"angle": 0, "axis": "y", "origin": [8, 11.27, -1.455]},
			"faces": {
				"north": {"uv": [10.75, 0, 11, 0.125], "texture": "#0"},
				"east": {"uv": [1, 11.5, 1.125, 11.625], "texture": "#0"},
				"south": {"uv": [0.25, 10.75, 0.5, 10.875], "texture": "#0"},
				"west": {"uv": [11.5, 1, 11.625, 1.125], "texture": "#0"},
				"up": {"uv": [11, 0.375, 10.75, 0.25], "texture": "#0"},
				"down": {"uv": [0.75, 10.75, 0.5, 10.875], "texture": "#0"}
			}
		},
		{
			"from": [7.6, 11.22, -1.9],
			"to": [8.4, 11.52, -1.41],
			"rotation": {"angle": 0, "axis": "y", "origin": [8, 11.27, -1.455]},
			"faces": {
				"north": {"uv": [10.75, 0.5, 11, 0.625], "texture": "#0"},
				"east": {"uv": [1.25, 11.5, 1.375, 11.625], "texture": "#0"},
				"south": {"uv": [0.75, 10.75, 1, 10.875], "texture": "#0"},
				"west": {"uv": [11.5, 1.25, 11.625, 1.375], "texture": "#0"},
				"up": {"uv": [11, 0.875, 10.75, 0.75], "texture": "#0"},
				"down": {"uv": [1.25, 10.75, 1, 10.875], "texture": "#0"}
			}
		},
		{
			"from": [7.6, 11.52, -1.9],
			"to": [8.4, 11.61, -1.51],
			"rotation": {"angle": 0, "axis": "y", "origin": [8, 11.27, -1.455]},
			"faces": {
				"north": {"uv": [10.75, 1, 11, 1.125], "texture": "#0"},
				"east": {"uv": [1.5, 11.5, 1.625, 11.625], "texture": "#0"},
				"south": {"uv": [1.25, 10.75, 1.5, 10.875], "texture": "#0"},
				"west": {"uv": [11.5, 1.5, 11.625, 1.625], "texture": "#0"},
				"up": {"uv": [11, 1.375, 10.75, 1.25], "texture": "#0"},
				"down": {"uv": [1.75, 10.75, 1.5, 10.875], "texture": "#0"}
			}
		},
		{
			"from": [7.6, 11.37, -1.79],
			"to": [8.4, 12.06, -1.61],
			"rotation": {"angle": 0, "axis": "y", "origin": [8, 11.565, -1.705]},
			"faces": {
				"north": {"uv": [10.75, 1.5, 11, 1.625], "texture": "#0"},
				"east": {"uv": [1.75, 11.5, 1.875, 11.625], "texture": "#0"},
				"south": {"uv": [1.75, 10.75, 2, 10.875], "texture": "#0"},
				"west": {"uv": [11.5, 1.75, 11.625, 1.875], "texture": "#0"},
				"up": {"uv": [11, 1.875, 10.75, 1.75], "texture": "#0"},
				"down": {"uv": [2.25, 10.75, 2, 10.875], "texture": "#0"}
			}
		},
		{
			"from": [7.6, 10.74581, -1.46807],
			"to": [8.4, 11.04581, -1.27807],
			"rotation": {"angle": 0, "axis": "y", "origin": [8, 11.19581, -1.42307]},
			"faces": {
				"north": {"uv": [10.75, 2, 11, 2.125], "texture": "#0"},
				"east": {"uv": [2, 11.5, 2.125, 11.625], "texture": "#0"},
				"south": {"uv": [2.25, 10.75, 2.5, 10.875], "texture": "#0"},
				"west": {"uv": [11.5, 2, 11.625, 2.125], "texture": "#0"},
				"up": {"uv": [11, 2.375, 10.75, 2.25], "texture": "#0"},
				"down": {"uv": [2.75, 10.75, 2.5, 10.875], "texture": "#0"}
			}
		},
		{
			"from": [8.3, 10.56967, -1.62151],
			"to": [8.4, 11.95967, -1.42151],
			"rotation": {"angle": -22.5, "axis": "x", "origin": [8, 11.41467, -2.47151]},
			"faces": {
				"north": {"uv": [4.5, 10, 4.625, 10.375], "texture": "#0"},
				"east": {"uv": [4.75, 10, 4.875, 10.375], "texture": "#0"},
				"south": {"uv": [5, 10, 5.125, 10.375], "texture": "#0"},
				"west": {"uv": [5.25, 10, 5.375, 10.375], "texture": "#0"},
				"up": {"uv": [2.375, 11.625, 2.25, 11.5], "texture": "#0"},
				"down": {"uv": [11.625, 2.25, 11.5, 2.375], "texture": "#0"}
			}
		},
		{
			"from": [7.6, 10.56967, -1.62151],
			"to": [7.7, 11.95967, -1.42151],
			"rotation": {"angle": -22.5, "axis": "x", "origin": [8, 11.41467, -2.47151]},
			"faces": {
				"north": {"uv": [5.5, 10, 5.625, 10.375], "texture": "#0"},
				"east": {"uv": [10, 5.75, 10.125, 6.125], "texture": "#0"},
				"south": {"uv": [6, 10, 6.125, 10.375], "texture": "#0"},
				"west": {"uv": [6.25, 10, 6.375, 10.375], "texture": "#0"},
				"up": {"uv": [2.625, 11.625, 2.5, 11.5], "texture": "#0"},
				"down": {"uv": [11.625, 2.5, 11.5, 2.625], "texture": "#0"}
			}
		},
		{
			"from": [7.6, 10.56967, -1.62151],
			"to": [8.4, 11.70967, -1.42151],
			"rotation": {"angle": -22.5, "axis": "x", "origin": [8, 11.41467, -2.47151]},
			"faces": {
				"north": {"uv": [5, 9.25, 5.25, 9.5], "texture": "#0"},
				"east": {"uv": [10.75, 2.5, 10.875, 2.75], "texture": "#0"},
				"south": {"uv": [9.25, 5, 9.5, 5.25], "texture": "#0"},
				"west": {"uv": [2.75, 10.75, 2.875, 11], "texture": "#0"},
				"up": {"uv": [11, 2.875, 10.75, 2.75], "texture": "#0"},
				"down": {"uv": [3.25, 10.75, 3, 10.875], "texture": "#0"}
			}
		},
		{
			"from": [7.6, 10.83, -1.99],
			"to": [8.4, 12.02, -1.89],
			"rotation": {"angle": 0, "axis": "y", "origin": [8, 11.675, -2.95]},
			"faces": {
				"north": {"uv": [9.25, 5.25, 9.5, 5.5], "texture": "#0"},
				"east": {"uv": [10.75, 3, 10.875, 3.25], "texture": "#0"},
				"south": {"uv": [9.25, 5.5, 9.5, 5.75], "texture": "#0"},
				"west": {"uv": [3.25, 10.75, 3.375, 11], "texture": "#0"},
				"up": {"uv": [11, 3.375, 10.75, 3.25], "texture": "#0"},
				"down": {"uv": [3.75, 10.75, 3.5, 10.875], "texture": "#0"}
			}
		},
		{
			"name": "Barrel Base",
			"from": [7.6, 9.67, -2.1],
			"to": [8.4, 10.67, -2],
			"rotation": {"angle": 0, "axis": "y", "origin": [8, 11.675, -2.95]},
			"faces": {
				"north": {"uv": [9.25, 5.75, 9.5, 6], "texture": "#0"},
				"east": {"uv": [10.75, 3.5, 10.875, 3.75], "texture": "#0"},
				"south": {"uv": [6, 9.25, 6.25, 9.5], "texture": "#0"},
				"west": {"uv": [3.75, 10.75, 3.875, 11], "texture": "#0"},
				"up": {"uv": [11, 3.875, 10.75, 3.75], "texture": "#0"},
				"down": {"uv": [4.25, 10.75, 4, 10.875], "texture": "#0"}
			}
		},
		{
			"name": "Barrel Base",
			"from": [8.2, 8.67, -2.1],
			"to": [8.6, 10.67, -2],
			"rotation": {"angle": 0, "axis": "y", "origin": [8, 11.675, -2.95]},
			"faces": {
				"north": {"uv": [9.25, 6, 9.375, 6.5], "texture": "#0"},
				"east": {"uv": [6.25, 9.25, 6.375, 9.75], "texture": "#0"},
				"south": {"uv": [6.5, 9.25, 6.625, 9.75], "texture": "#0"},
				"west": {"uv": [9.25, 6.5, 9.375, 7], "texture": "#0"},
				"up": {"uv": [2.875, 11.625, 2.75, 11.5], "texture": "#0"},
				"down": {"uv": [11.625, 2.75, 11.5, 2.875], "texture": "#0"}
			}
		},
		{
			"name": "Barrel Base",
			"from": [7.5, 8.67, -2.1],
			"to": [7.8, 10.67, -2],
			"rotation": {"angle": 0, "axis": "y", "origin": [7.4, 11.675, -2.95]},
			"faces": {
				"north": {"uv": [6.75, 9.25, 6.875, 9.75], "texture": "#0"},
				"east": {"uv": [7, 9.25, 7.125, 9.75], "texture": "#0"},
				"south": {"uv": [7.25, 9.25, 7.375, 9.75], "texture": "#0"},
				"west": {"uv": [7.5, 9.25, 7.625, 9.75], "texture": "#0"},
				"up": {"uv": [3.125, 11.625, 3, 11.5], "texture": "#0"},
				"down": {"uv": [11.625, 3, 11.5, 3.125], "texture": "#0"}
			}
		},
		{
			"name": "Barrel Base",
			"from": [7.6, 8.67, -2.1],
			"to": [8.4, 9.17, -2],
			"rotation": {"angle": 0, "axis": "y", "origin": [8, 11.675, -2.95]},
			"faces": {
				"north": {"uv": [10.75, 4, 11, 4.125], "texture": "#0"},
				"east": {"uv": [3.25, 11.5, 3.375, 11.625], "texture": "#0"},
				"south": {"uv": [4.25, 10.75, 4.5, 10.875], "texture": "#0"},
				"west": {"uv": [11.5, 3.25, 11.625, 3.375], "texture": "#0"},
				"up": {"uv": [11, 4.375, 10.75, 4.25], "texture": "#0"},
				"down": {"uv": [4.75, 10.75, 4.5, 10.875], "texture": "#0"}
			}
		},
		{
			"name": "Barrel Base",
			"from": [7.85, 10.07, -2.45],
			"to": [8.15, 10.37, -2.1],
			"rotation": {"angle": 0, "axis": "y", "origin": [8, 11.675, -2.95]},
			"faces": {
				"north": {"uv": [3.5, 11.5, 3.625, 11.625], "texture": "#0"},
				"east": {"uv": [11.5, 3.5, 11.625, 3.625], "texture": "#0"},
				"south": {"uv": [3.75, 11.5, 3.875, 11.625], "texture": "#0"},
				"west": {"uv": [11.5, 3.75, 11.625, 3.875], "texture": "#0"},
				"up": {"uv": [4.125, 11.625, 4, 11.5], "texture": "#0"},
				"down": {"uv": [11.625, 4, 11.5, 4.125], "texture": "#0"}
			}
		},
		{
			"name": "Barrel Base",
			"from": [7.9175, 9.02, -4.25],
			"to": [8.0825, 9.82, -2.1],
			"rotation": {"angle": 0, "axis": "y", "origin": [8.0675, 9.57, -3.05]},
			"faces": {
				"north": {"uv": [10.75, 4.5, 10.875, 4.75], "texture": "#0"},
				"east": {"uv": [5, 6.25, 5.5, 6.5], "texture": "#0"},
				"south": {"uv": [4.75, 10.75, 4.875, 11], "texture": "#0"},
				"west": {"uv": [8.25, 6.75, 8.75, 7], "texture": "#0"},
				"up": {"uv": [7.875, 9.75, 7.75, 9.25], "texture": "#0"},
				"down": {"uv": [9.375, 7.75, 9.25, 8.25], "texture": "#0"}
			}
		},
		{
			"name": "Barrel Base",
			"from": [7.9175, 9.02, -4.25],
			"to": [8.0825, 9.82, -2.1],
			"rotation": {"angle": -22.5, "axis": "z", "origin": [8, 9.42, -3.175]},
			"faces": {
				"north": {"uv": [10.75, 4.75, 10.875, 5], "texture": "#0"},
				"east": {"uv": [8.25, 7.25, 8.75, 7.5], "texture": "#0"},
				"south": {"uv": [5, 10.75, 5.125, 11], "texture": "#0"},
				"west": {"uv": [8.25, 7.5, 8.75, 7.75], "texture": "#0"},
				"up": {"uv": [8.125, 9.75, 8, 9.25], "texture": "#0"},
				"down": {"uv": [8.375, 9.25, 8.25, 9.75], "texture": "#0"}
			}
		},
		{
			"name": "Barrel Base",
			"from": [7.9175, 9.02, -4.25],
			"to": [8.0825, 9.82, -2.1],
			"rotation": {"angle": -45, "axis": "z", "origin": [8, 9.42, -3.175]},
			"faces": {
				"north": {"uv": [10.75, 5, 10.875, 5.25], "texture": "#0"},
				"east": {"uv": [8, 8.25, 8.5, 8.5], "texture": "#0"},
				"south": {"uv": [5.25, 10.75, 5.375, 11], "texture": "#0"},
				"west": {"uv": [8.5, 1.25, 9, 1.5], "texture": "#0"},
				"up": {"uv": [9.375, 8.75, 9.25, 8.25], "texture": "#0"},
				"down": {"uv": [9.375, 8.75, 9.25, 9.25], "texture": "#0"}
			}
		},
		{
			"name": "Barrel Base",
			"from": [7.6, 9.3375, -4.25],
			"to": [8.4, 9.5025, -2.1],
			"rotation": {"angle": 22.5, "axis": "z", "origin": [8, 9.42, -3.175]},
			"faces": {
				"north": {"uv": [10.75, 5.25, 11, 5.375], "texture": "#0"},
				"east": {"uv": [9.25, 9.25, 9.75, 9.375], "texture": "#0"},
				"south": {"uv": [5.5, 10.75, 5.75, 10.875], "texture": "#0"},
				"west": {"uv": [9.5, 0, 10, 0.125], "texture": "#0"},
				"up": {"uv": [8.75, 2.5, 8.5, 2], "texture": "#0"},
				"down": {"uv": [2.75, 8.5, 2.5, 9], "texture": "#0"}
			}
		},
		{
			"name": "Barrel Base",
			"from": [7.6, 9.3375, -4.25],
			"to": [8.4, 9.5025, -2.1],
			"rotation": {"angle": 0, "axis": "y", "origin": [8, 9.42, -3.175]},
			"faces": {
				"north": {"uv": [10.75, 5.5, 11, 5.625], "texture": "#0"},
				"east": {"uv": [0.25, 9.5, 0.75, 9.625], "texture": "#0"},
				"south": {"uv": [5.75, 10.75, 6, 10.875], "texture": "#0"},
				"west": {"uv": [9.5, 0.25, 10, 0.375], "texture": "#0"},
				"up": {"uv": [8.75, 3, 8.5, 2.5], "texture": "#0"},
				"down": {"uv": [3, 8.5, 2.75, 9], "texture": "#0"}
			}
		},
		{
			"name": "Barrel Base",
			"from": [7.6, 9.3375, -4.25],
			"to": [8.4, 9.5025, -2.1],
			"rotation": {"angle": -22.5, "axis": "z", "origin": [8, 9.42, -3.175]},
			"faces": {
				"north": {"uv": [10.75, 5.75, 11, 5.875], "texture": "#0"},
				"east": {"uv": [9.5, 0.5, 10, 0.625], "texture": "#0"},
				"south": {"uv": [6, 10.75, 6.25, 10.875], "texture": "#0"},
				"west": {"uv": [9.5, 0.75, 10, 0.875], "texture": "#0"},
				"up": {"uv": [3.25, 9, 3, 8.5], "texture": "#0"},
				"down": {"uv": [8.75, 3, 8.5, 3.5], "texture": "#0"}
			}
		},
		{
			"name": "Barrel Base",
			"from": [7.6, 9.3375, -4.25],
			"to": [8.4, 9.5025, -2.1],
			"rotation": {"angle": -45, "axis": "z", "origin": [8, 9.42, -3.175]},
			"faces": {
				"north": {"uv": [10.75, 6, 11, 6.125], "texture": "#0"},
				"east": {"uv": [1, 9.5, 1.5, 9.625], "texture": "#0"},
				"south": {"uv": [6.25, 10.75, 6.5, 10.875], "texture": "#0"},
				"west": {"uv": [9.5, 1.25, 10, 1.375], "texture": "#0"},
				"up": {"uv": [3.5, 9, 3.25, 8.5], "texture": "#0"},
				"down": {"uv": [3.75, 8.5, 3.5, 9], "texture": "#0"}
			}
		},
		{
			"name": "Barrel Base",
			"from": [7.9175, 9.02, -4.25],
			"to": [8.0825, 9.82, -2.1],
			"rotation": {"angle": 22.5, "axis": "z", "origin": [8, 9.42, -3.175]},
			"faces": {
				"north": {"uv": [10.75, 6.25, 10.875, 6.5], "texture": "#0"},
				"east": {"uv": [8.5, 1.5, 9, 1.75], "texture": "#0"},
				"south": {"uv": [6.5, 10.75, 6.625, 11], "texture": "#0"},
				"west": {"uv": [3.75, 8.5, 4.25, 8.75], "texture": "#0"},
				"up": {"uv": [1.625, 10, 1.5, 9.5], "texture": "#0"},
				"down": {"uv": [9.625, 1.5, 9.5, 2], "texture": "#0"}
			}
		},
		{
			"name": "Barrel Base",
			"from": [7.94555, 9.156, -4.255],
			"to": [8.05445, 9.684, -2.836],
			"rotation": {"angle": 0, "axis": "y", "origin": [8.04455, 9.519, -3.4925]},
			"faces": {
				"north": {"uv": [4.25, 11.5, 4.375, 11.625], "texture": "#0"},
				"east": {"uv": [10, 4.5, 10.375, 4.625], "texture": "#0"},
				"south": {"uv": [11.5, 4.25, 11.625, 4.375], "texture": "#0"},
				"west": {"uv": [10, 6.25, 10.375, 6.375], "texture": "#0"},
				"up": {"uv": [6.625, 10.375, 6.5, 10], "texture": "#0"},
				"down": {"uv": [10.125, 6.5, 10, 6.875], "texture": "#0"}
			}
		},
		{
			"name": "Barrel Base",
			"from": [7.94555, 9.156, -4.255],
			"to": [8.05445, 9.684, -2.836],
			"rotation": {"angle": -22.5, "axis": "z", "origin": [8, 9.42, -3.575]},
			"faces": {
				"north": {"uv": [4.5, 11.5, 4.625, 11.625], "texture": "#0"},
				"east": {"uv": [6.75, 10, 7.125, 10.125], "texture": "#0"},
				"south": {"uv": [11.5, 4.5, 11.625, 4.625], "texture": "#0"},
				"west": {"uv": [10, 7, 10.375, 7.125], "texture": "#0"},
				"up": {"uv": [7.375, 10.375, 7.25, 10], "texture": "#0"},
				"down": {"uv": [7.625, 10, 7.5, 10.375], "texture": "#0"}
			}
		},
		{
			"name": "Barrel Base",
			"from": [7.94555, 9.156, -4.255],
			"to": [8.05445, 9.684, -2.836],
			"rotation": {"angle": -45, "axis": "z", "origin": [8, 9.42, -3.575]},
			"faces": {
				"north": {"uv": [4.75, 11.5, 4.875, 11.625], "texture": "#0"},
				"east": {"uv": [7.75, 10, 8.125, 10.125], "texture": "#0"},
				"south": {"uv": [11.5, 4.75, 11.625, 4.875], "texture": "#0"},
				"west": {"uv": [10, 7.75, 10.375, 7.875], "texture": "#0"},
				"up": {"uv": [10.125, 8.375, 10, 8], "texture": "#0"},
				"down": {"uv": [8.375, 10, 8.25, 10.375], "texture": "#0"}
			}
		},
		{
			"name": "Barrel Base",
			"from": [7.736, 9.36555, -4.255],
			"to": [8.264, 9.47445, -2.836],
			"rotation": {"angle": 22.5, "axis": "z", "origin": [8, 9.42, -3.575]},
			"faces": {
				"north": {"uv": [5, 11.5, 5.125, 11.625], "texture": "#0"},
				"east": {"uv": [9, 10, 9.375, 10.125], "texture": "#0"},
				"south": {"uv": [11.5, 5, 11.625, 5.125], "texture": "#0"},
				"west": {"uv": [10, 9, 10.375, 9.125], "texture": "#0"},
				"up": {"uv": [8.625, 10.375, 8.5, 10], "texture": "#0"},
				"down": {"uv": [9.625, 10, 9.5, 10.375], "texture": "#0"}
			}
		},
		{
			"name": "Barrel Base",
			"from": [7.736, 9.36555, -4.255],
			"to": [8.264, 9.47445, -2.836],
			"rotation": {"angle": 0, "axis": "y", "origin": [8, 9.42, -3.575]},
			"faces": {
				"north": {"uv": [5.25, 11.5, 5.375, 11.625], "texture": "#0"},
				"east": {"uv": [10, 9.5, 10.375, 9.625], "texture": "#0"},
				"south": {"uv": [11.5, 5.25, 11.625, 5.375], "texture": "#0"},
				"west": {"uv": [9.75, 10, 10.125, 10.125], "texture": "#0"},
				"up": {"uv": [0.125, 10.625, 0, 10.25], "texture": "#0"},
				"down": {"uv": [0.375, 10.25, 0.25, 10.625], "texture": "#0"}
			}
		},
		{
			"name": "Barrel Base",
			"from": [7.736, 9.36555, -4.255],
			"to": [8.264, 9.47445, -2.836],
			"rotation": {"angle": -22.5, "axis": "z", "origin": [8, 9.42, -3.575]},
			"faces": {
				"north": {"uv": [5.5, 11.5, 5.625, 11.625], "texture": "#0"},
				"east": {"uv": [10, 9.75, 10.375, 9.875], "texture": "#0"},
				"south": {"uv": [11.5, 5.5, 11.625, 5.625], "texture": "#0"},
				"west": {"uv": [0.75, 10.25, 1.125, 10.375], "texture": "#0"},
				"up": {"uv": [1.375, 10.625, 1.25, 10.25], "texture": "#0"},
				"down": {"uv": [1.625, 10.25, 1.5, 10.625], "texture": "#0"}
			}
		},
		{
			"name": "Barrel Base",
			"from": [7.736, 9.36555, -4.255],
			"to": [8.264, 9.47445, -2.836],
			"rotation": {"angle": -45, "axis": "z", "origin": [8, 9.42, -3.575]},
			"faces": {
				"north": {"uv": [5.75, 11.5, 5.875, 11.625], "texture": "#0"},
				"east": {"uv": [10.25, 1, 10.625, 1.125], "texture": "#0"},
				"south": {"uv": [11.5, 5.75, 11.625, 5.875], "texture": "#0"},
				"west": {"uv": [10.25, 1.5, 10.625, 1.625], "texture": "#0"},
				"up": {"uv": [2.375, 10.625, 2.25, 10.25], "texture": "#0"},
				"down": {"uv": [2.625, 10.25, 2.5, 10.625], "texture": "#0"}
			}
		},
		{
			"name": "Barrel Base",
			"from": [7.94555, 9.156, -4.255],
			"to": [8.05445, 9.684, -2.836],
			"rotation": {"angle": 22.5, "axis": "z", "origin": [8, 9.42, -3.575]},
			"faces": {
				"north": {"uv": [6, 11.5, 6.125, 11.625], "texture": "#0"},
				"east": {"uv": [10.25, 1.75, 10.625, 1.875], "texture": "#0"},
				"south": {"uv": [11.5, 6, 11.625, 6.125], "texture": "#0"},
				"west": {"uv": [2.75, 10.25, 3.125, 10.375], "texture": "#0"},
				"up": {"uv": [10.375, 3.375, 10.25, 3], "texture": "#0"},
				"down": {"uv": [3.375, 10.25, 3.25, 10.625], "texture": "#0"}
			}
		},
		{
			"from": [7.6, 10.74581, -1.27807],
			"to": [8.4, 11.03581, -1.17807],
			"rotation": {"angle": 0, "axis": "y", "origin": [8, 10.49081, -2.22807]},
			"faces": {
				"north": {"uv": [10.75, 6.5, 11, 6.625], "texture": "#0"},
				"east": {"uv": [6.25, 11.5, 6.375, 11.625], "texture": "#0"},
				"south": {"uv": [6.75, 10.75, 7, 10.875], "texture": "#0"},
				"west": {"uv": [11.5, 6.25, 11.625, 6.375], "texture": "#0"},
				"up": {"uv": [11, 6.875, 10.75, 6.75], "texture": "#0"},
				"down": {"uv": [7.25, 10.75, 7, 10.875], "texture": "#0"}
			}
		},
		{
			"from": [7.85, 10.86661, 4.43187],
			"to": [8.15, 11.15661, 4.53187],
			"rotation": {"angle": 22.5, "axis": "x", "origin": [8, 11.01161, 4.48187]},
			"faces": {
				"north": {"uv": [6.5, 11.5, 6.625, 11.625], "texture": "#0"},
				"east": {"uv": [11.5, 6.5, 11.625, 6.625], "texture": "#0"},
				"south": {"uv": [6.75, 11.5, 6.875, 11.625], "texture": "#0"},
				"west": {"uv": [11.5, 6.75, 11.625, 6.875], "texture": "#0"},
				"up": {"uv": [7.125, 11.625, 7, 11.5], "texture": "#0"},
				"down": {"uv": [11.625, 7, 11.5, 7.125], "texture": "#0"}
			}
		},
		{
			"from": [7.595, 10.90273, -1.99564],
			"to": [8.405, 11.10273, 11.94436],
			"rotation": {"angle": 0, "axis": "y", "origin": [7.995, 11.05273, 4.41622]},
			"faces": {
				"north": {"uv": [10.75, 7, 11, 7.125], "texture": "#0"},
				"east": {"uv": [6.25, 3.5, 9.75, 3.625], "texture": "#0"},
				"south": {"uv": [7.25, 10.75, 7.5, 10.875], "texture": "#0"},
				"west": {"uv": [6.75, 1, 10.25, 1.125], "texture": "#0"},
				"up": {"uv": [1.25, 5.5, 1, 2], "texture": "#0"},
				"down": {"uv": [1.5, 2, 1.25, 5.5], "texture": "#0"}
			}
		},
		{
			"from": [7.25, 9.36161, 5.57],
			"to": [8.75, 9.96161, 8.21],
			"rotation": {"angle": 0, "axis": "y", "origin": [8.05, 11.01161, 4.48187]},
			"faces": {
				"north": {"uv": [10.25, 3.5, 10.625, 3.625], "texture": "#0"},
				"east": {"uv": [9, 7.25, 9.625, 7.375], "texture": "#0"},
				"south": {"uv": [10.25, 3.75, 10.625, 3.875], "texture": "#0"},
				"west": {"uv": [9, 7.5, 9.625, 7.625], "texture": "#0"},
				"up": {"uv": [8.125, 6.875, 7.75, 6.25], "texture": "#0"},
				"down": {"uv": [7.125, 7.75, 6.75, 8.375], "texture": "#0"}
			}
		},
		{
			"from": [7.175, 9.36161, 18.67],
			"to": [8.825, 9.66161, 19.21],
			"rotation": {"angle": 0, "axis": "y", "origin": [8.225, 11.01161, 4.48187]},
			"faces": {
				"north": {"uv": [10.25, 4, 10.625, 4.125], "texture": "#0"},
				"east": {"uv": [7.25, 11.5, 7.375, 11.625], "texture": "#0"},
				"south": {"uv": [10.25, 4.25, 10.625, 4.375], "texture": "#0"},
				"west": {"uv": [11.5, 7.25, 11.625, 7.375], "texture": "#0"},
				"up": {"uv": [10.625, 4.875, 10.25, 4.75], "texture": "#0"},
				"down": {"uv": [10.625, 5, 10.25, 5.125], "texture": "#0"}
			}
		},
		{
			"from": [7.175, 9.61161, -2.02],
			"to": [8.825, 9.91161, -1.73],
			"rotation": {"angle": 0, "axis": "y", "origin": [8.225, 11.01161, 4.48187]},
			"faces": {
				"north": {"uv": [10.25, 5.25, 10.625, 5.375], "texture": "#0"},
				"east": {"uv": [7.5, 11.5, 7.625, 11.625], "texture": "#0"},
				"south": {"uv": [10.25, 5.5, 10.625, 5.625], "texture": "#0"},
				"west": {"uv": [11.5, 7.5, 11.625, 7.625], "texture": "#0"},
				"up": {"uv": [10.625, 5.875, 10.25, 5.75], "texture": "#0"},
				"down": {"uv": [10.625, 6, 10.25, 6.125], "texture": "#0"}
			}
		},
		{
			"from": [7.85, 11, 4.48],
			"to": [8.15, 11.1, 5.07],
			"rotation": {"angle": 0, "axis": "y", "origin": [8, 11.01161, 4.48187]},
			"faces": {
				"north": {"uv": [7.75, 11.5, 7.875, 11.625], "texture": "#0"},
				"east": {"uv": [11.5, 7.75, 11.625, 7.875], "texture": "#0"},
				"south": {"uv": [8, 11.5, 8.125, 11.625], "texture": "#0"},
				"west": {"uv": [11.5, 8, 11.625, 8.125], "texture": "#0"},
				"up": {"uv": [8.375, 11.625, 8.25, 11.5], "texture": "#0"},
				"down": {"uv": [11.625, 8.25, 11.5, 8.375], "texture": "#0"}
			}
		},
		{
			"from": [7.85, 11, 10.48],
			"to": [8.15, 11.1, 11.82],
			"rotation": {"angle": 0, "axis": "y", "origin": [8, 11.01161, 4.48187]},
			"faces": {
				"north": {"uv": [8.5, 11.5, 8.625, 11.625], "texture": "#0"},
				"east": {"uv": [10.25, 6.5, 10.625, 6.625], "texture": "#0"},
				"south": {"uv": [11.5, 8.5, 11.625, 8.625], "texture": "#0"},
				"west": {"uv": [6.75, 10.25, 7.125, 10.375], "texture": "#0"},
				"up": {"uv": [3.625, 10.625, 3.5, 10.25], "texture": "#0"},
				"down": {"uv": [5.875, 10.25, 5.75, 10.625], "texture": "#0"}
			}
		},
		{
			"from": [7.85, 11.23348, 4.73187],
			"to": [8.15, 11.42348, 4.83187],
			"rotation": {"angle": 45, "axis": "x", "origin": [8, 11.01161, 4.48187]},
			"faces": {
				"north": {"uv": [8.75, 11.5, 8.875, 11.625], "texture": "#0"},
				"east": {"uv": [11.5, 8.75, 11.625, 8.875], "texture": "#0"},
				"south": {"uv": [9, 11.5, 9.125, 11.625], "texture": "#0"},
				"west": {"uv": [11.5, 9, 11.625, 9.125], "texture": "#0"},
				"up": {"uv": [9.375, 11.625, 9.25, 11.5], "texture": "#0"},
				"down": {"uv": [11.625, 9.25, 11.5, 9.375], "texture": "#0"}
			}
		},
		{
			"from": [8.2, 12.27141, 10.48124],
			"to": [8.4, 12.97141, 11.02124],
			"rotation": {"angle": 0, "axis": "y", "origin": [8, 12.87141, 10.72624]},
			"faces": {
				"north": {"uv": [9.5, 11.5, 9.625, 11.625], "texture": "#0"},
				"east": {"uv": [11.5, 9.5, 11.625, 9.625], "texture": "#0"},
				"south": {"uv": [9.75, 11.5, 9.875, 11.625], "texture": "#0"},
				"west": {"uv": [11.5, 9.75, 11.625, 9.875], "texture": "#0"},
				"up": {"uv": [10.125, 11.625, 10, 11.5], "texture": "#0"},
				"down": {"uv": [11.625, 10, 11.5, 10.125], "texture": "#0"}
			}
		},
		{
			"from": [7.6, 12.27141, 10.48124],
			"to": [7.8, 12.97141, 11.02124],
			"rotation": {"angle": 0, "axis": "y", "origin": [8, 12.87141, 10.72624]},
			"faces": {
				"north": {"uv": [10.25, 11.5, 10.375, 11.625], "texture": "#0"},
				"east": {"uv": [11.5, 10.25, 11.625, 10.375], "texture": "#0"},
				"south": {"uv": [10.5, 11.5, 10.625, 11.625], "texture": "#0"},
				"west": {"uv": [11.5, 10.5, 11.625, 10.625], "texture": "#0"},
				"up": {"uv": [10.875, 11.625, 10.75, 11.5], "texture": "#0"},
				"down": {"uv": [11.625, 10.75, 11.5, 10.875], "texture": "#0"}
			}
		},
		{
			"from": [7.85, 12.27141, 10.48124],
			"to": [7.9, 12.87141, 11.02124],
			"rotation": {"angle": 0, "axis": "y", "origin": [8, 12.87141, 10.72624]},
			"faces": {
				"north": {"uv": [11, 11.5, 11.125, 11.625], "texture": "#0"},
				"east": {"uv": [11.5, 11, 11.625, 11.125], "texture": "#0"},
				"south": {"uv": [11.25, 11.5, 11.375, 11.625], "texture": "#0"},
				"west": {"uv": [11.5, 11.25, 11.625, 11.375], "texture": "#0"},
				"up": {"uv": [11.625, 11.625, 11.5, 11.5], "texture": "#0"},
				"down": {"uv": [0.125, 11.75, 0, 11.875], "texture": "#0"}
			}
		},
		{
			"from": [8.1, 12.27141, 10.48124],
			"to": [8.15, 12.87141, 11.02124],
			"rotation": {"angle": 0, "axis": "y", "origin": [8.05, 12.87141, 10.72624]},
			"faces": {
				"north": {"uv": [11.75, 0, 11.875, 0.125], "texture": "#0"},
				"east": {"uv": [0.25, 11.75, 0.375, 11.875], "texture": "#0"},
				"south": {"uv": [11.75, 0.25, 11.875, 0.375], "texture": "#0"},
				"west": {"uv": [0.5, 11.75, 0.625, 11.875], "texture": "#0"},
				"up": {"uv": [11.875, 0.625, 11.75, 0.5], "texture": "#0"},
				"down": {"uv": [0.875, 11.75, 0.75, 11.875], "texture": "#0"}
			}
		},
		{
			"from": [7.9, 12.82141, 10.48124],
			"to": [8.1, 12.87141, 11.02124],
			"rotation": {"angle": 0, "axis": "y", "origin": [8.1, 12.62141, 10.75124]},
			"faces": {
				"north": {"uv": [11.75, 0.75, 11.875, 0.875], "texture": "#0"},
				"east": {"uv": [1, 11.75, 1.125, 11.875], "texture": "#0"},
				"south": {"uv": [11.75, 1, 11.875, 1.125], "texture": "#0"},
				"west": {"uv": [1.25, 11.75, 1.375, 11.875], "texture": "#0"},
				"up": {"uv": [11.875, 1.375, 11.75, 1.25], "texture": "#0"},
				"down": {"uv": [1.625, 11.75, 1.5, 11.875], "texture": "#0"}
			}
		},
		{
			"from": [8.2, 12.27141, 10.48124],
			"to": [8.4, 12.47141, 11.12124],
			"rotation": {"angle": 0, "axis": "y", "origin": [8, 12.87141, 10.72624]},
			"faces": {
				"north": {"uv": [11.75, 1.5, 11.875, 1.625], "texture": "#0"},
				"east": {"uv": [1.75, 11.75, 1.875, 11.875], "texture": "#0"},
				"south": {"uv": [11.75, 1.75, 11.875, 1.875], "texture": "#0"},
				"west": {"uv": [2, 11.75, 2.125, 11.875], "texture": "#0"},
				"up": {"uv": [11.875, 2.125, 11.75, 2], "texture": "#0"},
				"down": {"uv": [2.375, 11.75, 2.25, 11.875], "texture": "#0"}
			}
		},
		{
			"from": [7.025, 4.53, 5.6],
			"to": [8.975, 8.93, 7.44],
			"rotation": {"angle": 0, "axis": "y", "origin": [8.125, 0, -0.4]},
			"faces": {
				"north": {"uv": [5, 1, 5.5, 2.125], "texture": "#0"},
				"east": {"uv": [2.5, 5, 3, 6.125], "texture": "#0"},
				"south": {"uv": [5, 3.75, 5.5, 4.875], "texture": "#0"},
				"west": {"uv": [5, 5, 5.5, 6.125], "texture": "#0"},
				"up": {"uv": [5.5, 7.5, 5, 7], "texture": "#0"},
				"down": {"uv": [6, 7, 5.5, 7.5], "texture": "#0"}
			}
		},
		{
			"from": [8.54801, 7.89915, 5.6],
			"to": [10.49801, 8.29915, 7.44],
			"rotation": {"angle": -45, "axis": "z", "origin": [9.52301, 8.09915, 6.87]},
			"faces": {
				"north": {"uv": [1.75, 9.5, 2.25, 9.625], "texture": "#0"},
				"east": {"uv": [9.5, 2, 10, 2.125], "texture": "#0"},
				"south": {"uv": [2.25, 9.5, 2.75, 9.625], "texture": "#0"},
				"west": {"uv": [9.5, 2.25, 10, 2.375], "texture": "#0"},
				"up": {"uv": [7.75, 4.25, 7.25, 3.75], "texture": "#0"},
				"down": {"uv": [7.75, 4.25, 7.25, 4.75], "texture": "#0"}
			}
		},
		{
			"from": [5.95386, 5.60114, 5.6],
			"to": [10.35386, 7.55114, 7.44],
			"rotation": {"angle": 0, "axis": "y", "origin": [10.15386, 6.57614, 6.87]},
			"faces": {
				"north": {"uv": [3.25, 1, 4.375, 1.5], "texture": "#0"},
				"east": {"uv": [7.25, 6.25, 7.75, 6.75], "texture": "#0"},
				"south": {"uv": [3.25, 1.5, 4.375, 2], "texture": "#0"},
				"west": {"uv": [6.75, 7.25, 7.25, 7.75], "texture": "#0"},
				"up": {"uv": [6.125, 2.75, 5, 2.25], "texture": "#0"},
				"down": {"uv": [6.625, 1, 5.5, 1.5], "texture": "#0"}
			}
		},
		{
			"from": [7.6, 6.20114, 5.5],
			"to": [8.4, 7.00114, 7.34],
			"rotation": {"angle": 0, "axis": "y", "origin": [9.8, 6.57614, 6.87]},
			"faces": {
				"north": {"uv": [9.5, 2.5, 9.75, 2.75], "texture": "#0"},
				"east": {"uv": [4.25, 8.5, 4.75, 8.75], "texture": "#0"},
				"south": {"uv": [9.5, 2.75, 9.75, 3], "texture": "#0"},
				"west": {"uv": [4.75, 8.5, 5.25, 8.75], "texture": "#0"},
				"up": {"uv": [5.5, 9, 5.25, 8.5], "texture": "#0"},
				"down": {"uv": [8.75, 5.25, 8.5, 5.75], "texture": "#0"}
			}
		},
		{
			"from": [5.32301, 4.07813, 5.6],
			"to": [9.72301, 6.02813, 7.44],
			"rotation": {"angle": -45, "axis": "z", "origin": [9.52301, 5.05313, 6.87]},
			"faces": {
				"north": {"uv": [5.5, 1.5, 6.625, 2], "texture": "#0"},
				"east": {"uv": [7.25, 6.75, 7.75, 7.25], "texture": "#0"},
				"south": {"uv": [5.5, 3.75, 6.625, 4.25], "texture": "#0"},
				"west": {"uv": [7.25, 7.25, 7.75, 7.75], "texture": "#0"},
				"up": {"uv": [6.625, 4.75, 5.5, 4.25], "texture": "#0"},
				"down": {"uv": [6.625, 4.75, 5.5, 5.25], "texture": "#0"}
			}
		},
		{
			"from": [5.50199, 4.85313, 5.6],
			"to": [7.45199, 9.25313, 7.44],
			"rotation": {"angle": -45, "axis": "z", "origin": [6.47699, 5.05313, 6.87]},
			"faces": {
				"north": {"uv": [1, 5.5, 1.5, 6.625], "texture": "#0"},
				"east": {"uv": [4.5, 5.5, 5, 6.625], "texture": "#0"},
				"south": {"uv": [5.5, 5.25, 6, 6.375], "texture": "#0"},
				"west": {"uv": [3, 5.75, 3.5, 6.875], "texture": "#0"},
				"up": {"uv": [1, 8, 0.5, 7.5], "texture": "#0"},
				"down": {"uv": [8, 2, 7.5, 2.5], "texture": "#0"}
			}
		},
		{
			"from": [7.025, 4.22228, 5.6],
			"to": [8.975, 4.62228, 7.44],
			"rotation": {"angle": 0, "axis": "y", "origin": [8, 4.42228, 6.87]},
			"faces": {
				"north": {"uv": [9.5, 3, 10, 3.125], "texture": "#0"},
				"east": {"uv": [9.5, 3.25, 10, 3.375], "texture": "#0"},
				"south": {"uv": [4.25, 9.5, 4.75, 9.625], "texture": "#0"},
				"west": {"uv": [9.5, 4.5, 10, 4.625], "texture": "#0"},
				"up": {"uv": [3, 8, 2.5, 7.5], "texture": "#0"},
				"down": {"uv": [8, 2.5, 7.5, 3], "texture": "#0"}
			}
		},
		{
			"from": [5.64614, 5.60114, 5.6],
			"to": [6.04614, 7.55114, 7.44],
			"rotation": {"angle": 0, "axis": "y", "origin": [5.84614, 6.57614, 6.87]},
			"faces": {
				"north": {"uv": [4.75, 9.5, 4.875, 10], "texture": "#0"},
				"east": {"uv": [7.5, 3, 8, 3.5], "texture": "#0"},
				"south": {"uv": [9.5, 4.75, 9.625, 5.25], "texture": "#0"},
				"west": {"uv": [5, 7.5, 5.5, 8], "texture": "#0"},
				"up": {"uv": [5.125, 10, 5, 9.5], "texture": "#0"},
				"down": {"uv": [9.625, 5.25, 9.5, 5.75], "texture": "#0"}
			}
		},
		{
			"from": [5.50199, 7.89915, 5.6],
			"to": [7.45199, 8.29915, 7.44],
			"rotation": {"angle": 45, "axis": "z", "origin": [6.47699, 8.09915, 6.87]},
			"faces": {
				"north": {"uv": [5.5, 9.5, 6, 9.625], "texture": "#0"},
				"east": {"uv": [9.5, 5.75, 10, 5.875], "texture": "#0"},
				"south": {"uv": [9.5, 6, 10, 6.125], "texture": "#0"},
				"west": {"uv": [9.5, 6.25, 10, 6.375], "texture": "#0"},
				"up": {"uv": [6, 8, 5.5, 7.5], "texture": "#0"},
				"down": {"uv": [1.5, 7.75, 1, 8.25], "texture": "#0"}
			}
		},
		{
			"from": [7.025, 4.53, 7.45],
			"to": [8.975, 8.93, 7.89],
			"rotation": {"angle": 0, "axis": "y", "origin": [8.125, 0, -0.15]},
			"faces": {
				"north": {"uv": [3.5, 5.75, 4, 6.875], "texture": "#0"},
				"east": {"uv": [7.25, 8, 7.375, 9.125], "texture": "#0"},
				"south": {"uv": [6, 5.25, 6.5, 6.375], "texture": "#0"},
				"west": {"uv": [7.5, 8, 7.625, 9.125], "texture": "#0"},
				"up": {"uv": [10, 6.625, 9.5, 6.5], "texture": "#0"},
				"down": {"uv": [10, 6.75, 9.5, 6.875], "texture": "#0"}
			}
		},
		{
			"from": [8.54801, 7.89915, 7.45],
			"to": [10.49801, 8.29915, 7.89],
			"rotation": {"angle": -45, "axis": "z", "origin": [9.52301, 8.09915, 7.12]},
			"faces": {
				"north": {"uv": [9.5, 7, 10, 7.125], "texture": "#0"},
				"east": {"uv": [11.75, 2.25, 11.875, 2.375], "texture": "#0"},
				"south": {"uv": [9.5, 7.75, 10, 7.875], "texture": "#0"},
				"west": {"uv": [2.5, 11.75, 2.625, 11.875], "texture": "#0"},
				"up": {"uv": [10, 8.125, 9.5, 8], "texture": "#0"},
				"down": {"uv": [10, 8.25, 9.5, 8.375], "texture": "#0"}
			}
		},
		{
			"from": [5.95386, 5.60114, 7.45],
			"to": [10.35386, 7.55114, 7.89],
			"rotation": {"angle": 0, "axis": "y", "origin": [10.15386, 6.57614, 7.12]},
			"faces": {
				"north": {"uv": [6.25, 2, 7.375, 2.5], "texture": "#0"},
				"east": {"uv": [6, 9.5, 6.125, 10], "texture": "#0"},
				"south": {"uv": [6.25, 2.5, 7.375, 3], "texture": "#0"},
				"west": {"uv": [9.5, 8.5, 9.625, 9], "texture": "#0"},
				"up": {"uv": [9.125, 5.875, 8, 5.75], "texture": "#0"},
				"down": {"uv": [9.125, 6, 8, 6.125], "texture": "#0"}
			}
		},
		{
			"from": [5.32301, 4.07813, 7.45],
			"to": [9.72301, 6.02813, 7.89],
			"rotation": {"angle": -45, "axis": "z", "origin": [9.52301, 5.05313, 7.12]},
			"faces": {
				"north": {"uv": [6.25, 3, 7.375, 3.5], "texture": "#0"},
				"east": {"uv": [9, 9.5, 9.125, 10], "texture": "#0"},
				"south": {"uv": [5, 6.5, 6.125, 7], "texture": "#0"},
				"west": {"uv": [9.25, 9.5, 9.375, 10], "texture": "#0"},
				"up": {"uv": [8.875, 8.125, 7.75, 8], "texture": "#0"},
				"down": {"uv": [9.125, 7.75, 8, 7.875], "texture": "#0"}
			}
		},
		{
			"from": [5.50199, 4.85313, 7.45],
			"to": [7.45199, 9.25313, 7.89],
			"rotation": {"angle": -45, "axis": "z", "origin": [6.47699, 5.05313, 7.12]},
			"faces": {
				"north": {"uv": [0.5, 6.25, 1, 7.375], "texture": "#0"},
				"east": {"uv": [1, 8.25, 1.125, 9.375], "texture": "#0"},
				"south": {"uv": [2.5, 6.25, 3, 7.375], "texture": "#0"},
				"west": {"uv": [1.25, 8.25, 1.375, 9.375], "texture": "#0"},
				"up": {"uv": [10, 9.125, 9.5, 9], "texture": "#0"},
				"down": {"uv": [10, 9.5, 9.5, 9.625], "texture": "#0"}
			}
		},
		{
			"from": [7.025, 4.22228, 7.45],
			"to": [8.975, 4.62228, 7.89],
			"rotation": {"angle": 0, "axis": "y", "origin": [8, 4.42228, 7.12]},
			"faces": {
				"north": {"uv": [0.25, 9.75, 0.75, 9.875], "texture": "#0"},
				"east": {"uv": [11.75, 2.5, 11.875, 2.625], "texture": "#0"},
				"south": {"uv": [1, 9.75, 1.5, 9.875], "texture": "#0"},
				"west": {"uv": [2.75, 11.75, 2.875, 11.875], "texture": "#0"},
				"up": {"uv": [10.25, 1.625, 9.75, 1.5], "texture": "#0"},
				"down": {"uv": [2.25, 9.75, 1.75, 9.875], "texture": "#0"}
			}
		},
		{
			"from": [5.64614, 5.60114, 7.45],
			"to": [6.04614, 7.55114, 7.89],
			"rotation": {"angle": 0, "axis": "y", "origin": [5.84614, 6.57614, 7.12]},
			"faces": {
				"north": {"uv": [2.25, 9.75, 2.375, 10.25], "texture": "#0"},
				"east": {"uv": [2.5, 9.75, 2.625, 10.25], "texture": "#0"},
				"south": {"uv": [9.75, 2.5, 9.875, 3], "texture": "#0"},
				"west": {"uv": [2.75, 9.75, 2.875, 10.25], "texture": "#0"},
				"up": {"uv": [11.875, 2.875, 11.75, 2.75], "texture": "#0"},
				"down": {"uv": [3.125, 11.75, 3, 11.875], "texture": "#0"}
			}
		},
		{
			"from": [5.50199, 7.89915, 7.45],
			"to": [7.45199, 8.29915, 7.89],
			"rotation": {"angle": 45, "axis": "z", "origin": [6.47699, 8.09915, 7.12]},
			"faces": {
				"north": {"uv": [9.75, 1.75, 10.25, 1.875], "texture": "#0"},
				"east": {"uv": [11.75, 3, 11.875, 3.125], "texture": "#0"},
				"south": {"uv": [3, 9.75, 3.5, 9.875], "texture": "#0"},
				"west": {"uv": [3.25, 11.75, 3.375, 11.875], "texture": "#0"},
				"up": {"uv": [10.25, 3.625, 9.75, 3.5], "texture": "#0"},
				"down": {"uv": [10.25, 3.75, 9.75, 3.875], "texture": "#0"}
			}
		}
	],
	"gui_light": "front",
	"display": {
		"thirdperson_righthand": {
			"translation": [0, 0, -0.5],
			"scale": [0.7, 0.7, 0.7]
		},
		"thirdperson_lefthand": {
			"translation": [0, 0, -0.5],
			"scale": [0.7, 0.7, 0.7]
		},
		"firstperson_righthand": {
			"translation": [-8.98, 1.25, 0.25],
			"scale": [-1.3, 1.3, 1]
		},
		"firstperson_lefthand": {
			"translation": [-8.98, 1.25, 0.25],
			"scale": [-1.3, 1.3, 1]
		},
		"ground": {
			"rotation": [0, 0, 90],
			"translation": [0, 2, 0],
			"scale": [0.9, 0.9, 0.9]
		},
		"gui": {
			"rotation": [-84, 130, 90],
			"translation": [-0.5, -0.75, 0],
			"scale": [0.7, 0.7, 0.7]
		},
		"head": {
			"translation": [0, 4.5, 0]
		},
		"fixed": {
			"rotation": [0, 90, 0],
			"translation": [0, 0, -2.25],
			"scale": [1.2, 1.2, 1.2]
		}
	},
	"groups": [
		{
			"name": "Outside Cover",
			"origin": [0.5, 8.09013, 13.69984],
			"color": 0,
			"children": [0, 1, 2, 3, 4, 5, 6, 7, 8, 9, 10, 11, 12, 13, 14, 15, 16]
		},
		{
			"name": "Rubber Butt",
			"origin": [0.5, 6.35678, 19.78033],
			"color": 0,
			"children": [17, 18, 19, 20, 21, 22]
		},
		{
			"name": "Grips",
			"origin": [0.5, 6.35678, 19.78033],
			"color": 0,
			"children": [23, 24, 25]
		},
		{
			"name": "Handle",
			"origin": [0, 0.38, -0.65],
			"color": 0,
			"children": [26, 27, 28, 29, 30, 31, 32, 33, 34, 35, 36, 37, 38, 39, 40, 41, 42, 43, 44, 45, 46, 47, 48, 49, 50, 51, 52]
		},
		{
			"name": "Metal Handle Frame",
			"origin": [8, 8, 8],
			"color": 0,
			"children": [53, 54, 55, 56, 57, 58, 59, 60, 61, 62]
		},
		{
			"name": "Metal Bits",
			"origin": [8, 6.11848, 9.12328],
			"color": 0,
			"children": [
				63,
				64,
				65,
				66,
				67,
				68,
				69,
				70,
				71,
				72,
				73,
				74,
				75,
				76,
				77,
				78,
				79,
				80,
				81,
				82,
				83,
				84,
				85,
				86,
				87,
				88,
				89,
				{
					"name": "Barrel",
					"origin": [8, 11.675, -2.95],
					"color": 0,
					"children": [
						90,
						91,
						92,
						93,
						94,
						{
							"name": "group",
							"origin": [8, 9.42, -3.175],
							"color": 0,
							"children": [95, 96, 97, 98, 99, 100, 101, 102]
						},
						{
							"name": "group",
							"origin": [8, 9.42, -3.175],
							"color": 0,
							"children": [103, 104, 105, 106, 107, 108, 109, 110]
						}
					]
				},
				111,
				112,
				113,
				114,
				115,
				116,
				117,
				118,
				119,
				120,
				121,
				122,
				123,
				124,
				125
			]
		},
		{
			"name": "Drum",
			"origin": [8.125, 0, -0.4],
			"color": 0,
			"children": [126, 127, 128, 129, 130, 131, 132, 133, 134]
		},
		{
			"name": "Drum Inner",
			"origin": [8.125, 0, -0.4],
			"color": 0,
			"children": [135, 136, 137, 138, 139, 140, 141, 142]
		}
	]
}