{
    "providers": [
        {"type": "bitmap", "file": "minecraft:gui/airdrop.png","ascent": 8,"height": 10,"chars": ["\uEff1"]},
        {"type": "bitmap", "file": "minecraft:gui/pixel.png","ascent": -2000,"height": -3,"chars": ["七"]},
        {"type": "bitmap", "file": "minecraft:gui/battlepass.png","ascent": 13,"height": 139,"chars": ["ㇺ"]},
        {"type": "bitmap", "file": "minecraft:gui/fabricator.png","ascent": 13,"height": 139,"chars": ["字"]},
        {"type": "bitmap", "file": "minecraft:gui/machine_upgrades.png","ascent": 13,"height": 139,"chars": ["汉"]},
        {"type": "bitmap", "file": "minecraft:gui/garden_cloche.png","ascent": 13,"height": 139,"chars": ["在"]},
        {"type": "bitmap", "file": "minecraft:gui/prismarin-chat-logo.png","ascent": 8,"height": 8,"chars": ["字"]},
        { "type": "bitmap", "file": "minecraft:ranks/Admin.png", "ascent": 7, "height": 7, "chars": [ "我" ] },
        { "type": "bitmap", "file": "minecraft:ranks/Dev.png", "ascent": 7, "height": 7, "chars": [ "的" ] },
        { "type": "bitmap", "file": "minecraft:ranks/Builder.png", "ascent": 7, "height": 7, "chars": [ "你" ] },
        { "type": "bitmap", "file": "minecraft:ranks/srmod.png", "ascent": 7, "height": 7, "chars": [ "是" ] },
        { "type": "bitmap", "file": "minecraft:ranks/mod.png", "ascent": 7, "height": 7, "chars": [ "了" ] },
        { "type": "bitmap", "file": "minecraft:ranks/jrmod.png", "ascent": 7, "height": 7, "chars": [ "不" ] },
        { "type": "bitmap", "file": "minecraft:ranks/Entertainer.png", "ascent": 7, "height": 7, "chars": [ "们" ] },
        { "type": "bitmap", "file": "minecraft:ranks/predator.png", "ascent": 7, "height": 7, "chars": [ "这" ] },
        { "type": "bitmap", "file": "minecraft:ranks/rogue.png", "ascent": 7, "height": 7, "chars": [ "一" ] },
        { "type": "bitmap", "file": "minecraft:ranks/runner.png", "ascent": 7, "height": 7, "chars": [ "他" ] },
        { "type": "bitmap", "file": "minecraft:ranks/scouter.png", "ascent": 7, "height": 7, "chars": [ "么" ] },
        { "type": "bitmap", "file": "minecraft:ranks/recruit.png", "ascent": 7, "height": 7, "chars": [ "现" ] },
        { "type": "bitmap", "file": "minecraft:ranks/prismarin.png", "ascent": 7, "height": 7, "chars": [ "下" ] }
    ]
}