{
    "providers": [
        { "type": "bitmap", "file": "minecraft:gui/ranks/admin.png", "ascent": 7, "height": 7, "chars": [ "我" ] },
        { "type": "bitmap", "file": "minecraft:gui/ranks/dev.png", "ascent": 7, "height": 7, "chars": [ "的" ] },
        { "type": "bitmap", "file": "minecraft:gui/ranks/builder.png", "ascent": 7, "height": 7, "chars": [ "你" ] },
        { "type": "bitmap", "file": "minecraft:gui/ranks/srmod.png", "ascent": 7, "height": 7, "chars": [ "是" ] },
        { "type": "bitmap", "file": "minecraft:gui/ranks/mod.png", "ascent": 7, "height": 7, "chars": [ "了" ] },
        { "type": "bitmap", "file": "minecraft:gui/ranks/jrmod.png", "ascent": 7, "height": 7, "chars": [ "不" ] },
        { "type": "bitmap", "file": "minecraft:gui/ranks/entertainer.png", "ascent": 7, "height": 7, "chars": [ "人" ] },
        { "type": "bitmap", "file": "minecraft:gui/ranks/predator.png", "ascent": 7, "height": 7, "chars": [ "这" ] },
        { "type": "bitmap", "file": "minecraft:gui/ranks/rogue.png", "ascent": 7, "height": 7, "chars": [ "一" ] },
        { "type": "bitmap", "file": "minecraft:gui/ranks/runner.png", "ascent": 7, "height": 7, "chars": [ "他" ] },
        { "type": "bitmap", "file": "minecraft:gui/ranks/scouter.png", "ascent": 7, "height": 7, "chars": [ "么" ] },
        { "type": "bitmap", "file": "minecraft:gui/ranks/recruit.png", "ascent": 7, "height": 7, "chars": [ "现" ] },
        { "type": "bitmap", "file": "minecraft:gui/ranks/prismarin.png", "ascent": 7, "height": 7, "chars": [ "下" ] },

        {"type": "bitmap", "file": "minecraft:gui/airdrop.png","ascent": 8,"height": 10,"chars": ["\uEff1"]},
        {"type": "bitmap", "file": "minecraft:gui/pixel.png","ascent": -2000,"height": -3,"chars": ["七"]},
        {"type": "bitmap", "file": "minecraft:gui/battlepass.png","ascent": 13,"height": 139,"chars": ["ㇺ"]},

        {"type": "bitmap", "file": "minecraft:gui/fabricator.png","ascent": 13,"height": 139,"chars": ["字"]},
        {"type": "bitmap", "file": "minecraft:gui/generator.png","ascent": 13,"height": 139,"chars": ["起"]},
        {"type": "bitmap", "file": "minecraft:gui/machine_upgrades.png","ascent": 13,"height": 139,"chars": ["汉"]},
        {"type": "bitmap", "file": "minecraft:gui/garden_cloche.png","ascent": 13,"height": 139,"chars": ["在"]},

        { "type": "bitmap", "file": "minecraft:gui/minigames.png", "ascent": 37, "height": 150, "chars": [ "十" ] },
        { "type": "bitmap", "file": "minecraft:gui/loadout.png", "ascent": 37, "height": 150, "chars": [ "日" ] },

        { "type": "bitmap", "file": "minecraft:gui/perks/escape.png", "ascent": 37, "height": 150, "chars": [ "败" ] },
        { "type": "bitmap", "file": "minecraft:gui/perks/expert.png", "ascent": 37, "height": 150, "chars": [ "敗" ] },
        { "type": "bitmap", "file": "minecraft:gui/perks/deadeye.png", "ascent": 37, "height": 150, "chars": [ "折" ] },
        { "type": "bitmap", "file": "minecraft:gui/perks/fast_hands.png", "ascent": 37, "height": 150, "chars": [ "象" ] },
        { "type": "bitmap", "file": "minecraft:gui/perks/fortify.png", "ascent": 37, "height": 150, "chars": [ "子" ] },

        { "type": "bitmap", "file": "minecraft:gui/tracers.png", "ascent": 45, "height": 139, "chars": [ "见" ] },
        { "type": "bitmap", "file": "minecraft:gui/hardpoint.png", "ascent": 45, "height": 139, "chars": [ "以" ] }
    ]
}
