{
	"credit": "Made by Aiden (feignedmars4438 on discord)",
	"texture_size": [64, 64],
	"textures": {
		"0": "item/rods/advanced/advanced",
		"particle": "item/rods/advanced/advanced"
	},
	"elements": [
		{
			"name": "hexadecagon",
			"from": [7.4, 0, 7.88065],
			"to": [8.6, 0.5, 8.11935],
			"rotation": {"angle": -45, "axis": "y", "origin": [8, 1, 8]},
			"faces": {
				"north": {"uv": [4.25, 1, 4.5625, 1.125], "texture": "#0"},
				"east": {"uv": [5.5, 7.25, 5.5625, 7.375], "texture": "#0"},
				"south": {"uv": [4.25, 1.25, 4.5625, 1.375], "texture": "#0"},
				"west": {"uv": [7.25, 5.5, 7.3125, 5.625], "texture": "#0"},
				"up": {"uv": [7.0625, 4.8125, 6.75, 4.75], "texture": "#0"},
				"down": {"uv": [7.0625, 5, 6.75, 5.0625], "texture": "#0"}
			}
		},
		{
			"name": "hexadecagon",
			"from": [7.4, 0, 7.88065],
			"to": [8.6, 0.5, 8.11935],
			"rotation": {"angle": -22.5, "axis": "y", "origin": [8, 1, 8]},
			"faces": {
				"north": {"uv": [0.5, 5.25, 0.8125, 5.375], "texture": "#0"},
				"east": {"uv": [5.75, 7.25, 5.8125, 7.375], "texture": "#0"},
				"south": {"uv": [5.25, 2, 5.5625, 2.125], "texture": "#0"},
				"west": {"uv": [7.25, 5.75, 7.3125, 5.875], "texture": "#0"},
				"up": {"uv": [7.0625, 5.3125, 6.75, 5.25], "texture": "#0"},
				"down": {"uv": [7.0625, 5.5, 6.75, 5.5625], "texture": "#0"}
			}
		},
		{
			"name": "hexadecagon",
			"from": [7.4, 0, 7.88065],
			"to": [8.6, 0.5, 8.11935],
			"rotation": {"angle": 0, "axis": "y", "origin": [8, 1, 8]},
			"faces": {
				"north": {"uv": [5.25, 2.25, 5.5625, 2.375], "texture": "#0"},
				"east": {"uv": [6, 7.25, 6.0625, 7.375], "texture": "#0"},
				"south": {"uv": [5.25, 2.5, 5.5625, 2.625], "texture": "#0"},
				"west": {"uv": [7.25, 6, 7.3125, 6.125], "texture": "#0"},
				"up": {"uv": [7.0625, 5.8125, 6.75, 5.75], "texture": "#0"},
				"down": {"uv": [6.8125, 6.75, 6.5, 6.8125], "texture": "#0"}
			}
		},
		{
			"name": "hexadecagon",
			"from": [7.4, 0, 7.88065],
			"to": [8.6, 0.5, 8.11935],
			"rotation": {"angle": 22.5, "axis": "y", "origin": [8, 1, 8]},
			"faces": {
				"north": {"uv": [5.25, 2.75, 5.5625, 2.875], "texture": "#0"},
				"east": {"uv": [6.25, 7.25, 6.3125, 7.375], "texture": "#0"},
				"south": {"uv": [5.25, 3, 5.5625, 3.125], "texture": "#0"},
				"west": {"uv": [7.25, 6.25, 7.3125, 6.375], "texture": "#0"},
				"up": {"uv": [7.3125, 0.0625, 7, 0], "texture": "#0"},
				"down": {"uv": [0.5625, 7, 0.25, 7.0625], "texture": "#0"}
			}
		},
		{
			"name": "hexadecagon",
			"from": [7.4, 0, 7.88065],
			"to": [8.6, 0.5, 8.11935],
			"rotation": {"angle": 45, "axis": "y", "origin": [8, 1, 8]},
			"faces": {
				"north": {"uv": [5.25, 3.25, 5.5625, 3.375], "texture": "#0"},
				"east": {"uv": [6.5, 7.25, 6.5625, 7.375], "texture": "#0"},
				"south": {"uv": [5.25, 3.5, 5.5625, 3.625], "texture": "#0"},
				"west": {"uv": [7.25, 6.5, 7.3125, 6.625], "texture": "#0"},
				"up": {"uv": [7.3125, 0.3125, 7, 0.25], "texture": "#0"},
				"down": {"uv": [7.3125, 0.5, 7, 0.5625], "texture": "#0"}
			}
		},
		{
			"name": "hexadecagon",
			"from": [7.88065, 0, 7.4],
			"to": [8.11935, 0.5, 8.6],
			"rotation": {"angle": -22.5, "axis": "y", "origin": [8, 1, 8]},
			"faces": {
				"north": {"uv": [6.75, 7.25, 6.8125, 7.375], "texture": "#0"},
				"east": {"uv": [5.25, 3.75, 5.5625, 3.875], "texture": "#0"},
				"south": {"uv": [7.25, 6.75, 7.3125, 6.875], "texture": "#0"},
				"west": {"uv": [5.25, 4, 5.5625, 4.125], "texture": "#0"},
				"up": {"uv": [0.8125, 7.3125, 0.75, 7], "texture": "#0"},
				"down": {"uv": [7.0625, 0.75, 7, 1.0625], "texture": "#0"}
			}
		},
		{
			"name": "hexadecagon",
			"from": [7.88065, 0, 7.4],
			"to": [8.11935, 0.5, 8.6],
			"rotation": {"angle": 0, "axis": "y", "origin": [8, 1, 8]},
			"faces": {
				"north": {"uv": [7, 7.25, 7.0625, 7.375], "texture": "#0"},
				"east": {"uv": [5.25, 4.25, 5.5625, 4.375], "texture": "#0"},
				"south": {"uv": [7.25, 7, 7.3125, 7.125], "texture": "#0"},
				"west": {"uv": [5.25, 4.5, 5.5625, 4.625], "texture": "#0"},
				"up": {"uv": [1.3125, 7.3125, 1.25, 7], "texture": "#0"},
				"down": {"uv": [7.0625, 1.25, 7, 1.5625], "texture": "#0"}
			}
		},
		{
			"name": "hexadecagon",
			"from": [7.88065, 0, 7.4],
			"to": [8.11935, 0.5, 8.6],
			"rotation": {"angle": 22.5, "axis": "y", "origin": [8, 1, 8]},
			"faces": {
				"north": {"uv": [7.25, 7.25, 7.3125, 7.375], "texture": "#0"},
				"east": {"uv": [5.25, 4.75, 5.5625, 4.875], "texture": "#0"},
				"south": {"uv": [7.5, 0, 7.5625, 0.125], "texture": "#0"},
				"west": {"uv": [5.25, 5, 5.5625, 5.125], "texture": "#0"},
				"up": {"uv": [1.5625, 7.3125, 1.5, 7], "texture": "#0"},
				"down": {"uv": [1.8125, 7, 1.75, 7.3125], "texture": "#0"}
			}
		},
		{
			"name": "hexadecagon",
			"from": [7.49, 0.5, 7.89855],
			"to": [8.51, 4, 8.10145],
			"rotation": {"angle": -45, "axis": "y", "origin": [8, 1.5, 8]},
			"faces": {
				"north": {"uv": [0, 0, 0.25, 0.875], "texture": "#0"},
				"east": {"uv": [4.25, 0, 4.3125, 0.875], "texture": "#0"},
				"south": {"uv": [0.25, 0, 0.5, 0.875], "texture": "#0"},
				"west": {"uv": [0.5, 4.25, 0.5625, 5.125], "texture": "#0"},
				"up": {"uv": [7.25, 1.8125, 7, 1.75], "texture": "#0"},
				"down": {"uv": [2.25, 7, 2, 7.0625], "texture": "#0"}
			}
		},
		{
			"name": "hexadecagon",
			"from": [7.49, 0.5, 7.89855],
			"to": [8.51, 4, 8.10145],
			"rotation": {"angle": -22.5, "axis": "y", "origin": [8, 1.5, 8]},
			"faces": {
				"north": {"uv": [0.5, 0, 0.75, 0.875], "texture": "#0"},
				"east": {"uv": [0.75, 4.25, 0.8125, 5.125], "texture": "#0"},
				"south": {"uv": [0.75, 0, 1, 0.875], "texture": "#0"},
				"west": {"uv": [1, 4.25, 1.0625, 5.125], "texture": "#0"},
				"up": {"uv": [7.25, 2.0625, 7, 2], "texture": "#0"},
				"down": {"uv": [2.5, 7, 2.25, 7.0625], "texture": "#0"}
			}
		},
		{
			"name": "hexadecagon",
			"from": [7.49, 0.5, 7.89855],
			"to": [8.51, 4, 8.10145],
			"rotation": {"angle": 0, "axis": "y", "origin": [8, 1.5, 8]},
			"faces": {
				"north": {"uv": [0, 1, 0.25, 1.875], "texture": "#0"},
				"east": {"uv": [4.25, 2, 4.3125, 2.875], "texture": "#0"},
				"south": {"uv": [1, 0, 1.25, 0.875], "texture": "#0"},
				"west": {"uv": [4.25, 3, 4.3125, 3.875], "texture": "#0"},
				"up": {"uv": [7.25, 2.3125, 7, 2.25], "texture": "#0"},
				"down": {"uv": [2.75, 7, 2.5, 7.0625], "texture": "#0"}
			}
		},
		{
			"name": "hexadecagon",
			"from": [7.49, 0.5, 7.89855],
			"to": [8.51, 4, 8.10145],
			"rotation": {"angle": 22.5, "axis": "y", "origin": [8, 1.5, 8]},
			"faces": {
				"north": {"uv": [0.25, 1, 0.5, 1.875], "texture": "#0"},
				"east": {"uv": [4.25, 4, 4.3125, 4.875], "texture": "#0"},
				"south": {"uv": [0.5, 1, 0.75, 1.875], "texture": "#0"},
				"west": {"uv": [4.5, 0, 4.5625, 0.875], "texture": "#0"},
				"up": {"uv": [7.25, 2.5625, 7, 2.5], "texture": "#0"},
				"down": {"uv": [7.25, 2.75, 7, 2.8125], "texture": "#0"}
			}
		},
		{
			"name": "hexadecagon",
			"from": [7.49, 0.5, 7.89855],
			"to": [8.51, 4, 8.10145],
			"rotation": {"angle": 45, "axis": "y", "origin": [8, 1.5, 8]},
			"faces": {
				"north": {"uv": [0.75, 1, 1, 1.875], "texture": "#0"},
				"east": {"uv": [4.5, 2, 4.5625, 2.875], "texture": "#0"},
				"south": {"uv": [1, 1, 1.25, 1.875], "texture": "#0"},
				"west": {"uv": [4.5, 3, 4.5625, 3.875], "texture": "#0"},
				"up": {"uv": [7.25, 3.0625, 7, 3], "texture": "#0"},
				"down": {"uv": [7.25, 3.25, 7, 3.3125], "texture": "#0"}
			}
		},
		{
			"name": "hexadecagon",
			"from": [7.89855, 0.5, 7.49],
			"to": [8.10145, 4, 8.51],
			"rotation": {"angle": -22.5, "axis": "y", "origin": [8, 1.5, 8]},
			"faces": {
				"north": {"uv": [4.5, 4, 4.5625, 4.875], "texture": "#0"},
				"east": {"uv": [1.25, 0, 1.5, 0.875], "texture": "#0"},
				"south": {"uv": [4.75, 0, 4.8125, 0.875], "texture": "#0"},
				"west": {"uv": [1.25, 1, 1.5, 1.875], "texture": "#0"},
				"up": {"uv": [7.0625, 3.75, 7, 3.5], "texture": "#0"},
				"down": {"uv": [7.0625, 3.75, 7, 4], "texture": "#0"}
			}
		},
		{
			"name": "hexadecagon",
			"from": [7.89855, 0.5, 7.49],
			"to": [8.10145, 4, 8.51],
			"rotation": {"angle": 0, "axis": "y", "origin": [8, 1.5, 8]},
			"faces": {
				"north": {"uv": [1.25, 4.75, 1.3125, 5.625], "texture": "#0"},
				"east": {"uv": [1.5, 0, 1.75, 0.875], "texture": "#0"},
				"south": {"uv": [1.5, 4.75, 1.5625, 5.625], "texture": "#0"},
				"west": {"uv": [1.5, 1, 1.75, 1.875], "texture": "#0"},
				"up": {"uv": [4.0625, 7.25, 4, 7], "texture": "#0"},
				"down": {"uv": [7.0625, 4, 7, 4.25], "texture": "#0"}
			}
		},
		{
			"name": "hexadecagon",
			"from": [7.89855, 0.5, 7.49],
			"to": [8.10145, 4, 8.51],
			"rotation": {"angle": 22.5, "axis": "y", "origin": [8, 1.5, 8]},
			"faces": {
				"north": {"uv": [1.75, 4.75, 1.8125, 5.625], "texture": "#0"},
				"east": {"uv": [1.75, 0, 2, 0.875], "texture": "#0"},
				"south": {"uv": [4.75, 2, 4.8125, 2.875], "texture": "#0"},
				"west": {"uv": [1.75, 1, 2, 1.875], "texture": "#0"},
				"up": {"uv": [7.0625, 4.5, 7, 4.25], "texture": "#0"},
				"down": {"uv": [7.0625, 4.5, 7, 4.75], "texture": "#0"}
			}
		},
		{
			"name": "hexadecagon",
			"from": [7.5461, 4, 7.90971],
			"to": [8.4539, 5.5, 8.09029],
			"rotation": {"angle": -45, "axis": "y", "origin": [8, 5, 8]},
			"faces": {
				"north": {"uv": [2.75, 3, 2.96875, 3.375], "texture": "#0"},
				"east": {"uv": [7, 6.75, 7.03125, 7.125], "texture": "#0"},
				"south": {"uv": [3, 3, 3.21875, 3.375], "texture": "#0"},
				"west": {"uv": [0, 7.25, 0.03125, 7.625], "texture": "#0"},
				"up": {"uv": [7.71875, 0.28125, 7.5, 0.25], "texture": "#0"},
				"down": {"uv": [7.71875, 0.5, 7.5, 0.53125], "texture": "#0"}
			}
		},
		{
			"name": "hexadecagon",
			"from": [7.5461, 4, 7.90971],
			"to": [8.4539, 5.5, 8.09029],
			"rotation": {"angle": -22.5, "axis": "y", "origin": [8, 5, 8]},
			"faces": {
				"north": {"uv": [3.25, 0, 3.46875, 0.375], "texture": "#0"},
				"east": {"uv": [0.25, 7.25, 0.28125, 7.625], "texture": "#0"},
				"south": {"uv": [3.25, 0.5, 3.46875, 0.875], "texture": "#0"},
				"west": {"uv": [0.5, 7.25, 0.53125, 7.625], "texture": "#0"},
				"up": {"uv": [0.96875, 7.53125, 0.75, 7.5], "texture": "#0"},
				"down": {"uv": [7.71875, 0.75, 7.5, 0.78125], "texture": "#0"}
			}
		},
		{
			"name": "hexadecagon",
			"from": [7.5461, 4, 7.90971],
			"to": [8.4539, 5.5, 8.09029],
			"rotation": {"angle": 0, "axis": "y", "origin": [8, 5, 8]},
			"faces": {
				"north": {"uv": [3.25, 1, 3.46875, 1.375], "texture": "#0"},
				"east": {"uv": [7.25, 0.75, 7.28125, 1.125], "texture": "#0"},
				"south": {"uv": [3.25, 1.5, 3.46875, 1.875], "texture": "#0"},
				"west": {"uv": [7.25, 1.25, 7.28125, 1.625], "texture": "#0"},
				"up": {"uv": [1.21875, 7.53125, 1, 7.5], "texture": "#0"},
				"down": {"uv": [7.71875, 1, 7.5, 1.03125], "texture": "#0"}
			}
		},
		{
			"name": "hexadecagon",
			"from": [7.5461, 4, 7.90971],
			"to": [8.4539, 5.5, 8.09029],
			"rotation": {"angle": 22.5, "axis": "y", "origin": [8, 5, 8]},
			"faces": {
				"north": {"uv": [3.25, 2, 3.46875, 2.375], "texture": "#0"},
				"east": {"uv": [7.25, 1.75, 7.28125, 2.125], "texture": "#0"},
				"south": {"uv": [3.25, 2.5, 3.46875, 2.875], "texture": "#0"},
				"west": {"uv": [2, 7.25, 2.03125, 7.625], "texture": "#0"},
				"up": {"uv": [1.46875, 7.53125, 1.25, 7.5], "texture": "#0"},
				"down": {"uv": [7.71875, 1.25, 7.5, 1.28125], "texture": "#0"}
			}
		},
		{
			"name": "hexadecagon",
			"from": [7.5461, 4, 7.90971],
			"to": [8.4539, 5.5, 8.09029],
			"rotation": {"angle": 45, "axis": "y", "origin": [8, 5, 8]},
			"faces": {
				"north": {"uv": [3.25, 3, 3.46875, 3.375], "texture": "#0"},
				"east": {"uv": [2.25, 7.25, 2.28125, 7.625], "texture": "#0"},
				"south": {"uv": [0, 3.5, 0.21875, 3.875], "texture": "#0"},
				"west": {"uv": [7.25, 2.25, 7.28125, 2.625], "texture": "#0"},
				"up": {"uv": [1.71875, 7.53125, 1.5, 7.5], "texture": "#0"},
				"down": {"uv": [7.71875, 1.5, 7.5, 1.53125], "texture": "#0"}
			}
		},
		{
			"name": "hexadecagon",
			"from": [7.90971, 4, 7.5461],
			"to": [8.09029, 5.5, 8.4539],
			"rotation": {"angle": -22.5, "axis": "y", "origin": [8, 5, 8]},
			"faces": {
				"north": {"uv": [2.5, 7.25, 2.53125, 7.625], "texture": "#0"},
				"east": {"uv": [3.5, 0, 3.71875, 0.375], "texture": "#0"},
				"south": {"uv": [2.75, 7.25, 2.78125, 7.625], "texture": "#0"},
				"west": {"uv": [0.25, 3.5, 0.46875, 3.875], "texture": "#0"},
				"up": {"uv": [1.78125, 7.71875, 1.75, 7.5], "texture": "#0"},
				"down": {"uv": [7.53125, 1.75, 7.5, 1.96875], "texture": "#0"}
			}
		},
		{
			"name": "hexadecagon",
			"from": [7.90971, 4, 7.5461],
			"to": [8.09029, 5.5, 8.4539],
			"rotation": {"angle": 0, "axis": "y", "origin": [8, 5, 8]},
			"faces": {
				"north": {"uv": [7.25, 2.75, 7.28125, 3.125], "texture": "#0"},
				"east": {"uv": [0.5, 3.5, 0.71875, 3.875], "texture": "#0"},
				"south": {"uv": [3, 7.25, 3.03125, 7.625], "texture": "#0"},
				"west": {"uv": [3.5, 0.5, 3.71875, 0.875], "texture": "#0"},
				"up": {"uv": [7.53125, 2.21875, 7.5, 2], "texture": "#0"},
				"down": {"uv": [7.53125, 2.25, 7.5, 2.46875], "texture": "#0"}
			}
		},
		{
			"name": "hexadecagon",
			"from": [7.90971, 4, 7.5461],
			"to": [8.09029, 5.5, 8.4539],
			"rotation": {"angle": 22.5, "axis": "y", "origin": [8, 5, 8]},
			"faces": {
				"north": {"uv": [3.25, 7.25, 3.28125, 7.625], "texture": "#0"},
				"east": {"uv": [0.75, 3.5, 0.96875, 3.875], "texture": "#0"},
				"south": {"uv": [7.25, 3.25, 7.28125, 3.625], "texture": "#0"},
				"west": {"uv": [1, 3.5, 1.21875, 3.875], "texture": "#0"},
				"up": {"uv": [7.53125, 2.71875, 7.5, 2.5], "texture": "#0"},
				"down": {"uv": [7.53125, 2.75, 7.5, 2.96875], "texture": "#0"}
			}
		},
		{
			"name": "hexadecagon",
			"from": [7.63688, 5.5, 7.92777],
			"to": [8.36312, 5.6, 8.07223],
			"rotation": {"angle": -45, "axis": "y", "origin": [8, 6.5, 8]},
			"faces": {
				"north": {"uv": [7.5, 3, 7.6875, 3.03125], "texture": "#0"},
				"east": {"uv": [8, 8, 8.03125, 8.03125], "texture": "#0"},
				"south": {"uv": [7.5, 3.25, 7.6875, 3.28125], "texture": "#0"},
				"west": {"uv": [0, 8.25, 0.03125, 8.28125], "texture": "#0"},
				"up": {"uv": [3.6875, 7.53125, 3.5, 7.5], "texture": "#0"},
				"down": {"uv": [7.6875, 3.5, 7.5, 3.53125], "texture": "#0"}
			}
		},
		{
			"name": "hexadecagon",
			"from": [7.63688, 5.5, 7.92777],
			"to": [8.36312, 5.6, 8.07223],
			"rotation": {"angle": -22.5, "axis": "y", "origin": [8, 6.5, 8]},
			"faces": {
				"north": {"uv": [3.75, 7.5, 3.9375, 7.53125], "texture": "#0"},
				"east": {"uv": [8.25, 0, 8.28125, 0.03125], "texture": "#0"},
				"south": {"uv": [7.5, 3.75, 7.6875, 3.78125], "texture": "#0"},
				"west": {"uv": [0.25, 8.25, 0.28125, 8.28125], "texture": "#0"},
				"up": {"uv": [4.1875, 7.53125, 4, 7.5], "texture": "#0"},
				"down": {"uv": [7.6875, 4, 7.5, 4.03125], "texture": "#0"}
			}
		},
		{
			"name": "hexadecagon",
			"from": [7.63688, 5.5, 7.92777],
			"to": [8.36312, 5.6, 8.07223],
			"rotation": {"angle": 0, "axis": "y", "origin": [8, 6.5, 8]},
			"faces": {
				"north": {"uv": [4.25, 7.5, 4.4375, 7.53125], "texture": "#0"},
				"east": {"uv": [8.25, 0.25, 8.28125, 0.28125], "texture": "#0"},
				"south": {"uv": [7.5, 4.25, 7.6875, 4.28125], "texture": "#0"},
				"west": {"uv": [0.5, 8.25, 0.53125, 8.28125], "texture": "#0"},
				"up": {"uv": [4.6875, 7.53125, 4.5, 7.5], "texture": "#0"},
				"down": {"uv": [7.6875, 4.5, 7.5, 4.53125], "texture": "#0"}
			}
		},
		{
			"name": "hexadecagon",
			"from": [7.63688, 5.5, 7.92777],
			"to": [8.36312, 5.6, 8.07223],
			"rotation": {"angle": 22.5, "axis": "y", "origin": [8, 6.5, 8]},
			"faces": {
				"north": {"uv": [4.75, 7.5, 4.9375, 7.53125], "texture": "#0"},
				"east": {"uv": [8.25, 0.5, 8.28125, 0.53125], "texture": "#0"},
				"south": {"uv": [7.5, 4.75, 7.6875, 4.78125], "texture": "#0"},
				"west": {"uv": [0.75, 8.25, 0.78125, 8.28125], "texture": "#0"},
				"up": {"uv": [5.1875, 7.53125, 5, 7.5], "texture": "#0"},
				"down": {"uv": [7.6875, 5, 7.5, 5.03125], "texture": "#0"}
			}
		},
		{
			"name": "hexadecagon",
			"from": [7.63688, 5.5, 7.92777],
			"to": [8.36312, 5.6, 8.07223],
			"rotation": {"angle": 45, "axis": "y", "origin": [8, 6.5, 8]},
			"faces": {
				"north": {"uv": [5.25, 7.5, 5.4375, 7.53125], "texture": "#0"},
				"east": {"uv": [8.25, 0.75, 8.28125, 0.78125], "texture": "#0"},
				"south": {"uv": [7.5, 5.25, 7.6875, 5.28125], "texture": "#0"},
				"west": {"uv": [1, 8.25, 1.03125, 8.28125], "texture": "#0"},
				"up": {"uv": [5.6875, 7.53125, 5.5, 7.5], "texture": "#0"},
				"down": {"uv": [7.6875, 5.5, 7.5, 5.53125], "texture": "#0"}
			}
		},
		{
			"name": "hexadecagon",
			"from": [7.92777, 5.5, 7.63688],
			"to": [8.07223, 5.6, 8.36312],
			"rotation": {"angle": -22.5, "axis": "y", "origin": [8, 6.5, 8]},
			"faces": {
				"north": {"uv": [8.25, 1, 8.28125, 1.03125], "texture": "#0"},
				"east": {"uv": [5.75, 7.5, 5.9375, 7.53125], "texture": "#0"},
				"south": {"uv": [1.25, 8.25, 1.28125, 8.28125], "texture": "#0"},
				"west": {"uv": [7.5, 5.75, 7.6875, 5.78125], "texture": "#0"},
				"up": {"uv": [6.03125, 7.6875, 6, 7.5], "texture": "#0"},
				"down": {"uv": [7.53125, 6, 7.5, 6.1875], "texture": "#0"}
			}
		},
		{
			"name": "hexadecagon",
			"from": [7.92777, 5.5, 7.63688],
			"to": [8.07223, 5.6, 8.36312],
			"rotation": {"angle": 0, "axis": "y", "origin": [8, 6.5, 8]},
			"faces": {
				"north": {"uv": [8.25, 1.25, 8.28125, 1.28125], "texture": "#0"},
				"east": {"uv": [6.25, 7.5, 6.4375, 7.53125], "texture": "#0"},
				"south": {"uv": [1.5, 8.25, 1.53125, 8.28125], "texture": "#0"},
				"west": {"uv": [7.5, 6.25, 7.6875, 6.28125], "texture": "#0"},
				"up": {"uv": [6.53125, 7.6875, 6.5, 7.5], "texture": "#0"},
				"down": {"uv": [7.53125, 6.5, 7.5, 6.6875], "texture": "#0"}
			}
		},
		{
			"name": "hexadecagon",
			"from": [7.92777, 5.5, 7.63688],
			"to": [8.07223, 5.6, 8.36312],
			"rotation": {"angle": 22.5, "axis": "y", "origin": [8, 6.5, 8]},
			"faces": {
				"north": {"uv": [8.25, 1.5, 8.28125, 1.53125], "texture": "#0"},
				"east": {"uv": [6.75, 7.5, 6.9375, 7.53125], "texture": "#0"},
				"south": {"uv": [1.75, 8.25, 1.78125, 8.28125], "texture": "#0"},
				"west": {"uv": [7.5, 6.75, 7.6875, 6.78125], "texture": "#0"},
				"up": {"uv": [7.03125, 7.6875, 7, 7.5], "texture": "#0"},
				"down": {"uv": [7.53125, 7, 7.5, 7.1875], "texture": "#0"}
			}
		},
		{
			"name": "hexadecagon",
			"from": [7.7095, 5.55, 7.94222],
			"to": [8.2905, 5.65, 8.05778],
			"rotation": {"angle": -45, "axis": "y", "origin": [8, 6.55, 8]},
			"faces": {
				"north": {"uv": [7.5, 7.5, 7.65625, 7.53125], "texture": "#0"},
				"east": {"uv": [8.25, 1.75, 8.28125, 1.78125], "texture": "#0"},
				"south": {"uv": [0, 7.75, 0.15625, 7.78125], "texture": "#0"},
				"west": {"uv": [2, 8.25, 2.03125, 8.28125], "texture": "#0"},
				"up": {"uv": [7.90625, 0.03125, 7.75, 0], "texture": "#0"},
				"down": {"uv": [0.40625, 7.75, 0.25, 7.78125], "texture": "#0"}
			}
		},
		{
			"name": "hexadecagon",
			"from": [7.7095, 5.55, 7.94222],
			"to": [8.2905, 5.65, 8.05778],
			"rotation": {"angle": -22.5, "axis": "y", "origin": [8, 6.55, 8]},
			"faces": {
				"north": {"uv": [7.75, 0.25, 7.90625, 0.28125], "texture": "#0"},
				"east": {"uv": [8.25, 2, 8.28125, 2.03125], "texture": "#0"},
				"south": {"uv": [0.5, 7.75, 0.65625, 7.78125], "texture": "#0"},
				"west": {"uv": [2.25, 8.25, 2.28125, 8.28125], "texture": "#0"},
				"up": {"uv": [7.90625, 0.53125, 7.75, 0.5], "texture": "#0"},
				"down": {"uv": [0.90625, 7.75, 0.75, 7.78125], "texture": "#0"}
			}
		},
		{
			"name": "hexadecagon",
			"from": [7.7095, 5.55, 7.94222],
			"to": [8.2905, 5.65, 8.05778],
			"rotation": {"angle": 0, "axis": "y", "origin": [8, 6.55, 8]},
			"faces": {
				"north": {"uv": [7.75, 0.75, 7.90625, 0.78125], "texture": "#0"},
				"east": {"uv": [8.25, 2.25, 8.28125, 2.28125], "texture": "#0"},
				"south": {"uv": [1, 7.75, 1.15625, 7.78125], "texture": "#0"},
				"west": {"uv": [2.5, 8.25, 2.53125, 8.28125], "texture": "#0"},
				"up": {"uv": [7.90625, 1.03125, 7.75, 1], "texture": "#0"},
				"down": {"uv": [1.40625, 7.75, 1.25, 7.78125], "texture": "#0"}
			}
		},
		{
			"name": "hexadecagon",
			"from": [7.7095, 5.55, 7.94222],
			"to": [8.2905, 5.65, 8.05778],
			"rotation": {"angle": 22.5, "axis": "y", "origin": [8, 6.55, 8]},
			"faces": {
				"north": {"uv": [7.75, 1.25, 7.90625, 1.28125], "texture": "#0"},
				"east": {"uv": [8.25, 2.5, 8.28125, 2.53125], "texture": "#0"},
				"south": {"uv": [1.5, 7.75, 1.65625, 7.78125], "texture": "#0"},
				"west": {"uv": [2.75, 8.25, 2.78125, 8.28125], "texture": "#0"},
				"up": {"uv": [7.90625, 1.53125, 7.75, 1.5], "texture": "#0"},
				"down": {"uv": [1.90625, 7.75, 1.75, 7.78125], "texture": "#0"}
			}
		},
		{
			"name": "hexadecagon",
			"from": [7.7095, 5.55, 7.94222],
			"to": [8.2905, 5.65, 8.05778],
			"rotation": {"angle": 45, "axis": "y", "origin": [8, 6.55, 8]},
			"faces": {
				"north": {"uv": [7.75, 1.75, 7.90625, 1.78125], "texture": "#0"},
				"east": {"uv": [8.25, 2.75, 8.28125, 2.78125], "texture": "#0"},
				"south": {"uv": [2, 7.75, 2.15625, 7.78125], "texture": "#0"},
				"west": {"uv": [3, 8.25, 3.03125, 8.28125], "texture": "#0"},
				"up": {"uv": [7.90625, 2.03125, 7.75, 2], "texture": "#0"},
				"down": {"uv": [2.40625, 7.75, 2.25, 7.78125], "texture": "#0"}
			}
		},
		{
			"name": "hexadecagon",
			"from": [7.94222, 5.55, 7.7095],
			"to": [8.05778, 5.65, 8.2905],
			"rotation": {"angle": -22.5, "axis": "y", "origin": [8, 6.55, 8]},
			"faces": {
				"north": {"uv": [8.25, 3, 8.28125, 3.03125], "texture": "#0"},
				"east": {"uv": [7.75, 2.25, 7.90625, 2.28125], "texture": "#0"},
				"south": {"uv": [3.25, 8.25, 3.28125, 8.28125], "texture": "#0"},
				"west": {"uv": [2.5, 7.75, 2.65625, 7.78125], "texture": "#0"},
				"up": {"uv": [7.78125, 2.65625, 7.75, 2.5], "texture": "#0"},
				"down": {"uv": [2.78125, 7.75, 2.75, 7.90625], "texture": "#0"}
			}
		},
		{
			"name": "hexadecagon",
			"from": [7.94222, 5.55, 7.7095],
			"to": [8.05778, 5.65, 8.2905],
			"rotation": {"angle": 0, "axis": "y", "origin": [8, 6.55, 8]},
			"faces": {
				"north": {"uv": [8.25, 3.25, 8.28125, 3.28125], "texture": "#0"},
				"east": {"uv": [7.75, 2.75, 7.90625, 2.78125], "texture": "#0"},
				"south": {"uv": [3.5, 8.25, 3.53125, 8.28125], "texture": "#0"},
				"west": {"uv": [3, 7.75, 3.15625, 7.78125], "texture": "#0"},
				"up": {"uv": [7.78125, 3.15625, 7.75, 3], "texture": "#0"},
				"down": {"uv": [3.28125, 7.75, 3.25, 7.90625], "texture": "#0"}
			}
		},
		{
			"name": "hexadecagon",
			"from": [7.94222, 5.55, 7.7095],
			"to": [8.05778, 5.65, 8.2905],
			"rotation": {"angle": 22.5, "axis": "y", "origin": [8, 6.55, 8]},
			"faces": {
				"north": {"uv": [8.25, 3.5, 8.28125, 3.53125], "texture": "#0"},
				"east": {"uv": [7.75, 3.25, 7.90625, 3.28125], "texture": "#0"},
				"south": {"uv": [3.75, 8.25, 3.78125, 8.28125], "texture": "#0"},
				"west": {"uv": [3.5, 7.75, 3.65625, 7.78125], "texture": "#0"},
				"up": {"uv": [7.78125, 3.65625, 7.75, 3.5], "texture": "#0"},
				"down": {"uv": [3.78125, 7.75, 3.75, 7.90625], "texture": "#0"}
			}
		},
		{
			"name": "hexadecagon",
			"from": [7.7676, 5.575, 7.95377],
			"to": [8.2324, 5.675, 8.04623],
			"rotation": {"angle": -45, "axis": "y", "origin": [8, 6.575, 8]},
			"faces": {
				"north": {"uv": [7.75, 3.75, 7.875, 3.78125], "texture": "#0"},
				"east": {"uv": [8.25, 3.75, 8.28125, 3.78125], "texture": "#0"},
				"south": {"uv": [4, 7.75, 4.125, 7.78125], "texture": "#0"},
				"west": {"uv": [4, 8.25, 4.03125, 8.28125], "texture": "#0"},
				"up": {"uv": [7.875, 4.03125, 7.75, 4], "texture": "#0"},
				"down": {"uv": [4.375, 7.75, 4.25, 7.78125], "texture": "#0"}
			}
		},
		{
			"name": "hexadecagon",
			"from": [7.7676, 5.575, 7.95377],
			"to": [8.2324, 5.675, 8.04623],
			"rotation": {"angle": -22.5, "axis": "y", "origin": [8, 6.575, 8]},
			"faces": {
				"north": {"uv": [7.75, 4.25, 7.875, 4.28125], "texture": "#0"},
				"east": {"uv": [8.25, 4, 8.28125, 4.03125], "texture": "#0"},
				"south": {"uv": [4.5, 7.75, 4.625, 7.78125], "texture": "#0"},
				"west": {"uv": [4.25, 8.25, 4.28125, 8.28125], "texture": "#0"},
				"up": {"uv": [7.875, 4.53125, 7.75, 4.5], "texture": "#0"},
				"down": {"uv": [4.875, 7.75, 4.75, 7.78125], "texture": "#0"}
			}
		},
		{
			"name": "hexadecagon",
			"from": [7.7676, 5.575, 7.95377],
			"to": [8.2324, 5.675, 8.04623],
			"rotation": {"angle": 0, "axis": "y", "origin": [8, 6.575, 8]},
			"faces": {
				"north": {"uv": [7.75, 4.75, 7.875, 4.78125], "texture": "#0"},
				"east": {"uv": [8.25, 4.25, 8.28125, 4.28125], "texture": "#0"},
				"south": {"uv": [5, 7.75, 5.125, 7.78125], "texture": "#0"},
				"west": {"uv": [4.5, 8.25, 4.53125, 8.28125], "texture": "#0"},
				"up": {"uv": [7.875, 5.03125, 7.75, 5], "texture": "#0"},
				"down": {"uv": [5.375, 7.75, 5.25, 7.78125], "texture": "#0"}
			}
		},
		{
			"name": "hexadecagon",
			"from": [7.7676, 5.575, 7.95377],
			"to": [8.2324, 5.675, 8.04623],
			"rotation": {"angle": 22.5, "axis": "y", "origin": [8, 6.575, 8]},
			"faces": {
				"north": {"uv": [7.75, 5.25, 7.875, 5.28125], "texture": "#0"},
				"east": {"uv": [8.25, 4.5, 8.28125, 4.53125], "texture": "#0"},
				"south": {"uv": [5.5, 7.75, 5.625, 7.78125], "texture": "#0"},
				"west": {"uv": [4.75, 8.25, 4.78125, 8.28125], "texture": "#0"},
				"up": {"uv": [7.875, 5.53125, 7.75, 5.5], "texture": "#0"},
				"down": {"uv": [5.875, 7.75, 5.75, 7.78125], "texture": "#0"}
			}
		},
		{
			"name": "hexadecagon",
			"from": [7.7676, 5.575, 7.95377],
			"to": [8.2324, 5.675, 8.04623],
			"rotation": {"angle": 45, "axis": "y", "origin": [8, 6.575, 8]},
			"faces": {
				"north": {"uv": [7.75, 5.75, 7.875, 5.78125], "texture": "#0"},
				"east": {"uv": [8.25, 4.75, 8.28125, 4.78125], "texture": "#0"},
				"south": {"uv": [6, 7.75, 6.125, 7.78125], "texture": "#0"},
				"west": {"uv": [5, 8.25, 5.03125, 8.28125], "texture": "#0"},
				"up": {"uv": [7.875, 6.03125, 7.75, 6], "texture": "#0"},
				"down": {"uv": [6.375, 7.75, 6.25, 7.78125], "texture": "#0"}
			}
		},
		{
			"name": "hexadecagon",
			"from": [7.95377, 5.575, 7.7676],
			"to": [8.04623, 5.675, 8.2324],
			"rotation": {"angle": -22.5, "axis": "y", "origin": [8, 6.575, 8]},
			"faces": {
				"north": {"uv": [8.25, 5, 8.28125, 5.03125], "texture": "#0"},
				"east": {"uv": [7.75, 6.25, 7.875, 6.28125], "texture": "#0"},
				"south": {"uv": [5.25, 8.25, 5.28125, 8.28125], "texture": "#0"},
				"west": {"uv": [6.5, 7.75, 6.625, 7.78125], "texture": "#0"},
				"up": {"uv": [7.78125, 6.625, 7.75, 6.5], "texture": "#0"},
				"down": {"uv": [6.78125, 7.75, 6.75, 7.875], "texture": "#0"}
			}
		},
		{
			"name": "hexadecagon",
			"from": [7.95377, 5.575, 7.7676],
			"to": [8.04623, 5.675, 8.2324],
			"rotation": {"angle": 0, "axis": "y", "origin": [8, 6.575, 8]},
			"faces": {
				"north": {"uv": [8.25, 5.25, 8.28125, 5.28125], "texture": "#0"},
				"east": {"uv": [7.75, 6.75, 7.875, 6.78125], "texture": "#0"},
				"south": {"uv": [5.5, 8.25, 5.53125, 8.28125], "texture": "#0"},
				"west": {"uv": [7, 7.75, 7.125, 7.78125], "texture": "#0"},
				"up": {"uv": [7.78125, 7.125, 7.75, 7], "texture": "#0"},
				"down": {"uv": [7.28125, 7.75, 7.25, 7.875], "texture": "#0"}
			}
		},
		{
			"name": "hexadecagon",
			"from": [7.95377, 5.575, 7.7676],
			"to": [8.04623, 5.675, 8.2324],
			"rotation": {"angle": 22.5, "axis": "y", "origin": [8, 6.575, 8]},
			"faces": {
				"north": {"uv": [8.25, 5.5, 8.28125, 5.53125], "texture": "#0"},
				"east": {"uv": [7.75, 7.25, 7.875, 7.28125], "texture": "#0"},
				"south": {"uv": [5.75, 8.25, 5.78125, 8.28125], "texture": "#0"},
				"west": {"uv": [7.5, 7.75, 7.625, 7.78125], "texture": "#0"},
				"up": {"uv": [7.78125, 7.625, 7.75, 7.5], "texture": "#0"},
				"down": {"uv": [7.78125, 7.75, 7.75, 7.875], "texture": "#0"}
			}
		},
		{
			"name": "hexadecagon",
			"from": [7.86521, 3.675, 7.97319],
			"to": [8.13479, 9.675, 8.02681],
			"rotation": {"angle": -45, "axis": "y", "origin": [8, 4.575, 8]},
			"faces": {
				"north": {"uv": [0, 2, 0.0625, 3.5], "texture": "#0"},
				"east": {"uv": [2.75, 4.75, 2.78125, 6.25], "texture": "#0"},
				"south": {"uv": [2, 0, 2.0625, 1.5], "texture": "#0"},
				"west": {"uv": [3, 4.75, 3.03125, 6.25], "texture": "#0"},
				"up": {"uv": [1.8125, 8.03125, 1.75, 8], "texture": "#0"},
				"down": {"uv": [8.0625, 1.75, 8, 1.78125], "texture": "#0"}
			}
		},
		{
			"name": "hexadecagon",
			"from": [7.86521, 3.675, 7.97319],
			"to": [8.13479, 9.675, 8.02681],
			"rotation": {"angle": -22.5, "axis": "y", "origin": [8, 4.575, 8]},
			"faces": {
				"north": {"uv": [0.25, 2, 0.3125, 3.5], "texture": "#0"},
				"east": {"uv": [4.75, 3, 4.78125, 4.5], "texture": "#0"},
				"south": {"uv": [0.5, 2, 0.5625, 3.5], "texture": "#0"},
				"west": {"uv": [3.25, 4.75, 3.28125, 6.25], "texture": "#0"},
				"up": {"uv": [2.0625, 8.03125, 2, 8], "texture": "#0"},
				"down": {"uv": [8.0625, 2, 8, 2.03125], "texture": "#0"}
			}
		},
		{
			"name": "hexadecagon",
			"from": [7.86521, 3.675, 7.97319],
			"to": [8.13479, 9.675, 8.02681],
			"rotation": {"angle": 0, "axis": "y", "origin": [8, 4.575, 8]},
			"faces": {
				"north": {"uv": [0.75, 2, 0.8125, 3.5], "texture": "#0"},
				"east": {"uv": [3.5, 4.75, 3.53125, 6.25], "texture": "#0"},
				"south": {"uv": [1, 2, 1.0625, 3.5], "texture": "#0"},
				"west": {"uv": [4.75, 4.5, 4.78125, 6], "texture": "#0"},
				"up": {"uv": [2.3125, 8.03125, 2.25, 8], "texture": "#0"},
				"down": {"uv": [8.0625, 2.25, 8, 2.28125], "texture": "#0"}
			}
		},
		{
			"name": "hexadecagon",
			"from": [7.86521, 3.675, 7.97319],
			"to": [8.13479, 9.675, 8.02681],
			"rotation": {"angle": 22.5, "axis": "y", "origin": [8, 4.575, 8]},
			"faces": {
				"north": {"uv": [1.25, 2, 1.3125, 3.5], "texture": "#0"},
				"east": {"uv": [5, 0, 5.03125, 1.5], "texture": "#0"},
				"south": {"uv": [1.5, 2, 1.5625, 3.5], "texture": "#0"},
				"west": {"uv": [5, 2, 5.03125, 3.5], "texture": "#0"},
				"up": {"uv": [2.5625, 8.03125, 2.5, 8], "texture": "#0"},
				"down": {"uv": [8.0625, 2.5, 8, 2.53125], "texture": "#0"}
			}
		},
		{
			"name": "hexadecagon",
			"from": [7.86521, 3.675, 7.97319],
			"to": [8.13479, 9.675, 8.02681],
			"rotation": {"angle": 45, "axis": "y", "origin": [8, 4.575, 8]},
			"faces": {
				"north": {"uv": [2, 1.5, 2.0625, 3], "texture": "#0"},
				"east": {"uv": [5, 3.5, 5.03125, 5], "texture": "#0"},
				"south": {"uv": [1.75, 2, 1.8125, 3.5], "texture": "#0"},
				"west": {"uv": [3.75, 5, 3.78125, 6.5], "texture": "#0"},
				"up": {"uv": [2.8125, 8.03125, 2.75, 8], "texture": "#0"},
				"down": {"uv": [8.0625, 2.75, 8, 2.78125], "texture": "#0"}
			}
		},
		{
			"name": "hexadecagon",
			"from": [7.97319, 3.675, 7.86521],
			"to": [8.02681, 9.675, 8.13479],
			"rotation": {"angle": -22.5, "axis": "y", "origin": [8, 4.575, 8]},
			"faces": {
				"north": {"uv": [4.25, 5, 4.28125, 6.5], "texture": "#0"},
				"east": {"uv": [2.25, 0, 2.3125, 1.5], "texture": "#0"},
				"south": {"uv": [4.5, 5, 4.53125, 6.5], "texture": "#0"},
				"west": {"uv": [2.25, 1.5, 2.3125, 3], "texture": "#0"},
				"up": {"uv": [3.03125, 8.0625, 3, 8], "texture": "#0"},
				"down": {"uv": [8.03125, 3, 8, 3.0625], "texture": "#0"}
			}
		},
		{
			"name": "hexadecagon",
			"from": [7.97319, 3.675, 7.86521],
			"to": [8.02681, 9.675, 8.13479],
			"rotation": {"angle": 0, "axis": "y", "origin": [8, 4.575, 8]},
			"faces": {
				"north": {"uv": [5, 5, 5.03125, 6.5], "texture": "#0"},
				"east": {"uv": [2.5, 0, 2.5625, 1.5], "texture": "#0"},
				"south": {"uv": [0, 5.25, 0.03125, 6.75], "texture": "#0"},
				"west": {"uv": [2.5, 1.5, 2.5625, 3], "texture": "#0"},
				"up": {"uv": [3.28125, 8.0625, 3.25, 8], "texture": "#0"},
				"down": {"uv": [8.03125, 3.25, 8, 3.3125], "texture": "#0"}
			}
		},
		{
			"name": "hexadecagon",
			"from": [7.97319, 3.675, 7.86521],
			"to": [8.02681, 9.675, 8.13479],
			"rotation": {"angle": 22.5, "axis": "y", "origin": [8, 4.575, 8]},
			"faces": {
				"north": {"uv": [5.25, 0, 5.28125, 1.5], "texture": "#0"},
				"east": {"uv": [2.75, 0, 2.8125, 1.5], "texture": "#0"},
				"south": {"uv": [0.25, 5.25, 0.28125, 6.75], "texture": "#0"},
				"west": {"uv": [2.75, 1.5, 2.8125, 3], "texture": "#0"},
				"up": {"uv": [3.53125, 8.0625, 3.5, 8], "texture": "#0"},
				"down": {"uv": [8.03125, 3.5, 8, 3.5625], "texture": "#0"}
			}
		},
		{
			"name": "hexadecagon",
			"from": [7.89217, 9.675, 7.97855],
			"to": [8.10783, 14.675, 8.02145],
			"rotation": {"angle": -45, "axis": "y", "origin": [8, 10.575, 8]},
			"faces": {
				"north": {"uv": [3.5, 1, 3.5625, 2.25], "texture": "#0"},
				"east": {"uv": [1, 5.25, 1.03125, 6.5], "texture": "#0"},
				"south": {"uv": [1.25, 3.5, 1.3125, 4.75], "texture": "#0"},
				"west": {"uv": [5.25, 5.25, 5.28125, 6.5], "texture": "#0"},
				"up": {"uv": [3.8125, 8.03125, 3.75, 8], "texture": "#0"},
				"down": {"uv": [8.0625, 3.75, 8, 3.78125], "texture": "#0"}
			}
		},
		{
			"name": "hexadecagon",
			"from": [7.89217, 9.675, 7.97855],
			"to": [8.10783, 14.675, 8.02145],
			"rotation": {"angle": -22.5, "axis": "y", "origin": [8, 10.575, 8]},
			"faces": {
				"north": {"uv": [1.5, 3.5, 1.5625, 4.75], "texture": "#0"},
				"east": {"uv": [5.5, 0, 5.53125, 1.25], "texture": "#0"},
				"south": {"uv": [1.75, 3.5, 1.8125, 4.75], "texture": "#0"},
				"west": {"uv": [0.5, 5.5, 0.53125, 6.75], "texture": "#0"},
				"up": {"uv": [4.0625, 8.03125, 4, 8], "texture": "#0"},
				"down": {"uv": [8.0625, 4, 8, 4.03125], "texture": "#0"}
			}
		},
		{
			"name": "hexadecagon",
			"from": [7.89217, 9.675, 7.97855],
			"to": [8.10783, 14.675, 8.02145],
			"rotation": {"angle": 0, "axis": "y", "origin": [8, 10.575, 8]},
			"faces": {
				"north": {"uv": [3.5, 2.25, 3.5625, 3.5], "texture": "#0"},
				"east": {"uv": [0.75, 5.5, 0.78125, 6.75], "texture": "#0"},
				"south": {"uv": [2.75, 3.5, 2.8125, 4.75], "texture": "#0"},
				"west": {"uv": [5.5, 5.25, 5.53125, 6.5], "texture": "#0"},
				"up": {"uv": [4.3125, 8.03125, 4.25, 8], "texture": "#0"},
				"down": {"uv": [8.0625, 4.25, 8, 4.28125], "texture": "#0"}
			}
		},
		{
			"name": "hexadecagon",
			"from": [7.89217, 9.675, 7.97855],
			"to": [8.10783, 14.675, 8.02145],
			"rotation": {"angle": 22.5, "axis": "y", "origin": [8, 10.575, 8]},
			"faces": {
				"north": {"uv": [3, 3.5, 3.0625, 4.75], "texture": "#0"},
				"east": {"uv": [5.75, 0, 5.78125, 1.25], "texture": "#0"},
				"south": {"uv": [3.25, 3.5, 3.3125, 4.75], "texture": "#0"},
				"west": {"uv": [1.25, 5.75, 1.28125, 7], "texture": "#0"},
				"up": {"uv": [4.5625, 8.03125, 4.5, 8], "texture": "#0"},
				"down": {"uv": [8.0625, 4.5, 8, 4.53125], "texture": "#0"}
			}
		},
		{
			"name": "hexadecagon",
			"from": [7.89217, 9.675, 7.97855],
			"to": [8.10783, 14.675, 8.02145],
			"rotation": {"angle": 45, "axis": "y", "origin": [8, 10.575, 8]},
			"faces": {
				"north": {"uv": [3.5, 3.5, 3.5625, 4.75], "texture": "#0"},
				"east": {"uv": [1.5, 5.75, 1.53125, 7], "texture": "#0"},
				"south": {"uv": [3.75, 0, 3.8125, 1.25], "texture": "#0"},
				"west": {"uv": [1.75, 5.75, 1.78125, 7], "texture": "#0"},
				"up": {"uv": [4.8125, 8.03125, 4.75, 8], "texture": "#0"},
				"down": {"uv": [8.0625, 4.75, 8, 4.78125], "texture": "#0"}
			}
		},
		{
			"name": "hexadecagon",
			"from": [7.97855, 9.675, 7.89217],
			"to": [8.02145, 14.675, 8.10783],
			"rotation": {"angle": -22.5, "axis": "y", "origin": [8, 10.575, 8]},
			"faces": {
				"north": {"uv": [5.75, 2, 5.78125, 3.25], "texture": "#0"},
				"east": {"uv": [3.75, 1.25, 3.8125, 2.5], "texture": "#0"},
				"south": {"uv": [5.75, 3.25, 5.78125, 4.5], "texture": "#0"},
				"west": {"uv": [3.75, 2.5, 3.8125, 3.75], "texture": "#0"},
				"up": {"uv": [5.03125, 8.0625, 5, 8], "texture": "#0"},
				"down": {"uv": [8.03125, 5, 8, 5.0625], "texture": "#0"}
			}
		},
		{
			"name": "hexadecagon",
			"from": [7.97855, 9.675, 7.89217],
			"to": [8.02145, 14.675, 8.10783],
			"rotation": {"angle": 0, "axis": "y", "origin": [8, 10.575, 8]},
			"faces": {
				"north": {"uv": [5.75, 4.5, 5.78125, 5.75], "texture": "#0"},
				"east": {"uv": [3.75, 3.75, 3.8125, 5], "texture": "#0"},
				"south": {"uv": [5.75, 5.75, 5.78125, 7], "texture": "#0"},
				"west": {"uv": [0, 4, 0.0625, 5.25], "texture": "#0"},
				"up": {"uv": [5.28125, 8.0625, 5.25, 8], "texture": "#0"},
				"down": {"uv": [8.03125, 5.25, 8, 5.3125], "texture": "#0"}
			}
		},
		{
			"name": "hexadecagon",
			"from": [7.97855, 9.675, 7.89217],
			"to": [8.02145, 14.675, 8.10783],
			"rotation": {"angle": 22.5, "axis": "y", "origin": [8, 10.575, 8]},
			"faces": {
				"north": {"uv": [6, 0, 6.03125, 1.25], "texture": "#0"},
				"east": {"uv": [4, 0, 4.0625, 1.25], "texture": "#0"},
				"south": {"uv": [6, 1.25, 6.03125, 2.5], "texture": "#0"},
				"west": {"uv": [0.25, 4, 0.3125, 5.25], "texture": "#0"},
				"up": {"uv": [5.53125, 8.0625, 5.5, 8], "texture": "#0"},
				"down": {"uv": [8.03125, 5.5, 8, 5.5625], "texture": "#0"}
			}
		},
		{
			"name": "hexadecagon",
			"from": [7.91373, 14.675, 7.98284],
			"to": [8.08627, 18.675, 8.01716],
			"rotation": {"angle": -45, "axis": "y", "origin": [8, 14.575, 8]},
			"faces": {
				"north": {"uv": [2, 6, 2.03125, 7], "texture": "#0"},
				"east": {"uv": [2.25, 6, 2.28125, 7], "texture": "#0"},
				"south": {"uv": [2.5, 6, 2.53125, 7], "texture": "#0"},
				"west": {"uv": [6, 2.5, 6.03125, 3.5], "texture": "#0"},
				"up": {"uv": [8.28125, 5.78125, 8.25, 5.75], "texture": "#0"},
				"down": {"uv": [6.03125, 8.25, 6, 8.28125], "texture": "#0"}
			}
		},
		{
			"name": "hexadecagon",
			"from": [7.91373, 14.675, 7.98284],
			"to": [8.08627, 18.675, 8.01716],
			"rotation": {"angle": -22.5, "axis": "y", "origin": [8, 14.575, 8]},
			"faces": {
				"north": {"uv": [6, 3.5, 6.03125, 4.5], "texture": "#0"},
				"east": {"uv": [4, 6, 4.03125, 7], "texture": "#0"},
				"south": {"uv": [6, 4.5, 6.03125, 5.5], "texture": "#0"},
				"west": {"uv": [4.75, 6, 4.78125, 7], "texture": "#0"},
				"up": {"uv": [8.28125, 6.03125, 8.25, 6], "texture": "#0"},
				"down": {"uv": [6.28125, 8.25, 6.25, 8.28125], "texture": "#0"}
			}
		},
		{
			"name": "hexadecagon",
			"from": [7.91373, 14.675, 7.98284],
			"to": [8.08627, 18.675, 8.01716],
			"rotation": {"angle": 0, "axis": "y", "origin": [8, 14.575, 8]},
			"faces": {
				"north": {"uv": [6, 5.5, 6.03125, 6.5], "texture": "#0"},
				"east": {"uv": [6.25, 0, 6.28125, 1], "texture": "#0"},
				"south": {"uv": [6.25, 1, 6.28125, 2], "texture": "#0"},
				"west": {"uv": [6.25, 2, 6.28125, 3], "texture": "#0"},
				"up": {"uv": [8.28125, 6.28125, 8.25, 6.25], "texture": "#0"},
				"down": {"uv": [6.53125, 8.25, 6.5, 8.28125], "texture": "#0"}
			}
		},
		{
			"name": "hexadecagon",
			"from": [7.91373, 14.675, 7.98284],
			"to": [8.08627, 18.675, 8.01716],
			"rotation": {"angle": 22.5, "axis": "y", "origin": [8, 14.575, 8]},
			"faces": {
				"north": {"uv": [2.75, 6.25, 2.78125, 7.25], "texture": "#0"},
				"east": {"uv": [3, 6.25, 3.03125, 7.25], "texture": "#0"},
				"south": {"uv": [6.25, 3, 6.28125, 4], "texture": "#0"},
				"west": {"uv": [3.25, 6.25, 3.28125, 7.25], "texture": "#0"},
				"up": {"uv": [8.28125, 6.53125, 8.25, 6.5], "texture": "#0"},
				"down": {"uv": [6.78125, 8.25, 6.75, 8.28125], "texture": "#0"}
			}
		},
		{
			"name": "hexadecagon",
			"from": [7.91373, 14.675, 7.98284],
			"to": [8.08627, 18.675, 8.01716],
			"rotation": {"angle": 45, "axis": "y", "origin": [8, 14.575, 8]},
			"faces": {
				"north": {"uv": [3.5, 6.25, 3.53125, 7.25], "texture": "#0"},
				"east": {"uv": [6.25, 4, 6.28125, 5], "texture": "#0"},
				"south": {"uv": [6.25, 5, 6.28125, 6], "texture": "#0"},
				"west": {"uv": [6.25, 6, 6.28125, 7], "texture": "#0"},
				"up": {"uv": [8.28125, 6.78125, 8.25, 6.75], "texture": "#0"},
				"down": {"uv": [7.03125, 8.25, 7, 8.28125], "texture": "#0"}
			}
		},
		{
			"name": "hexadecagon",
			"from": [7.98284, 14.675, 7.91373],
			"to": [8.01716, 18.675, 8.08627],
			"rotation": {"angle": -22.5, "axis": "y", "origin": [8, 14.575, 8]},
			"faces": {
				"north": {"uv": [6.5, 0, 6.53125, 1], "texture": "#0"},
				"east": {"uv": [1, 6.5, 1.03125, 7.5], "texture": "#0"},
				"south": {"uv": [6.5, 1, 6.53125, 2], "texture": "#0"},
				"west": {"uv": [6.5, 2, 6.53125, 3], "texture": "#0"},
				"up": {"uv": [8.28125, 7.03125, 8.25, 7], "texture": "#0"},
				"down": {"uv": [7.28125, 8.25, 7.25, 8.28125], "texture": "#0"}
			}
		},
		{
			"name": "hexadecagon",
			"from": [7.98284, 14.675, 7.91373],
			"to": [8.01716, 18.675, 8.08627],
			"rotation": {"angle": 0, "axis": "y", "origin": [8, 14.575, 8]},
			"faces": {
				"north": {"uv": [6.5, 3, 6.53125, 4], "texture": "#0"},
				"east": {"uv": [3.75, 6.5, 3.78125, 7.5], "texture": "#0"},
				"south": {"uv": [6.5, 4, 6.53125, 5], "texture": "#0"},
				"west": {"uv": [4.25, 6.5, 4.28125, 7.5], "texture": "#0"},
				"up": {"uv": [8.28125, 7.28125, 8.25, 7.25], "texture": "#0"},
				"down": {"uv": [7.53125, 8.25, 7.5, 8.28125], "texture": "#0"}
			}
		},
		{
			"name": "hexadecagon",
			"from": [7.98284, 14.675, 7.91373],
			"to": [8.01716, 18.675, 8.08627],
			"rotation": {"angle": 22.5, "axis": "y", "origin": [8, 14.575, 8]},
			"faces": {
				"north": {"uv": [4.5, 6.5, 4.53125, 7.5], "texture": "#0"},
				"east": {"uv": [5, 6.5, 5.03125, 7.5], "texture": "#0"},
				"south": {"uv": [6.5, 5, 6.53125, 6], "texture": "#0"},
				"west": {"uv": [5.25, 6.5, 5.28125, 7.5], "texture": "#0"},
				"up": {"uv": [8.28125, 7.53125, 8.25, 7.5], "texture": "#0"},
				"down": {"uv": [7.78125, 8.25, 7.75, 8.28125], "texture": "#0"}
			}
		},
		{
			"name": "hexadecagon",
			"from": [7.802, 9.5, 7.56062],
			"to": [7.835, 9.6, 7.63938],
			"rotation": {"angle": -45, "axis": "y", "origin": [8, 8.6, 7.6]},
			"faces": {
				"north": {"uv": [8.25, 7.75, 8.28125, 7.78125], "texture": "#0"},
				"east": {"uv": [8, 8.25, 8.03125, 8.28125], "texture": "#0"},
				"south": {"uv": [8.25, 8, 8.28125, 8.03125], "texture": "#0"},
				"west": {"uv": [8.25, 8.25, 8.28125, 8.28125], "texture": "#0"},
				"up": {"uv": [0.03125, 8.53125, 0, 8.5], "texture": "#0"},
				"down": {"uv": [8.53125, 0, 8.5, 0.03125], "texture": "#0"}
			}
		},
		{
			"name": "hexadecagon",
			"from": [7.802, 9.5, 7.56062],
			"to": [7.835, 9.6, 7.63938],
			"rotation": {"angle": -22.5, "axis": "y", "origin": [8, 8.6, 7.6]},
			"faces": {
				"north": {"uv": [0.25, 8.5, 0.28125, 8.53125], "texture": "#0"},
				"east": {"uv": [8.5, 0.25, 8.53125, 0.28125], "texture": "#0"},
				"south": {"uv": [0.5, 8.5, 0.53125, 8.53125], "texture": "#0"},
				"west": {"uv": [8.5, 0.5, 8.53125, 0.53125], "texture": "#0"},
				"up": {"uv": [0.78125, 8.53125, 0.75, 8.5], "texture": "#0"},
				"down": {"uv": [8.53125, 0.75, 8.5, 0.78125], "texture": "#0"}
			}
		},
		{
			"name": "hexadecagon",
			"from": [7.802, 9.5, 7.56062],
			"to": [7.835, 9.6, 7.63938],
			"rotation": {"angle": 0, "axis": "y", "origin": [8, 8.6, 7.6]},
			"faces": {
				"north": {"uv": [1, 8.5, 1.03125, 8.53125], "texture": "#0"},
				"east": {"uv": [8.5, 1, 8.53125, 1.03125], "texture": "#0"},
				"south": {"uv": [1.25, 8.5, 1.28125, 8.53125], "texture": "#0"},
				"west": {"uv": [8.5, 1.25, 8.53125, 1.28125], "texture": "#0"},
				"up": {"uv": [1.53125, 8.53125, 1.5, 8.5], "texture": "#0"},
				"down": {"uv": [8.53125, 1.5, 8.5, 1.53125], "texture": "#0"}
			}
		},
		{
			"name": "hexadecagon",
			"from": [7.802, 9.5, 7.56062],
			"to": [7.835, 9.6, 7.63938],
			"rotation": {"angle": 22.5, "axis": "y", "origin": [8, 8.6, 7.6]},
			"faces": {
				"north": {"uv": [1.75, 8.5, 1.78125, 8.53125], "texture": "#0"},
				"east": {"uv": [8.5, 1.75, 8.53125, 1.78125], "texture": "#0"},
				"south": {"uv": [2, 8.5, 2.03125, 8.53125], "texture": "#0"},
				"west": {"uv": [8.5, 2, 8.53125, 2.03125], "texture": "#0"},
				"up": {"uv": [2.28125, 8.53125, 2.25, 8.5], "texture": "#0"},
				"down": {"uv": [8.53125, 2.25, 8.5, 2.28125], "texture": "#0"}
			}
		},
		{
			"name": "hexadecagon",
			"from": [7.802, 9.5, 7.56062],
			"to": [7.835, 9.6, 7.63938],
			"rotation": {"angle": 45, "axis": "y", "origin": [8, 8.6, 7.6]},
			"faces": {
				"north": {"uv": [2.5, 8.5, 2.53125, 8.53125], "texture": "#0"},
				"east": {"uv": [8.5, 2.5, 8.53125, 2.53125], "texture": "#0"},
				"south": {"uv": [2.75, 8.5, 2.78125, 8.53125], "texture": "#0"},
				"west": {"uv": [8.5, 2.75, 8.53125, 2.78125], "texture": "#0"},
				"up": {"uv": [3.03125, 8.53125, 3, 8.5], "texture": "#0"},
				"down": {"uv": [8.53125, 3, 8.5, 3.03125], "texture": "#0"}
			}
		},
		{
			"name": "hexadecagon",
			"from": [8.165, 9.5, 7.56062],
			"to": [8.198, 9.6, 7.63938],
			"rotation": {"angle": -45, "axis": "y", "origin": [8, 8.6, 7.6]},
			"faces": {
				"north": {"uv": [3.25, 8.5, 3.28125, 8.53125], "texture": "#0"},
				"east": {"uv": [8.5, 3.25, 8.53125, 3.28125], "texture": "#0"},
				"south": {"uv": [3.5, 8.5, 3.53125, 8.53125], "texture": "#0"},
				"west": {"uv": [8.5, 3.5, 8.53125, 3.53125], "texture": "#0"},
				"up": {"uv": [3.78125, 8.53125, 3.75, 8.5], "texture": "#0"},
				"down": {"uv": [8.53125, 3.75, 8.5, 3.78125], "texture": "#0"}
			}
		},
		{
			"name": "hexadecagon",
			"from": [8.165, 9.5, 7.56062],
			"to": [8.198, 9.6, 7.63938],
			"rotation": {"angle": -22.5, "axis": "y", "origin": [8, 8.6, 7.6]},
			"faces": {
				"north": {"uv": [4, 8.5, 4.03125, 8.53125], "texture": "#0"},
				"east": {"uv": [8.5, 4, 8.53125, 4.03125], "texture": "#0"},
				"south": {"uv": [4.25, 8.5, 4.28125, 8.53125], "texture": "#0"},
				"west": {"uv": [8.5, 4.25, 8.53125, 4.28125], "texture": "#0"},
				"up": {"uv": [4.53125, 8.53125, 4.5, 8.5], "texture": "#0"},
				"down": {"uv": [8.53125, 4.5, 8.5, 4.53125], "texture": "#0"}
			}
		},
		{
			"name": "hexadecagon",
			"from": [8.165, 9.5, 7.56062],
			"to": [8.198, 9.6, 7.63938],
			"rotation": {"angle": 0, "axis": "y", "origin": [8, 8.6, 7.6]},
			"faces": {
				"north": {"uv": [4.75, 8.5, 4.78125, 8.53125], "texture": "#0"},
				"east": {"uv": [8.5, 4.75, 8.53125, 4.78125], "texture": "#0"},
				"south": {"uv": [5, 8.5, 5.03125, 8.53125], "texture": "#0"},
				"west": {"uv": [8.5, 5, 8.53125, 5.03125], "texture": "#0"},
				"up": {"uv": [5.28125, 8.53125, 5.25, 8.5], "texture": "#0"},
				"down": {"uv": [8.53125, 5.25, 8.5, 5.28125], "texture": "#0"}
			}
		},
		{
			"name": "hexadecagon",
			"from": [8.165, 9.5, 7.56062],
			"to": [8.198, 9.6, 7.63938],
			"rotation": {"angle": 22.5, "axis": "y", "origin": [8, 8.6, 7.6]},
			"faces": {
				"north": {"uv": [5.5, 8.5, 5.53125, 8.53125], "texture": "#0"},
				"east": {"uv": [8.5, 5.5, 8.53125, 5.53125], "texture": "#0"},
				"south": {"uv": [5.75, 8.5, 5.78125, 8.53125], "texture": "#0"},
				"west": {"uv": [8.5, 5.75, 8.53125, 5.78125], "texture": "#0"},
				"up": {"uv": [6.03125, 8.53125, 6, 8.5], "texture": "#0"},
				"down": {"uv": [8.53125, 6, 8.5, 6.03125], "texture": "#0"}
			}
		},
		{
			"name": "hexadecagon",
			"from": [8.165, 9.5, 7.56062],
			"to": [8.198, 9.6, 7.63938],
			"rotation": {"angle": 45, "axis": "y", "origin": [8, 8.6, 7.6]},
			"faces": {
				"north": {"uv": [6.25, 8.5, 6.28125, 8.53125], "texture": "#0"},
				"east": {"uv": [8.5, 6.25, 8.53125, 6.28125], "texture": "#0"},
				"south": {"uv": [6.5, 8.5, 6.53125, 8.53125], "texture": "#0"},
				"west": {"uv": [8.5, 6.5, 8.53125, 6.53125], "texture": "#0"},
				"up": {"uv": [6.78125, 8.53125, 6.75, 8.5], "texture": "#0"},
				"down": {"uv": [8.53125, 6.75, 8.5, 6.78125], "texture": "#0"}
			}
		},
		{
			"name": "hexadecagon",
			"from": [7.96062, 9.5, 7.765],
			"to": [8.03938, 9.6, 7.798],
			"rotation": {"angle": -22.5, "axis": "y", "origin": [8, 8.6, 7.6]},
			"faces": {
				"north": {"uv": [7, 8.5, 7.03125, 8.53125], "texture": "#0"},
				"east": {"uv": [8.5, 7, 8.53125, 7.03125], "texture": "#0"},
				"south": {"uv": [7.25, 8.5, 7.28125, 8.53125], "texture": "#0"},
				"west": {"uv": [8.5, 7.25, 8.53125, 7.28125], "texture": "#0"},
				"up": {"uv": [7.53125, 8.53125, 7.5, 8.5], "texture": "#0"},
				"down": {"uv": [8.53125, 7.5, 8.5, 7.53125], "texture": "#0"}
			}
		},
		{
			"name": "hexadecagon",
			"from": [7.96062, 9.5, 7.765],
			"to": [8.03938, 9.6, 7.898],
			"rotation": {"angle": 0, "axis": "y", "origin": [8, 8.6, 7.6]},
			"faces": {
				"north": {"uv": [7.75, 8.5, 7.78125, 8.53125], "texture": "#0"},
				"east": {"uv": [8.5, 7.75, 8.53125, 7.78125], "texture": "#0"},
				"south": {"uv": [8, 8.5, 8.03125, 8.53125], "texture": "#0"},
				"west": {"uv": [8.5, 8, 8.53125, 8.03125], "texture": "#0"},
				"up": {"uv": [8.28125, 8.53125, 8.25, 8.5], "texture": "#0"},
				"down": {"uv": [8.53125, 8.25, 8.5, 8.28125], "texture": "#0"}
			}
		},
		{
			"name": "hexadecagon",
			"from": [7.96062, 9.5, 7.765],
			"to": [8.03938, 9.6, 7.798],
			"rotation": {"angle": 22.5, "axis": "y", "origin": [8, 8.6, 7.6]},
			"faces": {
				"north": {"uv": [8.5, 8.5, 8.53125, 8.53125], "texture": "#0"},
				"east": {"uv": [0, 8.75, 0.03125, 8.78125], "texture": "#0"},
				"south": {"uv": [8.75, 0, 8.78125, 0.03125], "texture": "#0"},
				"west": {"uv": [0.25, 8.75, 0.28125, 8.78125], "texture": "#0"},
				"up": {"uv": [8.78125, 0.28125, 8.75, 0.25], "texture": "#0"},
				"down": {"uv": [0.53125, 8.75, 0.5, 8.78125], "texture": "#0"}
			}
		},
		{
			"name": "hexadecagon",
			"from": [7.96062, 9.5, 7.402],
			"to": [8.03938, 9.6, 7.435],
			"rotation": {"angle": -22.5, "axis": "y", "origin": [8, 8.6, 7.6]},
			"faces": {
				"north": {"uv": [8.75, 0.5, 8.78125, 0.53125], "texture": "#0"},
				"east": {"uv": [0.75, 8.75, 0.78125, 8.78125], "texture": "#0"},
				"south": {"uv": [8.75, 0.75, 8.78125, 0.78125], "texture": "#0"},
				"west": {"uv": [1, 8.75, 1.03125, 8.78125], "texture": "#0"},
				"up": {"uv": [8.78125, 1.03125, 8.75, 1], "texture": "#0"},
				"down": {"uv": [1.28125, 8.75, 1.25, 8.78125], "texture": "#0"}
			}
		},
		{
			"name": "hexadecagon",
			"from": [7.96062, 9.5, 7.402],
			"to": [8.03938, 9.6, 7.435],
			"rotation": {"angle": 0, "axis": "y", "origin": [8, 8.6, 7.6]},
			"faces": {
				"north": {"uv": [8.75, 1.25, 8.78125, 1.28125], "texture": "#0"},
				"east": {"uv": [1.5, 8.75, 1.53125, 8.78125], "texture": "#0"},
				"south": {"uv": [8.75, 1.5, 8.78125, 1.53125], "texture": "#0"},
				"west": {"uv": [1.75, 8.75, 1.78125, 8.78125], "texture": "#0"},
				"up": {"uv": [8.78125, 1.78125, 8.75, 1.75], "texture": "#0"},
				"down": {"uv": [2.03125, 8.75, 2, 8.78125], "texture": "#0"}
			}
		},
		{
			"name": "hexadecagon",
			"from": [7.96062, 9.5, 7.402],
			"to": [8.03938, 9.6, 7.435],
			"rotation": {"angle": 22.5, "axis": "y", "origin": [8, 8.6, 7.6]},
			"faces": {
				"north": {"uv": [8.75, 2, 8.78125, 2.03125], "texture": "#0"},
				"east": {"uv": [2.25, 8.75, 2.28125, 8.78125], "texture": "#0"},
				"south": {"uv": [8.75, 2.25, 8.78125, 2.28125], "texture": "#0"},
				"west": {"uv": [2.5, 8.75, 2.53125, 8.78125], "texture": "#0"},
				"up": {"uv": [8.78125, 2.53125, 8.75, 2.5], "texture": "#0"},
				"down": {"uv": [2.78125, 8.75, 2.75, 8.78125], "texture": "#0"}
			}
		},
		{
			"name": "hexadecagon",
			"from": [7.802, 14.5, 7.56062],
			"to": [7.835, 14.6, 7.63938],
			"rotation": {"angle": -45, "axis": "y", "origin": [8, 13.6, 7.6]},
			"faces": {
				"north": {"uv": [8.75, 2.75, 8.78125, 2.78125], "texture": "#0"},
				"east": {"uv": [3, 8.75, 3.03125, 8.78125], "texture": "#0"},
				"south": {"uv": [8.75, 3, 8.78125, 3.03125], "texture": "#0"},
				"west": {"uv": [3.25, 8.75, 3.28125, 8.78125], "texture": "#0"},
				"up": {"uv": [8.78125, 3.28125, 8.75, 3.25], "texture": "#0"},
				"down": {"uv": [3.53125, 8.75, 3.5, 8.78125], "texture": "#0"}
			}
		},
		{
			"name": "hexadecagon",
			"from": [7.802, 14.5, 7.56062],
			"to": [7.835, 14.6, 7.63938],
			"rotation": {"angle": -22.5, "axis": "y", "origin": [8, 13.6, 7.6]},
			"faces": {
				"north": {"uv": [8.75, 3.5, 8.78125, 3.53125], "texture": "#0"},
				"east": {"uv": [3.75, 8.75, 3.78125, 8.78125], "texture": "#0"},
				"south": {"uv": [8.75, 3.75, 8.78125, 3.78125], "texture": "#0"},
				"west": {"uv": [4, 8.75, 4.03125, 8.78125], "texture": "#0"},
				"up": {"uv": [8.78125, 4.03125, 8.75, 4], "texture": "#0"},
				"down": {"uv": [4.28125, 8.75, 4.25, 8.78125], "texture": "#0"}
			}
		},
		{
			"name": "hexadecagon",
			"from": [7.802, 14.5, 7.56062],
			"to": [7.835, 14.6, 7.63938],
			"rotation": {"angle": 0, "axis": "y", "origin": [8, 13.6, 7.6]},
			"faces": {
				"north": {"uv": [8.75, 4.25, 8.78125, 4.28125], "texture": "#0"},
				"east": {"uv": [4.5, 8.75, 4.53125, 8.78125], "texture": "#0"},
				"south": {"uv": [8.75, 4.5, 8.78125, 4.53125], "texture": "#0"},
				"west": {"uv": [4.75, 8.75, 4.78125, 8.78125], "texture": "#0"},
				"up": {"uv": [8.78125, 4.78125, 8.75, 4.75], "texture": "#0"},
				"down": {"uv": [5.03125, 8.75, 5, 8.78125], "texture": "#0"}
			}
		},
		{
			"name": "hexadecagon",
			"from": [7.802, 14.5, 7.56062],
			"to": [7.835, 14.6, 7.63938],
			"rotation": {"angle": 22.5, "axis": "y", "origin": [8, 13.6, 7.6]},
			"faces": {
				"north": {"uv": [8.75, 5, 8.78125, 5.03125], "texture": "#0"},
				"east": {"uv": [5.25, 8.75, 5.28125, 8.78125], "texture": "#0"},
				"south": {"uv": [8.75, 5.25, 8.78125, 5.28125], "texture": "#0"},
				"west": {"uv": [5.5, 8.75, 5.53125, 8.78125], "texture": "#0"},
				"up": {"uv": [8.78125, 5.53125, 8.75, 5.5], "texture": "#0"},
				"down": {"uv": [5.78125, 8.75, 5.75, 8.78125], "texture": "#0"}
			}
		},
		{
			"name": "hexadecagon",
			"from": [7.802, 14.5, 7.56062],
			"to": [7.835, 14.6, 7.63938],
			"rotation": {"angle": 45, "axis": "y", "origin": [8, 13.6, 7.6]},
			"faces": {
				"north": {"uv": [8.75, 5.75, 8.78125, 5.78125], "texture": "#0"},
				"east": {"uv": [6, 8.75, 6.03125, 8.78125], "texture": "#0"},
				"south": {"uv": [8.75, 6, 8.78125, 6.03125], "texture": "#0"},
				"west": {"uv": [6.25, 8.75, 6.28125, 8.78125], "texture": "#0"},
				"up": {"uv": [8.78125, 6.28125, 8.75, 6.25], "texture": "#0"},
				"down": {"uv": [6.53125, 8.75, 6.5, 8.78125], "texture": "#0"}
			}
		},
		{
			"name": "hexadecagon",
			"from": [8.165, 14.5, 7.56062],
			"to": [8.198, 14.6, 7.63938],
			"rotation": {"angle": -45, "axis": "y", "origin": [8, 13.6, 7.6]},
			"faces": {
				"north": {"uv": [8.75, 6.5, 8.78125, 6.53125], "texture": "#0"},
				"east": {"uv": [6.75, 8.75, 6.78125, 8.78125], "texture": "#0"},
				"south": {"uv": [8.75, 6.75, 8.78125, 6.78125], "texture": "#0"},
				"west": {"uv": [7, 8.75, 7.03125, 8.78125], "texture": "#0"},
				"up": {"uv": [8.78125, 7.03125, 8.75, 7], "texture": "#0"},
				"down": {"uv": [7.28125, 8.75, 7.25, 8.78125], "texture": "#0"}
			}
		},
		{
			"name": "hexadecagon",
			"from": [8.165, 14.5, 7.56062],
			"to": [8.198, 14.6, 7.63938],
			"rotation": {"angle": -22.5, "axis": "y", "origin": [8, 13.6, 7.6]},
			"faces": {
				"north": {"uv": [8.75, 7.25, 8.78125, 7.28125], "texture": "#0"},
				"east": {"uv": [7.5, 8.75, 7.53125, 8.78125], "texture": "#0"},
				"south": {"uv": [8.75, 7.5, 8.78125, 7.53125], "texture": "#0"},
				"west": {"uv": [7.75, 8.75, 7.78125, 8.78125], "texture": "#0"},
				"up": {"uv": [8.78125, 7.78125, 8.75, 7.75], "texture": "#0"},
				"down": {"uv": [8.03125, 8.75, 8, 8.78125], "texture": "#0"}
			}
		},
		{
			"name": "hexadecagon",
			"from": [8.165, 14.5, 7.56062],
			"to": [8.198, 14.6, 7.63938],
			"rotation": {"angle": 0, "axis": "y", "origin": [8, 13.6, 7.6]},
			"faces": {
				"north": {"uv": [8.75, 8, 8.78125, 8.03125], "texture": "#0"},
				"east": {"uv": [8.25, 8.75, 8.28125, 8.78125], "texture": "#0"},
				"south": {"uv": [8.75, 8.25, 8.78125, 8.28125], "texture": "#0"},
				"west": {"uv": [8.5, 8.75, 8.53125, 8.78125], "texture": "#0"},
				"up": {"uv": [8.78125, 8.53125, 8.75, 8.5], "texture": "#0"},
				"down": {"uv": [8.78125, 8.75, 8.75, 8.78125], "texture": "#0"}
			}
		},
		{
			"name": "hexadecagon",
			"from": [8.165, 14.5, 7.56062],
			"to": [8.198, 14.6, 7.63938],
			"rotation": {"angle": 22.5, "axis": "y", "origin": [8, 13.6, 7.6]},
			"faces": {
				"north": {"uv": [0, 9, 0.03125, 9.03125], "texture": "#0"},
				"east": {"uv": [9, 0, 9.03125, 0.03125], "texture": "#0"},
				"south": {"uv": [0.25, 9, 0.28125, 9.03125], "texture": "#0"},
				"west": {"uv": [9, 0.25, 9.03125, 0.28125], "texture": "#0"},
				"up": {"uv": [0.53125, 9.03125, 0.5, 9], "texture": "#0"},
				"down": {"uv": [9.03125, 0.5, 9, 0.53125], "texture": "#0"}
			}
		},
		{
			"name": "hexadecagon",
			"from": [8.165, 14.5, 7.56062],
			"to": [8.198, 14.6, 7.63938],
			"rotation": {"angle": 45, "axis": "y", "origin": [8, 13.6, 7.6]},
			"faces": {
				"north": {"uv": [0.75, 9, 0.78125, 9.03125], "texture": "#0"},
				"east": {"uv": [9, 0.75, 9.03125, 0.78125], "texture": "#0"},
				"south": {"uv": [1, 9, 1.03125, 9.03125], "texture": "#0"},
				"west": {"uv": [9, 1, 9.03125, 1.03125], "texture": "#0"},
				"up": {"uv": [1.28125, 9.03125, 1.25, 9], "texture": "#0"},
				"down": {"uv": [9.03125, 1.25, 9, 1.28125], "texture": "#0"}
			}
		},
		{
			"name": "hexadecagon",
			"from": [7.96062, 14.5, 7.765],
			"to": [8.03938, 14.6, 7.798],
			"rotation": {"angle": -22.5, "axis": "y", "origin": [8, 13.6, 7.6]},
			"faces": {
				"north": {"uv": [1.5, 9, 1.53125, 9.03125], "texture": "#0"},
				"east": {"uv": [9, 1.5, 9.03125, 1.53125], "texture": "#0"},
				"south": {"uv": [1.75, 9, 1.78125, 9.03125], "texture": "#0"},
				"west": {"uv": [9, 1.75, 9.03125, 1.78125], "texture": "#0"},
				"up": {"uv": [2.03125, 9.03125, 2, 9], "texture": "#0"},
				"down": {"uv": [9.03125, 2, 9, 2.03125], "texture": "#0"}
			}
		},
		{
			"name": "hexadecagon",
			"from": [7.96062, 14.5, 7.765],
			"to": [8.03938, 14.6, 7.898],
			"rotation": {"angle": 0, "axis": "y", "origin": [8, 13.6, 7.6]},
			"faces": {
				"north": {"uv": [2.25, 9, 2.28125, 9.03125], "texture": "#0"},
				"east": {"uv": [9, 2.25, 9.03125, 2.28125], "texture": "#0"},
				"south": {"uv": [2.5, 9, 2.53125, 9.03125], "texture": "#0"},
				"west": {"uv": [9, 2.5, 9.03125, 2.53125], "texture": "#0"},
				"up": {"uv": [2.78125, 9.03125, 2.75, 9], "texture": "#0"},
				"down": {"uv": [9.03125, 2.75, 9, 2.78125], "texture": "#0"}
			}
		},
		{
			"name": "hexadecagon",
			"from": [7.96062, 14.5, 7.765],
			"to": [8.03938, 14.6, 7.798],
			"rotation": {"angle": 22.5, "axis": "y", "origin": [8, 13.6, 7.6]},
			"faces": {
				"north": {"uv": [3, 9, 3.03125, 9.03125], "texture": "#0"},
				"east": {"uv": [9, 3, 9.03125, 3.03125], "texture": "#0"},
				"south": {"uv": [3.25, 9, 3.28125, 9.03125], "texture": "#0"},
				"west": {"uv": [9, 3.25, 9.03125, 3.28125], "texture": "#0"},
				"up": {"uv": [3.53125, 9.03125, 3.5, 9], "texture": "#0"},
				"down": {"uv": [9.03125, 3.5, 9, 3.53125], "texture": "#0"}
			}
		},
		{
			"name": "hexadecagon",
			"from": [7.96062, 14.5, 7.402],
			"to": [8.03938, 14.6, 7.435],
			"rotation": {"angle": -22.5, "axis": "y", "origin": [8, 13.6, 7.6]},
			"faces": {
				"north": {"uv": [3.75, 9, 3.78125, 9.03125], "texture": "#0"},
				"east": {"uv": [9, 3.75, 9.03125, 3.78125], "texture": "#0"},
				"south": {"uv": [4, 9, 4.03125, 9.03125], "texture": "#0"},
				"west": {"uv": [9, 4, 9.03125, 4.03125], "texture": "#0"},
				"up": {"uv": [4.28125, 9.03125, 4.25, 9], "texture": "#0"},
				"down": {"uv": [9.03125, 4.25, 9, 4.28125], "texture": "#0"}
			}
		},
		{
			"name": "hexadecagon",
			"from": [7.96062, 14.5, 7.402],
			"to": [8.03938, 14.6, 7.435],
			"rotation": {"angle": 0, "axis": "y", "origin": [8, 13.6, 7.6]},
			"faces": {
				"north": {"uv": [4.5, 9, 4.53125, 9.03125], "texture": "#0"},
				"east": {"uv": [9, 4.5, 9.03125, 4.53125], "texture": "#0"},
				"south": {"uv": [4.75, 9, 4.78125, 9.03125], "texture": "#0"},
				"west": {"uv": [9, 4.75, 9.03125, 4.78125], "texture": "#0"},
				"up": {"uv": [5.03125, 9.03125, 5, 9], "texture": "#0"},
				"down": {"uv": [9.03125, 5, 9, 5.03125], "texture": "#0"}
			}
		},
		{
			"name": "hexadecagon",
			"from": [7.96062, 14.5, 7.402],
			"to": [8.03938, 14.6, 7.435],
			"rotation": {"angle": 22.5, "axis": "y", "origin": [8, 13.6, 7.6]},
			"faces": {
				"north": {"uv": [5.25, 9, 5.28125, 9.03125], "texture": "#0"},
				"east": {"uv": [9, 5.25, 9.03125, 5.28125], "texture": "#0"},
				"south": {"uv": [5.5, 9, 5.53125, 9.03125], "texture": "#0"},
				"west": {"uv": [9, 5.5, 9.03125, 5.53125], "texture": "#0"},
				"up": {"uv": [5.78125, 9.03125, 5.75, 9], "texture": "#0"},
				"down": {"uv": [9.03125, 5.75, 9, 5.78125], "texture": "#0"}
			}
		},
		{
			"name": "hexadecagon",
			"from": [7.802, 18.5, 7.66062],
			"to": [7.835, 18.6, 7.73938],
			"rotation": {"angle": -45, "axis": "y", "origin": [8, 17.6, 7.7]},
			"faces": {
				"north": {"uv": [6, 9, 6.03125, 9.03125], "texture": "#0"},
				"east": {"uv": [9, 6, 9.03125, 6.03125], "texture": "#0"},
				"south": {"uv": [6.25, 9, 6.28125, 9.03125], "texture": "#0"},
				"west": {"uv": [9, 6.25, 9.03125, 6.28125], "texture": "#0"},
				"up": {"uv": [6.53125, 9.03125, 6.5, 9], "texture": "#0"},
				"down": {"uv": [9.03125, 6.5, 9, 6.53125], "texture": "#0"}
			}
		},
		{
			"name": "hexadecagon",
			"from": [7.802, 18.5, 7.66062],
			"to": [7.835, 18.6, 7.73938],
			"rotation": {"angle": -22.5, "axis": "y", "origin": [8, 17.6, 7.7]},
			"faces": {
				"north": {"uv": [6.75, 9, 6.78125, 9.03125], "texture": "#0"},
				"east": {"uv": [9, 6.75, 9.03125, 6.78125], "texture": "#0"},
				"south": {"uv": [7, 9, 7.03125, 9.03125], "texture": "#0"},
				"west": {"uv": [9, 7, 9.03125, 7.03125], "texture": "#0"},
				"up": {"uv": [7.28125, 9.03125, 7.25, 9], "texture": "#0"},
				"down": {"uv": [9.03125, 7.25, 9, 7.28125], "texture": "#0"}
			}
		},
		{
			"name": "hexadecagon",
			"from": [7.802, 18.5, 7.66062],
			"to": [7.835, 18.6, 7.73938],
			"rotation": {"angle": 0, "axis": "y", "origin": [8, 17.6, 7.7]},
			"faces": {
				"north": {"uv": [7.5, 9, 7.53125, 9.03125], "texture": "#0"},
				"east": {"uv": [9, 7.5, 9.03125, 7.53125], "texture": "#0"},
				"south": {"uv": [7.75, 9, 7.78125, 9.03125], "texture": "#0"},
				"west": {"uv": [9, 7.75, 9.03125, 7.78125], "texture": "#0"},
				"up": {"uv": [8.03125, 9.03125, 8, 9], "texture": "#0"},
				"down": {"uv": [9.03125, 8, 9, 8.03125], "texture": "#0"}
			}
		},
		{
			"name": "hexadecagon",
			"from": [7.802, 18.5, 7.66062],
			"to": [7.835, 18.6, 7.73938],
			"rotation": {"angle": 22.5, "axis": "y", "origin": [8, 17.6, 7.7]},
			"faces": {
				"north": {"uv": [8.25, 9, 8.28125, 9.03125], "texture": "#0"},
				"east": {"uv": [9, 8.25, 9.03125, 8.28125], "texture": "#0"},
				"south": {"uv": [8.5, 9, 8.53125, 9.03125], "texture": "#0"},
				"west": {"uv": [9, 8.5, 9.03125, 8.53125], "texture": "#0"},
				"up": {"uv": [8.78125, 9.03125, 8.75, 9], "texture": "#0"},
				"down": {"uv": [9.03125, 8.75, 9, 8.78125], "texture": "#0"}
			}
		},
		{
			"name": "hexadecagon",
			"from": [7.802, 18.5, 7.66062],
			"to": [7.835, 18.6, 7.73938],
			"rotation": {"angle": 45, "axis": "y", "origin": [8, 17.6, 7.7]},
			"faces": {
				"north": {"uv": [9, 9, 9.03125, 9.03125], "texture": "#0"},
				"east": {"uv": [0, 9.25, 0.03125, 9.28125], "texture": "#0"},
				"south": {"uv": [9.25, 0, 9.28125, 0.03125], "texture": "#0"},
				"west": {"uv": [0.25, 9.25, 0.28125, 9.28125], "texture": "#0"},
				"up": {"uv": [9.28125, 0.28125, 9.25, 0.25], "texture": "#0"},
				"down": {"uv": [0.53125, 9.25, 0.5, 9.28125], "texture": "#0"}
			}
		},
		{
			"name": "hexadecagon",
			"from": [8.165, 18.5, 7.66062],
			"to": [8.198, 18.6, 7.73938],
			"rotation": {"angle": -45, "axis": "y", "origin": [8, 17.6, 7.7]},
			"faces": {
				"north": {"uv": [9.25, 0.5, 9.28125, 0.53125], "texture": "#0"},
				"east": {"uv": [0.75, 9.25, 0.78125, 9.28125], "texture": "#0"},
				"south": {"uv": [9.25, 0.75, 9.28125, 0.78125], "texture": "#0"},
				"west": {"uv": [1, 9.25, 1.03125, 9.28125], "texture": "#0"},
				"up": {"uv": [9.28125, 1.03125, 9.25, 1], "texture": "#0"},
				"down": {"uv": [1.28125, 9.25, 1.25, 9.28125], "texture": "#0"}
			}
		},
		{
			"name": "hexadecagon",
			"from": [8.165, 18.5, 7.66062],
			"to": [8.198, 18.6, 7.73938],
			"rotation": {"angle": -22.5, "axis": "y", "origin": [8, 17.6, 7.7]},
			"faces": {
				"north": {"uv": [9.25, 1.25, 9.28125, 1.28125], "texture": "#0"},
				"east": {"uv": [1.5, 9.25, 1.53125, 9.28125], "texture": "#0"},
				"south": {"uv": [9.25, 1.5, 9.28125, 1.53125], "texture": "#0"},
				"west": {"uv": [1.75, 9.25, 1.78125, 9.28125], "texture": "#0"},
				"up": {"uv": [9.28125, 1.78125, 9.25, 1.75], "texture": "#0"},
				"down": {"uv": [2.03125, 9.25, 2, 9.28125], "texture": "#0"}
			}
		},
		{
			"name": "hexadecagon",
			"from": [8.165, 18.5, 7.66062],
			"to": [8.198, 18.6, 7.73938],
			"rotation": {"angle": 0, "axis": "y", "origin": [8, 17.6, 7.7]},
			"faces": {
				"north": {"uv": [9.25, 2, 9.28125, 2.03125], "texture": "#0"},
				"east": {"uv": [2.25, 9.25, 2.28125, 9.28125], "texture": "#0"},
				"south": {"uv": [9.25, 2.25, 9.28125, 2.28125], "texture": "#0"},
				"west": {"uv": [2.5, 9.25, 2.53125, 9.28125], "texture": "#0"},
				"up": {"uv": [9.28125, 2.53125, 9.25, 2.5], "texture": "#0"},
				"down": {"uv": [2.78125, 9.25, 2.75, 9.28125], "texture": "#0"}
			}
		},
		{
			"name": "hexadecagon",
			"from": [8.165, 18.5, 7.66062],
			"to": [8.198, 18.6, 7.73938],
			"rotation": {"angle": 22.5, "axis": "y", "origin": [8, 17.6, 7.7]},
			"faces": {
				"north": {"uv": [9.25, 2.75, 9.28125, 2.78125], "texture": "#0"},
				"east": {"uv": [3, 9.25, 3.03125, 9.28125], "texture": "#0"},
				"south": {"uv": [9.25, 3, 9.28125, 3.03125], "texture": "#0"},
				"west": {"uv": [3.25, 9.25, 3.28125, 9.28125], "texture": "#0"},
				"up": {"uv": [9.28125, 3.28125, 9.25, 3.25], "texture": "#0"},
				"down": {"uv": [3.53125, 9.25, 3.5, 9.28125], "texture": "#0"}
			}
		},
		{
			"name": "hexadecagon",
			"from": [8.165, 18.5, 7.66062],
			"to": [8.198, 18.6, 7.73938],
			"rotation": {"angle": 45, "axis": "y", "origin": [8, 17.6, 7.7]},
			"faces": {
				"north": {"uv": [9.25, 3.5, 9.28125, 3.53125], "texture": "#0"},
				"east": {"uv": [3.75, 9.25, 3.78125, 9.28125], "texture": "#0"},
				"south": {"uv": [9.25, 3.75, 9.28125, 3.78125], "texture": "#0"},
				"west": {"uv": [4, 9.25, 4.03125, 9.28125], "texture": "#0"},
				"up": {"uv": [9.28125, 4.03125, 9.25, 4], "texture": "#0"},
				"down": {"uv": [4.28125, 9.25, 4.25, 9.28125], "texture": "#0"}
			}
		},
		{
			"name": "hexadecagon",
			"from": [7.96062, 18.5, 7.865],
			"to": [8.03938, 18.6, 7.898],
			"rotation": {"angle": -22.5, "axis": "y", "origin": [8, 17.6, 7.7]},
			"faces": {
				"north": {"uv": [9.25, 4.25, 9.28125, 4.28125], "texture": "#0"},
				"east": {"uv": [4.5, 9.25, 4.53125, 9.28125], "texture": "#0"},
				"south": {"uv": [9.25, 4.5, 9.28125, 4.53125], "texture": "#0"},
				"west": {"uv": [4.75, 9.25, 4.78125, 9.28125], "texture": "#0"},
				"up": {"uv": [9.28125, 4.78125, 9.25, 4.75], "texture": "#0"},
				"down": {"uv": [5.03125, 9.25, 5, 9.28125], "texture": "#0"}
			}
		},
		{
			"name": "hexadecagon",
			"from": [7.96062, 18.5, 7.865],
			"to": [8.03938, 18.6, 7.998],
			"rotation": {"angle": 0, "axis": "y", "origin": [8, 17.6, 7.7]},
			"faces": {
				"north": {"uv": [9.25, 5, 9.28125, 5.03125], "texture": "#0"},
				"east": {"uv": [5.25, 9.25, 5.28125, 9.28125], "texture": "#0"},
				"south": {"uv": [9.25, 5.25, 9.28125, 5.28125], "texture": "#0"},
				"west": {"uv": [5.5, 9.25, 5.53125, 9.28125], "texture": "#0"},
				"up": {"uv": [9.28125, 5.53125, 9.25, 5.5], "texture": "#0"},
				"down": {"uv": [5.78125, 9.25, 5.75, 9.28125], "texture": "#0"}
			}
		},
		{
			"name": "hexadecagon",
			"from": [7.96062, 18.5, 7.865],
			"to": [8.03938, 18.6, 7.898],
			"rotation": {"angle": 22.5, "axis": "y", "origin": [8, 17.6, 7.7]},
			"faces": {
				"north": {"uv": [9.25, 5.75, 9.28125, 5.78125], "texture": "#0"},
				"east": {"uv": [6, 9.25, 6.03125, 9.28125], "texture": "#0"},
				"south": {"uv": [9.25, 6, 9.28125, 6.03125], "texture": "#0"},
				"west": {"uv": [6.25, 9.25, 6.28125, 9.28125], "texture": "#0"},
				"up": {"uv": [9.28125, 6.28125, 9.25, 6.25], "texture": "#0"},
				"down": {"uv": [6.53125, 9.25, 6.5, 9.28125], "texture": "#0"}
			}
		},
		{
			"name": "hexadecagon",
			"from": [7.96062, 18.5, 7.502],
			"to": [8.03938, 18.6, 7.535],
			"rotation": {"angle": -22.5, "axis": "y", "origin": [8, 17.6, 7.7]},
			"faces": {
				"north": {"uv": [9.25, 6.5, 9.28125, 6.53125], "texture": "#0"},
				"east": {"uv": [6.75, 9.25, 6.78125, 9.28125], "texture": "#0"},
				"south": {"uv": [9.25, 6.75, 9.28125, 6.78125], "texture": "#0"},
				"west": {"uv": [7, 9.25, 7.03125, 9.28125], "texture": "#0"},
				"up": {"uv": [9.28125, 7.03125, 9.25, 7], "texture": "#0"},
				"down": {"uv": [7.28125, 9.25, 7.25, 9.28125], "texture": "#0"}
			}
		},
		{
			"name": "hexadecagon",
			"from": [7.96062, 18.5, 7.502],
			"to": [8.03938, 18.6, 7.535],
			"rotation": {"angle": 0, "axis": "y", "origin": [8, 17.6, 7.7]},
			"faces": {
				"north": {"uv": [9.25, 7.25, 9.28125, 7.28125], "texture": "#0"},
				"east": {"uv": [7.5, 9.25, 7.53125, 9.28125], "texture": "#0"},
				"south": {"uv": [9.25, 7.5, 9.28125, 7.53125], "texture": "#0"},
				"west": {"uv": [7.75, 9.25, 7.78125, 9.28125], "texture": "#0"},
				"up": {"uv": [9.28125, 7.78125, 9.25, 7.75], "texture": "#0"},
				"down": {"uv": [8.03125, 9.25, 8, 9.28125], "texture": "#0"}
			}
		},
		{
			"name": "hexadecagon",
			"from": [7.96062, 18.5, 7.502],
			"to": [8.03938, 18.6, 7.535],
			"rotation": {"angle": 22.5, "axis": "y", "origin": [8, 17.6, 7.7]},
			"faces": {
				"north": {"uv": [9.25, 8, 9.28125, 8.03125], "texture": "#0"},
				"east": {"uv": [8.25, 9.25, 8.28125, 9.28125], "texture": "#0"},
				"south": {"uv": [9.25, 8.25, 9.28125, 8.28125], "texture": "#0"},
				"west": {"uv": [8.5, 9.25, 8.53125, 9.28125], "texture": "#0"},
				"up": {"uv": [9.28125, 8.53125, 9.25, 8.5], "texture": "#0"},
				"down": {"uv": [8.78125, 9.25, 8.75, 9.28125], "texture": "#0"}
			}
		},
		{
			"from": [7.85, 4.35, 6.85],
			"to": [8.15, 4.65, 8.35],
			"rotation": {"angle": 0, "axis": "y", "origin": [7.5, 4.5, 8.2]},
			"faces": {
				"north": {"uv": [0, 8, 0.0625, 8.0625], "texture": "#0"},
				"east": {"uv": [5.5, 1.25, 5.875, 1.3125], "texture": "#0"},
				"south": {"uv": [8, 0, 8.0625, 0.0625], "texture": "#0"},
				"west": {"uv": [6.5, 6, 6.875, 6.0625], "texture": "#0"},
				"up": {"uv": [5.5625, 6.875, 5.5, 6.5], "texture": "#0"},
				"down": {"uv": [6.0625, 6.5, 6, 6.875], "texture": "#0"}
			}
		},
		{
			"from": [7.95, 4.45, 6.85],
			"to": [8.05, 7.25, 6.95],
			"rotation": {"angle": 22.5, "axis": "x", "origin": [8, 5.4, 7.6]},
			"faces": {
				"north": {"uv": [6.75, 1.75, 6.78125, 2.4375], "texture": "#0"},
				"east": {"uv": [6.75, 2.5, 6.78125, 3.1875], "texture": "#0"},
				"south": {"uv": [6.75, 3.25, 6.78125, 3.9375], "texture": "#0"},
				"west": {"uv": [6.75, 4, 6.78125, 4.6875], "texture": "#0"},
				"up": {"uv": [9.28125, 8.78125, 9.25, 8.75], "texture": "#0"},
				"down": {"uv": [9.03125, 9.25, 9, 9.28125], "texture": "#0"}
			}
		},
		{
			"from": [7.95, 7.35792, 7.60744],
			"to": [8.05, 18.65792, 7.70744],
			"rotation": {"angle": 0, "axis": "x", "origin": [8, 5.30792, 7.65744]},
			"faces": {
				"north": {"uv": [3, 0, 3.03125, 2.8125], "texture": "#0"},
				"east": {"uv": [2, 3, 2.03125, 5.8125], "texture": "#0"},
				"south": {"uv": [2.25, 3, 2.28125, 5.8125], "texture": "#0"},
				"west": {"uv": [2.5, 3, 2.53125, 5.8125], "texture": "#0"},
				"up": {"uv": [9.28125, 9.03125, 9.25, 9], "texture": "#0"},
				"down": {"uv": [9.28125, 9.25, 9.25, 9.28125], "texture": "#0"}
			}
		},
		{
			"from": [7.875, 3.85, 6.85],
			"to": [8.125, 4.15, 8.35],
			"rotation": {"angle": 22.5, "axis": "x", "origin": [8, 4.5, 7.6]},
			"faces": {
				"north": {"uv": [0.25, 8, 0.3125, 8.0625], "texture": "#0"},
				"east": {"uv": [6.5, 6.25, 6.875, 6.3125], "texture": "#0"},
				"south": {"uv": [8, 0.25, 8.0625, 0.3125], "texture": "#0"},
				"west": {"uv": [6.5, 6.5, 6.875, 6.5625], "texture": "#0"},
				"up": {"uv": [0.0625, 7.125, 0, 6.75], "texture": "#0"},
				"down": {"uv": [6.8125, 0, 6.75, 0.375], "texture": "#0"}
			}
		},
		{
			"from": [7.7, 4.1, 6.1],
			"to": [8.2, 4.9, 6.85],
			"rotation": {"angle": -45, "axis": "x", "origin": [8, 4.5, 6.475]},
			"faces": {
				"north": {"uv": [0.25, 6.75, 0.375, 6.9375], "texture": "#0"},
				"east": {"uv": [4.75, 1, 4.9375, 1.1875], "texture": "#0"},
				"south": {"uv": [0.5, 6.75, 0.625, 6.9375], "texture": "#0"},
				"west": {"uv": [4.75, 1.25, 4.9375, 1.4375], "texture": "#0"},
				"up": {"uv": [6.875, 0.6875, 6.75, 0.5], "texture": "#0"},
				"down": {"uv": [0.875, 6.75, 0.75, 6.9375], "texture": "#0"}
			}
		},
		{
			"from": [8.2, 4, 6],
			"to": [8.4, 5, 6.95],
			"rotation": {"angle": -45, "axis": "x", "origin": [8, 4.5, 6.475]},
			"faces": {
				"north": {"uv": [4.75, 7, 4.8125, 7.25], "texture": "#0"},
				"east": {"uv": [0.5, 4, 0.75, 4.25], "texture": "#0"},
				"south": {"uv": [5.5, 7, 5.5625, 7.25], "texture": "#0"},
				"west": {"uv": [0.75, 4, 1, 4.25], "texture": "#0"},
				"up": {"uv": [5.8125, 7.25, 5.75, 7], "texture": "#0"},
				"down": {"uv": [6.0625, 7, 6, 7.25], "texture": "#0"}
			}
		},
		{
			"from": [7.2, 4.375, 6.375],
			"to": [8, 4.625, 6.575],
			"rotation": {"angle": -45, "axis": "x", "origin": [8, 4.5, 6.475]},
			"faces": {
				"north": {"uv": [3.5, 7.25, 3.6875, 7.3125], "texture": "#0"},
				"east": {"uv": [0.5, 8, 0.5625, 8.0625], "texture": "#0"},
				"south": {"uv": [7.25, 3.75, 7.4375, 3.8125], "texture": "#0"},
				"west": {"uv": [8, 0.5, 8.0625, 0.5625], "texture": "#0"},
				"up": {"uv": [4.1875, 7.3125, 4, 7.25], "texture": "#0"},
				"down": {"uv": [7.4375, 4, 7.25, 4.0625], "texture": "#0"}
			}
		},
		{
			"from": [7.05, 4.375, 6.375],
			"to": [7.25, 5.025, 6.575],
			"rotation": {"angle": -45, "axis": "x", "origin": [8, 4.5, 6.475]},
			"faces": {
				"north": {"uv": [7.25, 4.25, 7.3125, 4.40625], "texture": "#0"},
				"east": {"uv": [7.25, 4.5, 7.3125, 4.65625], "texture": "#0"},
				"south": {"uv": [4.75, 7.25, 4.8125, 7.40625], "texture": "#0"},
				"west": {"uv": [7.25, 4.75, 7.3125, 4.90625], "texture": "#0"},
				"up": {"uv": [0.8125, 8.0625, 0.75, 8], "texture": "#0"},
				"down": {"uv": [8.0625, 0.75, 8, 0.8125], "texture": "#0"}
			}
		},
		{
			"from": [6.7, 4.875, 6.375],
			"to": [7.05, 5.025, 6.575],
			"rotation": {"angle": -45, "axis": "x", "origin": [8, 4.5, 6.475]},
			"faces": {
				"north": {"uv": [1, 8, 1.09375, 8.03125], "texture": "#0"},
				"east": {"uv": [5.75, 8, 5.8125, 8.03125], "texture": "#0"},
				"south": {"uv": [8, 1, 8.09375, 1.03125], "texture": "#0"},
				"west": {"uv": [8, 5.75, 8.0625, 5.78125], "texture": "#0"},
				"up": {"uv": [7.34375, 7.5625, 7.25, 7.5], "texture": "#0"},
				"down": {"uv": [7.59375, 7.25, 7.5, 7.3125], "texture": "#0"}
			}
		},
		{
			"from": [6.625, 4.925, 6.3],
			"to": [7.05, 4.975, 6.65],
			"rotation": {"angle": -45, "axis": "x", "origin": [8, 4.5, 6.475]},
			"faces": {
				"north": {"uv": [1.25, 8, 1.34375, 8.03125], "texture": "#0"},
				"east": {"uv": [8, 1.25, 8.09375, 1.28125], "texture": "#0"},
				"south": {"uv": [1.5, 8, 1.59375, 8.03125], "texture": "#0"},
				"west": {"uv": [8, 1.5, 8.09375, 1.53125], "texture": "#0"},
				"up": {"uv": [7.34375, 5.09375, 7.25, 5], "texture": "#0"},
				"down": {"uv": [7.34375, 5.25, 7.25, 5.34375], "texture": "#0"}
			}
		},
		{
			"from": [7.6, 4, 6],
			"to": [7.8, 5, 6.95],
			"rotation": {"angle": -45, "axis": "x", "origin": [8, 4.5, 6.475]},
			"faces": {
				"north": {"uv": [7, 6, 7.0625, 6.25], "texture": "#0"},
				"east": {"uv": [1, 4, 1.25, 4.25], "texture": "#0"},
				"south": {"uv": [6.25, 7, 6.3125, 7.25], "texture": "#0"},
				"west": {"uv": [4, 1.25, 4.25, 1.5], "texture": "#0"},
				"up": {"uv": [7.0625, 6.5, 7, 6.25], "texture": "#0"},
				"down": {"uv": [6.5625, 7, 6.5, 7.25], "texture": "#0"}
			}
		}
	],
	"display": {
		"thirdperson_righthand": {
			"translation": [0, 7.25, 1],
			"scale": [1.6, 1.6, 1.6]
		},
		"thirdperson_lefthand": {
			"translation": [0, 7.25, 1],
			"scale": [1.6, 1.6, 1.6]
		},
		"firstperson_righthand": {
			"rotation": [-51, 0, 0],
			"translation": [4.5, 1.5, 0]
		},
		"firstperson_lefthand": {
			"rotation": [-51, 0, 0],
			"translation": [4.5, 1.5, 0]
		},
		"ground": {
			"translation": [0, 4, 0],
			"scale": [0.93, 0.93, 0.93]
		},
		"gui": {
			"rotation": [-90, -43, -90],
			"translation": [-2.25, -0.25, -0.5]
		},
		"fixed": {
			"rotation": [-90, -43, -90],
			"translation": [-2, 1, -0.5],
			"scale": [1.13, 1.13, 1.13]
		}
	},
	"groups": [
		{
			"name": "hexadecagon",
			"origin": [8, 8, 8],
			"color": 0,
			"children": [0, 1, 2, 3, 4, 5, 6, 7]
		},
		{
			"name": "hexadecagon",
			"origin": [8, 8, 8],
			"color": 0,
			"children": [8, 9, 10, 11, 12, 13, 14, 15]
		},
		{
			"name": "hexadecagon",
			"origin": [8, 8, 8],
			"color": 0,
			"children": [16, 17, 18, 19, 20, 21, 22, 23]
		},
		{
			"name": "hexadecagon",
			"origin": [8, 8, 8],
			"color": 0,
			"children": [24, 25, 26, 27, 28, 29, 30, 31]
		},
		{
			"name": "hexadecagon",
			"origin": [8, 8, 8],
			"color": 0,
			"children": [32, 33, 34, 35, 36, 37, 38, 39]
		},
		{
			"name": "hexadecagon",
			"origin": [8, 8, 8],
			"color": 0,
			"children": [40, 41, 42, 43, 44, 45, 46, 47, 48, 49, 50, 51, 52, 53, 54, 55, 56, 57, 58, 59, 60, 61, 62, 63, 64, 65, 66, 67, 68, 69, 70, 71]
		},
		{
			"name": "hexadecagon",
			"origin": [8, 8, 8],
			"color": 0,
			"children": [72, 73, 74, 75, 76, 77, 78, 79, 80, 81, 82, 83, 84, 85, 86, 87]
		},
		{
			"name": "hexadecagon",
			"origin": [8, 8, 8],
			"color": 0,
			"children": [88, 89, 90, 91, 92, 93, 94, 95, 96, 97, 98, 99, 100, 101, 102, 103]
		},
		{
			"name": "hexadecagon",
			"origin": [8, 8, 8],
			"color": 0,
			"children": [104, 105, 106, 107, 108, 109, 110, 111, 112, 113, 114, 115, 116, 117, 118, 119]
		},
		120,
		121,
		122,
		123,
		124,
		125,
		126,
		127,
		128,
		129,
		130
	]
}