{
	"credit": "Made with Blockbench",
	"texture_size": [32, 32],
	"textures": {
		"1": "item/lootbox/medium/wood2",
		"2": "item/lootbox/medium/wood1",
		"3": "item/lootbox/medium/texture1",
		"4": "item/lootbox/medium/texture2",
		"particle": "item/lootbox/medium/wood2"
	},
	"elements": [
		{
			"from": [1.75, 1, 1.5],
			"to": [3.25, 14.25, 14.5],
			"rotation": {"angle": 0, "axis": "y", "origin": [8, 2, 8]},
			"faces": {
				"north": {"uv": [0, 0, 13.25, 1.5], "rotation": 90, "texture": "#2"},
				"east": {"uv": [0, 0, 13, 13.25], "rotation": 180, "texture": "#2"},
				"south": {"uv": [0, 0, 13.25, 1.5], "rotation": 270, "texture": "#2"},
				"west": {"uv": [0, 0, 13, 13.25], "texture": "#2"},
				"up": {"uv": [0, 0, 13, 1.5], "rotation": 270, "texture": "#2"},
				"down": {"uv": [0, 0, 13, 1.5], "rotation": 270, "texture": "#2"}
			}
		},
		{
			"from": [12.75, 1, 1.5],
			"to": [14.25, 14.25, 14.5],
			"rotation": {"angle": 0, "axis": "y", "origin": [8, 2, 8]},
			"faces": {
				"north": {"uv": [0, 0, 13.25, 1.5], "rotation": 270, "texture": "#2"},
				"east": {"uv": [0, 0, 13, 13.25], "texture": "#2"},
				"south": {"uv": [0, 0, 13.25, 1.5], "rotation": 90, "texture": "#2"},
				"west": {"uv": [0, 0, 13, 13.25], "rotation": 180, "texture": "#2"},
				"up": {"uv": [0, 0, 13, 1.5], "rotation": 90, "texture": "#2"},
				"down": {"uv": [0, 0, 13, 1.5], "rotation": 90, "texture": "#2"}
			}
		},
		{
			"from": [1.5, 1, 1.75],
			"to": [14.5, 14.25, 3.25],
			"rotation": {"angle": 0, "axis": "y", "origin": [8, 2, 8]},
			"faces": {
				"north": {"uv": [0, 0, 13, 13.25], "texture": "#2"},
				"east": {"uv": [0, 0, 13.25, 1.5], "rotation": 90, "texture": "#2"},
				"south": {"uv": [0, 0, 13, 13.25], "rotation": 180, "texture": "#2"},
				"west": {"uv": [0, 0, 13.25, 1.5], "rotation": 270, "texture": "#2"},
				"up": {"uv": [0, 0, 13, 1.5], "texture": "#2"},
				"down": {"uv": [0, 0, 13, 1.5], "rotation": 180, "texture": "#2"}
			}
		},
		{
			"from": [1.5, 1, 12.75],
			"to": [14.5, 14.25, 14.25],
			"rotation": {"angle": 0, "axis": "y", "origin": [8, 2, 8]},
			"faces": {
				"north": {"uv": [0, 0, 13, 13.25], "rotation": 180, "texture": "#2"},
				"east": {"uv": [0, 0, 13.25, 1.5], "rotation": 270, "texture": "#2"},
				"south": {"uv": [0, 0, 13, 13.25], "texture": "#2"},
				"west": {"uv": [0, 0, 13.25, 1.5], "rotation": 90, "texture": "#2"},
				"up": {"uv": [0, 0, 13, 1.5], "rotation": 180, "texture": "#2"},
				"down": {"uv": [0, 0, 13, 1.5], "texture": "#2"}
			}
		},
		{
			"from": [1.25, 3, 1.25],
			"to": [3.25, 14.5, 3.25],
			"rotation": {"angle": 0, "axis": "y", "origin": [8, 2, 8]},
			"faces": {
				"north": {"uv": [0, 0, 2, 11.5], "texture": "#2"},
				"east": {"uv": [0, 0, 11.5, 2], "rotation": 90, "texture": "#2"},
				"south": {"uv": [0, 0, 2, 11.5], "rotation": 180, "texture": "#2"},
				"west": {"uv": [0, 0, 11.5, 2], "rotation": 270, "texture": "#2"},
				"up": {"uv": [0, 0, 2, 2], "texture": "#2"},
				"down": {"uv": [0, 0, 2, 2], "rotation": 180, "texture": "#2"}
			}
		},
		{
			"from": [12.75, 3, 1.25],
			"to": [14.75, 14.5, 3.25],
			"rotation": {"angle": 0, "axis": "y", "origin": [8, 2, 8]},
			"faces": {
				"north": {"uv": [0, 0, 2, 11.5], "texture": "#2"},
				"east": {"uv": [0, 0, 11.5, 2], "rotation": 90, "texture": "#2"},
				"south": {"uv": [0, 0, 2, 11.5], "rotation": 180, "texture": "#2"},
				"west": {"uv": [0, 0, 11.5, 2], "rotation": 270, "texture": "#2"},
				"up": {"uv": [0, 0, 2, 2], "texture": "#2"},
				"down": {"uv": [0, 0, 2, 2], "rotation": 180, "texture": "#2"}
			}
		},
		{
			"from": [12.75, 3, 12.75],
			"to": [14.75, 14.5, 14.75],
			"rotation": {"angle": 0, "axis": "y", "origin": [8, 2, 8]},
			"faces": {
				"north": {"uv": [0, 0, 11.5, 2], "rotation": 270, "texture": "#2"},
				"east": {"uv": [0, 0, 2, 11.5], "texture": "#2"},
				"south": {"uv": [0, 0, 11.5, 2], "rotation": 90, "texture": "#2"},
				"west": {"uv": [0, 0, 2, 11.5], "rotation": 180, "texture": "#2"},
				"up": {"uv": [0, 0, 2, 2], "rotation": 90, "texture": "#2"},
				"down": {"uv": [0, 0, 2, 2], "rotation": 90, "texture": "#2"}
			}
		},
		{
			"from": [1.25, 3, 12.75],
			"to": [3.25, 14.5, 14.75],
			"rotation": {"angle": 0, "axis": "y", "origin": [8, 2, 8]},
			"faces": {
				"north": {"uv": [0, 0, 2, 11.5], "rotation": 180, "texture": "#2"},
				"east": {"uv": [0, 0, 11.5, 2], "rotation": 270, "texture": "#2"},
				"south": {"uv": [0, 0, 2, 11.5], "texture": "#2"},
				"west": {"uv": [0, 0, 11.5, 2], "rotation": 90, "texture": "#2"},
				"up": {"uv": [0, 0, 2, 2], "rotation": 180, "texture": "#2"},
				"down": {"uv": [0, 0, 2, 2], "texture": "#2"}
			}
		},
		{
			"from": [12.95, 0.32322, 6.82322],
			"to": [14.65, 15.32322, 8.82322],
			"rotation": {"angle": 45, "axis": "x", "origin": [13.8, 7.82322, 7.82322]},
			"faces": {
				"north": {"uv": [0, 0, 1.7, 15], "rotation": 180, "texture": "#2"},
				"east": {"uv": [0, 0, 15, 2], "rotation": 270, "texture": "#2"},
				"south": {"uv": [0, 0, 1.7, 15], "texture": "#2"},
				"west": {"uv": [0, 0, 15, 2], "rotation": 90, "texture": "#2"},
				"up": {"uv": [0, 0, 1.7, 2], "rotation": 180, "texture": "#2"},
				"down": {"uv": [0, 0, 1.7, 2], "texture": "#2"}
			}
		},
		{
			"from": [12.95, 6.82322, 0.32322],
			"to": [14.55, 8.82322, 15.32322],
			"rotation": {"angle": 45, "axis": "x", "origin": [13.8, 7.82322, 7.82322]},
			"faces": {
				"north": {"uv": [0, 0, 0.8, 1], "texture": "#2"},
				"east": {"uv": [0, 0, 7.5, 1], "texture": "#2"},
				"south": {"uv": [0, 0, 0.8, 1], "texture": "#2"},
				"west": {"uv": [0, 0, 7.5, 1], "texture": "#2"},
				"up": {"uv": [0, 0, 0.8, 7.5], "texture": "#2"},
				"down": {"uv": [0, 0, 0.8, 7.5], "texture": "#2"}
			}
		},
		{
			"from": [1.35, 7, 0.75],
			"to": [3.1, 9, 15.75],
			"rotation": {"angle": 45, "axis": "x", "origin": [8, 8, 8]},
			"faces": {
				"north": {"uv": [0, 0, 1.75, 2], "texture": "#2"},
				"east": {"uv": [0, 0, 15, 2], "texture": "#2"},
				"south": {"uv": [0, 0, 1.75, 2], "texture": "#2"},
				"west": {"uv": [0, 0, 15, 2], "texture": "#2"},
				"up": {"uv": [0, 0, 1.75, 15], "texture": "#2"},
				"down": {"uv": [0, 0, 1.75, 15], "texture": "#2"}
			}
		},
		{
			"from": [1.45, 0.32322, 7.17678],
			"to": [3.1, 15.32322, 9.17678],
			"rotation": {"angle": 45, "axis": "x", "origin": [2.225, 7.82322, 8.17678]},
			"faces": {
				"north": {"uv": [0, 0, 0.825, 7.5], "rotation": 180, "texture": "#2"},
				"east": {"uv": [0, 0, 7.5, 1], "rotation": 270, "texture": "#2"},
				"south": {"uv": [0, 0, 0.825, 7.5], "texture": "#2"},
				"west": {"uv": [0, 0, 7.5, 1], "rotation": 90, "texture": "#2"},
				"up": {"uv": [0, 0, 0.825, 1], "rotation": 180, "texture": "#2"},
				"down": {"uv": [0, 0, 0.825, 1], "texture": "#2"}
			}
		},
		{
			"from": [0.95, 7, 1.45],
			"to": [15.05, 9, 2.65],
			"rotation": {"angle": -45, "axis": "z", "origin": [8, 8, 8]},
			"faces": {
				"north": {"uv": [0, 0, 14.1, 2], "texture": "#2"},
				"east": {"uv": [0, 0, 1.2, 2], "texture": "#2"},
				"south": {"uv": [0, 0, 14.1, 2], "texture": "#2"},
				"west": {"uv": [0, 0, 1.2, 2], "texture": "#2"},
				"up": {"uv": [0, 0, 14.1, 1.2], "texture": "#2"},
				"down": {"uv": [0, 0, 14.1, 1.2], "texture": "#2"}
			}
		},
		{
			"from": [0.95, 7, 1.55],
			"to": [15.05, 9, 2.65],
			"rotation": {"angle": 45, "axis": "z", "origin": [8, 8, 8]},
			"faces": {
				"north": {"uv": [0, 0, 7.05, 1], "texture": "#2"},
				"east": {"uv": [0, 0, 0.55, 1], "texture": "#2"},
				"south": {"uv": [0, 0, 7.05, 1], "texture": "#2"},
				"west": {"uv": [0, 0, 0.55, 1], "texture": "#2"},
				"up": {"uv": [0, 0, 7.05, 0.55], "texture": "#2"},
				"down": {"uv": [0, 0, 7.05, 0.55], "texture": "#2"}
			}
		},
		{
			"from": [0.95, 7, 12.85],
			"to": [15.05, 9, 14.55],
			"rotation": {"angle": 45, "axis": "z", "origin": [8, 8, 8]},
			"faces": {
				"north": {"uv": [0, 0, 14.1, 2], "texture": "#2"},
				"east": {"uv": [0, 0, 1.7, 2], "texture": "#2"},
				"south": {"uv": [0, 0, 14.1, 2], "texture": "#2"},
				"west": {"uv": [0, 0, 1.7, 2], "texture": "#2"},
				"up": {"uv": [0, 0, 14.1, 1.7], "texture": "#2"},
				"down": {"uv": [0, 0, 14.1, 1.7], "texture": "#2"}
			}
		},
		{
			"from": [0.95, 7, 12.85],
			"to": [15.05, 9, 14.45],
			"rotation": {"angle": -45, "axis": "z", "origin": [8, 8, 13.7]},
			"faces": {
				"north": {"uv": [0, 0, 7.05, 1], "texture": "#2"},
				"east": {"uv": [0, 0, 0.8, 1], "texture": "#2"},
				"south": {"uv": [0, 0, 7.05, 1], "texture": "#2"},
				"west": {"uv": [0, 0, 0.8, 1], "texture": "#2"},
				"up": {"uv": [0, 0, 7.05, 0.8], "texture": "#2"},
				"down": {"uv": [0, 0, 7.05, 0.8], "texture": "#2"}
			}
		},
		{
			"from": [1.25, 1, 1.25],
			"to": [14.75, 3, 14.75],
			"faces": {
				"north": {"uv": [0, 0, 13.5, 2], "texture": "#2"},
				"east": {"uv": [0, 0, 13.5, 2], "texture": "#2"},
				"south": {"uv": [0, 0, 13.5, 2], "texture": "#2"},
				"west": {"uv": [0, 0, 13.5, 2], "texture": "#2"},
				"up": {"uv": [0, 0, 13.5, 13.5], "texture": "#2"},
				"down": {"uv": [0, 0, 13.5, 13.5], "texture": "#2"}
			}
		},
		{
			"from": [0.75, 16.95, 1.25],
			"to": [14.25, 18.95, 14.75],
			"rotation": {"angle": -22.5, "axis": "z", "origin": [8, 16, 8]},
			"faces": {
				"north": {"uv": [0, 0, 6.75, 1], "texture": "#2"},
				"east": {"uv": [0, 0, 6.75, 1], "texture": "#2"},
				"south": {"uv": [0, 0, 6.75, 1], "texture": "#2"},
				"west": {"uv": [0, 0, 6.75, 1], "texture": "#2"},
				"up": {"uv": [0, 0, 6.75, 6.75], "texture": "#2"},
				"down": {"uv": [0, 0, 6.75, 6.75], "texture": "#2"}
			}
		},
		{
			"from": [7, 0.5, 1],
			"to": [9, 1, 15],
			"rotation": {"angle": 0, "axis": "y", "origin": [8, 0.25, 8]},
			"faces": {
				"north": {"uv": [0, 0, 2, 0.5], "texture": "#1"},
				"east": {"uv": [0, 0, 14, 0.5], "texture": "#1"},
				"south": {"uv": [0, 0, 2, 0.5], "texture": "#1"},
				"west": {"uv": [0, 0, 14, 0.5], "texture": "#1"},
				"up": {"uv": [0, 0, 16, 2], "rotation": 90, "texture": "#1"},
				"down": {"uv": [0, 0, 16, 2], "rotation": 270, "texture": "#1"}
			}
		},
		{
			"from": [4, 0.5, 1],
			"to": [6, 1, 15],
			"rotation": {"angle": 0, "axis": "y", "origin": [8, 0.25, 8]},
			"faces": {
				"north": {"uv": [0, 0, 2, 0.5], "texture": "#1"},
				"east": {"uv": [0, 0, 14, 0.5], "texture": "#1"},
				"south": {"uv": [0, 0, 2, 0.5], "texture": "#1"},
				"west": {"uv": [0, 0, 14, 0.5], "texture": "#1"},
				"up": {"uv": [0, 0, 16, 2], "rotation": 90, "texture": "#1"},
				"down": {"uv": [0, 0, 16, 2], "rotation": 270, "texture": "#1"}
			}
		},
		{
			"from": [10, 0.5, 1],
			"to": [12, 1, 15],
			"rotation": {"angle": 0, "axis": "y", "origin": [8, 0.25, 8]},
			"faces": {
				"north": {"uv": [0, 0, 2, 0.5], "texture": "#1"},
				"east": {"uv": [0, 0, 14, 0.5], "texture": "#1"},
				"south": {"uv": [0, 0, 2, 0.5], "texture": "#1"},
				"west": {"uv": [0, 0, 14, 0.5], "texture": "#1"},
				"up": {"uv": [0, 0, 16, 2], "rotation": 90, "texture": "#1"},
				"down": {"uv": [0, 0, 16, 2], "rotation": 270, "texture": "#1"}
			}
		},
		{
			"from": [13, 0.5, 1],
			"to": [15, 1, 15],
			"rotation": {"angle": 0, "axis": "y", "origin": [8, 0.25, 8]},
			"faces": {
				"north": {"uv": [0, 0, 2, 0.5], "texture": "#1"},
				"east": {"uv": [0, 0, 14, 0.5], "texture": "#1"},
				"south": {"uv": [0, 0, 2, 0.5], "texture": "#1"},
				"west": {"uv": [0, 0, 14, 0.5], "texture": "#1"},
				"up": {"uv": [0, 0, 16, 2], "rotation": 90, "texture": "#1"},
				"down": {"uv": [0, 0, 16, 2], "rotation": 270, "texture": "#1"}
			}
		},
		{
			"from": [1, 0, 1],
			"to": [15, 0.5, 3],
			"rotation": {"angle": 0, "axis": "y", "origin": [1, 1, 1]},
			"faces": {
				"north": {"uv": [0, 0, 14, 0.5], "texture": "#1"},
				"east": {"uv": [0, 0, 2, 0.5], "texture": "#1"},
				"south": {"uv": [0, 0, 14, 0.5], "texture": "#1"},
				"west": {"uv": [0, 0, 2, 0.5], "texture": "#1"},
				"up": {"uv": [0, 0, 16, 2], "texture": "#1"},
				"down": {"uv": [0, 0, 16, 2], "texture": "#1"}
			}
		},
		{
			"from": [1, 0, 4],
			"to": [15, 0.5, 6],
			"rotation": {"angle": 0, "axis": "y", "origin": [1, 1, 1]},
			"faces": {
				"north": {"uv": [0, 0, 14, 0.5], "texture": "#1"},
				"east": {"uv": [0, 0, 2, 0.5], "texture": "#1"},
				"south": {"uv": [0, 0, 14, 0.5], "texture": "#1"},
				"west": {"uv": [0, 0, 2, 0.5], "texture": "#1"},
				"up": {"uv": [0, 0, 16, 2], "texture": "#1"},
				"down": {"uv": [0, 0, 16, 2], "texture": "#1"}
			}
		},
		{
			"from": [1, 0, 13],
			"to": [15, 0.5, 15],
			"rotation": {"angle": 0, "axis": "y", "origin": [1, 1, 1]},
			"faces": {
				"north": {"uv": [0, 0, 14, 0.5], "texture": "#1"},
				"east": {"uv": [0, 0, 2, 0.5], "texture": "#1"},
				"south": {"uv": [0, 0, 14, 0.5], "texture": "#1"},
				"west": {"uv": [0, 0, 2, 0.5], "texture": "#1"},
				"up": {"uv": [0, 0, 16, 2], "texture": "#1"},
				"down": {"uv": [0, 0, 16, 2], "texture": "#1"}
			}
		},
		{
			"from": [1, 0, 10],
			"to": [15, 0.5, 12],
			"rotation": {"angle": 0, "axis": "y", "origin": [1, 1, 1]},
			"faces": {
				"north": {"uv": [0, 0, 14, 0.5], "texture": "#1"},
				"east": {"uv": [0, 0, 2, 0.5], "texture": "#1"},
				"south": {"uv": [0, 0, 14, 0.5], "texture": "#1"},
				"west": {"uv": [0, 0, 2, 0.5], "texture": "#1"},
				"up": {"uv": [0, 0, 16, 2], "texture": "#1"},
				"down": {"uv": [0, 0, 16, 2], "texture": "#1"}
			}
		},
		{
			"from": [1, 0, 7],
			"to": [15, 0.5, 9],
			"rotation": {"angle": 0, "axis": "y", "origin": [1, 1, 1]},
			"faces": {
				"north": {"uv": [0, 0, 14, 0.5], "texture": "#1"},
				"east": {"uv": [0, 0, 2, 0.5], "texture": "#1"},
				"south": {"uv": [0, 0, 14, 0.5], "texture": "#1"},
				"west": {"uv": [0, 0, 2, 0.5], "texture": "#1"},
				"up": {"uv": [0, 0, 16, 2], "texture": "#1"},
				"down": {"uv": [0, 0, 16, 2], "texture": "#1"}
			}
		},
		{
			"from": [1, 0.5, 1],
			"to": [3, 1, 15],
			"rotation": {"angle": 0, "axis": "y", "origin": [8, 0.25, 8]},
			"faces": {
				"north": {"uv": [0, 0, 2, 0.5], "texture": "#1"},
				"east": {"uv": [0, 0, 14, 0.5], "texture": "#1"},
				"south": {"uv": [0, 0, 2, 0.5], "texture": "#1"},
				"west": {"uv": [0, 0, 14, 0.5], "texture": "#1"},
				"up": {"uv": [0, 0, 16, 2], "rotation": 90, "texture": "#1"},
				"down": {"uv": [0, 0, 16, 2], "rotation": 270, "texture": "#1"}
			}
		},
		{
			"from": [2, 14.5, 2],
			"to": [2.5, 19.5, 2.5],
			"faces": {
				"north": {"uv": [6, 0, 6.5, 5], "texture": "#3"},
				"east": {"uv": [2, 6, 2.5, 11], "texture": "#3"},
				"south": {"uv": [4, 6, 4.5, 11], "texture": "#3"},
				"west": {"uv": [6, 6, 6.5, 11], "texture": "#3"},
				"up": {"uv": [8.5, 4.5, 8, 4], "texture": "#3"},
				"down": {"uv": [8.5, 6, 8, 6.5], "texture": "#3"}
			}
		},
		{
			"from": [2, 14.5, 13.5],
			"to": [2.5, 19.75, 14],
			"faces": {
				"north": {"uv": [0, 0, 0.5, 5], "texture": "#3"},
				"east": {"uv": [2, 0, 2.5, 5], "texture": "#3"},
				"south": {"uv": [4, 0, 4.5, 5], "texture": "#3"},
				"west": {"uv": [0, 6, 0.5, 11], "texture": "#3"},
				"up": {"uv": [8.5, 0.5, 8, 0], "texture": "#3"},
				"down": {"uv": [8.5, 2, 8, 2.5], "texture": "#3"}
			}
		},
		{
			"from": [3, 12, 3],
			"to": [14, 13.75, 13],
			"faces": {
				"north": {"uv": [5.5, 0, 11, 1], "texture": "#4"},
				"east": {"uv": [5.5, 2, 10.5, 3], "texture": "#4"},
				"south": {"uv": [5.5, 1, 11, 2], "texture": "#4"},
				"west": {"uv": [5.5, 3, 10.5, 4], "texture": "#4"},
				"up": {"uv": [5.5, 5, 0, 0], "texture": "#4"},
				"down": {"uv": [5.5, 5, 0, 10], "texture": "#4"}
			}
		}
	],
	"display": {
		"thirdperson_righthand": {
			"rotation": [75, 45, 0],
			"translation": [0, 2.5, 0],
			"scale": [0.375, 0.375, 0.375]
		},
		"thirdperson_lefthand": {
			"rotation": [75, 45, 0],
			"translation": [0, 2.5, 0],
			"scale": [0.375, 0.375, 0.375]
		},
		"firstperson_righthand": {
			"rotation": [0, 45, 0],
			"translation": [0, 1.5, 0],
			"scale": [0.4, 0.4, 0.4]
		},
		"firstperson_lefthand": {
			"rotation": [0, 45, 0],
			"translation": [0, 1.5, 0],
			"scale": [0.4, 0.4, 0.4]
		},
		"ground": {
			"translation": [0, 3.75, 0],
			"scale": [0.59, 0.59, 0.59]
		},
		"gui": {
			"rotation": [30, 225, 0],
			"translation": [0, -0.25, 0],
			"scale": [0.44, 0.44, 0.44]
		},
		"head": {
			"rotation": [0, -90, 0],
			"translation": [0, 12.75, 0.25]
		},
		"fixed": {
			"rotation": [-90, 90, 0],
			"translation": [0, 0, -18.25],
			"scale": [2.37, 2.37, 2.37]
		}
	},
	"groups": [
		{
			"name": "crate",
			"origin": [0, 0, 0],
			"color": 0,
			"children": [0, 1, 2, 3, 4, 5, 6, 7, 8, 9, 10, 11, 12, 13, 14, 15, 16, 17]
		},
		{
			"name": "pallet",
			"origin": [8, 0.25, 8],
			"color": 0,
			"children": [18, 19, 20, 21, 22, 23, 24, 25, 26, 27]
		},
		28,
		29,
		30
	]
}