{"textures":{"0":"item/mobs/concussion"},"elements":[{"from":[12.798982,7.274857,8.956445],"to":[12.798982,8.7251425,10.890159],"rotation":{"angle":-22.5,"axis":"y","origin":[12.798982,8.0,8.956445]},"faces":{"east":{"uv":[12.0,2.0,16.0,5.0],"rotation":0,"texture":"#0","tintindex":0},"south":{"uv":[0.0,0.0,0.0,3.0],"rotation":0,"texture":"#0","tintindex":0},"north":{"uv":[0.0,0.0,0.0,3.0],"rotation":0,"texture":"#0","tintindex":0},"west":{"uv":[12.0,2.0,16.0,5.0],"rotation":0,"texture":"#0","tintindex":0},"up":{"uv":[0.0,4.0,0.0,0.0],"rotation":0,"texture":"#0","tintindex":0},"down":{"uv":[0.0,0.0,0.0,4.0],"rotation":0,"texture":"#0","tintindex":0}}},{"from":[12.059097,7.274857,10.763204],"to":[12.059097,8.7251425,12.6969185],"rotation":{"angle":-45.0,"axis":"y","origin":[12.059097,8.0,10.763204]},"faces":{"east":{"uv":[12.0,2.0,16.0,5.0],"rotation":0,"texture":"#0","tintindex":0},"south":{"uv":[0.0,0.0,0.0,3.0],"rotation":0,"texture":"#0","tintindex":0},"north":{"uv":[0.0,0.0,0.0,3.0],"rotation":0,"texture":"#0","tintindex":0},"west":{"uv":[12.0,2.0,16.0,5.0],"rotation":0,"texture":"#0","tintindex":0},"up":{"uv":[0.0,4.0,0.0,0.0],"rotation":0,"texture":"#0","tintindex":0},"down":{"uv":[0.0,0.0,0.0,4.0],"rotation":0,"texture":"#0","tintindex":0}}},{"from":[5.038187,7.274857,12.87039],"to":[6.971901,8.7251425,12.87039],"rotation":{"angle":-22.5,"axis":"y","origin":[6.971901,8.0,12.87039]},"faces":{"east":{"uv":[0.0,0.0,0.0,3.0],"rotation":0,"texture":"#0","tintindex":0},"south":{"uv":[12.0,2.0,16.0,5.0],"rotation":0,"texture":"#0","tintindex":0},"north":{"uv":[12.0,2.0,16.0,5.0],"rotation":0,"texture":"#0","tintindex":0},"west":{"uv":[0.0,0.0,0.0,3.0],"rotation":0,"texture":"#0","tintindex":0},"up":{"uv":[0.0,4.0,0.0,0.0],"rotation":90,"texture":"#0","tintindex":0},"down":{"uv":[0.0,0.0,0.0,4.0],"rotation":270,"texture":"#0","tintindex":0}}},{"from":[6.971901,7.274857,12.87039],"to":[8.905616,8.7251425,12.87039],"rotation":{"angle":0.0,"axis":"y","origin":[8.905616,8.0,12.87039]},"faces":{"east":{"uv":[0.0,0.0,0.0,3.0],"rotation":0,"texture":"#0","tintindex":0},"south":{"uv":[12.0,2.0,16.0,5.0],"rotation":0,"texture":"#0","tintindex":0},"north":{"uv":[12.0,2.0,16.0,5.0],"rotation":0,"texture":"#0","tintindex":0},"west":{"uv":[0.0,0.0,0.0,3.0],"rotation":0,"texture":"#0","tintindex":0},"up":{"uv":[0.0,4.0,0.0,0.0],"rotation":90,"texture":"#0","tintindex":0},"down":{"uv":[0.0,0.0,0.0,4.0],"rotation":270,"texture":"#0","tintindex":0}}},{"from":[8.758215,7.274857,12.13043],"to":[10.691929,8.7251425,12.13043],"rotation":{"angle":22.5,"axis":"y","origin":[10.691929,8.0,12.13043]},"faces":{"east":{"uv":[0.0,0.0,0.0,3.0],"rotation":0,"texture":"#0","tintindex":0},"south":{"uv":[12.0,2.0,16.0,5.0],"rotation":0,"texture":"#0","tintindex":0},"north":{"uv":[12.0,2.0,16.0,5.0],"rotation":0,"texture":"#0","tintindex":0},"west":{"uv":[0.0,0.0,0.0,3.0],"rotation":0,"texture":"#0","tintindex":0},"up":{"uv":[0.0,4.0,0.0,0.0],"rotation":90,"texture":"#0","tintindex":0},"down":{"uv":[0.0,0.0,0.0,4.0],"rotation":270,"texture":"#0","tintindex":0}}},{"from":[8.758372,7.274857,3.8892899],"to":[10.692086,8.7251425,3.8892899],"rotation":{"angle":-22.5,"axis":"y","origin":[10.692086,8.0,3.8892899]},"faces":{"east":{"uv":[0.0,0.0,0.0,3.0],"rotation":0,"texture":"#0","tintindex":0},"south":{"uv":[16.0,2.0,12.0,5.0],"rotation":0,"texture":"#0","tintindex":0},"north":{"uv":[16.0,2.0,12.0,5.0],"rotation":0,"texture":"#0","tintindex":0},"west":{"uv":[0.0,0.0,0.0,3.0],"rotation":0,"texture":"#0","tintindex":0},"up":{"uv":[0.0,4.0,0.0,0.0],"rotation":90,"texture":"#0","tintindex":0},"down":{"uv":[0.0,0.0,0.0,4.0],"rotation":270,"texture":"#0","tintindex":0}}},{"from":[6.9720583,7.274857,3.1493306],"to":[8.905773,8.7251425,3.1493306],"rotation":{"angle":0.0,"axis":"y","origin":[8.905773,8.0,3.1493306]},"faces":{"east":{"uv":[0.0,0.0,0.0,3.0],"rotation":0,"texture":"#0","tintindex":0},"south":{"uv":[16.0,2.0,12.0,5.0],"rotation":0,"texture":"#0","tintindex":0},"north":{"uv":[16.0,2.0,12.0,5.0],"rotation":0,"texture":"#0","tintindex":0},"west":{"uv":[0.0,0.0,0.0,3.0],"rotation":0,"texture":"#0","tintindex":0},"up":{"uv":[0.0,4.0,0.0,0.0],"rotation":90,"texture":"#0","tintindex":0},"down":{"uv":[0.0,0.0,0.0,4.0],"rotation":270,"texture":"#0","tintindex":0}}},{"from":[5.0383444,7.274857,3.1493306],"to":[6.9720583,8.7251425,3.1493306],"rotation":{"angle":22.5,"axis":"y","origin":[6.9720583,8.0,3.1493306]},"faces":{"east":{"uv":[0.0,0.0,0.0,3.0],"rotation":0,"texture":"#0","tintindex":0},"south":{"uv":[16.0,2.0,12.0,5.0],"rotation":0,"texture":"#0","tintindex":0},"north":{"uv":[16.0,2.0,12.0,5.0],"rotation":0,"texture":"#0","tintindex":0},"west":{"uv":[0.0,0.0,0.0,3.0],"rotation":0,"texture":"#0","tintindex":0},"up":{"uv":[0.0,4.0,0.0,0.0],"rotation":90,"texture":"#0","tintindex":0},"down":{"uv":[0.0,0.0,0.0,4.0],"rotation":270,"texture":"#0","tintindex":0}}},{"from":[12.05905,7.274857,3.323298],"to":[12.05905,8.7251425,5.2570124],"rotation":{"angle":45.0,"axis":"y","origin":[12.05905,8.0,5.2570124]},"faces":{"east":{"uv":[16.0,2.0,12.0,5.0],"rotation":0,"texture":"#0","tintindex":0},"south":{"uv":[0.0,0.0,0.0,3.0],"rotation":0,"texture":"#0","tintindex":0},"north":{"uv":[0.0,0.0,0.0,3.0],"rotation":0,"texture":"#0","tintindex":0},"west":{"uv":[16.0,2.0,12.0,5.0],"rotation":0,"texture":"#0","tintindex":0},"up":{"uv":[0.0,0.0,0.0,4.0],"rotation":0,"texture":"#0","tintindex":0},"down":{"uv":[0.0,4.0,0.0,0.0],"rotation":0,"texture":"#0","tintindex":0}}},{"from":[12.798933,7.274857,5.109643],"to":[12.798933,8.7251425,7.0433574],"rotation":{"angle":22.5,"axis":"y","origin":[12.798933,8.0,7.0433574]},"faces":{"east":{"uv":[16.0,2.0,12.0,5.0],"rotation":0,"texture":"#0","tintindex":0},"south":{"uv":[0.0,0.0,0.0,3.0],"rotation":0,"texture":"#0","tintindex":0},"north":{"uv":[0.0,0.0,0.0,3.0],"rotation":0,"texture":"#0","tintindex":0},"west":{"uv":[16.0,2.0,12.0,5.0],"rotation":0,"texture":"#0","tintindex":0},"up":{"uv":[0.0,0.0,0.0,4.0],"rotation":0,"texture":"#0","tintindex":0},"down":{"uv":[0.0,4.0,0.0,0.0],"rotation":0,"texture":"#0","tintindex":0}}},{"from":[12.798941,7.274857,7.022936],"to":[12.798941,8.7251425,8.95665],"rotation":{"angle":0.0,"axis":"y","origin":[12.798941,8.0,8.95665]},"faces":{"east":{"uv":[16.0,2.0,12.0,5.0],"rotation":0,"texture":"#0","tintindex":0},"south":{"uv":[0.0,0.0,0.0,3.0],"rotation":0,"texture":"#0","tintindex":0},"north":{"uv":[0.0,0.0,0.0,3.0],"rotation":0,"texture":"#0","tintindex":0},"west":{"uv":[16.0,2.0,12.0,5.0],"rotation":0,"texture":"#0","tintindex":0},"up":{"uv":[0.0,0.0,0.0,4.0],"rotation":0,"texture":"#0","tintindex":0},"down":{"uv":[0.0,4.0,0.0,0.0],"rotation":0,"texture":"#0","tintindex":0}}},{"from":[12.798941,7.274857,7.022936],"to":[12.798941,8.7251425,8.95665],"rotation":{"angle":0.0,"axis":"y","origin":[12.798941,8.0,8.95665]},"faces":{"east":{"uv":[16.0,2.0,12.0,5.0],"rotation":0,"texture":"#0","tintindex":0},"south":{"uv":[0.0,0.0,0.0,3.0],"rotation":0,"texture":"#0","tintindex":0},"north":{"uv":[0.0,0.0,0.0,3.0],"rotation":0,"texture":"#0","tintindex":0},"west":{"uv":[16.0,2.0,12.0,5.0],"rotation":0,"texture":"#0","tintindex":0},"up":{"uv":[0.0,0.0,0.0,4.0],"rotation":0,"texture":"#0","tintindex":0},"down":{"uv":[0.0,4.0,0.0,0.0],"rotation":0,"texture":"#0","tintindex":0}}},{"from":[12.798982,7.274857,8.976859],"to":[12.798982,8.7251425,10.910573],"rotation":{"angle":-22.5,"axis":"y","origin":[12.798982,8.0,8.976859]},"faces":{"east":{"uv":[12.0,2.0,16.0,5.0],"rotation":0,"texture":"#0","tintindex":0},"south":{"uv":[0.0,0.0,0.0,3.0],"rotation":0,"texture":"#0","tintindex":0},"north":{"uv":[0.0,0.0,0.0,3.0],"rotation":0,"texture":"#0","tintindex":0},"west":{"uv":[12.0,2.0,16.0,5.0],"rotation":0,"texture":"#0","tintindex":0},"up":{"uv":[0.0,4.0,0.0,0.0],"rotation":0,"texture":"#0","tintindex":0},"down":{"uv":[0.0,0.0,0.0,4.0],"rotation":0,"texture":"#0","tintindex":0}}},{"from":[12.059097,7.274857,10.763204],"to":[12.059097,8.7251425,12.6969185],"rotation":{"angle":-45.0,"axis":"y","origin":[12.059097,8.0,10.763204]},"faces":{"east":{"uv":[12.0,2.0,16.0,5.0],"rotation":0,"texture":"#0","tintindex":0},"south":{"uv":[0.0,0.0,0.0,3.0],"rotation":0,"texture":"#0","tintindex":0},"north":{"uv":[0.0,0.0,0.0,3.0],"rotation":0,"texture":"#0","tintindex":0},"west":{"uv":[12.0,2.0,16.0,5.0],"rotation":0,"texture":"#0","tintindex":0},"up":{"uv":[0.0,4.0,0.0,0.0],"rotation":0,"texture":"#0","tintindex":0},"down":{"uv":[0.0,0.0,0.0,4.0],"rotation":0,"texture":"#0","tintindex":0}}},{"from":[8.758215,7.274857,12.13043],"to":[10.691929,8.7251425,12.13043],"rotation":{"angle":22.5,"axis":"y","origin":[10.691929,8.0,12.13043]},"faces":{"east":{"uv":[0.0,0.0,0.0,3.0],"rotation":0,"texture":"#0","tintindex":0},"south":{"uv":[12.0,2.0,16.0,5.0],"rotation":0,"texture":"#0","tintindex":0},"north":{"uv":[12.0,2.0,16.0,5.0],"rotation":0,"texture":"#0","tintindex":0},"west":{"uv":[0.0,0.0,0.0,3.0],"rotation":0,"texture":"#0","tintindex":0},"up":{"uv":[0.0,4.0,0.0,0.0],"rotation":90,"texture":"#0","tintindex":0},"down":{"uv":[0.0,0.0,0.0,4.0],"rotation":270,"texture":"#0","tintindex":0}}},{"from":[6.971901,7.274857,12.87039],"to":[8.905616,8.7251425,12.87039],"rotation":{"angle":0.0,"axis":"y","origin":[8.905616,8.0,12.87039]},"faces":{"east":{"uv":[0.0,0.0,0.0,3.0],"rotation":0,"texture":"#0","tintindex":0},"south":{"uv":[12.0,2.0,16.0,5.0],"rotation":0,"texture":"#0","tintindex":0},"north":{"uv":[12.0,2.0,16.0,5.0],"rotation":0,"texture":"#0","tintindex":0},"west":{"uv":[0.0,0.0,0.0,3.0],"rotation":0,"texture":"#0","tintindex":0},"up":{"uv":[0.0,4.0,0.0,0.0],"rotation":90,"texture":"#0","tintindex":0},"down":{"uv":[0.0,0.0,0.0,4.0],"rotation":270,"texture":"#0","tintindex":0}}},{"from":[3.252164,7.274857,12.130183],"to":[5.1858783,8.7251425,12.130183],"rotation":{"angle":-45.0,"axis":"y","origin":[5.1858783,8.0,12.130183]},"faces":{"east":{"uv":[0.0,0.0,0.0,3.0],"rotation":0,"texture":"#0","tintindex":0},"south":{"uv":[12.0,2.0,16.0,5.0],"rotation":0,"texture":"#0","tintindex":0},"north":{"uv":[12.0,2.0,16.0,5.0],"rotation":0,"texture":"#0","tintindex":0},"west":{"uv":[0.0,0.0,0.0,3.0],"rotation":0,"texture":"#0","tintindex":0},"up":{"uv":[0.0,4.0,0.0,0.0],"rotation":90,"texture":"#0","tintindex":0},"down":{"uv":[0.0,0.0,0.0,4.0],"rotation":270,"texture":"#0","tintindex":0}}},{"from":[3.8181558,7.274857,8.829506],"to":[3.8181558,8.7251425,10.763221],"rotation":{"angle":22.5,"axis":"y","origin":[3.8181558,8.0,10.763221]},"faces":{"east":{"uv":[12.0,2.0,16.0,5.0],"rotation":0,"texture":"#0","tintindex":0},"south":{"uv":[0.0,0.0,0.0,3.0],"rotation":0,"texture":"#0","tintindex":0},"north":{"uv":[0.0,0.0,0.0,3.0],"rotation":0,"texture":"#0","tintindex":0},"west":{"uv":[12.0,2.0,16.0,5.0],"rotation":0,"texture":"#0","tintindex":0},"up":{"uv":[0.0,4.0,0.0,0.0],"rotation":180,"texture":"#0","tintindex":0},"down":{"uv":[0.0,0.0,0.0,4.0],"rotation":180,"texture":"#0","tintindex":0}}},{"from":[3.078196,7.274857,7.043193],"to":[3.078196,8.7251425,8.976907],"rotation":{"angle":0.0,"axis":"y","origin":[3.078196,8.0,8.976907]},"faces":{"east":{"uv":[12.0,2.0,16.0,5.0],"rotation":0,"texture":"#0","tintindex":0},"south":{"uv":[0.0,0.0,0.0,3.0],"rotation":0,"texture":"#0","tintindex":0},"north":{"uv":[0.0,0.0,0.0,3.0],"rotation":0,"texture":"#0","tintindex":0},"west":{"uv":[12.0,2.0,16.0,5.0],"rotation":0,"texture":"#0","tintindex":0},"up":{"uv":[0.0,4.0,0.0,0.0],"rotation":180,"texture":"#0","tintindex":0},"down":{"uv":[0.0,0.0,0.0,4.0],"rotation":180,"texture":"#0","tintindex":0}}},{"from":[3.078196,7.274857,5.109478],"to":[3.078196,8.7251425,7.043193],"rotation":{"angle":-22.5,"axis":"y","origin":[3.078196,8.0,7.043193]},"faces":{"east":{"uv":[12.0,2.0,16.0,5.0],"rotation":0,"texture":"#0","tintindex":0},"south":{"uv":[0.0,0.0,0.0,3.0],"rotation":0,"texture":"#0","tintindex":0},"north":{"uv":[0.0,0.0,0.0,3.0],"rotation":0,"texture":"#0","tintindex":0},"west":{"uv":[12.0,2.0,16.0,5.0],"rotation":0,"texture":"#0","tintindex":0},"up":{"uv":[0.0,4.0,0.0,0.0],"rotation":180,"texture":"#0","tintindex":0},"down":{"uv":[0.0,0.0,0.0,4.0],"rotation":180,"texture":"#0","tintindex":0}}},{"from":[3.8181968,7.274857,3.322959],"to":[3.8181968,8.7251425,5.2566733],"rotation":{"angle":-45.0,"axis":"y","origin":[3.8181968,8.0,5.2566733]},"faces":{"east":{"uv":[12.0,2.0,16.0,5.0],"rotation":0,"texture":"#0","tintindex":0},"south":{"uv":[0.0,0.0,0.0,3.0],"rotation":0,"texture":"#0","tintindex":0},"north":{"uv":[0.0,0.0,0.0,3.0],"rotation":0,"texture":"#0","tintindex":0},"west":{"uv":[12.0,2.0,16.0,5.0],"rotation":0,"texture":"#0","tintindex":0},"up":{"uv":[0.0,4.0,0.0,0.0],"rotation":180,"texture":"#0","tintindex":0},"down":{"uv":[0.0,0.0,0.0,4.0],"rotation":180,"texture":"#0","tintindex":0}}},{"from":[5.06505,6.549714,12.919798],"to":[8.44905,9.933714,12.919798],"rotation":{"angle":-22.5,"axis":"y","origin":[6.75705,8.2417145,13.403227]},"faces":{"east":{"uv":[0.0,0.0,0.0,7.0],"rotation":0,"texture":"#0","tintindex":0},"south":{"uv":[0.0,4.0,11.0,16.0],"rotation":0,"texture":"#0","tintindex":0},"north":{"uv":[0.0,4.0,11.0,16.0],"rotation":0,"texture":"#0","tintindex":0},"west":{"uv":[0.0,0.0,0.0,7.0],"rotation":0,"texture":"#0","tintindex":0},"up":{"uv":[0.0,7.0,0.0,0.0],"rotation":90,"texture":"#0","tintindex":0},"down":{"uv":[0.0,0.0,0.0,7.0],"rotation":270,"texture":"#0","tintindex":0}}},{"from":[5.06505,6.549714,3.080202],"to":[8.44905,9.933714,3.080202],"rotation":{"angle":22.5,"axis":"y","origin":[6.75705,8.2417145,2.5967736]},"faces":{"east":{"uv":[0.0,0.0,0.0,7.0],"rotation":0,"texture":"#0","tintindex":0},"south":{"uv":[11.0,4.0,0.0,16.0],"rotation":0,"texture":"#0","tintindex":0},"north":{"uv":[11.0,4.0,0.0,16.0],"rotation":0,"texture":"#0","tintindex":0},"west":{"uv":[0.0,0.0,0.0,7.0],"rotation":0,"texture":"#0","tintindex":0},"up":{"uv":[0.0,7.0,0.0,0.0],"rotation":90,"texture":"#0","tintindex":0},"down":{"uv":[0.0,0.0,0.0,7.0],"rotation":270,"texture":"#0","tintindex":0}}}],"display":{"head":{"translation":[0.0,-6.4,0.0],"scale":[4.0,4.0,4.0]}}}