{
	"credit": "Made with Blockbench",
	"textures": {
		"0": "item/machines/upgrades/storage_upgrade",
		"particle": "item/machines/upgrades/storage_upgrade"
	},
	"elements": [
		{
			"from": [0, 0, 7.5],
			"to": [16, 16, 8.5],
			"rotation": {"angle": 0, "axis": "y", "origin": [0, 0, 7.5]},
			"faces": {
				"north": {"uv": [0, 0, 16, 16], "texture": "#0"},
				"east": {"uv": [0, 0, 1, 16], "texture": "#0"},
				"south": {"uv": [0, 0, 16, 16], "texture": "#0"},
				"west": {"uv": [0, 0, 1, 16], "texture": "#0"},
				"up": {"uv": [0, 0, 16, 1], "texture": "#0"},
				"down": {"uv": [0, 0, 16, 1], "texture": "#0"}
			}
		}
	],
	"gui_light": "front",
	"display": {
		"thirdperson_righthand": {
			"translation": [0, 2, 0],
			"scale": [0.37, 0.37, 0.37]
		},
		"thirdperson_lefthand": {
			"translation": [0, 2, 0],
			"scale": [0.37, 0.37, 0.37]
		},
		"firstperson_righthand": {
			"translation": [1, 2, -1.25],
			"scale": [0.45, 0.45, 0.45]
		},
		"firstperson_lefthand": {
			"translation": [1, 2, -1.25],
			"scale": [0.45, 0.45, 0.45]
		},
		"ground": {
			"translation": [0, 4.75, 0],
			"scale": [0.52, 0.52, 0.52]
		}
	}
}