{
	"credit": "Made with Blockbench",
	"textures": {
		"0": "item/guns/pistol/tec9/skins/predator/texture",
		"particle": "item/guns/pistol/tec9/skins/predator/texture"
	},
	"elements": [
		{
			"name": "Box1",
			"from": [3, 8.65, 7],
			"to": [10.5, 9.65, 8],
			"rotation": {"angle": 45, "axis": "x", "origin": [3, 8.65, 7]},
			"faces": {
				"north": {"uv": [7, 0, 14.5, 1], "texture": "#0"},
				"east": {"uv": [11, 11, 12, 12], "texture": "#0"},
				"south": {"uv": [7, 1, 14.5, 2], "texture": "#0"},
				"west": {"uv": [2, 12, 3, 13], "texture": "#0"},
				"up": {"uv": [14.5, 3, 7, 2], "texture": "#0"},
				"down": {"uv": [14.5, 3, 7, 4], "texture": "#0"}
			}
		},
		{
			"name": "Box2",
			"from": [5.5, 7.5, 7],
			"to": [12, 9, 8.5],
			"faces": {
				"north": {"uv": [0, 0, 6.5, 1.5], "texture": "#0"},
				"east": {"uv": [9, 9, 10.5, 10.5], "texture": "#0"},
				"south": {"uv": [0, 2, 6.5, 3.5], "texture": "#0"},
				"west": {"uv": [10, 4, 11.5, 5.5], "texture": "#0"},
				"up": {"uv": [6.5, 5.5, 0, 4], "texture": "#0"},
				"down": {"uv": [6.5, 6, 0, 7.5], "texture": "#0"}
			}
		},
		{
			"name": "Box3",
			"from": [6.5, 3, 7.25],
			"to": [8, 7.5, 8.25],
			"faces": {
				"north": {"uv": [7, 4, 8.5, 8.5], "texture": "#0"},
				"east": {"uv": [6, 8, 7, 12.5], "texture": "#0"},
				"south": {"uv": [0, 8, 1.5, 12.5], "texture": "#0"},
				"west": {"uv": [9, 4, 10, 8.5], "texture": "#0"},
				"up": {"uv": [11.5, 7, 10, 6], "texture": "#0"},
				"down": {"uv": [11.5, 7, 10, 8], "texture": "#0"}
			}
		},
		{
			"name": "Box4",
			"from": [11, 4.5, 7.25],
			"to": [12.5, 8, 8.25],
			"rotation": {"angle": 22.5, "axis": "z", "origin": [11, 4.5, 7.25]},
			"faces": {
				"north": {"uv": [2, 8, 3.5, 11.5], "texture": "#0"},
				"east": {"uv": [7, 9, 8, 12.5], "texture": "#0"},
				"south": {"uv": [4, 8, 5.5, 11.5], "texture": "#0"},
				"west": {"uv": [8, 9, 9, 12.5], "texture": "#0"},
				"up": {"uv": [11.5, 9, 10, 8], "texture": "#0"},
				"down": {"uv": [10.5, 11, 9, 12], "texture": "#0"}
			}
		},
		{
			"name": "Box5",
			"from": [8.5, 6, 7.5],
			"to": [10.5, 6.5, 8],
			"faces": {
				"north": {"uv": [3, 12, 5, 12.5], "texture": "#0"},
				"east": {"uv": [4, 14, 4.5, 14.5], "texture": "#0"},
				"south": {"uv": [12, 4, 14, 4.5], "texture": "#0"},
				"west": {"uv": [14, 4, 14.5, 4.5], "texture": "#0"},
				"up": {"uv": [14, 5.5, 12, 5], "texture": "#0"},
				"down": {"uv": [14, 6, 12, 6.5], "texture": "#0"}
			}
		},
		{
			"name": "Box6",
			"from": [8, 6.5, 7.5],
			"to": [8.5, 7.5, 8],
			"faces": {
				"north": {"uv": [2, 13, 2.5, 14], "texture": "#0"},
				"east": {"uv": [3, 13, 3.5, 14], "texture": "#0"},
				"south": {"uv": [4, 13, 4.5, 14], "texture": "#0"},
				"west": {"uv": [5, 13, 5.5, 14], "texture": "#0"},
				"up": {"uv": [5.5, 14.5, 5, 14], "texture": "#0"},
				"down": {"uv": [14.5, 5, 14, 5.5], "texture": "#0"}
			}
		},
		{
			"name": "Box7",
			"from": [2.5, 8.65, 7.4],
			"to": [3, 9.15, 7.9],
			"rotation": {"angle": 45, "axis": "x", "origin": [2.5, 8.65, 7.4]},
			"faces": {
				"north": {"uv": [6, 14, 6.5, 14.5], "texture": "#0"},
				"east": {"uv": [14, 6, 14.5, 6.5], "texture": "#0"},
				"south": {"uv": [7, 14, 7.5, 14.5], "texture": "#0"},
				"west": {"uv": [14, 7, 14.5, 7.5], "texture": "#0"},
				"up": {"uv": [8.5, 14.5, 8, 14], "texture": "#0"},
				"down": {"uv": [14.5, 8, 14, 8.5], "texture": "#0"}
			}
		},
		{
			"name": "Box8",
			"from": [10.5, 9, 7.2],
			"to": [12, 9.5, 8.2],
			"faces": {
				"north": {"uv": [12, 8, 13.5, 8.5], "texture": "#0"},
				"east": {"uv": [6, 13, 7, 13.5], "texture": "#0"},
				"south": {"uv": [9, 12, 10.5, 12.5], "texture": "#0"},
				"west": {"uv": [7, 13, 8, 13.5], "texture": "#0"},
				"up": {"uv": [12.5, 10, 11, 9], "texture": "#0"},
				"down": {"uv": [12.5, 10, 11, 11], "texture": "#0"}
			}
		},
		{
			"name": "Box9",
			"from": [4, 8.75, 8.05],
			"to": [4.25, 9, 8.55],
			"rotation": {"angle": -45, "axis": "x", "origin": [4, 8.75, 8.05]},
			"faces": {
				"north": {"uv": [9, 14, 9.5, 14.5], "texture": "#0"},
				"east": {"uv": [14, 9, 14.5, 9.5], "texture": "#0"},
				"south": {"uv": [10, 14, 10.5, 14.5], "texture": "#0"},
				"west": {"uv": [14, 10, 14.5, 10.5], "texture": "#0"},
				"up": {"uv": [11.5, 14.5, 11, 14], "texture": "#0"},
				"down": {"uv": [14.5, 11, 14, 11.5], "texture": "#0"}
			}
		},
		{
			"name": "Box10",
			"from": [12, 7.5, 7.5],
			"to": [12.5, 9, 8],
			"rotation": {"angle": 22.5, "axis": "z", "origin": [12, 7.5, 7.5]},
			"faces": {
				"north": {"uv": [11, 12, 11.5, 13.5], "texture": "#0"},
				"east": {"uv": [12, 11, 12.5, 12.5], "texture": "#0"},
				"south": {"uv": [0, 13, 0.5, 14.5], "texture": "#0"},
				"west": {"uv": [1, 13, 1.5, 14.5], "texture": "#0"},
				"up": {"uv": [12.5, 14.5, 12, 14], "texture": "#0"},
				"down": {"uv": [14.5, 12, 14, 12.5], "texture": "#0"}
			}
		},
		{
			"name": "Box11",
			"from": [9.5, 7, 7.5],
			"to": [10.5, 8, 8],
			"rotation": {"angle": 22.5, "axis": "z", "origin": [9.5, 7, 7.5]},
			"faces": {
				"north": {"uv": [5, 12, 6, 13], "texture": "#0"},
				"east": {"uv": [13, 7, 13.5, 8], "texture": "#0"},
				"south": {"uv": [12, 7, 13, 8], "texture": "#0"},
				"west": {"uv": [8, 13, 8.5, 14], "texture": "#0"},
				"up": {"uv": [10, 13.5, 9, 13], "texture": "#0"},
				"down": {"uv": [14, 9, 13, 9.5], "texture": "#0"}
			}
		},
		{
			"name": "Box12",
			"from": [11, 9, 7],
			"to": [11.5, 10, 7.5],
			"faces": {
				"north": {"uv": [10, 13, 10.5, 14], "texture": "#0"},
				"east": {"uv": [13, 10, 13.5, 11], "texture": "#0"},
				"south": {"uv": [13, 11, 13.5, 12], "texture": "#0"},
				"west": {"uv": [12, 13, 12.5, 14], "texture": "#0"},
				"up": {"uv": [13.5, 14.5, 13, 14], "texture": "#0"},
				"down": {"uv": [14.5, 13, 14, 13.5], "texture": "#0"}
			}
		},
		{
			"name": "Box12",
			"from": [11, 9, 8],
			"to": [11.5, 10, 8.5],
			"faces": {
				"north": {"uv": [13, 12, 13.5, 13], "texture": "#0"},
				"east": {"uv": [13, 13, 13.5, 14], "texture": "#0"},
				"south": {"uv": [2, 14, 2.5, 15], "texture": "#0"},
				"west": {"uv": [3, 14, 3.5, 15], "texture": "#0"},
				"up": {"uv": [14.5, 14.5, 14, 14], "texture": "#0"},
				"down": {"uv": [0.5, 15, 0, 15.5], "texture": "#0"}
			}
		}
	],
	"gui_light": "front",
	"display": {
		"thirdperson_righthand": {
			"rotation": [0, -90, 0],
			"translation": [0, 0, -1.391]
		},
		"thirdperson_lefthand": {
			"rotation": [0, 90, 0],
			"translation": [0, 0, -1.391]
		},
		"firstperson_righthand": {
			"rotation": [0, -90, 0],
			"translation": [-9.255, 6, 3]
		},
		"firstperson_lefthand": {
			"rotation": [0, -90, 0],
			"translation": [-9.255, 6, 3]
		},
		"ground": {
			"rotation": [90, 0, 0],
			"translation": [0, -3.478, 0]
		},
		"gui": {
			"rotation": [0, 0, -43],
			"translation": [0.25, 0.25, 0],
			"scale": [1.2, 1.2, 1.2]
		},
		"fixed": {
			"scale": [2.1, 2.1, 2.1]
		}
	}
}