{"textures":{"0":"item/mobs/zahar/zahar_abomination"},"elements":[{"from":[6.0,8.0,6.285714],"to":[10.0,12.0,9.714286],"rotation":{"angle":0.0,"axis":"y","origin":[5.428571,3.7142854,7.142857]},"faces":{"east":{"uv":[8.125,0.0,8.5,0.4375],"rotation":0,"texture":"#0","tintindex":0},"south":{"uv":[2.0,7.9375,2.4375,8.375],"rotation":0,"texture":"#0","tintindex":0},"north":{"uv":[1.5625,7.9375,2.0,8.375],"rotation":0,"texture":"#0","tintindex":0},"west":{"uv":[0.4375,8.125,0.8125,8.5625],"rotation":0,"texture":"#0","tintindex":0},"up":{"uv":[1.25,8.5,0.8125,8.125],"rotation":0,"texture":"#0","tintindex":0},"down":{"uv":[4.8125,8.125,4.375,8.5],"rotation":0,"texture":"#0","tintindex":0}}}],"display":{"head":{"translation":[0.0,-6.4,0.0],"scale":[4.0,4.0,4.0]}}}{"textures":{"0":"item/mobs/zahar/zahar_abomination"},"elements":[{"from":[6.0,8.0,6.285714],"to":[10.0,12.0,9.714286],"rotation":{"angle":0.0,"axis":"y","origin":[5.428571,3.7142854,7.142857]},"faces":{"east":{"uv":[8.125,0.0,8.5,0.4375],"rotation":0,"texture":"#0","tintindex":0},"south":{"uv":[2.0,7.9375,2.4375,8.375],"rotation":0,"texture":"#0","tintindex":0},"north":{"uv":[1.5625,7.9375,2.0,8.375],"rotation":0,"texture":"#0","tintindex":0},"west":{"uv":[0.4375,8.125,0.8125,8.5625],"rotation":0,"texture":"#0","tintindex":0},"up":{"uv":[1.25,8.5,0.8125,8.125],"rotation":0,"texture":"#0","tintindex":0},"down":{"uv":[4.8125,8.125,4.375,8.5],"rotation":0,"texture":"#0","tintindex":0}}}],"display":{"head":{"translation":[0.0,-6.4,0.0],"scale":[4.0,4.0,4.0]}}}{"textures":{"0":"item/mobs/zahar/zahar_abomination"},"elements":[{"from":[6.0,8.0,6.285714],"to":[10.0,12.0,9.714286],"rotation":{"angle":0.0,"axis":"y","origin":[5.428571,3.7142854,7.142857]},"faces":{"east":{"uv":[8.125,0.0,8.5,0.4375],"rotation":0,"texture":"#0","tintindex":0},"south":{"uv":[2.0,7.9375,2.4375,8.375],"rotation":0,"texture":"#0","tintindex":0},"north":{"uv":[1.5625,7.9375,2.0,8.375],"rotation":0,"texture":"#0","tintindex":0},"west":{"uv":[0.4375,8.125,0.8125,8.5625],"rotation":0,"texture":"#0","tintindex":0},"up":{"uv":[1.25,8.5,0.8125,8.125],"rotation":0,"texture":"#0","tintindex":0},"down":{"uv":[4.8125,8.125,4.375,8.5],"rotation":0,"texture":"#0","tintindex":0}}}],"display":{"head":{"translation":[0.0,-6.4,0.0],"scale":[4.0,4.0,4.0]}}}{"textures":{"0":"item/mobs/zahar/zahar_abomination"},"elements":[{"from":[6.0,8.0,6.285714],"to":[10.0,12.0,9.714286],"rotation":{"angle":0.0,"axis":"y","origin":[5.428571,3.7142854,7.142857]},"faces":{"east":{"uv":[8.125,0.0,8.5,0.4375],"rotation":0,"texture":"#0","tintindex":0},"south":{"uv":[2.0,7.9375,2.4375,8.375],"rotation":0,"texture":"#0","tintindex":0},"north":{"uv":[1.5625,7.9375,2.0,8.375],"rotation":0,"texture":"#0","tintindex":0},"west":{"uv":[0.4375,8.125,0.8125,8.5625],"rotation":0,"texture":"#0","tintindex":0},"up":{"uv":[1.25,8.5,0.8125,8.125],"rotation":0,"texture":"#0","tintindex":0},"down":{"uv":[4.8125,8.125,4.375,8.5],"rotation":0,"texture":"#0","tintindex":0}}}],"display":{"head":{"translation":[0.0,-6.4,0.0],"scale":[4.0,4.0,4.0]}}}{"textures":{"0":"item/mobs/zahar/zahar_abomination"},"elements":[{"from":[6.0,8.0,6.285714],"to":[10.0,12.0,9.714286],"rotation":{"angle":0.0,"axis":"y","origin":[5.428571,3.7142854,7.142857]},"faces":{"east":{"uv":[8.125,0.0,8.5,0.4375],"rotation":0,"texture":"#0","tintindex":0},"south":{"uv":[2.0,7.9375,2.4375,8.375],"rotation":0,"texture":"#0","tintindex":0},"north":{"uv":[1.5625,7.9375,2.0,8.375],"rotation":0,"texture":"#0","tintindex":0},"west":{"uv":[0.4375,8.125,0.8125,8.5625],"rotation":0,"texture":"#0","tintindex":0},"up":{"uv":[1.25,8.5,0.8125,8.125],"rotation":0,"texture":"#0","tintindex":0},"down":{"uv":[4.8125,8.125,4.375,8.5],"rotation":0,"texture":"#0","tintindex":0}}}],"display":{"head":{"translation":[0.0,-6.4,0.0],"scale":[4.0,4.0,4.0]}}}{"textures":{"0":"item/mobs/zahar/zahar_abomination"},"elements":[{"from":[6.0,8.0,6.285714],"to":[10.0,12.0,9.714286],"rotation":{"angle":0.0,"axis":"y","origin":[5.428571,3.7142854,7.142857]},"faces":{"east":{"uv":[8.125,0.0,8.5,0.4375],"rotation":0,"texture":"#0","tintindex":0},"south":{"uv":[2.0,7.9375,2.4375,8.375],"rotation":0,"texture":"#0","tintindex":0},"north":{"uv":[1.5625,7.9375,2.0,8.375],"rotation":0,"texture":"#0","tintindex":0},"west":{"uv":[0.4375,8.125,0.8125,8.5625],"rotation":0,"texture":"#0","tintindex":0},"up":{"uv":[1.25,8.5,0.8125,8.125],"rotation":0,"texture":"#0","tintindex":0},"down":{"uv":[4.8125,8.125,4.375,8.5],"rotation":0,"texture":"#0","tintindex":0}}}],"display":{"head":{"translation":[0.0,-6.4,0.0],"scale":[4.0,4.0,4.0]}}}{"textures":{"0":"item/mobs/zahar/zahar_abomination"},"elements":[{"from":[6.0,8.0,6.285714],"to":[10.0,12.0,9.714286],"rotation":{"angle":0.0,"axis":"y","origin":[5.428571,3.7142854,7.142857]},"faces":{"east":{"uv":[8.125,0.0,8.5,0.4375],"rotation":0,"texture":"#0","tintindex":0},"south":{"uv":[2.0,7.9375,2.4375,8.375],"rotation":0,"texture":"#0","tintindex":0},"north":{"uv":[1.5625,7.9375,2.0,8.375],"rotation":0,"texture":"#0","tintindex":0},"west":{"uv":[0.4375,8.125,0.8125,8.5625],"rotation":0,"texture":"#0","tintindex":0},"up":{"uv":[1.25,8.5,0.8125,8.125],"rotation":0,"texture":"#0","tintindex":0},"down":{"uv":[4.8125,8.125,4.375,8.5],"rotation":0,"texture":"#0","tintindex":0}}}],"display":{"head":{"translation":[0.0,-6.4,0.0],"scale":[4.0,4.0,4.0]}}}{"textures":{"0":"item/mobs/zahar/zahar_abomination"},"elements":[{"from":[6.0,8.0,6.285714],"to":[10.0,12.0,9.714286],"rotation":{"angle":0.0,"axis":"y","origin":[5.428571,3.7142854,7.142857]},"faces":{"east":{"uv":[8.125,0.0,8.5,0.4375],"rotation":0,"texture":"#0","tintindex":0},"south":{"uv":[2.0,7.9375,2.4375,8.375],"rotation":0,"texture":"#0","tintindex":0},"north":{"uv":[1.5625,7.9375,2.0,8.375],"rotation":0,"texture":"#0","tintindex":0},"west":{"uv":[0.4375,8.125,0.8125,8.5625],"rotation":0,"texture":"#0","tintindex":0},"up":{"uv":[1.25,8.5,0.8125,8.125],"rotation":0,"texture":"#0","tintindex":0},"down":{"uv":[4.8125,8.125,4.375,8.5],"rotation":0,"texture":"#0","tintindex":0}}}],"display":{"head":{"translation":[0.0,-6.4,0.0],"scale":[4.0,4.0,4.0]}}}