{"textures":{"0":"item/mobs/zahar/zahar_abomination"},"elements":[{"from":[7.428571,4.5714283,7.428571],"to":[8.571428,8.0,8.571428],"rotation":{"angle":0.0,"axis":"y","origin":[9.428572,5.142857,10.0]},"faces":{"east":{"uv":[1.4375,8.6875,1.3125,9.0625],"rotation":0,"texture":"#0","tintindex":0},"south":{"uv":[1.3125,8.6875,1.1875,9.0625],"rotation":0,"texture":"#0","tintindex":0},"north":{"uv":[8.8125,0.6875,8.6875,1.0625],"rotation":0,"texture":"#0","tintindex":0},"west":{"uv":[8.8125,1.0625,8.6875,1.4375],"rotation":0,"texture":"#0","tintindex":0},"up":{"uv":[3.625,6.0625,3.75,5.9375],"rotation":0,"texture":"#0","tintindex":0},"down":{"uv":[5.5625,6.0625,5.6875,6.1875],"rotation":0,"texture":"#0","tintindex":0}}},{"from":[7.428571,3.4285712,8.0],"to":[10.285714,5.714286,8.0],"rotation":{"angle":0.0,"axis":"y","origin":[9.428572,5.142857,10.0]},"faces":{"east":{"uv":[0.0,0.0,0.0,0.25],"rotation":0,"texture":"#0","tintindex":0},"south":{"uv":[8.9375,5.375,8.625,5.625],"rotation":0,"texture":"#0","tintindex":0},"north":{"uv":[8.9375,2.8125,8.625,3.0625],"rotation":0,"texture":"#0","tintindex":0},"west":{"uv":[0.0,0.0,0.0,0.25],"rotation":0,"texture":"#0","tintindex":0},"up":{"uv":[0.0,0.0,0.3125,0.0],"rotation":0,"texture":"#0","tintindex":0},"down":{"uv":[0.0,0.0,0.3125,0.0],"rotation":0,"texture":"#0","tintindex":0}}}],"display":{"head":{"translation":[0.0,-6.4,0.0],"scale":[4.0,4.0,4.0]}}}{"textures":{"0":"item/mobs/zahar/zahar_abomination"},"elements":[{"from":[7.428571,4.5714283,7.428571],"to":[8.571428,8.0,8.571428],"rotation":{"angle":0.0,"axis":"y","origin":[9.428572,5.142857,10.0]},"faces":{"east":{"uv":[1.4375,8.6875,1.3125,9.0625],"rotation":0,"texture":"#0","tintindex":0},"south":{"uv":[1.3125,8.6875,1.1875,9.0625],"rotation":0,"texture":"#0","tintindex":0},"north":{"uv":[8.8125,0.6875,8.6875,1.0625],"rotation":0,"texture":"#0","tintindex":0},"west":{"uv":[8.8125,1.0625,8.6875,1.4375],"rotation":0,"texture":"#0","tintindex":0},"up":{"uv":[3.625,6.0625,3.75,5.9375],"rotation":0,"texture":"#0","tintindex":0},"down":{"uv":[5.5625,6.0625,5.6875,6.1875],"rotation":0,"texture":"#0","tintindex":0}}},{"from":[7.428571,3.4285712,8.0],"to":[10.285714,5.714286,8.0],"rotation":{"angle":0.0,"axis":"y","origin":[9.428572,5.142857,10.0]},"faces":{"east":{"uv":[0.0,0.0,0.0,0.25],"rotation":0,"texture":"#0","tintindex":0},"south":{"uv":[8.9375,5.375,8.625,5.625],"rotation":0,"texture":"#0","tintindex":0},"north":{"uv":[8.9375,2.8125,8.625,3.0625],"rotation":0,"texture":"#0","tintindex":0},"west":{"uv":[0.0,0.0,0.0,0.25],"rotation":0,"texture":"#0","tintindex":0},"up":{"uv":[0.0,0.0,0.3125,0.0],"rotation":0,"texture":"#0","tintindex":0},"down":{"uv":[0.0,0.0,0.3125,0.0],"rotation":0,"texture":"#0","tintindex":0}}}],"display":{"head":{"translation":[0.0,-6.4,0.0],"scale":[4.0,4.0,4.0]}}}{"textures":{"0":"item/mobs/zahar/zahar_abomination"},"elements":[{"from":[7.428571,4.5714283,7.428571],"to":[8.571428,8.0,8.571428],"rotation":{"angle":0.0,"axis":"y","origin":[9.428572,5.142857,10.0]},"faces":{"east":{"uv":[1.4375,8.6875,1.3125,9.0625],"rotation":0,"texture":"#0","tintindex":0},"south":{"uv":[1.3125,8.6875,1.1875,9.0625],"rotation":0,"texture":"#0","tintindex":0},"north":{"uv":[8.8125,0.6875,8.6875,1.0625],"rotation":0,"texture":"#0","tintindex":0},"west":{"uv":[8.8125,1.0625,8.6875,1.4375],"rotation":0,"texture":"#0","tintindex":0},"up":{"uv":[3.625,6.0625,3.75,5.9375],"rotation":0,"texture":"#0","tintindex":0},"down":{"uv":[5.5625,6.0625,5.6875,6.1875],"rotation":0,"texture":"#0","tintindex":0}}},{"from":[7.428571,3.4285712,8.0],"to":[10.285714,5.714286,8.0],"rotation":{"angle":0.0,"axis":"y","origin":[9.428572,5.142857,10.0]},"faces":{"east":{"uv":[0.0,0.0,0.0,0.25],"rotation":0,"texture":"#0","tintindex":0},"south":{"uv":[8.9375,5.375,8.625,5.625],"rotation":0,"texture":"#0","tintindex":0},"north":{"uv":[8.9375,2.8125,8.625,3.0625],"rotation":0,"texture":"#0","tintindex":0},"west":{"uv":[0.0,0.0,0.0,0.25],"rotation":0,"texture":"#0","tintindex":0},"up":{"uv":[0.0,0.0,0.3125,0.0],"rotation":0,"texture":"#0","tintindex":0},"down":{"uv":[0.0,0.0,0.3125,0.0],"rotation":0,"texture":"#0","tintindex":0}}}],"display":{"head":{"translation":[0.0,-6.4,0.0],"scale":[4.0,4.0,4.0]}}}{"textures":{"0":"item/mobs/zahar/zahar_abomination"},"elements":[{"from":[7.428571,4.5714283,7.428571],"to":[8.571428,8.0,8.571428],"rotation":{"angle":0.0,"axis":"y","origin":[9.428572,5.142857,10.0]},"faces":{"east":{"uv":[1.4375,8.6875,1.3125,9.0625],"rotation":0,"texture":"#0","tintindex":0},"south":{"uv":[1.3125,8.6875,1.1875,9.0625],"rotation":0,"texture":"#0","tintindex":0},"north":{"uv":[8.8125,0.6875,8.6875,1.0625],"rotation":0,"texture":"#0","tintindex":0},"west":{"uv":[8.8125,1.0625,8.6875,1.4375],"rotation":0,"texture":"#0","tintindex":0},"up":{"uv":[3.625,6.0625,3.75,5.9375],"rotation":0,"texture":"#0","tintindex":0},"down":{"uv":[5.5625,6.0625,5.6875,6.1875],"rotation":0,"texture":"#0","tintindex":0}}},{"from":[7.428571,3.4285712,8.0],"to":[10.285714,5.714286,8.0],"rotation":{"angle":0.0,"axis":"y","origin":[9.428572,5.142857,10.0]},"faces":{"east":{"uv":[0.0,0.0,0.0,0.25],"rotation":0,"texture":"#0","tintindex":0},"south":{"uv":[8.9375,5.375,8.625,5.625],"rotation":0,"texture":"#0","tintindex":0},"north":{"uv":[8.9375,2.8125,8.625,3.0625],"rotation":0,"texture":"#0","tintindex":0},"west":{"uv":[0.0,0.0,0.0,0.25],"rotation":0,"texture":"#0","tintindex":0},"up":{"uv":[0.0,0.0,0.3125,0.0],"rotation":0,"texture":"#0","tintindex":0},"down":{"uv":[0.0,0.0,0.3125,0.0],"rotation":0,"texture":"#0","tintindex":0}}}],"display":{"head":{"translation":[0.0,-6.4,0.0],"scale":[4.0,4.0,4.0]}}}{"textures":{"0":"item/mobs/zahar/zahar_abomination"},"elements":[{"from":[7.428571,4.5714283,7.428571],"to":[8.571428,8.0,8.571428],"rotation":{"angle":0.0,"axis":"y","origin":[9.428572,5.142857,10.0]},"faces":{"east":{"uv":[1.4375,8.6875,1.3125,9.0625],"rotation":0,"texture":"#0","tintindex":0},"south":{"uv":[1.3125,8.6875,1.1875,9.0625],"rotation":0,"texture":"#0","tintindex":0},"north":{"uv":[8.8125,0.6875,8.6875,1.0625],"rotation":0,"texture":"#0","tintindex":0},"west":{"uv":[8.8125,1.0625,8.6875,1.4375],"rotation":0,"texture":"#0","tintindex":0},"up":{"uv":[3.625,6.0625,3.75,5.9375],"rotation":0,"texture":"#0","tintindex":0},"down":{"uv":[5.5625,6.0625,5.6875,6.1875],"rotation":0,"texture":"#0","tintindex":0}}},{"from":[7.428571,3.4285712,8.0],"to":[10.285714,5.714286,8.0],"rotation":{"angle":0.0,"axis":"y","origin":[9.428572,5.142857,10.0]},"faces":{"east":{"uv":[0.0,0.0,0.0,0.25],"rotation":0,"texture":"#0","tintindex":0},"south":{"uv":[8.9375,5.375,8.625,5.625],"rotation":0,"texture":"#0","tintindex":0},"north":{"uv":[8.9375,2.8125,8.625,3.0625],"rotation":0,"texture":"#0","tintindex":0},"west":{"uv":[0.0,0.0,0.0,0.25],"rotation":0,"texture":"#0","tintindex":0},"up":{"uv":[0.0,0.0,0.3125,0.0],"rotation":0,"texture":"#0","tintindex":0},"down":{"uv":[0.0,0.0,0.3125,0.0],"rotation":0,"texture":"#0","tintindex":0}}}],"display":{"head":{"translation":[0.0,-6.4,0.0],"scale":[4.0,4.0,4.0]}}}{"textures":{"0":"item/mobs/zahar/zahar_abomination"},"elements":[{"from":[7.428571,4.5714283,7.428571],"to":[8.571428,8.0,8.571428],"rotation":{"angle":0.0,"axis":"y","origin":[9.428572,5.142857,10.0]},"faces":{"east":{"uv":[1.4375,8.6875,1.3125,9.0625],"rotation":0,"texture":"#0","tintindex":0},"south":{"uv":[1.3125,8.6875,1.1875,9.0625],"rotation":0,"texture":"#0","tintindex":0},"north":{"uv":[8.8125,0.6875,8.6875,1.0625],"rotation":0,"texture":"#0","tintindex":0},"west":{"uv":[8.8125,1.0625,8.6875,1.4375],"rotation":0,"texture":"#0","tintindex":0},"up":{"uv":[3.625,6.0625,3.75,5.9375],"rotation":0,"texture":"#0","tintindex":0},"down":{"uv":[5.5625,6.0625,5.6875,6.1875],"rotation":0,"texture":"#0","tintindex":0}}},{"from":[7.428571,3.4285712,8.0],"to":[10.285714,5.714286,8.0],"rotation":{"angle":0.0,"axis":"y","origin":[9.428572,5.142857,10.0]},"faces":{"east":{"uv":[0.0,0.0,0.0,0.25],"rotation":0,"texture":"#0","tintindex":0},"south":{"uv":[8.9375,5.375,8.625,5.625],"rotation":0,"texture":"#0","tintindex":0},"north":{"uv":[8.9375,2.8125,8.625,3.0625],"rotation":0,"texture":"#0","tintindex":0},"west":{"uv":[0.0,0.0,0.0,0.25],"rotation":0,"texture":"#0","tintindex":0},"up":{"uv":[0.0,0.0,0.3125,0.0],"rotation":0,"texture":"#0","tintindex":0},"down":{"uv":[0.0,0.0,0.3125,0.0],"rotation":0,"texture":"#0","tintindex":0}}}],"display":{"head":{"translation":[0.0,-6.4,0.0],"scale":[4.0,4.0,4.0]}}}{"textures":{"0":"item/mobs/zahar/zahar_abomination"},"elements":[{"from":[7.428571,4.5714283,7.428571],"to":[8.571428,8.0,8.571428],"rotation":{"angle":0.0,"axis":"y","origin":[9.428572,5.142857,10.0]},"faces":{"east":{"uv":[1.4375,8.6875,1.3125,9.0625],"rotation":0,"texture":"#0","tintindex":0},"south":{"uv":[1.3125,8.6875,1.1875,9.0625],"rotation":0,"texture":"#0","tintindex":0},"north":{"uv":[8.8125,0.6875,8.6875,1.0625],"rotation":0,"texture":"#0","tintindex":0},"west":{"uv":[8.8125,1.0625,8.6875,1.4375],"rotation":0,"texture":"#0","tintindex":0},"up":{"uv":[3.625,6.0625,3.75,5.9375],"rotation":0,"texture":"#0","tintindex":0},"down":{"uv":[5.5625,6.0625,5.6875,6.1875],"rotation":0,"texture":"#0","tintindex":0}}},{"from":[7.428571,3.4285712,8.0],"to":[10.285714,5.714286,8.0],"rotation":{"angle":0.0,"axis":"y","origin":[9.428572,5.142857,10.0]},"faces":{"east":{"uv":[0.0,0.0,0.0,0.25],"rotation":0,"texture":"#0","tintindex":0},"south":{"uv":[8.9375,5.375,8.625,5.625],"rotation":0,"texture":"#0","tintindex":0},"north":{"uv":[8.9375,2.8125,8.625,3.0625],"rotation":0,"texture":"#0","tintindex":0},"west":{"uv":[0.0,0.0,0.0,0.25],"rotation":0,"texture":"#0","tintindex":0},"up":{"uv":[0.0,0.0,0.3125,0.0],"rotation":0,"texture":"#0","tintindex":0},"down":{"uv":[0.0,0.0,0.3125,0.0],"rotation":0,"texture":"#0","tintindex":0}}}],"display":{"head":{"translation":[0.0,-6.4,0.0],"scale":[4.0,4.0,4.0]}}}{"textures":{"0":"item/mobs/zahar/zahar_abomination"},"elements":[{"from":[7.428571,4.5714283,7.428571],"to":[8.571428,8.0,8.571428],"rotation":{"angle":0.0,"axis":"y","origin":[9.428572,5.142857,10.0]},"faces":{"east":{"uv":[1.4375,8.6875,1.3125,9.0625],"rotation":0,"texture":"#0","tintindex":0},"south":{"uv":[1.3125,8.6875,1.1875,9.0625],"rotation":0,"texture":"#0","tintindex":0},"north":{"uv":[8.8125,0.6875,8.6875,1.0625],"rotation":0,"texture":"#0","tintindex":0},"west":{"uv":[8.8125,1.0625,8.6875,1.4375],"rotation":0,"texture":"#0","tintindex":0},"up":{"uv":[3.625,6.0625,3.75,5.9375],"rotation":0,"texture":"#0","tintindex":0},"down":{"uv":[5.5625,6.0625,5.6875,6.1875],"rotation":0,"texture":"#0","tintindex":0}}},{"from":[7.428571,3.4285712,8.0],"to":[10.285714,5.714286,8.0],"rotation":{"angle":0.0,"axis":"y","origin":[9.428572,5.142857,10.0]},"faces":{"east":{"uv":[0.0,0.0,0.0,0.25],"rotation":0,"texture":"#0","tintindex":0},"south":{"uv":[8.9375,5.375,8.625,5.625],"rotation":0,"texture":"#0","tintindex":0},"north":{"uv":[8.9375,2.8125,8.625,3.0625],"rotation":0,"texture":"#0","tintindex":0},"west":{"uv":[0.0,0.0,0.0,0.25],"rotation":0,"texture":"#0","tintindex":0},"up":{"uv":[0.0,0.0,0.3125,0.0],"rotation":0,"texture":"#0","tintindex":0},"down":{"uv":[0.0,0.0,0.3125,0.0],"rotation":0,"texture":"#0","tintindex":0}}}],"display":{"head":{"translation":[0.0,-6.4,0.0],"scale":[4.0,4.0,4.0]}}}