{"textures":{"0":"item/mobs/zahar/zahar_abomination"},"elements":[{"from":[7.428571,4.5714283,7.428571],"to":[8.571428,8.0,8.571428],"rotation":{"angle":0.0,"axis":"y","origin":[9.428572,5.142857,10.0]},"faces":{"east":{"uv":[0.75,8.5625,0.625,8.9375],"rotation":0,"texture":"#0","tintindex":0},"south":{"uv":[3.4375,8.5,3.3125,8.875],"rotation":0,"texture":"#0","tintindex":0},"north":{"uv":[3.5,6.875,3.375,7.25],"rotation":0,"texture":"#0","tintindex":0},"west":{"uv":[7.125,1.3125,7.0,1.6875],"rotation":0,"texture":"#0","tintindex":0},"up":{"uv":[5.1875,0.9375,5.3125,0.8125],"rotation":0,"texture":"#0","tintindex":0},"down":{"uv":[5.1875,0.9375,5.3125,1.0625],"rotation":0,"texture":"#0","tintindex":0}}},{"from":[7.428571,3.4285712,8.0],"to":[10.285714,5.714286,8.0],"rotation":{"angle":0.0,"axis":"y","origin":[9.428572,5.142857,10.0]},"faces":{"east":{"uv":[0.0,0.0,0.0,0.25],"rotation":0,"texture":"#0","tintindex":0},"south":{"uv":[8.0,8.5625,7.6875,8.8125],"rotation":0,"texture":"#0","tintindex":0},"north":{"uv":[5.125,8.5625,4.8125,8.8125],"rotation":0,"texture":"#0","tintindex":0},"west":{"uv":[0.0,0.0,0.0,0.25],"rotation":0,"texture":"#0","tintindex":0},"up":{"uv":[0.0,0.0,0.3125,0.0],"rotation":0,"texture":"#0","tintindex":0},"down":{"uv":[0.0,0.0,0.3125,0.0],"rotation":0,"texture":"#0","tintindex":0}}}],"display":{"head":{"translation":[0.0,-6.4,0.0],"scale":[4.0,4.0,4.0]}}}{"textures":{"0":"item/mobs/zahar/zahar_abomination"},"elements":[{"from":[7.428571,4.5714283,7.428571],"to":[8.571428,8.0,8.571428],"rotation":{"angle":0.0,"axis":"y","origin":[9.428572,5.142857,10.0]},"faces":{"east":{"uv":[0.75,8.5625,0.625,8.9375],"rotation":0,"texture":"#0","tintindex":0},"south":{"uv":[3.4375,8.5,3.3125,8.875],"rotation":0,"texture":"#0","tintindex":0},"north":{"uv":[3.5,6.875,3.375,7.25],"rotation":0,"texture":"#0","tintindex":0},"west":{"uv":[7.125,1.3125,7.0,1.6875],"rotation":0,"texture":"#0","tintindex":0},"up":{"uv":[5.1875,0.9375,5.3125,0.8125],"rotation":0,"texture":"#0","tintindex":0},"down":{"uv":[5.1875,0.9375,5.3125,1.0625],"rotation":0,"texture":"#0","tintindex":0}}},{"from":[7.428571,3.4285712,8.0],"to":[10.285714,5.714286,8.0],"rotation":{"angle":0.0,"axis":"y","origin":[9.428572,5.142857,10.0]},"faces":{"east":{"uv":[0.0,0.0,0.0,0.25],"rotation":0,"texture":"#0","tintindex":0},"south":{"uv":[8.0,8.5625,7.6875,8.8125],"rotation":0,"texture":"#0","tintindex":0},"north":{"uv":[5.125,8.5625,4.8125,8.8125],"rotation":0,"texture":"#0","tintindex":0},"west":{"uv":[0.0,0.0,0.0,0.25],"rotation":0,"texture":"#0","tintindex":0},"up":{"uv":[0.0,0.0,0.3125,0.0],"rotation":0,"texture":"#0","tintindex":0},"down":{"uv":[0.0,0.0,0.3125,0.0],"rotation":0,"texture":"#0","tintindex":0}}}],"display":{"head":{"translation":[0.0,-6.4,0.0],"scale":[4.0,4.0,4.0]}}}{"textures":{"0":"item/mobs/zahar/zahar_abomination"},"elements":[{"from":[7.428571,4.5714283,7.428571],"to":[8.571428,8.0,8.571428],"rotation":{"angle":0.0,"axis":"y","origin":[9.428572,5.142857,10.0]},"faces":{"east":{"uv":[0.75,8.5625,0.625,8.9375],"rotation":0,"texture":"#0","tintindex":0},"south":{"uv":[3.4375,8.5,3.3125,8.875],"rotation":0,"texture":"#0","tintindex":0},"north":{"uv":[3.5,6.875,3.375,7.25],"rotation":0,"texture":"#0","tintindex":0},"west":{"uv":[7.125,1.3125,7.0,1.6875],"rotation":0,"texture":"#0","tintindex":0},"up":{"uv":[5.1875,0.9375,5.3125,0.8125],"rotation":0,"texture":"#0","tintindex":0},"down":{"uv":[5.1875,0.9375,5.3125,1.0625],"rotation":0,"texture":"#0","tintindex":0}}},{"from":[7.428571,3.4285712,8.0],"to":[10.285714,5.714286,8.0],"rotation":{"angle":0.0,"axis":"y","origin":[9.428572,5.142857,10.0]},"faces":{"east":{"uv":[0.0,0.0,0.0,0.25],"rotation":0,"texture":"#0","tintindex":0},"south":{"uv":[8.0,8.5625,7.6875,8.8125],"rotation":0,"texture":"#0","tintindex":0},"north":{"uv":[5.125,8.5625,4.8125,8.8125],"rotation":0,"texture":"#0","tintindex":0},"west":{"uv":[0.0,0.0,0.0,0.25],"rotation":0,"texture":"#0","tintindex":0},"up":{"uv":[0.0,0.0,0.3125,0.0],"rotation":0,"texture":"#0","tintindex":0},"down":{"uv":[0.0,0.0,0.3125,0.0],"rotation":0,"texture":"#0","tintindex":0}}}],"display":{"head":{"translation":[0.0,-6.4,0.0],"scale":[4.0,4.0,4.0]}}}{"textures":{"0":"item/mobs/zahar/zahar_abomination"},"elements":[{"from":[7.428571,4.5714283,7.428571],"to":[8.571428,8.0,8.571428],"rotation":{"angle":0.0,"axis":"y","origin":[9.428572,5.142857,10.0]},"faces":{"east":{"uv":[0.75,8.5625,0.625,8.9375],"rotation":0,"texture":"#0","tintindex":0},"south":{"uv":[3.4375,8.5,3.3125,8.875],"rotation":0,"texture":"#0","tintindex":0},"north":{"uv":[3.5,6.875,3.375,7.25],"rotation":0,"texture":"#0","tintindex":0},"west":{"uv":[7.125,1.3125,7.0,1.6875],"rotation":0,"texture":"#0","tintindex":0},"up":{"uv":[5.1875,0.9375,5.3125,0.8125],"rotation":0,"texture":"#0","tintindex":0},"down":{"uv":[5.1875,0.9375,5.3125,1.0625],"rotation":0,"texture":"#0","tintindex":0}}},{"from":[7.428571,3.4285712,8.0],"to":[10.285714,5.714286,8.0],"rotation":{"angle":0.0,"axis":"y","origin":[9.428572,5.142857,10.0]},"faces":{"east":{"uv":[0.0,0.0,0.0,0.25],"rotation":0,"texture":"#0","tintindex":0},"south":{"uv":[8.0,8.5625,7.6875,8.8125],"rotation":0,"texture":"#0","tintindex":0},"north":{"uv":[5.125,8.5625,4.8125,8.8125],"rotation":0,"texture":"#0","tintindex":0},"west":{"uv":[0.0,0.0,0.0,0.25],"rotation":0,"texture":"#0","tintindex":0},"up":{"uv":[0.0,0.0,0.3125,0.0],"rotation":0,"texture":"#0","tintindex":0},"down":{"uv":[0.0,0.0,0.3125,0.0],"rotation":0,"texture":"#0","tintindex":0}}}],"display":{"head":{"translation":[0.0,-6.4,0.0],"scale":[4.0,4.0,4.0]}}}{"textures":{"0":"item/mobs/zahar/zahar_abomination"},"elements":[{"from":[7.428571,4.5714283,7.428571],"to":[8.571428,8.0,8.571428],"rotation":{"angle":0.0,"axis":"y","origin":[9.428572,5.142857,10.0]},"faces":{"east":{"uv":[0.75,8.5625,0.625,8.9375],"rotation":0,"texture":"#0","tintindex":0},"south":{"uv":[3.4375,8.5,3.3125,8.875],"rotation":0,"texture":"#0","tintindex":0},"north":{"uv":[3.5,6.875,3.375,7.25],"rotation":0,"texture":"#0","tintindex":0},"west":{"uv":[7.125,1.3125,7.0,1.6875],"rotation":0,"texture":"#0","tintindex":0},"up":{"uv":[5.1875,0.9375,5.3125,0.8125],"rotation":0,"texture":"#0","tintindex":0},"down":{"uv":[5.1875,0.9375,5.3125,1.0625],"rotation":0,"texture":"#0","tintindex":0}}},{"from":[7.428571,3.4285712,8.0],"to":[10.285714,5.714286,8.0],"rotation":{"angle":0.0,"axis":"y","origin":[9.428572,5.142857,10.0]},"faces":{"east":{"uv":[0.0,0.0,0.0,0.25],"rotation":0,"texture":"#0","tintindex":0},"south":{"uv":[8.0,8.5625,7.6875,8.8125],"rotation":0,"texture":"#0","tintindex":0},"north":{"uv":[5.125,8.5625,4.8125,8.8125],"rotation":0,"texture":"#0","tintindex":0},"west":{"uv":[0.0,0.0,0.0,0.25],"rotation":0,"texture":"#0","tintindex":0},"up":{"uv":[0.0,0.0,0.3125,0.0],"rotation":0,"texture":"#0","tintindex":0},"down":{"uv":[0.0,0.0,0.3125,0.0],"rotation":0,"texture":"#0","tintindex":0}}}],"display":{"head":{"translation":[0.0,-6.4,0.0],"scale":[4.0,4.0,4.0]}}}{"textures":{"0":"item/mobs/zahar/zahar_abomination"},"elements":[{"from":[7.428571,4.5714283,7.428571],"to":[8.571428,8.0,8.571428],"rotation":{"angle":0.0,"axis":"y","origin":[9.428572,5.142857,10.0]},"faces":{"east":{"uv":[0.75,8.5625,0.625,8.9375],"rotation":0,"texture":"#0","tintindex":0},"south":{"uv":[3.4375,8.5,3.3125,8.875],"rotation":0,"texture":"#0","tintindex":0},"north":{"uv":[3.5,6.875,3.375,7.25],"rotation":0,"texture":"#0","tintindex":0},"west":{"uv":[7.125,1.3125,7.0,1.6875],"rotation":0,"texture":"#0","tintindex":0},"up":{"uv":[5.1875,0.9375,5.3125,0.8125],"rotation":0,"texture":"#0","tintindex":0},"down":{"uv":[5.1875,0.9375,5.3125,1.0625],"rotation":0,"texture":"#0","tintindex":0}}},{"from":[7.428571,3.4285712,8.0],"to":[10.285714,5.714286,8.0],"rotation":{"angle":0.0,"axis":"y","origin":[9.428572,5.142857,10.0]},"faces":{"east":{"uv":[0.0,0.0,0.0,0.25],"rotation":0,"texture":"#0","tintindex":0},"south":{"uv":[8.0,8.5625,7.6875,8.8125],"rotation":0,"texture":"#0","tintindex":0},"north":{"uv":[5.125,8.5625,4.8125,8.8125],"rotation":0,"texture":"#0","tintindex":0},"west":{"uv":[0.0,0.0,0.0,0.25],"rotation":0,"texture":"#0","tintindex":0},"up":{"uv":[0.0,0.0,0.3125,0.0],"rotation":0,"texture":"#0","tintindex":0},"down":{"uv":[0.0,0.0,0.3125,0.0],"rotation":0,"texture":"#0","tintindex":0}}}],"display":{"head":{"translation":[0.0,-6.4,0.0],"scale":[4.0,4.0,4.0]}}}{"textures":{"0":"item/mobs/zahar/zahar_abomination"},"elements":[{"from":[7.428571,4.5714283,7.428571],"to":[8.571428,8.0,8.571428],"rotation":{"angle":0.0,"axis":"y","origin":[9.428572,5.142857,10.0]},"faces":{"east":{"uv":[0.75,8.5625,0.625,8.9375],"rotation":0,"texture":"#0","tintindex":0},"south":{"uv":[3.4375,8.5,3.3125,8.875],"rotation":0,"texture":"#0","tintindex":0},"north":{"uv":[3.5,6.875,3.375,7.25],"rotation":0,"texture":"#0","tintindex":0},"west":{"uv":[7.125,1.3125,7.0,1.6875],"rotation":0,"texture":"#0","tintindex":0},"up":{"uv":[5.1875,0.9375,5.3125,0.8125],"rotation":0,"texture":"#0","tintindex":0},"down":{"uv":[5.1875,0.9375,5.3125,1.0625],"rotation":0,"texture":"#0","tintindex":0}}},{"from":[7.428571,3.4285712,8.0],"to":[10.285714,5.714286,8.0],"rotation":{"angle":0.0,"axis":"y","origin":[9.428572,5.142857,10.0]},"faces":{"east":{"uv":[0.0,0.0,0.0,0.25],"rotation":0,"texture":"#0","tintindex":0},"south":{"uv":[8.0,8.5625,7.6875,8.8125],"rotation":0,"texture":"#0","tintindex":0},"north":{"uv":[5.125,8.5625,4.8125,8.8125],"rotation":0,"texture":"#0","tintindex":0},"west":{"uv":[0.0,0.0,0.0,0.25],"rotation":0,"texture":"#0","tintindex":0},"up":{"uv":[0.0,0.0,0.3125,0.0],"rotation":0,"texture":"#0","tintindex":0},"down":{"uv":[0.0,0.0,0.3125,0.0],"rotation":0,"texture":"#0","tintindex":0}}}],"display":{"head":{"translation":[0.0,-6.4,0.0],"scale":[4.0,4.0,4.0]}}}{"textures":{"0":"item/mobs/zahar/zahar_abomination"},"elements":[{"from":[7.428571,4.5714283,7.428571],"to":[8.571428,8.0,8.571428],"rotation":{"angle":0.0,"axis":"y","origin":[9.428572,5.142857,10.0]},"faces":{"east":{"uv":[0.75,8.5625,0.625,8.9375],"rotation":0,"texture":"#0","tintindex":0},"south":{"uv":[3.4375,8.5,3.3125,8.875],"rotation":0,"texture":"#0","tintindex":0},"north":{"uv":[3.5,6.875,3.375,7.25],"rotation":0,"texture":"#0","tintindex":0},"west":{"uv":[7.125,1.3125,7.0,1.6875],"rotation":0,"texture":"#0","tintindex":0},"up":{"uv":[5.1875,0.9375,5.3125,0.8125],"rotation":0,"texture":"#0","tintindex":0},"down":{"uv":[5.1875,0.9375,5.3125,1.0625],"rotation":0,"texture":"#0","tintindex":0}}},{"from":[7.428571,3.4285712,8.0],"to":[10.285714,5.714286,8.0],"rotation":{"angle":0.0,"axis":"y","origin":[9.428572,5.142857,10.0]},"faces":{"east":{"uv":[0.0,0.0,0.0,0.25],"rotation":0,"texture":"#0","tintindex":0},"south":{"uv":[8.0,8.5625,7.6875,8.8125],"rotation":0,"texture":"#0","tintindex":0},"north":{"uv":[5.125,8.5625,4.8125,8.8125],"rotation":0,"texture":"#0","tintindex":0},"west":{"uv":[0.0,0.0,0.0,0.25],"rotation":0,"texture":"#0","tintindex":0},"up":{"uv":[0.0,0.0,0.3125,0.0],"rotation":0,"texture":"#0","tintindex":0},"down":{"uv":[0.0,0.0,0.3125,0.0],"rotation":0,"texture":"#0","tintindex":0}}}],"display":{"head":{"translation":[0.0,-6.4,0.0],"scale":[4.0,4.0,4.0]}}}