{"textures":{"0":"item/mobs/zahar/zahar_abomination"},"elements":[{"from":[8.0,-0.57142925,6.285714],"to":[10.285714,2.8571424,9.142858],"rotation":{"angle":0.0,"axis":"y","origin":[1.7142854,-9.1428585,4.0]},"faces":{"east":{"uv":[8.4375,2.4375,8.75,2.8125],"rotation":0,"texture":"#0","tintindex":0},"south":{"uv":[4.5625,8.5,4.8125,8.875],"rotation":0,"texture":"#0","tintindex":0},"north":{"uv":[3.125,7.6875,3.375,8.0625],"rotation":0,"texture":"#0","tintindex":0},"west":{"uv":[3.5,8.4375,3.8125,8.8125],"rotation":0,"texture":"#0","tintindex":0},"up":{"uv":[0.8125,7.5,0.5625,7.1875],"rotation":0,"texture":"#0","tintindex":0},"down":{"uv":[8.75,8.5,8.5,8.8125],"rotation":0,"texture":"#0","tintindex":0}}},{"from":[7.428571,2.8571424,6.285714],"to":[10.857143,4.5714283,10.285714],"rotation":{"angle":0.0,"axis":"y","origin":[1.7142854,-9.1428585,4.0]},"faces":{"east":{"uv":[6.0625,0.625,6.5,0.8125],"rotation":0,"texture":"#0","tintindex":0},"south":{"uv":[8.0625,1.0625,8.4375,1.25],"rotation":0,"texture":"#0","tintindex":0},"north":{"uv":[8.0,4.25,8.375,4.4375],"rotation":0,"texture":"#0","tintindex":0},"west":{"uv":[5.125,6.0625,5.5625,6.25],"rotation":0,"texture":"#0","tintindex":0},"up":{"uv":[8.375,6.6875,8.0,6.25],"rotation":0,"texture":"#0","tintindex":0},"down":{"uv":[8.4375,0.625,8.0625,1.0625],"rotation":0,"texture":"#0","tintindex":0}}},{"from":[7.428571,4.5714283,5.714286],"to":[12.0,10.285714,10.857143],"rotation":{"angle":0.0,"axis":"y","origin":[1.7142854,-9.1428585,4.0]},"faces":{"east":{"uv":[3.375,7.4375,3.9375,8.0625],"rotation":0,"texture":"#0","tintindex":0},"south":{"uv":[7.625,0.0,8.125,0.625],"rotation":0,"texture":"#0","tintindex":0},"north":{"uv":[7.5625,2.5,8.0625,3.125],"rotation":0,"texture":"#0","tintindex":0},"west":{"uv":[3.9375,7.4375,4.5,8.0625],"rotation":0,"texture":"#0","tintindex":0},"up":{"uv":[3.125,8.25,2.625,7.6875],"rotation":0,"texture":"#0","tintindex":0},"down":{"uv":[8.1875,5.6875,7.6875,6.25],"rotation":0,"texture":"#0","tintindex":0}}}],"display":{"head":{"translation":[0.0,-6.4,0.0],"scale":[4.0,4.0,4.0]}}}{"textures":{"0":"item/mobs/zahar/zahar_abomination"},"elements":[{"from":[8.0,-0.57142925,6.285714],"to":[10.285714,2.8571424,9.142858],"rotation":{"angle":0.0,"axis":"y","origin":[1.7142854,-9.1428585,4.0]},"faces":{"east":{"uv":[8.4375,2.4375,8.75,2.8125],"rotation":0,"texture":"#0","tintindex":0},"south":{"uv":[4.5625,8.5,4.8125,8.875],"rotation":0,"texture":"#0","tintindex":0},"north":{"uv":[3.125,7.6875,3.375,8.0625],"rotation":0,"texture":"#0","tintindex":0},"west":{"uv":[3.5,8.4375,3.8125,8.8125],"rotation":0,"texture":"#0","tintindex":0},"up":{"uv":[0.8125,7.5,0.5625,7.1875],"rotation":0,"texture":"#0","tintindex":0},"down":{"uv":[8.75,8.5,8.5,8.8125],"rotation":0,"texture":"#0","tintindex":0}}},{"from":[7.428571,2.8571424,6.285714],"to":[10.857143,4.5714283,10.285714],"rotation":{"angle":0.0,"axis":"y","origin":[1.7142854,-9.1428585,4.0]},"faces":{"east":{"uv":[6.0625,0.625,6.5,0.8125],"rotation":0,"texture":"#0","tintindex":0},"south":{"uv":[8.0625,1.0625,8.4375,1.25],"rotation":0,"texture":"#0","tintindex":0},"north":{"uv":[8.0,4.25,8.375,4.4375],"rotation":0,"texture":"#0","tintindex":0},"west":{"uv":[5.125,6.0625,5.5625,6.25],"rotation":0,"texture":"#0","tintindex":0},"up":{"uv":[8.375,6.6875,8.0,6.25],"rotation":0,"texture":"#0","tintindex":0},"down":{"uv":[8.4375,0.625,8.0625,1.0625],"rotation":0,"texture":"#0","tintindex":0}}},{"from":[7.428571,4.5714283,5.714286],"to":[12.0,10.285714,10.857143],"rotation":{"angle":0.0,"axis":"y","origin":[1.7142854,-9.1428585,4.0]},"faces":{"east":{"uv":[3.375,7.4375,3.9375,8.0625],"rotation":0,"texture":"#0","tintindex":0},"south":{"uv":[7.625,0.0,8.125,0.625],"rotation":0,"texture":"#0","tintindex":0},"north":{"uv":[7.5625,2.5,8.0625,3.125],"rotation":0,"texture":"#0","tintindex":0},"west":{"uv":[3.9375,7.4375,4.5,8.0625],"rotation":0,"texture":"#0","tintindex":0},"up":{"uv":[3.125,8.25,2.625,7.6875],"rotation":0,"texture":"#0","tintindex":0},"down":{"uv":[8.1875,5.6875,7.6875,6.25],"rotation":0,"texture":"#0","tintindex":0}}}],"display":{"head":{"translation":[0.0,-6.4,0.0],"scale":[4.0,4.0,4.0]}}}{"textures":{"0":"item/mobs/zahar/zahar_abomination"},"elements":[{"from":[8.0,-0.57142925,6.285714],"to":[10.285714,2.8571424,9.142858],"rotation":{"angle":0.0,"axis":"y","origin":[1.7142854,-9.1428585,4.0]},"faces":{"east":{"uv":[8.4375,2.4375,8.75,2.8125],"rotation":0,"texture":"#0","tintindex":0},"south":{"uv":[4.5625,8.5,4.8125,8.875],"rotation":0,"texture":"#0","tintindex":0},"north":{"uv":[3.125,7.6875,3.375,8.0625],"rotation":0,"texture":"#0","tintindex":0},"west":{"uv":[3.5,8.4375,3.8125,8.8125],"rotation":0,"texture":"#0","tintindex":0},"up":{"uv":[0.8125,7.5,0.5625,7.1875],"rotation":0,"texture":"#0","tintindex":0},"down":{"uv":[8.75,8.5,8.5,8.8125],"rotation":0,"texture":"#0","tintindex":0}}},{"from":[7.428571,2.8571424,6.285714],"to":[10.857143,4.5714283,10.285714],"rotation":{"angle":0.0,"axis":"y","origin":[1.7142854,-9.1428585,4.0]},"faces":{"east":{"uv":[6.0625,0.625,6.5,0.8125],"rotation":0,"texture":"#0","tintindex":0},"south":{"uv":[8.0625,1.0625,8.4375,1.25],"rotation":0,"texture":"#0","tintindex":0},"north":{"uv":[8.0,4.25,8.375,4.4375],"rotation":0,"texture":"#0","tintindex":0},"west":{"uv":[5.125,6.0625,5.5625,6.25],"rotation":0,"texture":"#0","tintindex":0},"up":{"uv":[8.375,6.6875,8.0,6.25],"rotation":0,"texture":"#0","tintindex":0},"down":{"uv":[8.4375,0.625,8.0625,1.0625],"rotation":0,"texture":"#0","tintindex":0}}},{"from":[7.428571,4.5714283,5.714286],"to":[12.0,10.285714,10.857143],"rotation":{"angle":0.0,"axis":"y","origin":[1.7142854,-9.1428585,4.0]},"faces":{"east":{"uv":[3.375,7.4375,3.9375,8.0625],"rotation":0,"texture":"#0","tintindex":0},"south":{"uv":[7.625,0.0,8.125,0.625],"rotation":0,"texture":"#0","tintindex":0},"north":{"uv":[7.5625,2.5,8.0625,3.125],"rotation":0,"texture":"#0","tintindex":0},"west":{"uv":[3.9375,7.4375,4.5,8.0625],"rotation":0,"texture":"#0","tintindex":0},"up":{"uv":[3.125,8.25,2.625,7.6875],"rotation":0,"texture":"#0","tintindex":0},"down":{"uv":[8.1875,5.6875,7.6875,6.25],"rotation":0,"texture":"#0","tintindex":0}}}],"display":{"head":{"translation":[0.0,-6.4,0.0],"scale":[4.0,4.0,4.0]}}}{"textures":{"0":"item/mobs/zahar/zahar_abomination"},"elements":[{"from":[8.0,-0.57142925,6.285714],"to":[10.285714,2.8571424,9.142858],"rotation":{"angle":0.0,"axis":"y","origin":[1.7142854,-9.1428585,4.0]},"faces":{"east":{"uv":[8.4375,2.4375,8.75,2.8125],"rotation":0,"texture":"#0","tintindex":0},"south":{"uv":[4.5625,8.5,4.8125,8.875],"rotation":0,"texture":"#0","tintindex":0},"north":{"uv":[3.125,7.6875,3.375,8.0625],"rotation":0,"texture":"#0","tintindex":0},"west":{"uv":[3.5,8.4375,3.8125,8.8125],"rotation":0,"texture":"#0","tintindex":0},"up":{"uv":[0.8125,7.5,0.5625,7.1875],"rotation":0,"texture":"#0","tintindex":0},"down":{"uv":[8.75,8.5,8.5,8.8125],"rotation":0,"texture":"#0","tintindex":0}}},{"from":[7.428571,2.8571424,6.285714],"to":[10.857143,4.5714283,10.285714],"rotation":{"angle":0.0,"axis":"y","origin":[1.7142854,-9.1428585,4.0]},"faces":{"east":{"uv":[6.0625,0.625,6.5,0.8125],"rotation":0,"texture":"#0","tintindex":0},"south":{"uv":[8.0625,1.0625,8.4375,1.25],"rotation":0,"texture":"#0","tintindex":0},"north":{"uv":[8.0,4.25,8.375,4.4375],"rotation":0,"texture":"#0","tintindex":0},"west":{"uv":[5.125,6.0625,5.5625,6.25],"rotation":0,"texture":"#0","tintindex":0},"up":{"uv":[8.375,6.6875,8.0,6.25],"rotation":0,"texture":"#0","tintindex":0},"down":{"uv":[8.4375,0.625,8.0625,1.0625],"rotation":0,"texture":"#0","tintindex":0}}},{"from":[7.428571,4.5714283,5.714286],"to":[12.0,10.285714,10.857143],"rotation":{"angle":0.0,"axis":"y","origin":[1.7142854,-9.1428585,4.0]},"faces":{"east":{"uv":[3.375,7.4375,3.9375,8.0625],"rotation":0,"texture":"#0","tintindex":0},"south":{"uv":[7.625,0.0,8.125,0.625],"rotation":0,"texture":"#0","tintindex":0},"north":{"uv":[7.5625,2.5,8.0625,3.125],"rotation":0,"texture":"#0","tintindex":0},"west":{"uv":[3.9375,7.4375,4.5,8.0625],"rotation":0,"texture":"#0","tintindex":0},"up":{"uv":[3.125,8.25,2.625,7.6875],"rotation":0,"texture":"#0","tintindex":0},"down":{"uv":[8.1875,5.6875,7.6875,6.25],"rotation":0,"texture":"#0","tintindex":0}}}],"display":{"head":{"translation":[0.0,-6.4,0.0],"scale":[4.0,4.0,4.0]}}}{"textures":{"0":"item/mobs/zahar/zahar_abomination"},"elements":[{"from":[8.0,-0.57142925,6.285714],"to":[10.285714,2.8571424,9.142858],"rotation":{"angle":0.0,"axis":"y","origin":[1.7142854,-9.1428585,4.0]},"faces":{"east":{"uv":[8.4375,2.4375,8.75,2.8125],"rotation":0,"texture":"#0","tintindex":0},"south":{"uv":[4.5625,8.5,4.8125,8.875],"rotation":0,"texture":"#0","tintindex":0},"north":{"uv":[3.125,7.6875,3.375,8.0625],"rotation":0,"texture":"#0","tintindex":0},"west":{"uv":[3.5,8.4375,3.8125,8.8125],"rotation":0,"texture":"#0","tintindex":0},"up":{"uv":[0.8125,7.5,0.5625,7.1875],"rotation":0,"texture":"#0","tintindex":0},"down":{"uv":[8.75,8.5,8.5,8.8125],"rotation":0,"texture":"#0","tintindex":0}}},{"from":[7.428571,2.8571424,6.285714],"to":[10.857143,4.5714283,10.285714],"rotation":{"angle":0.0,"axis":"y","origin":[1.7142854,-9.1428585,4.0]},"faces":{"east":{"uv":[6.0625,0.625,6.5,0.8125],"rotation":0,"texture":"#0","tintindex":0},"south":{"uv":[8.0625,1.0625,8.4375,1.25],"rotation":0,"texture":"#0","tintindex":0},"north":{"uv":[8.0,4.25,8.375,4.4375],"rotation":0,"texture":"#0","tintindex":0},"west":{"uv":[5.125,6.0625,5.5625,6.25],"rotation":0,"texture":"#0","tintindex":0},"up":{"uv":[8.375,6.6875,8.0,6.25],"rotation":0,"texture":"#0","tintindex":0},"down":{"uv":[8.4375,0.625,8.0625,1.0625],"rotation":0,"texture":"#0","tintindex":0}}},{"from":[7.428571,4.5714283,5.714286],"to":[12.0,10.285714,10.857143],"rotation":{"angle":0.0,"axis":"y","origin":[1.7142854,-9.1428585,4.0]},"faces":{"east":{"uv":[3.375,7.4375,3.9375,8.0625],"rotation":0,"texture":"#0","tintindex":0},"south":{"uv":[7.625,0.0,8.125,0.625],"rotation":0,"texture":"#0","tintindex":0},"north":{"uv":[7.5625,2.5,8.0625,3.125],"rotation":0,"texture":"#0","tintindex":0},"west":{"uv":[3.9375,7.4375,4.5,8.0625],"rotation":0,"texture":"#0","tintindex":0},"up":{"uv":[3.125,8.25,2.625,7.6875],"rotation":0,"texture":"#0","tintindex":0},"down":{"uv":[8.1875,5.6875,7.6875,6.25],"rotation":0,"texture":"#0","tintindex":0}}}],"display":{"head":{"translation":[0.0,-6.4,0.0],"scale":[4.0,4.0,4.0]}}}{"textures":{"0":"item/mobs/zahar/zahar_abomination"},"elements":[{"from":[8.0,-0.57142925,6.285714],"to":[10.285714,2.8571424,9.142858],"rotation":{"angle":0.0,"axis":"y","origin":[1.7142854,-9.1428585,4.0]},"faces":{"east":{"uv":[8.4375,2.4375,8.75,2.8125],"rotation":0,"texture":"#0","tintindex":0},"south":{"uv":[4.5625,8.5,4.8125,8.875],"rotation":0,"texture":"#0","tintindex":0},"north":{"uv":[3.125,7.6875,3.375,8.0625],"rotation":0,"texture":"#0","tintindex":0},"west":{"uv":[3.5,8.4375,3.8125,8.8125],"rotation":0,"texture":"#0","tintindex":0},"up":{"uv":[0.8125,7.5,0.5625,7.1875],"rotation":0,"texture":"#0","tintindex":0},"down":{"uv":[8.75,8.5,8.5,8.8125],"rotation":0,"texture":"#0","tintindex":0}}},{"from":[7.428571,2.8571424,6.285714],"to":[10.857143,4.5714283,10.285714],"rotation":{"angle":0.0,"axis":"y","origin":[1.7142854,-9.1428585,4.0]},"faces":{"east":{"uv":[6.0625,0.625,6.5,0.8125],"rotation":0,"texture":"#0","tintindex":0},"south":{"uv":[8.0625,1.0625,8.4375,1.25],"rotation":0,"texture":"#0","tintindex":0},"north":{"uv":[8.0,4.25,8.375,4.4375],"rotation":0,"texture":"#0","tintindex":0},"west":{"uv":[5.125,6.0625,5.5625,6.25],"rotation":0,"texture":"#0","tintindex":0},"up":{"uv":[8.375,6.6875,8.0,6.25],"rotation":0,"texture":"#0","tintindex":0},"down":{"uv":[8.4375,0.625,8.0625,1.0625],"rotation":0,"texture":"#0","tintindex":0}}},{"from":[7.428571,4.5714283,5.714286],"to":[12.0,10.285714,10.857143],"rotation":{"angle":0.0,"axis":"y","origin":[1.7142854,-9.1428585,4.0]},"faces":{"east":{"uv":[3.375,7.4375,3.9375,8.0625],"rotation":0,"texture":"#0","tintindex":0},"south":{"uv":[7.625,0.0,8.125,0.625],"rotation":0,"texture":"#0","tintindex":0},"north":{"uv":[7.5625,2.5,8.0625,3.125],"rotation":0,"texture":"#0","tintindex":0},"west":{"uv":[3.9375,7.4375,4.5,8.0625],"rotation":0,"texture":"#0","tintindex":0},"up":{"uv":[3.125,8.25,2.625,7.6875],"rotation":0,"texture":"#0","tintindex":0},"down":{"uv":[8.1875,5.6875,7.6875,6.25],"rotation":0,"texture":"#0","tintindex":0}}}],"display":{"head":{"translation":[0.0,-6.4,0.0],"scale":[4.0,4.0,4.0]}}}{"textures":{"0":"item/mobs/zahar/zahar_abomination"},"elements":[{"from":[8.0,-0.57142925,6.285714],"to":[10.285714,2.8571424,9.142858],"rotation":{"angle":0.0,"axis":"y","origin":[1.7142854,-9.1428585,4.0]},"faces":{"east":{"uv":[8.4375,2.4375,8.75,2.8125],"rotation":0,"texture":"#0","tintindex":0},"south":{"uv":[4.5625,8.5,4.8125,8.875],"rotation":0,"texture":"#0","tintindex":0},"north":{"uv":[3.125,7.6875,3.375,8.0625],"rotation":0,"texture":"#0","tintindex":0},"west":{"uv":[3.5,8.4375,3.8125,8.8125],"rotation":0,"texture":"#0","tintindex":0},"up":{"uv":[0.8125,7.5,0.5625,7.1875],"rotation":0,"texture":"#0","tintindex":0},"down":{"uv":[8.75,8.5,8.5,8.8125],"rotation":0,"texture":"#0","tintindex":0}}},{"from":[7.428571,2.8571424,6.285714],"to":[10.857143,4.5714283,10.285714],"rotation":{"angle":0.0,"axis":"y","origin":[1.7142854,-9.1428585,4.0]},"faces":{"east":{"uv":[6.0625,0.625,6.5,0.8125],"rotation":0,"texture":"#0","tintindex":0},"south":{"uv":[8.0625,1.0625,8.4375,1.25],"rotation":0,"texture":"#0","tintindex":0},"north":{"uv":[8.0,4.25,8.375,4.4375],"rotation":0,"texture":"#0","tintindex":0},"west":{"uv":[5.125,6.0625,5.5625,6.25],"rotation":0,"texture":"#0","tintindex":0},"up":{"uv":[8.375,6.6875,8.0,6.25],"rotation":0,"texture":"#0","tintindex":0},"down":{"uv":[8.4375,0.625,8.0625,1.0625],"rotation":0,"texture":"#0","tintindex":0}}},{"from":[7.428571,4.5714283,5.714286],"to":[12.0,10.285714,10.857143],"rotation":{"angle":0.0,"axis":"y","origin":[1.7142854,-9.1428585,4.0]},"faces":{"east":{"uv":[3.375,7.4375,3.9375,8.0625],"rotation":0,"texture":"#0","tintindex":0},"south":{"uv":[7.625,0.0,8.125,0.625],"rotation":0,"texture":"#0","tintindex":0},"north":{"uv":[7.5625,2.5,8.0625,3.125],"rotation":0,"texture":"#0","tintindex":0},"west":{"uv":[3.9375,7.4375,4.5,8.0625],"rotation":0,"texture":"#0","tintindex":0},"up":{"uv":[3.125,8.25,2.625,7.6875],"rotation":0,"texture":"#0","tintindex":0},"down":{"uv":[8.1875,5.6875,7.6875,6.25],"rotation":0,"texture":"#0","tintindex":0}}}],"display":{"head":{"translation":[0.0,-6.4,0.0],"scale":[4.0,4.0,4.0]}}}{"textures":{"0":"item/mobs/zahar/zahar_abomination"},"elements":[{"from":[8.0,-0.57142925,6.285714],"to":[10.285714,2.8571424,9.142858],"rotation":{"angle":0.0,"axis":"y","origin":[1.7142854,-9.1428585,4.0]},"faces":{"east":{"uv":[8.4375,2.4375,8.75,2.8125],"rotation":0,"texture":"#0","tintindex":0},"south":{"uv":[4.5625,8.5,4.8125,8.875],"rotation":0,"texture":"#0","tintindex":0},"north":{"uv":[3.125,7.6875,3.375,8.0625],"rotation":0,"texture":"#0","tintindex":0},"west":{"uv":[3.5,8.4375,3.8125,8.8125],"rotation":0,"texture":"#0","tintindex":0},"up":{"uv":[0.8125,7.5,0.5625,7.1875],"rotation":0,"texture":"#0","tintindex":0},"down":{"uv":[8.75,8.5,8.5,8.8125],"rotation":0,"texture":"#0","tintindex":0}}},{"from":[7.428571,2.8571424,6.285714],"to":[10.857143,4.5714283,10.285714],"rotation":{"angle":0.0,"axis":"y","origin":[1.7142854,-9.1428585,4.0]},"faces":{"east":{"uv":[6.0625,0.625,6.5,0.8125],"rotation":0,"texture":"#0","tintindex":0},"south":{"uv":[8.0625,1.0625,8.4375,1.25],"rotation":0,"texture":"#0","tintindex":0},"north":{"uv":[8.0,4.25,8.375,4.4375],"rotation":0,"texture":"#0","tintindex":0},"west":{"uv":[5.125,6.0625,5.5625,6.25],"rotation":0,"texture":"#0","tintindex":0},"up":{"uv":[8.375,6.6875,8.0,6.25],"rotation":0,"texture":"#0","tintindex":0},"down":{"uv":[8.4375,0.625,8.0625,1.0625],"rotation":0,"texture":"#0","tintindex":0}}},{"from":[7.428571,4.5714283,5.714286],"to":[12.0,10.285714,10.857143],"rotation":{"angle":0.0,"axis":"y","origin":[1.7142854,-9.1428585,4.0]},"faces":{"east":{"uv":[3.375,7.4375,3.9375,8.0625],"rotation":0,"texture":"#0","tintindex":0},"south":{"uv":[7.625,0.0,8.125,0.625],"rotation":0,"texture":"#0","tintindex":0},"north":{"uv":[7.5625,2.5,8.0625,3.125],"rotation":0,"texture":"#0","tintindex":0},"west":{"uv":[3.9375,7.4375,4.5,8.0625],"rotation":0,"texture":"#0","tintindex":0},"up":{"uv":[3.125,8.25,2.625,7.6875],"rotation":0,"texture":"#0","tintindex":0},"down":{"uv":[8.1875,5.6875,7.6875,6.25],"rotation":0,"texture":"#0","tintindex":0}}}],"display":{"head":{"translation":[0.0,-6.4,0.0],"scale":[4.0,4.0,4.0]}}}