{
	"credit": "Made with Blockbench",
	"texture_size": [32, 32],
	"textures": {
		"0": "block/loot/ground",
		"1": "block/loot/common",
		"particle": "block/loot/ground"
	},
	"elements": [
		{
			"from": [0.134, 0, 4.58],
			"to": [15.866, 5.529, 11.42],
			"rotation": {"angle": 0, "axis": "y", "origin": [-1.12, 0, -1.12]},
			"faces": {
				"north": {"uv": [7, 0, 14, 2.5], "texture": "#1"},
				"east": {"uv": [0, 9, 3, 11.5], "texture": "#1"},
				"south": {"uv": [7, 2.5, 14, 5], "texture": "#1"},
				"west": {"uv": [3, 9, 6, 11.5], "texture": "#1"},
				"up": {"uv": [7, 3, 0, 0], "texture": "#1"},
				"down": {"uv": [7, 3, 0, 6], "texture": "#1"}
			}
		},
		{
			"from": [1.16, 5.13, 4.808],
			"to": [14.84, 6.555, 11.192],
			"rotation": {"angle": 0, "axis": "y", "origin": [-1.12, 0, -1.12]},
			"faces": {
				"north": {"uv": [7, 5, 13, 5.5], "texture": "#1"},
				"east": {"uv": [6, 9, 9, 9.5], "texture": "#1"},
				"south": {"uv": [7, 5.5, 13, 6], "texture": "#1"},
				"west": {"uv": [9, 9, 12, 9.5], "texture": "#1"},
				"up": {"uv": [6, 9, 0, 6], "texture": "#1"},
				"down": {"uv": [12, 6, 6, 9], "texture": "#1"}
			}
		},
		{
			"from": [10.2081, 5.48656, 7.67442],
			"to": [10.72904, 8.09124, 8.19535],
			"rotation": {"angle": 0, "axis": "y", "origin": [-2.41869, -0.96, -2.41869]},
			"faces": {
				"north": {"uv": [7.5, 10, 8, 11], "texture": "#1"},
				"east": {"uv": [8, 10, 8.5, 11], "texture": "#1"},
				"south": {"uv": [8.5, 10, 9, 11], "texture": "#1"},
				"west": {"uv": [9, 10, 9.5, 11], "texture": "#1"},
				"up": {"uv": [11, 10.5, 10.5, 10], "texture": "#1"},
				"down": {"uv": [11, 10.5, 10.5, 11], "texture": "#1"}
			}
		},
		{
			"from": [5.72203, 5.48656, 7.67442],
			"to": [6.24296, 8.09124, 8.19535],
			"rotation": {"angle": 0, "axis": "y", "origin": [-2.41869, -0.96, -2.41869]},
			"faces": {
				"north": {"uv": [9.5, 10, 10, 11], "texture": "#1"},
				"east": {"uv": [10, 10, 10.5, 11], "texture": "#1"},
				"south": {"uv": [6, 10.5, 6.5, 11.5], "texture": "#1"},
				"west": {"uv": [6.5, 10.5, 7, 11.5], "texture": "#1"},
				"up": {"uv": [7.5, 11.5, 7, 11], "texture": "#1"},
				"down": {"uv": [8, 11, 7.5, 11.5], "texture": "#1"}
			}
		},
		{
			"from": [5.9825, 8.09124, 7.67442],
			"to": [10.46857, 8.48194, 8.19535],
			"rotation": {"angle": 0, "axis": "y", "origin": [-2.41869, -0.96, -2.41869]},
			"faces": {
				"north": {"uv": [6, 9.5, 7.5, 10], "texture": "#1"},
				"east": {"uv": [7, 10.5, 7.5, 11], "texture": "#1"},
				"south": {"uv": [7.5, 9.5, 9, 10], "texture": "#1"},
				"west": {"uv": [10.5, 9.5, 11, 10], "texture": "#1"},
				"up": {"uv": [10.5, 10, 9, 9.5], "texture": "#1"},
				"down": {"uv": [7.5, 10, 6, 10.5], "texture": "#1"}
			}
		},
		{
			"from": [0, 0, 0],
			"to": [16, 0.01, 16],
			"faces": {
				"north": {"uv": [0, 0, 16, 0.01], "texture": "#0"},
				"east": {"uv": [0, 0, 16, 0.01], "texture": "#0"},
				"south": {"uv": [0, 0, 16, 0.01], "texture": "#0"},
				"west": {"uv": [0, 0, 16, 0.01], "texture": "#0"},
				"up": {"uv": [0, 0, 16, 16], "texture": "#0"},
				"down": {"uv": [0, 0, 16, 16], "texture": "#0"}
			}
		}
	]
}