{
	"credit": "Made by Aiden (feignedmars4438 on discord)",
	"texture_size": [128, 128],
	"textures": {
		"0": "block/recycle/texture",
		"1": "block/recycle/recycle_logo",
		"particle": "block/recycle/texture"
	},
	"elements": [
		{
			"from": [0, 0, 2],
			"to": [1, 4, 3],
			"faces": {
				"north": {"uv": [5.75, 7, 5.875, 7.5], "texture": "#0"},
				"east": {"uv": [5.875, 7, 6, 7.5], "texture": "#0"},
				"south": {"uv": [6, 7, 6.125, 7.5], "texture": "#0"},
				"west": {"uv": [6.125, 7, 6.25, 7.5], "texture": "#0"},
				"up": {"uv": [3.375, 8, 3.25, 7.875], "texture": "#0"},
				"down": {"uv": [3.5, 7.875, 3.375, 8], "texture": "#0"}
			}
		},
		{
			"from": [15, 0, 2],
			"to": [16, 4, 3],
			"faces": {
				"north": {"uv": [6.25, 7, 6.375, 7.5], "texture": "#0"},
				"east": {"uv": [6.375, 7, 6.5, 7.5], "texture": "#0"},
				"south": {"uv": [6.5, 7, 6.625, 7.5], "texture": "#0"},
				"west": {"uv": [6.625, 7, 6.75, 7.5], "texture": "#0"},
				"up": {"uv": [8, 3.5, 7.875, 3.375], "texture": "#0"},
				"down": {"uv": [3.625, 7.875, 3.5, 8], "texture": "#0"}
			}
		},
		{
			"from": [0, 4, 2],
			"to": [16, 5, 14],
			"faces": {
				"north": {"uv": [3.875, 3.75, 5.875, 3.875], "texture": "#0"},
				"east": {"uv": [5.875, 0.75, 7.375, 0.875], "texture": "#0"},
				"south": {"uv": [0, 5.125, 2, 5.25], "texture": "#0"},
				"west": {"uv": [5.875, 0.875, 7.375, 1], "texture": "#0"},
				"up": {"uv": [2, 1.5, 0, 0], "texture": "#0"},
				"down": {"uv": [2, 1.5, 0, 3], "texture": "#0"}
			}
		},
		{
			"from": [-0.2, 10, 13.75],
			"to": [16.2, 11, 14.25],
			"faces": {
				"north": {"uv": [2, 5.125, 4, 5.25], "texture": "#0"},
				"east": {"uv": [7.875, 3.5, 8, 3.625], "texture": "#0"},
				"south": {"uv": [4, 5.125, 6, 5.25], "texture": "#0"},
				"west": {"uv": [3.625, 7.875, 3.75, 8], "texture": "#0"},
				"up": {"uv": [2, 5.375, 0, 5.25], "texture": "#0"},
				"down": {"uv": [7.25, 1, 5.25, 1.125], "texture": "#0"}
			}
		},
		{
			"from": [-0.2, 10, 1.75],
			"to": [0.3, 11, 14.25],
			"rotation": {"angle": 0, "axis": "y", "origin": [0.05, 11.5, 10.45]},
			"faces": {
				"north": {"uv": [7.875, 3.625, 8, 3.75], "texture": "#0"},
				"east": {"uv": [4, 5.75, 5.625, 5.875], "texture": "#0"},
				"south": {"uv": [3.75, 7.875, 3.875, 8], "texture": "#0"},
				"west": {"uv": [5.625, 5.75, 7.25, 5.875], "texture": "#0"},
				"up": {"uv": [0.125, 7.5, 0, 5.875], "texture": "#0"},
				"down": {"uv": [0.25, 5.875, 0.125, 7.5], "texture": "#0"}
			}
		},
		{
			"from": [15.7, 10, 1.75],
			"to": [16.2, 11, 14.25],
			"rotation": {"angle": 0, "axis": "y", "origin": [0.05, 11.5, 10.45]},
			"faces": {
				"north": {"uv": [7.875, 3.75, 8, 3.875], "texture": "#0"},
				"east": {"uv": [5.875, 0, 7.5, 0.125], "texture": "#0"},
				"south": {"uv": [3.875, 7.875, 4, 8], "texture": "#0"},
				"west": {"uv": [5.875, 0.125, 7.5, 0.25], "texture": "#0"},
				"up": {"uv": [0.375, 7.5, 0.25, 5.875], "texture": "#0"},
				"down": {"uv": [0.5, 5.875, 0.375, 7.5], "texture": "#0"}
			}
		},
		{
			"from": [15.95, 11, 1.75],
			"to": [16.45, 13, 14.25],
			"rotation": {"angle": 0, "axis": "y", "origin": [0.05, 11.5, 10.45]},
			"faces": {
				"north": {"uv": [1.625, 3.625, 1.75, 3.875], "texture": "#0"},
				"east": {"uv": [0, 3.625, 1.625, 3.875], "texture": "#0"},
				"south": {"uv": [1.75, 3.625, 1.875, 3.875], "texture": "#0"},
				"west": {"uv": [4, 4.375, 5.625, 4.625], "texture": "#0"},
				"up": {"uv": [0.625, 7.5, 0.5, 5.875], "texture": "#0"},
				"down": {"uv": [0.75, 5.875, 0.625, 7.5], "texture": "#0"}
			}
		},
		{
			"from": [16.2, 13, 1.75],
			"to": [16.7, 15, 14.25],
			"rotation": {"angle": 0, "axis": "y", "origin": [0.05, 11.5, 10.45]},
			"faces": {
				"north": {"uv": [7.25, 2, 7.375, 2.25], "texture": "#0"},
				"east": {"uv": [0, 4.625, 1.625, 4.875], "texture": "#0"},
				"south": {"uv": [7.875, 1.125, 8, 1.375], "texture": "#0"},
				"west": {"uv": [1.625, 4.625, 3.25, 4.875], "texture": "#0"},
				"up": {"uv": [0.875, 7.5, 0.75, 5.875], "texture": "#0"},
				"down": {"uv": [1, 5.875, 0.875, 7.5], "texture": "#0"}
			}
		},
		{
			"from": [-0.45, 11, 1.75],
			"to": [0.05, 13, 14.25],
			"rotation": {"angle": 0, "axis": "y", "origin": [12.225, 13, 4.75]},
			"faces": {
				"north": {"uv": [7.875, 2.375, 8, 2.625], "texture": "#0"},
				"east": {"uv": [1.625, 4.875, 3.25, 5.125], "texture": "#0"},
				"south": {"uv": [7.875, 2.625, 8, 2.875], "texture": "#0"},
				"west": {"uv": [3.25, 4.875, 4.875, 5.125], "texture": "#0"},
				"up": {"uv": [1.375, 7.5, 1.25, 5.875], "texture": "#0"},
				"down": {"uv": [1.5, 5.875, 1.375, 7.5], "texture": "#0"}
			}
		},
		{
			"from": [-0.7, 13, 1.75],
			"to": [-0.2, 15, 14.25],
			"rotation": {"angle": 0, "axis": "y", "origin": [12.225, 13, 4.75]},
			"faces": {
				"north": {"uv": [1.25, 7.875, 1.375, 8.125], "texture": "#0"},
				"east": {"uv": [3.25, 4.625, 4.875, 4.875], "texture": "#0"},
				"south": {"uv": [1.375, 7.875, 1.5, 8.125], "texture": "#0"},
				"west": {"uv": [0, 4.875, 1.625, 5.125], "texture": "#0"},
				"up": {"uv": [1.125, 7.5, 1, 5.875], "texture": "#0"},
				"down": {"uv": [1.25, 5.875, 1.125, 7.5], "texture": "#0"}
			}
		},
		{
			"from": [0, 9, 13],
			"to": [16, 10, 14],
			"faces": {
				"north": {"uv": [5.25, 1.125, 7.25, 1.25], "texture": "#0"},
				"east": {"uv": [7.875, 3.875, 8, 4], "texture": "#0"},
				"south": {"uv": [5.25, 1.25, 7.25, 1.375], "texture": "#0"},
				"west": {"uv": [4, 7.875, 4.125, 8], "texture": "#0"},
				"up": {"uv": [7.25, 1.5, 5.25, 1.375], "texture": "#0"},
				"down": {"uv": [7.25, 1.5, 5.25, 1.625], "texture": "#0"}
			}
		},
		{
			"from": [15, 9, 2],
			"to": [16, 10, 14],
			"faces": {
				"north": {"uv": [5.875, 7.875, 6, 8], "texture": "#0"},
				"east": {"uv": [1.5, 5.875, 3, 6], "texture": "#0"},
				"south": {"uv": [7.875, 5.875, 8, 6], "texture": "#0"},
				"west": {"uv": [5.875, 2.75, 7.375, 2.875], "texture": "#0"},
				"up": {"uv": [3.125, 7.375, 3, 5.875], "texture": "#0"},
				"down": {"uv": [3.25, 5.875, 3.125, 7.375], "texture": "#0"}
			}
		},
		{
			"from": [0, 9, 2],
			"to": [16, 10, 3],
			"faces": {
				"north": {"uv": [2, 5.375, 4, 5.5], "texture": "#0"},
				"east": {"uv": [6.125, 7.875, 6.25, 8], "texture": "#0"},
				"south": {"uv": [4, 5.375, 6, 5.5], "texture": "#0"},
				"west": {"uv": [7.875, 6.125, 8, 6.25], "texture": "#0"},
				"up": {"uv": [2, 5.625, 0, 5.5], "texture": "#0"},
				"down": {"uv": [4, 5.5, 2, 5.625], "texture": "#0"}
			}
		},
		{
			"from": [0, 9, 2],
			"to": [1, 10, 14],
			"faces": {
				"north": {"uv": [6, 7.875, 6.125, 8], "texture": "#0"},
				"east": {"uv": [5.875, 2.875, 7.375, 3], "texture": "#0"},
				"south": {"uv": [7.875, 6, 8, 6.125], "texture": "#0"},
				"west": {"uv": [5.875, 3, 7.375, 3.125], "texture": "#0"},
				"up": {"uv": [3.375, 7.375, 3.25, 5.875], "texture": "#0"},
				"down": {"uv": [3.5, 5.875, 3.375, 7.375], "texture": "#0"}
			}
		},
		{
			"from": [0.5, 5, 2.5],
			"to": [15.5, 9.5, 13.5],
			"faces": {
				"north": {"uv": [2, 2.75, 3.875, 3.375], "texture": "#0"},
				"east": {"uv": [3.875, 1, 5.25, 1.625], "texture": "#0"},
				"south": {"uv": [0, 3, 1.875, 3.625], "texture": "#0"},
				"west": {"uv": [3.875, 1.625, 5.25, 2.25], "texture": "#0"},
				"up": {"uv": [3.875, 1.375, 2, 0], "texture": "#0"},
				"down": {"uv": [3.875, 1.375, 2, 2.75], "texture": "#0"}
			}
		},
		{
			"from": [5.5, 4.5, 2.45],
			"to": [10.5, 9, 2.45],
			"faces": {
				"north": {"uv": [0, 0, 16, 16], "texture": "#1"},
				"east": {"uv": [0, 0, 16, 16], "texture": "#1"},
				"south": {"uv": [0, 0, 16, 16], "texture": "#1"},
				"west": {"uv": [0, 0, 16, 16], "texture": "#1"},
				"up": {"uv": [0, 0, 16, 16], "texture": "#1"},
				"down": {"uv": [0, 0, 16, 16], "texture": "#1"}
			}
		},
		{
			"from": [5.5, 4.5, 13.525],
			"to": [10.5, 9, 13.525],
			"rotation": {"angle": 0, "axis": "y", "origin": [0, 0, 16]},
			"faces": {
				"north": {"uv": [0, 0, 16, 16], "texture": "#1"},
				"east": {"uv": [0, 0, 16, 16], "texture": "#1"},
				"south": {"uv": [0, 0, 16, 16], "texture": "#1"},
				"west": {"uv": [0, 0, 16, 16], "texture": "#1"},
				"up": {"uv": [0, 0, 16, 16], "texture": "#1"},
				"down": {"uv": [0, 0, 16, 16], "texture": "#1"}
			}
		},
		{
			"from": [15.5, 7, 7],
			"to": [16, 7.5, 9],
			"faces": {
				"north": {"uv": [6.75, 7.875, 6.875, 8], "texture": "#0"},
				"east": {"uv": [6.5, 5, 6.75, 5.125], "texture": "#0"},
				"south": {"uv": [7.875, 6.75, 8, 6.875], "texture": "#0"},
				"west": {"uv": [7.375, 3.75, 7.625, 3.875], "texture": "#0"},
				"up": {"uv": [8, 3.125, 7.875, 2.875], "texture": "#0"},
				"down": {"uv": [3.125, 7.875, 3, 8.125], "texture": "#0"}
			}
		},
		{
			"from": [15.5, 5, 6.625],
			"to": [16.5, 5.5, 9.375],
			"faces": {
				"north": {"uv": [6.875, 7.875, 7, 8], "texture": "#0"},
				"east": {"uv": [6, 5.5, 6.375, 5.625], "texture": "#0"},
				"south": {"uv": [7.875, 6.875, 8, 7], "texture": "#0"},
				"west": {"uv": [6, 5.625, 6.375, 5.75], "texture": "#0"},
				"up": {"uv": [1.125, 8.25, 1, 7.875], "texture": "#0"},
				"down": {"uv": [1.25, 7.875, 1.125, 8.25], "texture": "#0"}
			}
		},
		{
			"from": [15.5, 5, 6.5],
			"to": [16, 7.5, 7],
			"faces": {
				"north": {"uv": [0.625, 7.875, 0.75, 8.25], "texture": "#0"},
				"east": {"uv": [0.75, 7.875, 0.875, 8.25], "texture": "#0"},
				"south": {"uv": [7.875, 0.75, 8, 1.125], "texture": "#0"},
				"west": {"uv": [0.875, 7.875, 1, 8.25], "texture": "#0"},
				"up": {"uv": [6.75, 8, 6.625, 7.875], "texture": "#0"},
				"down": {"uv": [8, 6.625, 7.875, 6.75], "texture": "#0"}
			}
		},
		{
			"from": [15.8, 5, 7],
			"to": [15.8, 7.5, 9],
			"faces": {
				"north": {"uv": [0.625, 7.875, 0.75, 8.25], "texture": "#0"},
				"east": {"uv": [5.375, 4.125, 5.5, 4.25], "texture": "#0"},
				"south": {"uv": [7.875, 0.75, 8, 1.125], "texture": "#0"},
				"west": {"uv": [0.875, 7.875, 1, 8.25], "texture": "#0"},
				"up": {"uv": [6.75, 8, 6.625, 7.875], "texture": "#0"},
				"down": {"uv": [8, 6.625, 7.875, 6.75], "texture": "#0"}
			}
		},
		{
			"from": [15.5, 5, 9],
			"to": [16, 7.5, 9.5],
			"faces": {
				"north": {"uv": [0.25, 7.875, 0.375, 8.25], "texture": "#0"},
				"east": {"uv": [0.375, 7.875, 0.5, 8.25], "texture": "#0"},
				"south": {"uv": [7.875, 0.375, 8, 0.75], "texture": "#0"},
				"west": {"uv": [0.5, 7.875, 0.625, 8.25], "texture": "#0"},
				"up": {"uv": [6.625, 8, 6.5, 7.875], "texture": "#0"},
				"down": {"uv": [8, 6.5, 7.875, 6.625], "texture": "#0"}
			}
		},
		{
			"from": [15, 0, 13],
			"to": [16, 4, 14],
			"faces": {
				"north": {"uv": [6.75, 7, 6.875, 7.5], "texture": "#0"},
				"east": {"uv": [6.875, 7, 7, 7.5], "texture": "#0"},
				"south": {"uv": [7, 7, 7.125, 7.5], "texture": "#0"},
				"west": {"uv": [1.5, 7.125, 1.625, 7.625], "texture": "#0"},
				"up": {"uv": [8, 4.125, 7.875, 4], "texture": "#0"},
				"down": {"uv": [4.25, 7.875, 4.125, 8], "texture": "#0"}
			}
		},
		{
			"from": [0, 0, 13],
			"to": [1, 4, 14],
			"faces": {
				"north": {"uv": [1.625, 7.125, 1.75, 7.625], "texture": "#0"},
				"east": {"uv": [1.75, 7.125, 1.875, 7.625], "texture": "#0"},
				"south": {"uv": [1.875, 7.125, 2, 7.625], "texture": "#0"},
				"west": {"uv": [2, 7.125, 2.125, 7.625], "texture": "#0"},
				"up": {"uv": [8, 4.25, 7.875, 4.125], "texture": "#0"},
				"down": {"uv": [4.375, 7.875, 4.25, 8], "texture": "#0"}
			}
		},
		{
			"from": [15, 5, 2],
			"to": [16, 9, 3],
			"faces": {
				"north": {"uv": [2.125, 7.125, 2.25, 7.625], "texture": "#0"},
				"east": {"uv": [2.25, 7.125, 2.375, 7.625], "texture": "#0"},
				"south": {"uv": [2.375, 7.125, 2.5, 7.625], "texture": "#0"},
				"west": {"uv": [2.5, 7.125, 2.625, 7.625], "texture": "#0"},
				"up": {"uv": [8, 4.375, 7.875, 4.25], "texture": "#0"},
				"down": {"uv": [4.5, 7.875, 4.375, 8], "texture": "#0"}
			}
		},
		{
			"from": [0, 5, 2],
			"to": [1, 9, 3],
			"faces": {
				"north": {"uv": [2.625, 7.125, 2.75, 7.625], "texture": "#0"},
				"east": {"uv": [2.75, 7.125, 2.875, 7.625], "texture": "#0"},
				"south": {"uv": [2.875, 7.125, 3, 7.625], "texture": "#0"},
				"west": {"uv": [7.125, 5, 7.25, 5.5], "texture": "#0"},
				"up": {"uv": [8, 4.5, 7.875, 4.375], "texture": "#0"},
				"down": {"uv": [4.625, 7.875, 4.5, 8], "texture": "#0"}
			}
		},
		{
			"from": [0, 5, 13],
			"to": [1, 9, 14],
			"faces": {
				"north": {"uv": [7.125, 7, 7.25, 7.5], "texture": "#0"},
				"east": {"uv": [7.25, 1, 7.375, 1.5], "texture": "#0"},
				"south": {"uv": [7.25, 1.5, 7.375, 2], "texture": "#0"},
				"west": {"uv": [7.25, 4.625, 7.375, 5.125], "texture": "#0"},
				"up": {"uv": [8, 4.625, 7.875, 4.5], "texture": "#0"},
				"down": {"uv": [4.75, 7.875, 4.625, 8], "texture": "#0"}
			}
		},
		{
			"from": [15, 5, 13],
			"to": [16, 9, 14],
			"faces": {
				"north": {"uv": [7.25, 5.125, 7.375, 5.625], "texture": "#0"},
				"east": {"uv": [7.25, 5.625, 7.375, 6.125], "texture": "#0"},
				"south": {"uv": [7.25, 6.125, 7.375, 6.625], "texture": "#0"},
				"west": {"uv": [7.25, 6.625, 7.375, 7.125], "texture": "#0"},
				"up": {"uv": [8, 4.75, 7.875, 4.625], "texture": "#0"},
				"down": {"uv": [4.875, 7.875, 4.75, 8], "texture": "#0"}
			}
		},
		{
			"from": [4.25, 5, 13.25],
			"to": [4.75, 9, 13.75],
			"faces": {
				"north": {"uv": [7.25, 7.125, 7.375, 7.625], "texture": "#0"},
				"east": {"uv": [7.375, 0.75, 7.5, 1.25], "texture": "#0"},
				"south": {"uv": [7.375, 1.25, 7.5, 1.75], "texture": "#0"},
				"west": {"uv": [7.375, 1.75, 7.5, 2.25], "texture": "#0"},
				"up": {"uv": [8, 4.875, 7.875, 4.75], "texture": "#0"},
				"down": {"uv": [8, 4.875, 7.875, 5], "texture": "#0"}
			}
		},
		{
			"from": [11.25, 5, 13.25],
			"to": [11.75, 9, 13.75],
			"faces": {
				"north": {"uv": [7.375, 2.75, 7.5, 3.25], "texture": "#0"},
				"east": {"uv": [3, 7.375, 3.125, 7.875], "texture": "#0"},
				"south": {"uv": [3.125, 7.375, 3.25, 7.875], "texture": "#0"},
				"west": {"uv": [3.25, 7.375, 3.375, 7.875], "texture": "#0"},
				"up": {"uv": [8, 5.125, 7.875, 5], "texture": "#0"},
				"down": {"uv": [8, 5.125, 7.875, 5.25], "texture": "#0"}
			}
		},
		{
			"from": [11.25, 5, 2.25],
			"to": [11.75, 9, 2.75],
			"faces": {
				"north": {"uv": [7.375, 3.25, 7.5, 3.75], "texture": "#0"},
				"east": {"uv": [3.375, 7.375, 3.5, 7.875], "texture": "#0"},
				"south": {"uv": [3.5, 7.375, 3.625, 7.875], "texture": "#0"},
				"west": {"uv": [3.625, 7.375, 3.75, 7.875], "texture": "#0"},
				"up": {"uv": [8, 5.375, 7.875, 5.25], "texture": "#0"},
				"down": {"uv": [8, 5.375, 7.875, 5.5], "texture": "#0"}
			}
		},
		{
			"from": [0.25, 5, 7.75],
			"to": [12.75, 9, 8.25],
			"rotation": {"angle": 0, "axis": "y", "origin": [11.5, 8.5, 2.5]},
			"faces": {
				"north": {"uv": [2, 3.875, 3.625, 4.375], "texture": "#0"},
				"east": {"uv": [3.75, 7.375, 3.875, 7.875], "texture": "#0"},
				"south": {"uv": [3.875, 2.25, 5.5, 2.75], "texture": "#0"},
				"west": {"uv": [3.875, 7.375, 4, 7.875], "texture": "#0"},
				"up": {"uv": [7.5, 0.375, 5.875, 0.25], "texture": "#0"},
				"down": {"uv": [7.5, 0.375, 5.875, 0.5], "texture": "#0"}
			}
		},
		{
			"from": [3.25, 7.25, 7.75],
			"to": [15.75, 9, 8.25],
			"rotation": {"angle": 0, "axis": "y", "origin": [11.5, 8.5, 2.5]},
			"faces": {
				"north": {"uv": [4.875, 4.625, 6.5, 4.875], "texture": "#0"},
				"east": {"uv": [3.125, 7.875, 3.25, 8.125], "texture": "#0"},
				"south": {"uv": [4.875, 4.875, 6.5, 5.125], "texture": "#0"},
				"west": {"uv": [7.875, 3.125, 8, 3.375], "texture": "#0"},
				"up": {"uv": [7.5, 0.625, 5.875, 0.5], "texture": "#0"},
				"down": {"uv": [7.5, 0.625, 5.875, 0.75], "texture": "#0"}
			}
		},
		{
			"from": [4.25, 5, 2.25],
			"to": [4.75, 9, 2.75],
			"faces": {
				"north": {"uv": [4, 7.375, 4.125, 7.875], "texture": "#0"},
				"east": {"uv": [4.125, 7.375, 4.25, 7.875], "texture": "#0"},
				"south": {"uv": [4.25, 7.375, 4.375, 7.875], "texture": "#0"},
				"west": {"uv": [4.375, 7.375, 4.5, 7.875], "texture": "#0"},
				"up": {"uv": [8, 5.625, 7.875, 5.5], "texture": "#0"},
				"down": {"uv": [8, 5.625, 7.875, 5.75], "texture": "#0"}
			}
		},
		{
			"from": [-0.2, 10, 1.75],
			"to": [16.2, 11, 2.25],
			"rotation": {"angle": 0, "axis": "y", "origin": [0, 0, 16]},
			"faces": {
				"north": {"uv": [5.25, 1.625, 7.25, 1.75], "texture": "#0"},
				"east": {"uv": [5.75, 7.875, 5.875, 8], "texture": "#0"},
				"south": {"uv": [5.25, 1.75, 7.25, 1.875], "texture": "#0"},
				"west": {"uv": [7.875, 5.75, 8, 5.875], "texture": "#0"},
				"up": {"uv": [7.25, 2, 5.25, 1.875], "texture": "#0"},
				"down": {"uv": [4, 5.25, 2, 5.375], "texture": "#0"}
			}
		},
		{
			"from": [-0.2, 11, 1.5],
			"to": [16.2, 13, 2],
			"rotation": {"angle": 0, "axis": "y", "origin": [0, 0, 16]},
			"faces": {
				"north": {"uv": [3.875, 2.75, 5.875, 3], "texture": "#0"},
				"east": {"uv": [6.375, 5.5, 6.5, 5.75], "texture": "#0"},
				"south": {"uv": [3.875, 3, 5.875, 3.25], "texture": "#0"},
				"west": {"uv": [6.5, 5.5, 6.625, 5.75], "texture": "#0"},
				"up": {"uv": [7.25, 2.125, 5.25, 2], "texture": "#0"},
				"down": {"uv": [7.25, 2.125, 5.25, 2.25], "texture": "#0"}
			}
		},
		{
			"from": [-0.2, 13, 1.25],
			"to": [16.2, 15, 1.75],
			"rotation": {"angle": 0, "axis": "y", "origin": [0, 0, 16]},
			"faces": {
				"north": {"uv": [3.875, 3.25, 5.875, 3.5], "texture": "#0"},
				"east": {"uv": [6.625, 5.5, 6.75, 5.75], "texture": "#0"},
				"south": {"uv": [3.875, 3.5, 5.875, 3.75], "texture": "#0"},
				"west": {"uv": [7.125, 5.5, 7.25, 5.75], "texture": "#0"},
				"up": {"uv": [6, 5.375, 4, 5.25], "texture": "#0"},
				"down": {"uv": [2, 5.375, 0, 5.5], "texture": "#0"}
			}
		},
		{
			"from": [-0.2, 11, 14],
			"to": [16.2, 13, 14.5],
			"rotation": {"angle": 0, "axis": "y", "origin": [12.225, 13, 4.75]},
			"faces": {
				"north": {"uv": [0, 4.375, 2, 4.625], "texture": "#0"},
				"east": {"uv": [7.875, 1.875, 8, 2.125], "texture": "#0"},
				"south": {"uv": [2, 4.375, 4, 4.625], "texture": "#0"},
				"west": {"uv": [7.875, 2.125, 8, 2.375], "texture": "#0"},
				"up": {"uv": [7.5, 2.625, 5.5, 2.5], "texture": "#0"},
				"down": {"uv": [7.5, 2.625, 5.5, 2.75], "texture": "#0"}
			}
		},
		{
			"from": [-0.025, 9, 13],
			"to": [16.025, 13.25, 13.5],
			"rotation": {"angle": 45, "axis": "x", "origin": [8, 12, 14.25]},
			"faces": {
				"north": {"uv": [1.875, 3.375, 3.875, 3.875], "texture": "#0"},
				"east": {"uv": [4.5, 7.375, 4.625, 7.875], "texture": "#0"},
				"south": {"uv": [0, 3.875, 2, 4.375], "texture": "#0"},
				"west": {"uv": [4.625, 7.375, 4.75, 7.875], "texture": "#0"},
				"up": {"uv": [7.625, 4.5, 5.625, 4.375], "texture": "#0"},
				"down": {"uv": [7.625, 4.5, 5.625, 4.625], "texture": "#0"}
			}
		},
		{
			"from": [-0.025, 9, 2.5],
			"to": [16.025, 13.25, 3],
			"rotation": {"angle": -45, "axis": "x", "origin": [8, 12, 1.75]},
			"faces": {
				"north": {"uv": [3.875, 0, 5.875, 0.5], "texture": "#0"},
				"east": {"uv": [7.375, 4.625, 7.5, 5.125], "texture": "#0"},
				"south": {"uv": [3.875, 0.5, 5.875, 1], "texture": "#0"},
				"west": {"uv": [4.75, 7.375, 4.875, 7.875], "texture": "#0"},
				"up": {"uv": [2, 5.875, 0, 5.75], "texture": "#0"},
				"down": {"uv": [4, 5.75, 2, 5.875], "texture": "#0"}
			}
		},
		{
			"from": [-0.2, 13, 14.25],
			"to": [16.2, 15, 14.75],
			"rotation": {"angle": 0, "axis": "y", "origin": [12.225, 13, 4.75]},
			"faces": {
				"north": {"uv": [3.625, 3.875, 5.625, 4.125], "texture": "#0"},
				"east": {"uv": [7.875, 1.375, 8, 1.625], "texture": "#0"},
				"south": {"uv": [3.625, 4.125, 5.625, 4.375], "texture": "#0"},
				"west": {"uv": [7.875, 1.625, 8, 1.875], "texture": "#0"},
				"up": {"uv": [7.5, 2.375, 5.5, 2.25], "texture": "#0"},
				"down": {"uv": [7.5, 2.375, 5.5, 2.5], "texture": "#0"}
			}
		},
		{
			"from": [0, 11, 5.5],
			"to": [16, 12, 6.5],
			"rotation": {"angle": 0, "axis": "y", "origin": [8, 11.5, 6]},
			"faces": {
				"north": {"uv": [4, 5.5, 6, 5.625], "texture": "#0"},
				"east": {"uv": [6.25, 7.875, 6.375, 8], "texture": "#0"},
				"south": {"uv": [0, 5.625, 2, 5.75], "texture": "#0"},
				"west": {"uv": [7.875, 6.25, 8, 6.375], "texture": "#0"},
				"up": {"uv": [4, 5.75, 2, 5.625], "texture": "#0"},
				"down": {"uv": [7.625, 3.875, 5.625, 4], "texture": "#0"}
			}
		},
		{
			"from": [2.25, 10, 4.5],
			"to": [2.75, 13, 7.5],
			"rotation": {"angle": 45, "axis": "x", "origin": [8, 11.5, 6]},
			"faces": {
				"north": {"uv": [1.875, 3, 2, 3.375], "texture": "#0"},
				"east": {"uv": [5.875, 3.125, 6.25, 3.5], "texture": "#0"},
				"south": {"uv": [4.875, 7.375, 5, 7.75], "texture": "#0"},
				"west": {"uv": [3.5, 5.875, 3.875, 6.25], "texture": "#0"},
				"up": {"uv": [5.125, 7.75, 5, 7.375], "texture": "#0"},
				"down": {"uv": [5.25, 7.375, 5.125, 7.75], "texture": "#0"}
			}
		},
		{
			"from": [3.25, 10, 4.5],
			"to": [3.75, 13, 7.5],
			"rotation": {"angle": 22.5, "axis": "x", "origin": [8, 11.5, 6]},
			"faces": {
				"north": {"uv": [7.375, 5.125, 7.5, 5.5], "texture": "#0"},
				"east": {"uv": [5.875, 3.5, 6.25, 3.875], "texture": "#0"},
				"south": {"uv": [5.25, 7.375, 5.375, 7.75], "texture": "#0"},
				"west": {"uv": [3.875, 5.875, 4.25, 6.25], "texture": "#0"},
				"up": {"uv": [5.5, 7.75, 5.375, 7.375], "texture": "#0"},
				"down": {"uv": [5.625, 7.375, 5.5, 7.75], "texture": "#0"}
			}
		},
		{
			"from": [4.25, 10, 4.5],
			"to": [4.75, 13, 7.5],
			"rotation": {"angle": 0, "axis": "x", "origin": [8, 11.5, 6]},
			"faces": {
				"north": {"uv": [7.375, 5.5, 7.5, 5.875], "texture": "#0"},
				"east": {"uv": [4.25, 5.875, 4.625, 6.25], "texture": "#0"},
				"south": {"uv": [5.625, 7.375, 5.75, 7.75], "texture": "#0"},
				"west": {"uv": [4.625, 5.875, 5, 6.25], "texture": "#0"},
				"up": {"uv": [7.5, 6.25, 7.375, 5.875], "texture": "#0"},
				"down": {"uv": [7.5, 6.25, 7.375, 6.625], "texture": "#0"}
			}
		},
		{
			"from": [5.25, 10, 4.5],
			"to": [5.75, 13, 7.5],
			"rotation": {"angle": -22.5, "axis": "x", "origin": [8, 11.5, 6]},
			"faces": {
				"north": {"uv": [7.375, 6.625, 7.5, 7], "texture": "#0"},
				"east": {"uv": [5, 5.875, 5.375, 6.25], "texture": "#0"},
				"south": {"uv": [7.375, 7, 7.5, 7.375], "texture": "#0"},
				"west": {"uv": [5.375, 5.875, 5.75, 6.25], "texture": "#0"},
				"up": {"uv": [7.5, 7.75, 7.375, 7.375], "texture": "#0"},
				"down": {"uv": [0.125, 7.5, 0, 7.875], "texture": "#0"}
			}
		},
		{
			"from": [6.25, 10, 4.5],
			"to": [6.75, 13, 7.5],
			"rotation": {"angle": -45, "axis": "x", "origin": [8, 11.5, 6]},
			"faces": {
				"north": {"uv": [7.5, 0, 7.625, 0.375], "texture": "#0"},
				"east": {"uv": [5.75, 5.875, 6.125, 6.25], "texture": "#0"},
				"south": {"uv": [0.125, 7.5, 0.25, 7.875], "texture": "#0"},
				"west": {"uv": [1.5, 6, 1.875, 6.375], "texture": "#0"},
				"up": {"uv": [0.375, 7.875, 0.25, 7.5], "texture": "#0"},
				"down": {"uv": [0.5, 7.5, 0.375, 7.875], "texture": "#0"}
			}
		},
		{
			"from": [7.25, 10, 4.5],
			"to": [7.75, 13, 7.5],
			"rotation": {"angle": 22.5, "axis": "x", "origin": [8, 11.5, 6]},
			"faces": {
				"north": {"uv": [7.5, 0.375, 7.625, 0.75], "texture": "#0"},
				"east": {"uv": [1.875, 6, 2.25, 6.375], "texture": "#0"},
				"south": {"uv": [0.5, 7.5, 0.625, 7.875], "texture": "#0"},
				"west": {"uv": [2.25, 6, 2.625, 6.375], "texture": "#0"},
				"up": {"uv": [0.75, 7.875, 0.625, 7.5], "texture": "#0"},
				"down": {"uv": [0.875, 7.5, 0.75, 7.875], "texture": "#0"}
			}
		},
		{
			"from": [8.25, 10, 4.5],
			"to": [8.75, 13, 7.5],
			"rotation": {"angle": 0, "axis": "y", "origin": [8, 11.5, 6]},
			"faces": {
				"north": {"uv": [7.5, 0.75, 7.625, 1.125], "texture": "#0"},
				"east": {"uv": [2.625, 6, 3, 6.375], "texture": "#0"},
				"south": {"uv": [0.875, 7.5, 1, 7.875], "texture": "#0"},
				"west": {"uv": [6, 5.125, 6.375, 5.5], "texture": "#0"},
				"up": {"uv": [1.125, 7.875, 1, 7.5], "texture": "#0"},
				"down": {"uv": [1.25, 7.5, 1.125, 7.875], "texture": "#0"}
			}
		},
		{
			"from": [9.25, 10, 4.5],
			"to": [9.75, 13, 7.5],
			"rotation": {"angle": -22.5, "axis": "x", "origin": [8, 11.5, 6]},
			"faces": {
				"north": {"uv": [7.5, 1.125, 7.625, 1.5], "texture": "#0"},
				"east": {"uv": [6.125, 5.875, 6.5, 6.25], "texture": "#0"},
				"south": {"uv": [1.25, 7.5, 1.375, 7.875], "texture": "#0"},
				"west": {"uv": [6.25, 3.125, 6.625, 3.5], "texture": "#0"},
				"up": {"uv": [1.5, 7.875, 1.375, 7.5], "texture": "#0"},
				"down": {"uv": [7.625, 1.5, 7.5, 1.875], "texture": "#0"}
			}
		},
		{
			"from": [10.25, 10, 4.5],
			"to": [10.75, 13, 7.5],
			"rotation": {"angle": -45, "axis": "x", "origin": [8, 11.5, 6]},
			"faces": {
				"north": {"uv": [7.5, 1.875, 7.625, 2.25], "texture": "#0"},
				"east": {"uv": [3.5, 6.25, 3.875, 6.625], "texture": "#0"},
				"south": {"uv": [7.5, 2.25, 7.625, 2.625], "texture": "#0"},
				"west": {"uv": [6.25, 3.5, 6.625, 3.875], "texture": "#0"},
				"up": {"uv": [7.625, 3, 7.5, 2.625], "texture": "#0"},
				"down": {"uv": [7.625, 3, 7.5, 3.375], "texture": "#0"}
			}
		},
		{
			"from": [12.25, 10, 4.5],
			"to": [12.75, 13, 7.5],
			"rotation": {"angle": 0, "axis": "x", "origin": [8, 11.5, 6]},
			"faces": {
				"north": {"uv": [7.5, 3.375, 7.625, 3.75], "texture": "#0"},
				"east": {"uv": [3.875, 6.25, 4.25, 6.625], "texture": "#0"},
				"south": {"uv": [7.5, 4.625, 7.625, 5], "texture": "#0"},
				"west": {"uv": [4.25, 6.25, 4.625, 6.625], "texture": "#0"},
				"up": {"uv": [7.625, 5.375, 7.5, 5], "texture": "#0"},
				"down": {"uv": [7.625, 5.375, 7.5, 5.75], "texture": "#0"}
			}
		},
		{
			"from": [11.25, 10, 4.5],
			"to": [11.75, 13, 7.5],
			"rotation": {"angle": 22.5, "axis": "x", "origin": [8, 11.5, 6]},
			"faces": {
				"north": {"uv": [5.75, 7.5, 5.875, 7.875], "texture": "#0"},
				"east": {"uv": [4.625, 6.25, 5, 6.625], "texture": "#0"},
				"south": {"uv": [7.5, 5.75, 7.625, 6.125], "texture": "#0"},
				"west": {"uv": [5, 6.25, 5.375, 6.625], "texture": "#0"},
				"up": {"uv": [6, 7.875, 5.875, 7.5], "texture": "#0"},
				"down": {"uv": [6.125, 7.5, 6, 7.875], "texture": "#0"}
			}
		},
		{
			"from": [13.25, 10, 4.5],
			"to": [13.75, 13, 7.5],
			"rotation": {"angle": -22.5, "axis": "x", "origin": [8, 11.5, 6]},
			"faces": {
				"north": {"uv": [6.125, 7.5, 6.25, 7.875], "texture": "#0"},
				"east": {"uv": [5.375, 6.25, 5.75, 6.625], "texture": "#0"},
				"south": {"uv": [7.5, 6.125, 7.625, 6.5], "texture": "#0"},
				"west": {"uv": [5.75, 6.25, 6.125, 6.625], "texture": "#0"},
				"up": {"uv": [6.375, 7.875, 6.25, 7.5], "texture": "#0"},
				"down": {"uv": [6.5, 7.5, 6.375, 7.875], "texture": "#0"}
			}
		},
		{
			"from": [14.25, 10, 4.5],
			"to": [14.75, 13, 7.5],
			"rotation": {"angle": -45, "axis": "x", "origin": [8, 11.5, 6]},
			"faces": {
				"north": {"uv": [6.5, 7.5, 6.625, 7.875], "texture": "#0"},
				"east": {"uv": [6.125, 6.25, 6.5, 6.625], "texture": "#0"},
				"south": {"uv": [7.5, 6.5, 7.625, 6.875], "texture": "#0"},
				"west": {"uv": [1.5, 6.375, 1.875, 6.75], "texture": "#0"},
				"up": {"uv": [6.75, 7.875, 6.625, 7.5], "texture": "#0"},
				"down": {"uv": [6.875, 7.5, 6.75, 7.875], "texture": "#0"}
			}
		},
		{
			"from": [15.25, 10, 4.5],
			"to": [15.75, 13, 7.5],
			"rotation": {"angle": 22.5, "axis": "x", "origin": [8, 11.5, 6]},
			"faces": {
				"north": {"uv": [6.875, 7.5, 7, 7.875], "texture": "#0"},
				"east": {"uv": [1.875, 6.375, 2.25, 6.75], "texture": "#0"},
				"south": {"uv": [7.5, 6.875, 7.625, 7.25], "texture": "#0"},
				"west": {"uv": [2.25, 6.375, 2.625, 6.75], "texture": "#0"},
				"up": {"uv": [7.125, 7.875, 7, 7.5], "texture": "#0"},
				"down": {"uv": [7.25, 7.5, 7.125, 7.875], "texture": "#0"}
			}
		},
		{
			"from": [1.25, 10, 4.5],
			"to": [1.75, 13, 7.5],
			"rotation": {"angle": -22.5, "axis": "x", "origin": [8, 11.5, 6]},
			"faces": {
				"north": {"uv": [7.5, 7.25, 7.625, 7.625], "texture": "#0"},
				"east": {"uv": [2.625, 6.375, 3, 6.75], "texture": "#0"},
				"south": {"uv": [7.625, 0, 7.75, 0.375], "texture": "#0"},
				"west": {"uv": [6.375, 5.125, 6.75, 5.5], "texture": "#0"},
				"up": {"uv": [7.75, 0.75, 7.625, 0.375], "texture": "#0"},
				"down": {"uv": [7.75, 0.75, 7.625, 1.125], "texture": "#0"}
			}
		},
		{
			"from": [0.25, 10, 4.5],
			"to": [0.75, 13, 7.5],
			"rotation": {"angle": 0, "axis": "y", "origin": [8, 11.5, 6]},
			"faces": {
				"north": {"uv": [7.625, 1.125, 7.75, 1.5], "texture": "#0"},
				"east": {"uv": [6.5, 4.625, 6.875, 5], "texture": "#0"},
				"south": {"uv": [1.5, 7.625, 1.625, 8], "texture": "#0"},
				"west": {"uv": [6.5, 5.875, 6.875, 6.25], "texture": "#0"},
				"up": {"uv": [7.75, 1.875, 7.625, 1.5], "texture": "#0"},
				"down": {"uv": [1.75, 7.625, 1.625, 8], "texture": "#0"}
			}
		},
		{
			"from": [0, 11, 9.5],
			"to": [16, 12, 10.5],
			"rotation": {"angle": 0, "axis": "y", "origin": [16.5, 11.5, 10]},
			"faces": {
				"north": {"uv": [4, 5.625, 6, 5.75], "texture": "#0"},
				"east": {"uv": [6.375, 7.875, 6.5, 8], "texture": "#0"},
				"south": {"uv": [5.625, 4, 7.625, 4.125], "texture": "#0"},
				"west": {"uv": [7.875, 6.375, 8, 6.5], "texture": "#0"},
				"up": {"uv": [7.625, 4.25, 5.625, 4.125], "texture": "#0"},
				"down": {"uv": [7.625, 4.25, 5.625, 4.375], "texture": "#0"}
			}
		},
		{
			"from": [13.75, 10, 8.5],
			"to": [14.25, 13, 11.5],
			"rotation": {"angle": -45, "axis": "x", "origin": [16.5, 11.5, 10]},
			"faces": {
				"north": {"uv": [7.75, 7.5, 7.875, 7.875], "texture": "#0"},
				"east": {"uv": [5, 7, 5.375, 7.375], "texture": "#0"},
				"south": {"uv": [0, 7.875, 0.125, 8.25], "texture": "#0"},
				"west": {"uv": [5.375, 7, 5.75, 7.375], "texture": "#0"},
				"up": {"uv": [8, 0.375, 7.875, 0], "texture": "#0"},
				"down": {"uv": [0.25, 7.875, 0.125, 8.25], "texture": "#0"}
			}
		},
		{
			"from": [12.75, 10, 8.5],
			"to": [13.25, 13, 11.5],
			"rotation": {"angle": -22.5, "axis": "x", "origin": [16.5, 11.5, 10]},
			"faces": {
				"north": {"uv": [7.75, 6.375, 7.875, 6.75], "texture": "#0"},
				"east": {"uv": [4.25, 7, 4.625, 7.375], "texture": "#0"},
				"south": {"uv": [7.75, 6.75, 7.875, 7.125], "texture": "#0"},
				"west": {"uv": [4.625, 7, 5, 7.375], "texture": "#0"},
				"up": {"uv": [7.875, 7.5, 7.75, 7.125], "texture": "#0"},
				"down": {"uv": [7.5, 7.75, 7.375, 8.125], "texture": "#0"}
			}
		},
		{
			"from": [11.75, 10, 8.5],
			"to": [12.25, 13, 11.5],
			"rotation": {"angle": 0, "axis": "x", "origin": [16.5, 11.5, 10]},
			"faces": {
				"north": {"uv": [5.5, 7.75, 5.625, 8.125], "texture": "#0"},
				"east": {"uv": [7, 3.5, 7.375, 3.875], "texture": "#0"},
				"south": {"uv": [5.625, 7.75, 5.75, 8.125], "texture": "#0"},
				"west": {"uv": [3.875, 7, 4.25, 7.375], "texture": "#0"},
				"up": {"uv": [7.875, 6, 7.75, 5.625], "texture": "#0"},
				"down": {"uv": [7.875, 6, 7.75, 6.375], "texture": "#0"}
			}
		},
		{
			"from": [10.75, 10, 8.5],
			"to": [11.25, 13, 11.5],
			"rotation": {"angle": 22.5, "axis": "x", "origin": [16.5, 11.5, 10]},
			"faces": {
				"north": {"uv": [5.125, 7.75, 5.25, 8.125], "texture": "#0"},
				"east": {"uv": [7, 3.125, 7.375, 3.5], "texture": "#0"},
				"south": {"uv": [5.25, 7.75, 5.375, 8.125], "texture": "#0"},
				"west": {"uv": [3.5, 7, 3.875, 7.375], "texture": "#0"},
				"up": {"uv": [7.875, 5.625, 7.75, 5.25], "texture": "#0"},
				"down": {"uv": [5.5, 7.75, 5.375, 8.125], "texture": "#0"}
			}
		},
		{
			"from": [9.75, 10, 8.5],
			"to": [10.25, 13, 11.5],
			"rotation": {"angle": 45, "axis": "x", "origin": [25.5, 11.5, 10]},
			"faces": {
				"north": {"uv": [7.75, 4.5, 7.875, 4.875], "texture": "#0"},
				"east": {"uv": [6.875, 6.25, 7.25, 6.625], "texture": "#0"},
				"south": {"uv": [4.875, 7.75, 5, 8.125], "texture": "#0"},
				"west": {"uv": [6.875, 6.625, 7.25, 7], "texture": "#0"},
				"up": {"uv": [7.875, 5.25, 7.75, 4.875], "texture": "#0"},
				"down": {"uv": [5.125, 7.75, 5, 8.125], "texture": "#0"}
			}
		},
		{
			"from": [8.75, 10, 8.5],
			"to": [9.25, 13, 11.5],
			"rotation": {"angle": -22.5, "axis": "x", "origin": [16.5, 11.5, 10]},
			"faces": {
				"north": {"uv": [7.75, 3, 7.875, 3.375], "texture": "#0"},
				"east": {"uv": [6.875, 4.625, 7.25, 5], "texture": "#0"},
				"south": {"uv": [7.75, 3.375, 7.875, 3.75], "texture": "#0"},
				"west": {"uv": [6.875, 5.875, 7.25, 6.25], "texture": "#0"},
				"up": {"uv": [7.875, 4.125, 7.75, 3.75], "texture": "#0"},
				"down": {"uv": [7.875, 4.125, 7.75, 4.5], "texture": "#0"}
			}
		},
		{
			"from": [7.75, 10, 8.5],
			"to": [8.25, 13, 11.5],
			"rotation": {"angle": 0, "axis": "y", "origin": [16.5, 11.5, 10]},
			"faces": {
				"north": {"uv": [7.75, 1.5, 7.875, 1.875], "texture": "#0"},
				"east": {"uv": [6.75, 5, 7.125, 5.375], "texture": "#0"},
				"south": {"uv": [7.75, 1.875, 7.875, 2.25], "texture": "#0"},
				"west": {"uv": [6.75, 5.375, 7.125, 5.75], "texture": "#0"},
				"up": {"uv": [7.875, 2.625, 7.75, 2.25], "texture": "#0"},
				"down": {"uv": [7.875, 2.625, 7.75, 3], "texture": "#0"}
			}
		},
		{
			"from": [6.75, 10, 8.5],
			"to": [7.25, 13, 11.5],
			"rotation": {"angle": 22.5, "axis": "x", "origin": [16.5, 11.5, 10]},
			"faces": {
				"north": {"uv": [7.75, 0, 7.875, 0.375], "texture": "#0"},
				"east": {"uv": [2.25, 6.75, 2.625, 7.125], "texture": "#0"},
				"south": {"uv": [7.75, 0.375, 7.875, 0.75], "texture": "#0"},
				"west": {"uv": [2.625, 6.75, 3, 7.125], "texture": "#0"},
				"up": {"uv": [7.875, 1.125, 7.75, 0.75], "texture": "#0"},
				"down": {"uv": [7.875, 1.125, 7.75, 1.5], "texture": "#0"}
			}
		},
		{
			"from": [5.75, 10, 8.5],
			"to": [6.25, 13, 11.5],
			"rotation": {"angle": 45, "axis": "x", "origin": [16.5, 11.5, 10]},
			"faces": {
				"north": {"uv": [7.625, 7.125, 7.75, 7.5], "texture": "#0"},
				"east": {"uv": [1.5, 6.75, 1.875, 7.125], "texture": "#0"},
				"south": {"uv": [7.25, 7.625, 7.375, 8], "texture": "#0"},
				"west": {"uv": [1.875, 6.75, 2.25, 7.125], "texture": "#0"},
				"up": {"uv": [7.625, 8, 7.5, 7.625], "texture": "#0"},
				"down": {"uv": [7.75, 7.5, 7.625, 7.875], "texture": "#0"}
			}
		},
		{
			"from": [3.75, 10, 8.5],
			"to": [4.25, 13, 11.5],
			"rotation": {"angle": 0, "axis": "x", "origin": [16.5, 11.5, 10]},
			"faces": {
				"north": {"uv": [7.625, 5.625, 7.75, 6], "texture": "#0"},
				"east": {"uv": [6.125, 6.625, 6.5, 7], "texture": "#0"},
				"south": {"uv": [7.625, 6, 7.75, 6.375], "texture": "#0"},
				"west": {"uv": [6.5, 6.625, 6.875, 7], "texture": "#0"},
				"up": {"uv": [7.75, 6.75, 7.625, 6.375], "texture": "#0"},
				"down": {"uv": [7.75, 6.75, 7.625, 7.125], "texture": "#0"}
			}
		},
		{
			"from": [4.75, 10, 8.5],
			"to": [5.25, 13, 11.5],
			"rotation": {"angle": -22.5, "axis": "x", "origin": [16.5, 11.5, 10]},
			"faces": {
				"north": {"uv": [7.625, 4.125, 7.75, 4.5], "texture": "#0"},
				"east": {"uv": [5.375, 6.625, 5.75, 7], "texture": "#0"},
				"south": {"uv": [7.625, 4.5, 7.75, 4.875], "texture": "#0"},
				"west": {"uv": [5.75, 6.625, 6.125, 7], "texture": "#0"},
				"up": {"uv": [7.75, 5.25, 7.625, 4.875], "texture": "#0"},
				"down": {"uv": [7.75, 5.25, 7.625, 5.625], "texture": "#0"}
			}
		},
		{
			"from": [2.75, 10, 8.5],
			"to": [3.25, 13, 11.5],
			"rotation": {"angle": 22.5, "axis": "x", "origin": [16.5, 11.5, 10]},
			"faces": {
				"north": {"uv": [2.875, 7.625, 3, 8], "texture": "#0"},
				"east": {"uv": [4.625, 6.625, 5, 7], "texture": "#0"},
				"south": {"uv": [7.625, 3, 7.75, 3.375], "texture": "#0"},
				"west": {"uv": [5, 6.625, 5.375, 7], "texture": "#0"},
				"up": {"uv": [7.75, 3.75, 7.625, 3.375], "texture": "#0"},
				"down": {"uv": [7.75, 3.75, 7.625, 4.125], "texture": "#0"}
			}
		},
		{
			"from": [1.75, 10, 8.5],
			"to": [2.25, 13, 11.5],
			"rotation": {"angle": 45, "axis": "x", "origin": [16.5, 11.5, 10]},
			"faces": {
				"north": {"uv": [2.5, 7.625, 2.625, 8], "texture": "#0"},
				"east": {"uv": [3.875, 6.625, 4.25, 7], "texture": "#0"},
				"south": {"uv": [2.625, 7.625, 2.75, 8], "texture": "#0"},
				"west": {"uv": [4.25, 6.625, 4.625, 7], "texture": "#0"},
				"up": {"uv": [7.75, 3, 7.625, 2.625], "texture": "#0"},
				"down": {"uv": [2.875, 7.625, 2.75, 8], "texture": "#0"}
			}
		},
		{
			"from": [0.75, 10, 8.5],
			"to": [1.25, 13, 11.5],
			"rotation": {"angle": -22.5, "axis": "x", "origin": [16.5, 11.5, 10]},
			"faces": {
				"north": {"uv": [2.125, 7.625, 2.25, 8], "texture": "#0"},
				"east": {"uv": [3.5, 6.625, 3.875, 7], "texture": "#0"},
				"south": {"uv": [2.25, 7.625, 2.375, 8], "texture": "#0"},
				"west": {"uv": [6.625, 3.5, 7, 3.875], "texture": "#0"},
				"up": {"uv": [7.75, 2.625, 7.625, 2.25], "texture": "#0"},
				"down": {"uv": [2.5, 7.625, 2.375, 8], "texture": "#0"}
			}
		},
		{
			"from": [14.75, 10, 8.5],
			"to": [15.25, 13, 11.5],
			"rotation": {"angle": 22.5, "axis": "x", "origin": [16.5, 11.5, 10]},
			"faces": {
				"north": {"uv": [1.75, 7.625, 1.875, 8], "texture": "#0"},
				"east": {"uv": [6.5, 6.25, 6.875, 6.625], "texture": "#0"},
				"south": {"uv": [1.875, 7.625, 2, 8], "texture": "#0"},
				"west": {"uv": [6.625, 3.125, 7, 3.5], "texture": "#0"},
				"up": {"uv": [7.75, 2.25, 7.625, 1.875], "texture": "#0"},
				"down": {"uv": [2.125, 7.625, 2, 8], "texture": "#0"}
			}
		}
	],
	"gui_light": "front",
	"display": {
		"thirdperson_righthand": {
			"rotation": [75, 45, 0],
			"translation": [0, 2.5, 0],
			"scale": [0.375, 0.375, 0.375]
		},
		"thirdperson_lefthand": {
			"rotation": [75, 45, 0],
			"translation": [0, 2.5, 0],
			"scale": [0.375, 0.375, 0.375]
		},
		"firstperson_righthand": {
			"rotation": [0, 45, 0],
			"scale": [0.4, 0.4, 0.4]
		},
		"firstperson_lefthand": {
			"rotation": [0, 45, 0],
			"scale": [0.4, 0.4, 0.4]
		},
		"ground": {
			"translation": [0, 3.75, 0],
			"scale": [0.67, 0.67, 0.67]
		},
		"gui": {
			"rotation": [30, 225, 0],
			"scale": [0.625, 0.625, 0.625]
		},
		"head": {
			"rotation": [180, 0, 26],
			"translation": [4.75, 15.5, 0],
			"scale": [4, 4, 4]
		}
	},
	"groups": [
		0,
		1,
		2,
		3,
		4,
		5,
		6,
		7,
		8,
		9,
		10,
		11,
		12,
		13,
		14,
		15,
		16,
		17,
		18,
		19,
		20,
		21,
		22,
		23,
		24,
		25,
		26,
		27,
		28,
		29,
		30,
		31,
		32,
		33,
		{
			"name": "bucket",
			"origin": [8, 8, 8],
			"color": 0,
			"children": [34, 35, 36, 37, 38, 39, 40]
		},
		{
			"name": "group",
			"origin": [0, 0, 0],
			"color": 0,
			"children": [41, 42, 43, 44, 45, 46, 47, 48, 49, 50, 51, 52, 53, 54, 55, 56, 57, 58, 59, 60, 61, 62, 63, 64, 65, 66, 67, 68, 69, 70, 71, 72, 73]
		}
	]
}