{
	"credit": "Made with Blockbench",
	"textures": {
		"1": "block/garden_cloche/chiseled_stone_bricks",
		"2": "block/garden_cloche/dark_oak_planks",
		"particle": "block/garden_cloche/dark_oak_planks"
	},
	"elements": [
		{
			"from": [0, 0, 0],
			"to": [16, 2, 16],
			"faces": {
				"north": {"uv": [10, 3, 16, 16], "texture": "#2"},
				"east": {"uv": [10, 3, 16, 16], "texture": "#2"},
				"south": {"uv": [10, 3, 16, 16], "texture": "#2"},
				"west": {"uv": [10, 3, 16, 16], "texture": "#2"},
				"up": {"uv": [10, 3, 16, 16], "texture": "#2"},
				"down": {"uv": [10, 3, 16, 16], "texture": "#2"}
			}
		},
		{
			"from": [1, 2, 1],
			"to": [3, 15, 3],
			"faces": {
				"north": {"uv": [10, 3, 16, 16], "texture": "#2"},
				"east": {"uv": [10, 3, 16, 16], "texture": "#2"},
				"south": {"uv": [10, 3, 16, 16], "texture": "#2"},
				"west": {"uv": [10, 3, 16, 16], "texture": "#2"},
				"up": {"uv": [10, 3, 16, 16], "texture": "#2"},
				"down": {"uv": [10, 3, 16, 16], "texture": "#2"}
			}
		},
		{
			"from": [13, 2, 1],
			"to": [15, 15, 3],
			"faces": {
				"north": {"uv": [10, 3, 16, 16], "texture": "#2"},
				"east": {"uv": [10, 3, 16, 16], "texture": "#2"},
				"south": {"uv": [10, 3, 16, 16], "texture": "#2"},
				"west": {"uv": [10, 3, 16, 16], "texture": "#2"},
				"up": {"uv": [10, 3, 16, 16], "texture": "#2"},
				"down": {"uv": [10, 3, 16, 16], "texture": "#2"}
			}
		},
		{
			"from": [3, 2, 3],
			"to": [13, 15, 13],
			"faces": {
				"north": {"uv": [10, 3, 16, 16], "texture": "#2"},
				"east": {"uv": [10, 3, 16, 16], "texture": "#2"},
				"south": {"uv": [10, 3, 16, 16], "texture": "#2"},
				"west": {"uv": [10, 3, 16, 16], "texture": "#2"},
				"up": {"uv": [10, 3, 16, 16], "texture": "#2"},
				"down": {"uv": [10, 3, 16, 16], "texture": "#2"}
			}
		},
		{
			"from": [1.13, 3.69, 4.19],
			"to": [14.87, 11.31, 11.81],
			"rotation": {"angle": 0, "axis": "y", "origin": [-2.16, -2.025, -2.16]},
			"faces": {
				"north": {"uv": [16, 16, 0, 0], "texture": "#1"},
				"east": {"uv": [16, 16, 0, 0], "texture": "#1"},
				"south": {"uv": [16, 16, 0, 0], "texture": "#1"},
				"west": {"uv": [16, 16, 0, 0], "texture": "#1"},
				"up": {"uv": [16, 16, 0, 0], "texture": "#1"},
				"down": {"uv": [16, 16, 0, 0], "texture": "#1"}
			}
		},
		{
			"from": [4.19, 3.69, 1.13],
			"to": [11.81, 11.31, 14.87],
			"rotation": {"angle": 0, "axis": "y", "origin": [-2.16, -2.025, -2.16]},
			"faces": {
				"north": {"uv": [16, 16, 0, 0], "texture": "#1"},
				"east": {"uv": [16, 16, 0, 0], "texture": "#1"},
				"south": {"uv": [16, 16, 0, 0], "texture": "#1"},
				"west": {"uv": [16, 16, 0, 0], "texture": "#1"},
				"up": {"uv": [16, 16, 0, 0], "rotation": 270, "texture": "#1"},
				"down": {"uv": [16, 16, 0, 0], "rotation": 90, "texture": "#1"}
			}
		},
		{
			"from": [1, 2, 13],
			"to": [3, 15, 15],
			"faces": {
				"north": {"uv": [10, 3, 16, 16], "texture": "#2"},
				"east": {"uv": [10, 3, 16, 16], "texture": "#2"},
				"south": {"uv": [10, 3, 16, 16], "texture": "#2"},
				"west": {"uv": [10, 3, 16, 16], "texture": "#2"},
				"up": {"uv": [10, 3, 16, 16], "texture": "#2"},
				"down": {"uv": [10, 3, 16, 16], "texture": "#2"}
			}
		},
		{
			"from": [13, 2, 13],
			"to": [15, 15, 15],
			"faces": {
				"north": {"uv": [10, 3, 16, 16], "texture": "#2"},
				"east": {"uv": [10, 3, 16, 16], "texture": "#2"},
				"south": {"uv": [10, 3, 16, 16], "texture": "#2"},
				"west": {"uv": [10, 3, 16, 16], "texture": "#2"},
				"up": {"uv": [10, 3, 16, 16], "texture": "#2"},
				"down": {"uv": [10, 3, 16, 16], "texture": "#2"}
			}
		},
		{
			"from": [13, 13, 2.15],
			"to": [15, 14.95, 14.85],
			"rotation": {"angle": 0, "axis": "x", "origin": [0, 0, 17]},
			"faces": {
				"north": {"uv": [10, 3, 16, 16], "rotation": 180, "texture": "#2"},
				"east": {"uv": [10, 3, 16, 16], "rotation": 90, "texture": "#2"},
				"south": {"uv": [10, 3, 16, 16], "texture": "#2"},
				"west": {"uv": [10, 3, 16, 16], "rotation": 270, "texture": "#2"},
				"up": {"uv": [10, 3, 16, 16], "texture": "#2"},
				"down": {"uv": [10, 3, 16, 16], "rotation": 180, "texture": "#2"}
			}
		},
		{
			"from": [1.225, 13, 13],
			"to": [13.775, 14.95, 15],
			"rotation": {"angle": 0, "axis": "y", "origin": [-1, 0, 0]},
			"faces": {
				"north": {"uv": [10, 3, 16, 16], "rotation": 270, "texture": "#2"},
				"east": {"uv": [10, 3, 16, 16], "rotation": 180, "texture": "#2"},
				"south": {"uv": [10, 3, 16, 16], "rotation": 90, "texture": "#2"},
				"west": {"uv": [10, 3, 16, 16], "texture": "#2"},
				"up": {"uv": [10, 3, 16, 16], "rotation": 90, "texture": "#2"},
				"down": {"uv": [10, 3, 16, 16], "rotation": 90, "texture": "#2"}
			}
		},
		{
			"from": [2.3, 13, 1],
			"to": [14.7, 14.95, 3],
			"rotation": {"angle": 0, "axis": "y", "origin": [0, 0, 9]},
			"faces": {
				"north": {"uv": [10, 3, 16, 16], "rotation": 270, "texture": "#2"},
				"east": {"uv": [10, 3, 16, 16], "rotation": 180, "texture": "#2"},
				"south": {"uv": [10, 3, 16, 16], "rotation": 90, "texture": "#2"},
				"west": {"uv": [10, 3, 16, 16], "texture": "#2"},
				"up": {"uv": [10, 3, 16, 16], "rotation": 90, "texture": "#2"},
				"down": {"uv": [10, 3, 16, 16], "rotation": 90, "texture": "#2"}
			}
		},
		{
			"from": [1, 13, 2.075],
			"to": [3, 14.95, 14.925],
			"rotation": {"angle": 0, "axis": "y", "origin": [-12, 0, 17]},
			"faces": {
				"north": {"uv": [10, 3, 16, 16], "rotation": 180, "texture": "#2"},
				"east": {"uv": [10, 3, 16, 16], "rotation": 90, "texture": "#2"},
				"south": {"uv": [10, 3, 16, 16], "texture": "#2"},
				"west": {"uv": [10, 3, 16, 16], "rotation": 270, "texture": "#2"},
				"up": {"uv": [10, 3, 16, 16], "texture": "#2"},
				"down": {"uv": [10, 3, 16, 16], "rotation": 180, "texture": "#2"}
			}
		}
	],
	"gui_light": "front",
	"display": {
		"thirdperson_righthand": {
			"rotation": [75, 45, 0],
			"translation": [0, 2.5, 0],
			"scale": [0.375, 0.375, 0.375]
		},
		"thirdperson_lefthand": {
			"rotation": [75, 45, 0],
			"translation": [0, 2.5, 0],
			"scale": [0.375, 0.375, 0.375]
		},
		"firstperson_righthand": {
			"rotation": [0, 45, 0],
			"scale": [0.4, 0.4, 0.4]
		},
		"firstperson_lefthand": {
			"rotation": [0, 225, 0],
			"scale": [0.4, 0.4, 0.4]
		},
		"ground": {
			"translation": [0, 3, 0],
			"scale": [0.25, 0.25, 0.25]
		},
		"gui": {
			"rotation": [30, 225, 0],
			"scale": [0.625, 0.625, 0.625]
		},
		"head": {
			"translation": [0, 28.75, 0],
			"scale": [4, 4, 4]
		},
		"fixed": {
			"scale": [0.5, 0.5, 0.5]
		}
	},
	"groups": [
		0,
		1,
		2,
		3,
		4,
		5,
		6,
		7,
		8,
		9,
		10,
		11,
		{
			"name": "hexadecagon",
			"origin": [8, 8, 8],
			"color": 0,
			"children": []
		}
	]
}