{
	"credit": "Made with Blockbench",
	"textures": {
		"3": "item/components/ar_body/spring",
		"4": "item/components/ar_body/graphite",
		"particle": "item/components/ar_body/texturedmaterials1"
	},
	"elements": [
		{
			"from": [8.25, 19.875, -1.125],
			"to": [8.5625, 20.5625, 3.8125],
			"rotation": {"angle": 0, "axis": "y", "origin": [16.125, 28, 15.3125]},
			"faces": {
				"north": {"uv": [0, 0, 16, 16], "texture": "#4"},
				"east": {"uv": [0, 0, 16, 16], "texture": "#4"},
				"south": {"uv": [0, 0, 16, 16], "texture": "#4"},
				"west": {"uv": [0, 0, 16, 16], "texture": "#4"},
				"up": {"uv": [0, 0, 16, 16], "texture": "#4"},
				"down": {"uv": [0, 0, 16, 16], "texture": "#4"}
			}
		},
		{
			"from": [7.5, 19.875, -1.125],
			"to": [7.8125, 20.5625, 3.8125],
			"rotation": {"angle": 0, "axis": "y", "origin": [15.3125, 28, 15.3125]},
			"faces": {
				"north": {"uv": [0, 0, 16, 16], "texture": "#4"},
				"east": {"uv": [0, 0, 16, 16], "texture": "#4"},
				"south": {"uv": [0, 0, 16, 16], "texture": "#4"},
				"west": {"uv": [0, 0, 16, 16], "texture": "#4"},
				"up": {"uv": [0, 0, 16, 16], "texture": "#4"},
				"down": {"uv": [0, 0, 16, 16], "texture": "#4"}
			}
		},
		{
			"from": [7.8125, 20.4375, -1.125],
			"to": [8.25, 20.875, 3.8125],
			"rotation": {"angle": 0, "axis": "y", "origin": [15.75, 28.5625, 15.3125]},
			"faces": {
				"north": {"uv": [0, 0, 16, 16], "texture": "#4"},
				"east": {"uv": [0, 0, 16, 16], "texture": "#4"},
				"south": {"uv": [0, 0, 16, 16], "texture": "#4"},
				"west": {"uv": [0, 0, 16, 16], "texture": "#4"},
				"up": {"uv": [0, 0, 16, 16], "texture": "#4"},
				"down": {"uv": [0, 0, 16, 16], "texture": "#4"}
			}
		},
		{
			"from": [7.9375, 20.25, -1.125],
			"to": [8.5, 20.6875, 3.8125],
			"rotation": {"angle": -45, "axis": "z", "origin": [8.28125, 20.5, 7.5625]},
			"faces": {
				"north": {"uv": [0, 0, 16, 16], "texture": "#4"},
				"east": {"uv": [0, 0, 16, 16], "texture": "#4"},
				"south": {"uv": [0, 0, 16, 16], "texture": "#4"},
				"west": {"uv": [0, 0, 16, 16], "texture": "#4"},
				"up": {"uv": [0, 0, 16, 16], "texture": "#4"},
				"down": {"uv": [0, 0, 16, 16], "texture": "#4"}
			}
		},
		{
			"from": [7.9375, 19.75, -1.125],
			"to": [8.5, 20.1875, 3.8125],
			"rotation": {"angle": 45, "axis": "z", "origin": [8.28125, 19.9375, 7.5625]},
			"faces": {
				"north": {"uv": [0, 0, 16, 16], "texture": "#4"},
				"east": {"uv": [0, 0, 16, 16], "texture": "#4"},
				"south": {"uv": [0, 0, 16, 16], "texture": "#4"},
				"west": {"uv": [0, 0, 16, 16], "texture": "#4"},
				"up": {"uv": [0, 0, 16, 16], "texture": "#4"},
				"down": {"uv": [0, 0, 16, 16], "texture": "#4"}
			}
		},
		{
			"from": [7.53125, 19.71875, -1.125],
			"to": [8.03125, 20.21875, 3.8125],
			"rotation": {"angle": -45, "axis": "z", "origin": [7.78125, 19.875, 7.5625]},
			"faces": {
				"north": {"uv": [0, 0, 16, 16], "rotation": 270, "texture": "#4"},
				"east": {"uv": [0, 0, 16, 16], "rotation": 90, "texture": "#4"},
				"south": {"uv": [0, 0, 16, 16], "rotation": 90, "texture": "#4"},
				"west": {"uv": [0, 0, 16, 16], "rotation": 90, "texture": "#4"},
				"up": {"uv": [0, 0, 16, 16], "rotation": 90, "texture": "#4"},
				"down": {"uv": [0, 0, 16, 16], "rotation": 90, "texture": "#4"}
			}
		},
		{
			"from": [7.5625, 20.25, -1.125],
			"to": [8.125, 20.6875, 3.8125],
			"rotation": {"angle": 45, "axis": "z", "origin": [7.78125, 20.5, 7.5625]},
			"faces": {
				"north": {"uv": [0, 0, 16, 16], "rotation": 180, "texture": "#4"},
				"east": {"uv": [0, 0, 16, 16], "rotation": 180, "texture": "#4"},
				"south": {"uv": [0, 0, 16, 16], "rotation": 180, "texture": "#4"},
				"west": {"uv": [0, 0, 16, 16], "rotation": 180, "texture": "#4"},
				"up": {"uv": [0, 0, 16, 16], "rotation": 180, "texture": "#4"},
				"down": {"uv": [0, 0, 16, 16], "rotation": 180, "texture": "#4"}
			}
		},
		{
			"from": [7.8125, 19.5625, -1.125],
			"to": [8.25, 20, 3.8125],
			"rotation": {"angle": 0, "axis": "y", "origin": [15.75, 27.6875, 15.3125]},
			"faces": {
				"north": {"uv": [0, 0, 16, 16], "texture": "#4"},
				"east": {"uv": [0, 0, 16, 16], "texture": "#4"},
				"south": {"uv": [0, 0, 16, 16], "texture": "#4"},
				"west": {"uv": [0, 0, 16, 16], "texture": "#4"},
				"up": {"uv": [0, 0, 16, 16], "texture": "#4"},
				"down": {"uv": [0, 0, 16, 16], "texture": "#4"}
			}
		},
		{
			"from": [7.5, 19.5, 3.8125],
			"to": [7.8125, 20.75, 9.875],
			"rotation": {"angle": 0, "axis": "y", "origin": [15.3125, 27.9375, 11.8125]},
			"faces": {
				"north": {"uv": [0, 0, 0.3125, 1.25], "texture": "#4"},
				"east": {"uv": [0, 0, 6.0625, 1.25], "texture": "#4"},
				"south": {"uv": [0, 0, 0.3125, 1.25], "texture": "#4"},
				"west": {"uv": [0, 0, 6.0625, 1.25], "texture": "#4"},
				"up": {"uv": [0, 0, 0.3125, 6.0625], "texture": "#4"},
				"down": {"uv": [0, 0, 0.3125, 6.0625], "texture": "#4"}
			}
		},
		{
			"from": [7.5, 18.6875, 11],
			"to": [7.8125, 20.375, 12.0625],
			"rotation": {"angle": 0, "axis": "y", "origin": [7.65625, 19.03125, 11.46875]},
			"faces": {
				"north": {"uv": [0, 0, 0.3125, 1.6875], "rotation": 180, "texture": "#4"},
				"east": {"uv": [0, 0, 1.6875, 1.0625], "rotation": 270, "texture": "#4"},
				"south": {"uv": [0, 0, 0.3125, 1.6875], "texture": "#4"},
				"west": {"uv": [0, 0, 1.6875, 1.0625], "rotation": 90, "texture": "#4"},
				"up": {"uv": [0, 0, 0.3125, 1.0625], "rotation": 180, "texture": "#4"},
				"down": {"uv": [0, 0, 0.3125, 1.0625], "texture": "#4"}
			}
		},
		{
			"from": [7.8125, 20.1875, 11],
			"to": [8.25, 20.375, 12.0625],
			"rotation": {"angle": 0, "axis": "y", "origin": [7.96875, 19.03125, 11.46875]},
			"faces": {
				"north": {"uv": [0, 0, 0.4375, 0.1875], "rotation": 180, "texture": "#4"},
				"east": {"uv": [0, 0, 0.1875, 1.0625], "rotation": 270, "texture": "#4"},
				"south": {"uv": [0, 0, 0.4375, 0.1875], "texture": "#4"},
				"west": {"uv": [0, 0, 0.1875, 1.0625], "rotation": 90, "texture": "#4"},
				"up": {"uv": [0, 0, 0.4375, 1.0625], "rotation": 180, "texture": "#4"},
				"down": {"uv": [0, 0, 0.4375, 1.0625], "texture": "#4"}
			}
		},
		{
			"from": [7.5, 19.1875, 9.75],
			"to": [7.8125, 20.75, 11],
			"rotation": {"angle": 0, "axis": "y", "origin": [7.65625, 19.53125, 10.21875]},
			"faces": {
				"north": {"uv": [0, 0, 0.3125, 1.5625], "rotation": 180, "texture": "#4"},
				"east": {"uv": [0, 0, 1.5625, 1.25], "rotation": 270, "texture": "#4"},
				"south": {"uv": [0, 0, 0.3125, 1.5625], "texture": "#4"},
				"west": {"uv": [0, 0, 1.5625, 1.25], "rotation": 90, "texture": "#4"},
				"up": {"uv": [0, 0, 0.3125, 1.25], "rotation": 180, "texture": "#4"},
				"down": {"uv": [0, 0, 0.3125, 1.25], "texture": "#4"}
			}
		},
		{
			"from": [8.25, 18.6875, 11],
			"to": [8.5625, 20.375, 12.0625],
			"rotation": {"angle": 0, "axis": "y", "origin": [8.40625, 19.03125, 11.46875]},
			"faces": {
				"north": {"uv": [0, 0, 0.3125, 1.6875], "rotation": 180, "texture": "#4"},
				"east": {"uv": [0, 0, 1.6875, 1.0625], "rotation": 270, "texture": "#4"},
				"south": {"uv": [0, 0, 0.3125, 1.6875], "texture": "#4"},
				"west": {"uv": [0, 0, 1.6875, 1.0625], "rotation": 90, "texture": "#4"},
				"up": {"uv": [0, 0, 0.3125, 1.0625], "rotation": 180, "texture": "#4"},
				"down": {"uv": [0, 0, 0.3125, 1.0625], "texture": "#4"}
			}
		},
		{
			"from": [8.25, 19.1875, 9.75],
			"to": [8.5625, 20.75, 11],
			"rotation": {"angle": 0, "axis": "y", "origin": [8.40625, 19.53125, 10.21875]},
			"faces": {
				"north": {"uv": [0, 0, 0.3125, 1.5625], "rotation": 180, "texture": "#4"},
				"east": {"uv": [0, 0, 1.5625, 1.25], "rotation": 270, "texture": "#4"},
				"south": {"uv": [0, 0, 0.3125, 1.5625], "texture": "#4"},
				"west": {"uv": [0, 0, 1.5625, 1.25], "rotation": 90, "texture": "#4"},
				"up": {"uv": [0, 0, 0.3125, 1.25], "rotation": 180, "texture": "#4"},
				"down": {"uv": [0, 0, 0.3125, 1.25], "texture": "#4"}
			}
		},
		{
			"from": [7.6875, 20.4375, 3.8125],
			"to": [7.8125, 21.125, 9.75],
			"rotation": {"angle": 0, "axis": "y", "origin": [15.4375, 28.0625, 11.8125]},
			"faces": {
				"north": {"uv": [0, 0, 0.125, 0.6875], "texture": "#4"},
				"east": {"uv": [0, 0, 5.9375, 0.6875], "texture": "#4"},
				"south": {"uv": [0, 0, 0.125, 0.6875], "texture": "#4"},
				"west": {"uv": [0, 0, 5.9375, 0.6875], "texture": "#4"},
				"up": {"uv": [0, 0, 0.125, 5.9375], "texture": "#4"},
				"down": {"uv": [0, 0, 0.125, 5.9375], "texture": "#4"}
			}
		},
		{
			"from": [7.6875, 20.4375, 9.75],
			"to": [7.8125, 21.125, 11],
			"rotation": {"angle": 0, "axis": "y", "origin": [15.4375, 28.0625, 13.0625]},
			"faces": {
				"north": {"uv": [0, 0, 0.125, 0.6875], "texture": "#4"},
				"east": {"uv": [0, 0, 1.25, 0.6875], "texture": "#4"},
				"south": {"uv": [0, 0, 0.125, 0.6875], "texture": "#4"},
				"west": {"uv": [0, 0, 1.25, 0.6875], "texture": "#4"},
				"up": {"uv": [0, 0, 0.125, 1.25], "texture": "#4"},
				"down": {"uv": [0, 0, 0.125, 1.25], "texture": "#4"}
			}
		},
		{
			"from": [8.25, 20.4375, 3.8125],
			"to": [8.375, 21.125, 9.75],
			"rotation": {"angle": 0, "axis": "y", "origin": [16, 28.0625, 11.8125]},
			"faces": {
				"north": {"uv": [0, 0, 0.125, 0.6875], "texture": "#4"},
				"east": {"uv": [0, 0, 5.9375, 0.6875], "texture": "#4"},
				"south": {"uv": [0, 0, 0.125, 0.6875], "texture": "#4"},
				"west": {"uv": [0, 0, 5.9375, 0.6875], "texture": "#4"},
				"up": {"uv": [0, 0, 0.125, 5.9375], "texture": "#4"},
				"down": {"uv": [0, 0, 0.125, 5.9375], "texture": "#4"}
			}
		},
		{
			"from": [8.25, 20.4375, 9.75],
			"to": [8.375, 21.125, 11],
			"rotation": {"angle": 0, "axis": "y", "origin": [16, 28.0625, 13.0625]},
			"faces": {
				"north": {"uv": [0, 0, 0.125, 0.6875], "texture": "#4"},
				"east": {"uv": [0, 0, 1.25, 0.6875], "texture": "#4"},
				"south": {"uv": [0, 0, 0.125, 0.6875], "texture": "#4"},
				"west": {"uv": [0, 0, 1.25, 0.6875], "texture": "#4"},
				"up": {"uv": [0, 0, 0.125, 1.25], "texture": "#4"},
				"down": {"uv": [0, 0, 0.125, 1.25], "texture": "#4"}
			}
		},
		{
			"from": [8.25, 19.5, 3.8125],
			"to": [8.5625, 20.4375, 4.75],
			"rotation": {"angle": 0, "axis": "y", "origin": [16.1875, 27.9375, 11.8125]},
			"faces": {
				"north": {"uv": [0, 0, 0.3125, 0.9375], "texture": "#4"},
				"east": {"uv": [0, 0, 0.9375, 0.9375], "texture": "#4"},
				"south": {"uv": [0, 0, 0.3125, 0.9375], "texture": "#4"},
				"west": {"uv": [0, 0, 0.9375, 0.9375], "texture": "#4"},
				"up": {"uv": [0, 0, 0.3125, 0.9375], "texture": "#4"},
				"down": {"uv": [0, 0, 0.3125, 0.9375], "texture": "#4"}
			}
		},
		{
			"from": [8.25, 19.5, 6.4375],
			"to": [8.5625, 20.75, 9.75],
			"rotation": {"angle": 0, "axis": "y", "origin": [16.1875, 27.9375, 14.4375]},
			"faces": {
				"north": {"uv": [0, 0, 0.3125, 1.25], "texture": "#4"},
				"east": {"uv": [0, 0, 3.3125, 1.25], "texture": "#4"},
				"south": {"uv": [0, 0, 0.3125, 1.25], "texture": "#4"},
				"west": {"uv": [0, 0, 3.3125, 1.25], "texture": "#4"},
				"up": {"uv": [0, 0, 0.3125, 3.3125], "texture": "#4"},
				"down": {"uv": [0, 0, 0.3125, 3.3125], "texture": "#4"}
			}
		},
		{
			"from": [8.5625, 19.8125, 6.5],
			"to": [8.9375, 20.125, 6.75],
			"rotation": {"angle": 0, "axis": "y", "origin": [16.5625, 27.9375, 14.4375]},
			"faces": {
				"north": {"uv": [0, 0, 0.375, 0.3125], "texture": "#4"},
				"east": {"uv": [0, 0, 0.25, 0.3125], "texture": "#4"},
				"south": {"uv": [0, 0, 0.375, 0.3125], "texture": "#4"},
				"west": {"uv": [0, 0, 0.25, 0.3125], "texture": "#4"},
				"up": {"uv": [0, 0, 0.375, 0.25], "texture": "#4"},
				"down": {"uv": [0, 0, 0.375, 0.25], "texture": "#4"}
			}
		},
		{
			"from": [8.5625, 20.125, 6.4375],
			"to": [8.8125, 20.25, 6.75],
			"rotation": {"angle": 0, "axis": "y", "origin": [16.5625, 28.25, 14.4375]},
			"faces": {
				"north": {"uv": [0, 0, 0.25, 0.125], "texture": "#4"},
				"east": {"uv": [0, 0, 0.3125, 0.125], "texture": "#4"},
				"south": {"uv": [0, 0, 0.25, 0.125], "texture": "#4"},
				"west": {"uv": [0, 0, 0.3125, 0.125], "texture": "#4"},
				"up": {"uv": [0, 0, 0.25, 0.3125], "texture": "#4"},
				"down": {"uv": [0, 0, 0.25, 0.3125], "texture": "#4"}
			}
		},
		{
			"from": [8.5625, 19.6875, 6.4375],
			"to": [8.8125, 19.8125, 6.75],
			"rotation": {"angle": 0, "axis": "y", "origin": [16.5625, 27.8125, 14.4375]},
			"faces": {
				"north": {"uv": [0, 0, 0.25, 0.125], "texture": "#4"},
				"east": {"uv": [0, 0, 0.3125, 0.125], "texture": "#4"},
				"south": {"uv": [0, 0, 0.25, 0.125], "texture": "#4"},
				"west": {"uv": [0, 0, 0.3125, 0.125], "texture": "#4"},
				"up": {"uv": [0, 0, 0.25, 0.3125], "texture": "#4"},
				"down": {"uv": [0, 0, 0.25, 0.3125], "texture": "#4"}
			}
		},
		{
			"from": [8.25, 20.1875, 4.75],
			"to": [8.5625, 20.4375, 6.4375],
			"rotation": {"angle": 0, "axis": "y", "origin": [16.1875, 27.9375, 13.5]},
			"faces": {
				"north": {"uv": [0, 0, 0.3125, 0.25], "texture": "#4"},
				"east": {"uv": [0, 0, 1.6875, 0.25], "texture": "#4"},
				"south": {"uv": [0, 0, 0.3125, 0.25], "texture": "#4"},
				"west": {"uv": [0, 0, 1.6875, 0.25], "texture": "#4"},
				"up": {"uv": [0, 0, 0.3125, 1.6875], "texture": "#4"},
				"down": {"uv": [0, 0, 0.3125, 1.6875], "texture": "#4"}
			}
		},
		{
			"from": [8.25, 19.5, 4.75],
			"to": [8.5625, 19.75, 6.4375],
			"rotation": {"angle": 0, "axis": "y", "origin": [16.1875, 27.25, 13.5]},
			"faces": {
				"north": {"uv": [0, 0, 0.3125, 0.25], "texture": "#4"},
				"east": {"uv": [0, 0, 1.6875, 0.25], "texture": "#4"},
				"south": {"uv": [0, 0, 0.3125, 0.25], "texture": "#4"},
				"west": {"uv": [0, 0, 1.6875, 0.25], "texture": "#4"},
				"up": {"uv": [0, 0, 0.3125, 1.6875], "texture": "#4"},
				"down": {"uv": [0, 0, 0.3125, 1.6875], "texture": "#4"}
			}
		},
		{
			"from": [7.8125, 20.6875, 3.8125],
			"to": [8.25, 20.875, 9.75],
			"rotation": {"angle": 0, "axis": "y", "origin": [15.75, 28.375, 11.8125]},
			"faces": {
				"north": {"uv": [0, 0, 0.4375, 0.1875], "texture": "#4"},
				"east": {"uv": [0, 0, 5.9375, 0.1875], "texture": "#4"},
				"south": {"uv": [0, 0, 0.4375, 0.1875], "texture": "#4"},
				"west": {"uv": [0, 0, 5.9375, 0.1875], "texture": "#4"},
				"up": {"uv": [0, 0, 0.4375, 5.9375], "texture": "#4"},
				"down": {"uv": [0, 0, 0.4375, 5.9375], "texture": "#4"}
			}
		},
		{
			"from": [7.8125, 20.875, 9.1875],
			"to": [8.25, 21.125, 11],
			"rotation": {"angle": 0, "axis": "y", "origin": [15.75, 28.5625, 13.0625]},
			"faces": {
				"north": {"uv": [0, 0, 0.4375, 0.25], "texture": "#4"},
				"east": {"uv": [0, 0, 1.8125, 0.25], "texture": "#4"},
				"south": {"uv": [0, 0, 0.4375, 0.25], "texture": "#4"},
				"west": {"uv": [0, 0, 1.8125, 0.25], "texture": "#4"},
				"up": {"uv": [0, 0, 0.4375, 1.8125], "texture": "#4"},
				"down": {"uv": [0, 0, 0.4375, 1.8125], "texture": "#4"}
			}
		},
		{
			"from": [7.6875, 20.875, 3.8125],
			"to": [7.875, 22.125, 4.25],
			"rotation": {"angle": 0, "axis": "y", "origin": [15.75, 28.5625, 7.6875]},
			"faces": {
				"north": {"uv": [0, 0, 0.1875, 1.25], "texture": "#4"},
				"east": {"uv": [0, 0, 0.4375, 1.25], "texture": "#4"},
				"south": {"uv": [0, 0, 0.1875, 1.25], "texture": "#4"},
				"west": {"uv": [0, 0, 0.4375, 1.25], "texture": "#4"},
				"up": {"uv": [0, 0, 0.1875, 0.4375], "texture": "#4"},
				"down": {"uv": [0, 0, 0.1875, 0.4375], "texture": "#4"}
			}
		},
		{
			"from": [7.6875, 22, 4],
			"to": [7.875, 22.3125, 9.9375],
			"rotation": {"angle": 0, "axis": "y", "origin": [8.03125, 22.15625, 6.3125]},
			"faces": {
				"north": {"uv": [0, 0, 0.1875, 0.3125], "texture": "#4"},
				"east": {"uv": [0, 0, 5.9375, 0.3125], "texture": "#4"},
				"south": {"uv": [0, 0, 0.1875, 0.3125], "texture": "#4"},
				"west": {"uv": [0, 0, 5.9375, 0.3125], "texture": "#4"},
				"up": {"uv": [0, 0, 0.1875, 5.9375], "texture": "#4"},
				"down": {"uv": [0, 0, 0.1875, 5.9375], "texture": "#4"}
			}
		},
		{
			"from": [7.875, 21.9375, 4],
			"to": [8.1875, 22, 9.9375],
			"rotation": {"angle": 0, "axis": "y", "origin": [8.34375, 22.09375, 6.3125]},
			"faces": {
				"north": {"uv": [0, 0, 0.3125, 0.0625], "texture": "#4"},
				"east": {"uv": [0, 0, 5.9375, 0.0625], "texture": "#4"},
				"south": {"uv": [0, 0, 0.3125, 0.0625], "texture": "#4"},
				"west": {"uv": [0, 0, 5.9375, 0.0625], "texture": "#4"},
				"up": {"uv": [0, 0, 0.3125, 5.9375], "texture": "#4"},
				"down": {"uv": [0, 0, 0.3125, 5.9375], "texture": "#4"}
			}
		},
		{
			"from": [7.6875, 22.3125, 7.5],
			"to": [7.875, 22.5625, 9.9375],
			"rotation": {"angle": 0, "axis": "y", "origin": [8.03125, 22.46875, 6.3125]},
			"faces": {
				"north": {"uv": [0, 0, 0.1875, 0.25], "texture": "#4"},
				"east": {"uv": [0, 0, 2.4375, 0.25], "texture": "#4"},
				"south": {"uv": [0, 0, 0.1875, 0.25], "texture": "#4"},
				"west": {"uv": [0, 0, 2.4375, 0.25], "texture": "#4"},
				"up": {"uv": [0, 0, 0.1875, 2.4375], "texture": "#4"},
				"down": {"uv": [0, 0, 0.1875, 2.4375], "texture": "#4"}
			}
		},
		{
			"from": [7.6875, 22.3125, 6.375],
			"to": [7.875, 22.5, 7.5],
			"rotation": {"angle": 0, "axis": "y", "origin": [8.03125, 22.46875, 5.1875]},
			"faces": {
				"north": {"uv": [0, 0, 0.1875, 0.1875], "texture": "#4"},
				"east": {"uv": [0, 0, 1.125, 0.1875], "texture": "#4"},
				"south": {"uv": [0, 0, 0.1875, 0.1875], "texture": "#4"},
				"west": {"uv": [0, 0, 1.125, 0.1875], "texture": "#4"},
				"up": {"uv": [0, 0, 0.1875, 1.125], "texture": "#4"},
				"down": {"uv": [0, 0, 0.1875, 1.125], "texture": "#4"}
			}
		},
		{
			"from": [7.6875, 22.3125, 5.25],
			"to": [7.875, 22.4375, 6.375],
			"rotation": {"angle": 0, "axis": "y", "origin": [8.03125, 22.46875, 4.0625]},
			"faces": {
				"north": {"uv": [0, 0, 0.1875, 0.125], "texture": "#4"},
				"east": {"uv": [0, 0, 1.125, 0.125], "texture": "#4"},
				"south": {"uv": [0, 0, 0.1875, 0.125], "texture": "#4"},
				"west": {"uv": [0, 0, 1.125, 0.125], "texture": "#4"},
				"up": {"uv": [0, 0, 0.1875, 1.125], "texture": "#4"},
				"down": {"uv": [0, 0, 0.1875, 1.125], "texture": "#4"}
			}
		},
		{
			"from": [7.6875, 22.3125, 4.125],
			"to": [7.875, 22.375, 5.25],
			"rotation": {"angle": 0, "axis": "y", "origin": [8.03125, 22.46875, 2.9375]},
			"faces": {
				"north": {"uv": [0, 0, 0.1875, 0.0625], "texture": "#4"},
				"east": {"uv": [0, 0, 1.125, 0.0625], "texture": "#4"},
				"south": {"uv": [0, 0, 0.1875, 0.0625], "texture": "#4"},
				"west": {"uv": [0, 0, 1.125, 0.0625], "texture": "#4"},
				"up": {"uv": [0, 0, 0.1875, 1.125], "texture": "#4"},
				"down": {"uv": [0, 0, 0.1875, 1.125], "texture": "#4"}
			}
		},
		{
			"from": [7.6875, 20.84375, 9.15625],
			"to": [7.875, 22.34375, 9.96875],
			"rotation": {"angle": -22.5, "axis": "x", "origin": [8.03125, 22.15625, 9.8125]},
			"faces": {
				"north": {"uv": [0, 0, 0.1875, 1.5], "rotation": 180, "texture": "#4"},
				"east": {"uv": [0, 0, 1.5, 0.8125], "rotation": 270, "texture": "#4"},
				"south": {"uv": [0, 0, 0.1875, 1.5], "texture": "#4"},
				"west": {"uv": [0, 0, 1.5, 0.8125], "rotation": 90, "texture": "#4"},
				"up": {"uv": [0, 0, 0.1875, 0.8125], "rotation": 180, "texture": "#4"},
				"down": {"uv": [0, 0, 0.1875, 0.8125], "texture": "#4"}
			}
		},
		{
			"from": [8.1875, 20.875, 3.8125],
			"to": [8.375, 22.125, 4.25],
			"rotation": {"angle": 0, "axis": "y", "origin": [16.25, 28.5625, 7.6875]},
			"faces": {
				"north": {"uv": [0, 0, 0.1875, 1.25], "texture": "#4"},
				"east": {"uv": [0, 0, 0.4375, 1.25], "texture": "#4"},
				"south": {"uv": [0, 0, 0.1875, 1.25], "texture": "#4"},
				"west": {"uv": [0, 0, 0.4375, 1.25], "texture": "#4"},
				"up": {"uv": [0, 0, 0.1875, 0.4375], "texture": "#4"},
				"down": {"uv": [0, 0, 0.1875, 0.4375], "texture": "#4"}
			}
		},
		{
			"from": [8.1875, 22, 4],
			"to": [8.375, 22.3125, 9.9375],
			"rotation": {"angle": 0, "axis": "y", "origin": [8.03125, 22.15625, 6.3125]},
			"faces": {
				"north": {"uv": [0, 0, 0.1875, 0.3125], "texture": "#4"},
				"east": {"uv": [0, 0, 5.9375, 0.3125], "texture": "#4"},
				"south": {"uv": [0, 0, 0.1875, 0.3125], "texture": "#4"},
				"west": {"uv": [0, 0, 5.9375, 0.3125], "texture": "#4"},
				"up": {"uv": [0, 0, 0.1875, 5.9375], "texture": "#4"},
				"down": {"uv": [0, 0, 0.1875, 5.9375], "texture": "#4"}
			}
		},
		{
			"from": [8.1875, 22.3125, 7.5],
			"to": [8.375, 22.5625, 9.9375],
			"rotation": {"angle": 0, "axis": "y", "origin": [8.03125, 22.46875, 6.3125]},
			"faces": {
				"north": {"uv": [0, 0, 0.1875, 0.25], "texture": "#4"},
				"east": {"uv": [0, 0, 2.4375, 0.25], "texture": "#4"},
				"south": {"uv": [0, 0, 0.1875, 0.25], "texture": "#4"},
				"west": {"uv": [0, 0, 2.4375, 0.25], "texture": "#4"},
				"up": {"uv": [0, 0, 0.1875, 2.4375], "texture": "#4"},
				"down": {"uv": [0, 0, 0.1875, 2.4375], "texture": "#4"}
			}
		},
		{
			"from": [8.1875, 22.3125, 6.375],
			"to": [8.375, 22.5, 7.5],
			"rotation": {"angle": 0, "axis": "y", "origin": [8.03125, 22.46875, 5.1875]},
			"faces": {
				"north": {"uv": [0, 0, 0.1875, 0.1875], "texture": "#4"},
				"east": {"uv": [0, 0, 1.125, 0.1875], "texture": "#4"},
				"south": {"uv": [0, 0, 0.1875, 0.1875], "texture": "#4"},
				"west": {"uv": [0, 0, 1.125, 0.1875], "texture": "#4"},
				"up": {"uv": [0, 0, 0.1875, 1.125], "texture": "#4"},
				"down": {"uv": [0, 0, 0.1875, 1.125], "texture": "#4"}
			}
		},
		{
			"from": [8.1875, 22.3125, 5.25],
			"to": [8.375, 22.4375, 6.375],
			"rotation": {"angle": 0, "axis": "y", "origin": [8.03125, 22.46875, 4.0625]},
			"faces": {
				"north": {"uv": [0, 0, 0.1875, 0.125], "texture": "#4"},
				"east": {"uv": [0, 0, 1.125, 0.125], "texture": "#4"},
				"south": {"uv": [0, 0, 0.1875, 0.125], "texture": "#4"},
				"west": {"uv": [0, 0, 1.125, 0.125], "texture": "#4"},
				"up": {"uv": [0, 0, 0.1875, 1.125], "texture": "#4"},
				"down": {"uv": [0, 0, 0.1875, 1.125], "texture": "#4"}
			}
		},
		{
			"from": [8.1875, 22.3125, 4.125],
			"to": [8.375, 22.375, 5.25],
			"rotation": {"angle": 0, "axis": "y", "origin": [8.03125, 22.46875, 2.9375]},
			"faces": {
				"north": {"uv": [0, 0, 0.1875, 0.0625], "texture": "#4"},
				"east": {"uv": [0, 0, 1.125, 0.0625], "texture": "#4"},
				"south": {"uv": [0, 0, 0.1875, 0.0625], "texture": "#4"},
				"west": {"uv": [0, 0, 1.125, 0.0625], "texture": "#4"},
				"up": {"uv": [0, 0, 0.1875, 1.125], "texture": "#4"},
				"down": {"uv": [0, 0, 0.1875, 1.125], "texture": "#4"}
			}
		},
		{
			"from": [8.1875, 20.84375, 9.15625],
			"to": [8.375, 22.34375, 9.96875],
			"rotation": {"angle": -22.5, "axis": "x", "origin": [8.03125, 22.15625, 9.8125]},
			"faces": {
				"north": {"uv": [0, 0, 0.1875, 1.5], "rotation": 180, "texture": "#4"},
				"east": {"uv": [0, 0, 1.5, 0.8125], "rotation": 270, "texture": "#4"},
				"south": {"uv": [0, 0, 0.1875, 1.5], "texture": "#4"},
				"west": {"uv": [0, 0, 1.5, 0.8125], "rotation": 90, "texture": "#4"},
				"up": {"uv": [0, 0, 0.1875, 0.8125], "rotation": 180, "texture": "#4"},
				"down": {"uv": [0, 0, 0.1875, 0.8125], "texture": "#4"}
			}
		},
		{
			"from": [7.8125, 20.6875, 9.75],
			"to": [8.25, 20.875, 11],
			"rotation": {"angle": 0, "axis": "y", "origin": [15.75, 28.375, 13.0625]},
			"faces": {
				"north": {"uv": [0, 0, 0.4375, 0.1875], "texture": "#4"},
				"east": {"uv": [0, 0, 1.25, 0.1875], "texture": "#4"},
				"south": {"uv": [0, 0, 0.4375, 0.1875], "texture": "#4"},
				"west": {"uv": [0, 0, 1.25, 0.1875], "texture": "#4"},
				"up": {"uv": [0, 0, 0.4375, 1.25], "texture": "#4"},
				"down": {"uv": [0, 0, 0.4375, 1.25], "texture": "#4"}
			}
		},
		{
			"from": [8.375, 19.1875, 3.8125],
			"to": [8.5, 19.5, 9.75],
			"rotation": {"angle": 0, "axis": "y", "origin": [16, 27, 11.8125]},
			"faces": {
				"north": {"uv": [0, 0, 15, 15], "texture": "#4"},
				"east": {"uv": [0, 0, 16, 15], "texture": "#4"},
				"south": {"uv": [0, 0, 15, 15], "texture": "#4"},
				"west": {"uv": [0, 0, 16, 15], "texture": "#4"},
				"up": {"uv": [0, 0, 15, 16], "texture": "#4"},
				"down": {"uv": [0, 0, 15, 16], "texture": "#4"}
			}
		},
		{
			"from": [8.375, 17.8125, 6.8125],
			"to": [8.5, 19.1875, 11.1875],
			"rotation": {"angle": 0, "axis": "y", "origin": [16, 26.6875, 11.8125]},
			"faces": {
				"north": {"uv": [0, 0, 15, 15], "texture": "#4"},
				"east": {"uv": [0, 0, 16, 15], "texture": "#4"},
				"south": {"uv": [0, 0, 15, 15], "texture": "#4"},
				"west": {"uv": [0, 0, 16, 15], "texture": "#4"},
				"up": {"uv": [0, 0, 15, 16], "texture": "#4"},
				"down": {"uv": [0, 0, 15, 16], "texture": "#4"}
			}
		},
		{
			"from": [7.5625, 17.6875, 6.8125],
			"to": [8.5, 17.8125, 8.1875],
			"rotation": {"angle": 0, "axis": "y", "origin": [16, 26.5625, 11.8125]},
			"faces": {
				"north": {"uv": [0, 0, 15, 15], "texture": "#4"},
				"east": {"uv": [0, 0, 16, 15], "texture": "#4"},
				"south": {"uv": [0, 0, 15, 15], "texture": "#4"},
				"west": {"uv": [0, 0, 16, 15], "texture": "#4"},
				"up": {"uv": [0, 0, 15, 16], "texture": "#4"},
				"down": {"uv": [0, 0, 15, 16], "texture": "#4"}
			}
		},
		{
			"from": [7.5625, 17.6875, 9.1875],
			"to": [8.5, 17.8125, 11.1875],
			"rotation": {"angle": 0, "axis": "y", "origin": [16, 26.5625, 14.1875]},
			"faces": {
				"north": {"uv": [0, 0, 15, 15], "texture": "#4"},
				"east": {"uv": [0, 0, 16, 15], "texture": "#4"},
				"south": {"uv": [0, 0, 15, 15], "texture": "#4"},
				"west": {"uv": [0, 0, 16, 15], "texture": "#4"},
				"up": {"uv": [0, 0, 15, 16], "texture": "#4"},
				"down": {"uv": [0, 0, 15, 16], "texture": "#4"}
			}
		},
		{
			"from": [7.5625, 17.6875, 8.1875],
			"to": [7.8125, 17.8125, 9.1875],
			"rotation": {"angle": 0, "axis": "y", "origin": [16, 26.5625, 13.1875]},
			"faces": {
				"north": {"uv": [0, 0, 15, 15], "texture": "#4"},
				"east": {"uv": [0, 0, 16, 15], "texture": "#4"},
				"south": {"uv": [0, 0, 15, 15], "texture": "#4"},
				"west": {"uv": [0, 0, 16, 15], "texture": "#4"},
				"up": {"uv": [0, 0, 15, 16], "texture": "#4"},
				"down": {"uv": [0, 0, 15, 16], "texture": "#4"}
			}
		},
		{
			"from": [8.25, 17.6875, 8.1875],
			"to": [8.5, 17.8125, 9.1875],
			"rotation": {"angle": 0, "axis": "y", "origin": [16.6875, 26.5625, 13.1875]},
			"faces": {
				"north": {"uv": [0, 0, 15, 15], "texture": "#4"},
				"east": {"uv": [0, 0, 16, 15], "texture": "#4"},
				"south": {"uv": [0, 0, 15, 15], "texture": "#4"},
				"west": {"uv": [0, 0, 16, 15], "texture": "#4"},
				"up": {"uv": [0, 0, 15, 16], "texture": "#4"},
				"down": {"uv": [0, 0, 15, 16], "texture": "#4"}
			}
		},
		{
			"from": [7.875, 16.1875, 6.6875],
			"to": [8.3125, 16.3125, 7.625],
			"rotation": {"angle": 22.5, "axis": "x", "origin": [8.03125, 16.25, 7.65625]},
			"faces": {
				"north": {"uv": [0, 0, 15, 15], "texture": "#4"},
				"east": {"uv": [0, 0, 16, 15], "texture": "#4"},
				"south": {"uv": [0, 0, 15, 15], "texture": "#4"},
				"west": {"uv": [0, 0, 16, 15], "texture": "#4"},
				"up": {"uv": [0, 0, 15, 16], "texture": "#4"},
				"down": {"uv": [0, 0, 15, 16], "texture": "#4"}
			}
		},
		{
			"from": [7.875, 16.1875, 7.5625],
			"to": [8.3125, 16.3125, 9.0625],
			"rotation": {"angle": 0, "axis": "y", "origin": [8.03125, 16.25, 8.53125]},
			"faces": {
				"north": {"uv": [0, 0, 15, 15], "texture": "#4"},
				"east": {"uv": [0, 0, 16, 15], "texture": "#4"},
				"south": {"uv": [0, 0, 15, 15], "texture": "#4"},
				"west": {"uv": [0, 0, 16, 15], "texture": "#4"},
				"up": {"uv": [0, 0, 15, 16], "texture": "#4"},
				"down": {"uv": [0, 0, 15, 16], "texture": "#4"}
			}
		},
		{
			"from": [7.875, 16.875, 8.6875],
			"to": [8.3125, 17, 11.3125],
			"rotation": {"angle": -45, "axis": "x", "origin": [8.03125, 16.9375, 9.65625]},
			"faces": {
				"north": {"uv": [0, 0, 15, 15], "texture": "#4"},
				"east": {"uv": [0, 0, 16, 15], "texture": "#4"},
				"south": {"uv": [0, 0, 15, 15], "texture": "#4"},
				"west": {"uv": [0, 0, 16, 15], "texture": "#4"},
				"up": {"uv": [0, 0, 15, 16], "texture": "#4"},
				"down": {"uv": [0, 0, 15, 16], "texture": "#4"}
			}
		},
		{
			"from": [7.5375, 17.40625, 10.96875],
			"to": [8.525, 18.90625, 11.78125],
			"rotation": {"angle": 45, "axis": "x", "origin": [8.03125, 18.375, 11.71875]},
			"faces": {
				"north": {"uv": [0, 0, 15, 15], "rotation": 180, "texture": "#4"},
				"east": {"uv": [0, 0, 16, 15], "rotation": 90, "texture": "#4"},
				"south": {"uv": [0, 0, 15, 15], "texture": "#4"},
				"west": {"uv": [0, 0, 16, 15], "rotation": 270, "texture": "#4"},
				"up": {"uv": [0, 0, 15, 16], "texture": "#4"},
				"down": {"uv": [0, 0, 15, 16], "rotation": 180, "texture": "#4"}
			}
		},
		{
			"from": [7.5625, 18.71875, 11.84375],
			"to": [8.5, 20.21875, 12.09375],
			"rotation": {"angle": 0, "axis": "y", "origin": [8.03125, 19.875, 12.03125]},
			"faces": {
				"north": {"uv": [0, 0, 15, 15], "rotation": 180, "texture": "#4"},
				"east": {"uv": [0, 0, 16, 15], "rotation": 90, "texture": "#4"},
				"south": {"uv": [0, 0, 15, 15], "texture": "#4"},
				"west": {"uv": [0, 0, 16, 15], "rotation": 270, "texture": "#4"},
				"up": {"uv": [0, 0, 15, 16], "texture": "#4"},
				"down": {"uv": [0, 0, 15, 16], "rotation": 180, "texture": "#4"}
			}
		},
		{
			"from": [8.3125, 17.25, 3.8125],
			"to": [8.4375, 18.8125, 6.8125],
			"rotation": {"angle": 0, "axis": "y", "origin": [15.9375, 26.3125, 11.8125]},
			"faces": {
				"north": {"uv": [0, 0, 15, 15], "texture": "#4"},
				"east": {"uv": [0, 0, 16, 15], "texture": "#4"},
				"south": {"uv": [0, 0, 15, 15], "texture": "#4"},
				"west": {"uv": [0, 0, 16, 15], "texture": "#4"},
				"up": {"uv": [0, 0, 15, 16], "texture": "#4"},
				"down": {"uv": [0, 0, 15, 16], "texture": "#4"}
			}
		},
		{
			"from": [8.3125, 16.5625, 6.3125],
			"to": [8.4375, 17.625, 6.8125],
			"rotation": {"angle": 0, "axis": "y", "origin": [15.9375, 25.625, 11.8125]},
			"faces": {
				"north": {"uv": [0, 0, 15, 15], "texture": "#4"},
				"east": {"uv": [0, 0, 16, 15], "texture": "#4"},
				"south": {"uv": [0, 0, 15, 15], "texture": "#4"},
				"west": {"uv": [0, 0, 16, 15], "texture": "#4"},
				"up": {"uv": [0, 0, 15, 16], "texture": "#4"},
				"down": {"uv": [0, 0, 15, 16], "texture": "#4"}
			}
		},
		{
			"from": [8.3125, 17, 4],
			"to": [8.4125, 18.1875, 6.75],
			"rotation": {"angle": 22.5, "axis": "x", "origin": [8.375, 17.78125, 5.5]},
			"faces": {
				"north": {"uv": [0, 0, 15, 15], "texture": "#4"},
				"east": {"uv": [0, 0, 16, 15], "texture": "#4"},
				"south": {"uv": [0, 0, 15, 15], "texture": "#4"},
				"west": {"uv": [0, 0, 16, 15], "texture": "#4"},
				"up": {"uv": [0, 0, 15, 16], "texture": "#4"},
				"down": {"uv": [0, 0, 15, 16], "texture": "#4"}
			}
		},
		{
			"from": [7.725, 17, 4],
			"to": [7.65, 18.1875, 6.75],
			"rotation": {"angle": 22.5, "axis": "x", "origin": [7.6875, 17.78125, 5.5]},
			"faces": {
				"north": {"uv": [0, 0, 15, 15], "texture": "#4"},
				"east": {"uv": [0, 0, 16, 15], "texture": "#4"},
				"south": {"uv": [0, 0, 15, 15], "texture": "#4"},
				"west": {"uv": [0, 0, 16, 15], "texture": "#4"},
				"up": {"uv": [0, 0, 15, 16], "texture": "#4"},
				"down": {"uv": [0, 0, 15, 16], "texture": "#4"}
			}
		},
		{
			"from": [8.25, 18.8125, 3.625],
			"to": [8.625, 19.1875, 7.75],
			"rotation": {"angle": 0, "axis": "y", "origin": [16, 26.6875, 11.8125]},
			"faces": {
				"north": {"uv": [0, 0, 15, 15], "texture": "#4"},
				"east": {"uv": [0, 0, 16, 15], "texture": "#4"},
				"south": {"uv": [0, 0, 15, 15], "texture": "#4"},
				"west": {"uv": [0, 0, 16, 15], "texture": "#4"},
				"up": {"uv": [0, 0, 15, 16], "texture": "#4"},
				"down": {"uv": [0, 0, 15, 16], "texture": "#4"}
			}
		},
		{
			"from": [8.125, 19.5625, 4.6875],
			"to": [8.1875, 19.625, 5.875],
			"rotation": {"angle": 0, "axis": "y", "origin": [16.125, 27.5, 12.6875]},
			"faces": {
				"north": {"uv": [0, 0, 15, 15], "texture": "#4"},
				"east": {"uv": [0, 0, 16, 15], "texture": "#4"},
				"south": {"uv": [0, 0, 15, 15], "texture": "#4"},
				"west": {"uv": [0, 0, 16, 15], "texture": "#4"},
				"up": {"uv": [0, 0, 15, 16], "texture": "#4"},
				"down": {"uv": [0, 0, 15, 16], "texture": "#4"}
			}
		},
		{
			"from": [7.5625, 19.1875, 3.8125],
			"to": [7.6875, 19.5, 9.75],
			"rotation": {"angle": 0, "axis": "y", "origin": [15.1875, 27, 11.8125]},
			"faces": {
				"north": {"uv": [0, 0, 15, 15], "texture": "#4"},
				"east": {"uv": [0, 0, 16, 15], "texture": "#4"},
				"south": {"uv": [0, 0, 15, 15], "texture": "#4"},
				"west": {"uv": [0, 0, 16, 15], "texture": "#4"},
				"up": {"uv": [0, 0, 15, 16], "texture": "#4"},
				"down": {"uv": [0, 0, 15, 16], "texture": "#4"}
			}
		},
		{
			"from": [7.5625, 17.8125, 6.8125],
			"to": [7.6875, 19.1875, 11.1875],
			"rotation": {"angle": 0, "axis": "y", "origin": [15.1875, 26.6875, 11.8125]},
			"faces": {
				"north": {"uv": [0, 0, 15, 15], "texture": "#4"},
				"east": {"uv": [0, 0, 16, 15], "texture": "#4"},
				"south": {"uv": [0, 0, 15, 15], "texture": "#4"},
				"west": {"uv": [0, 0, 16, 15], "texture": "#4"},
				"up": {"uv": [0, 0, 15, 16], "texture": "#4"},
				"down": {"uv": [0, 0, 15, 16], "texture": "#4"}
			}
		},
		{
			"from": [7.4375, 18.5, 9.0625],
			"to": [7.5625, 18.75, 10],
			"rotation": {"angle": -22.5, "axis": "x", "origin": [7.5, 18.625, 10]},
			"faces": {
				"north": {"uv": [0, 0, 15, 15], "texture": "#4"},
				"east": {"uv": [0, 0, 16, 15], "texture": "#4"},
				"south": {"uv": [0, 0, 15, 15], "texture": "#4"},
				"west": {"uv": [0, 0, 16, 15], "texture": "#4"},
				"up": {"uv": [0, 0, 15, 16], "texture": "#4"},
				"down": {"uv": [0, 0, 15, 16], "texture": "#4"}
			}
		},
		{
			"from": [7.625, 17.25, 3.8125],
			"to": [7.75, 18.8125, 6.8125],
			"rotation": {"angle": 0, "axis": "y", "origin": [15.25, 26.3125, 11.8125]},
			"faces": {
				"north": {"uv": [0, 0, 15, 15], "texture": "#4"},
				"east": {"uv": [0, 0, 16, 15], "texture": "#4"},
				"south": {"uv": [0, 0, 15, 15], "texture": "#4"},
				"west": {"uv": [0, 0, 16, 15], "texture": "#4"},
				"up": {"uv": [0, 0, 15, 16], "texture": "#4"},
				"down": {"uv": [0, 0, 15, 16], "texture": "#4"}
			}
		},
		{
			"from": [7.75, 16.5625, 6.75],
			"to": [8.3125, 19.1875, 6.8125],
			"rotation": {"angle": 0, "axis": "y", "origin": [15.3125, 26.3125, 14.75]},
			"faces": {
				"north": {"uv": [0, 0, 15, 15], "texture": "#4"},
				"east": {"uv": [0, 0, 16, 15], "texture": "#4"},
				"south": {"uv": [0, 0, 15, 15], "texture": "#4"},
				"west": {"uv": [0, 0, 16, 15], "texture": "#4"},
				"up": {"uv": [0, 0, 15, 16], "texture": "#4"},
				"down": {"uv": [0, 0, 15, 16], "texture": "#4"}
			}
		},
		{
			"from": [7.625, 16.5625, 6.3125],
			"to": [7.75, 17.625, 6.8125],
			"rotation": {"angle": 0, "axis": "y", "origin": [15.25, 25.625, 11.8125]},
			"faces": {
				"north": {"uv": [0, 0, 15, 15], "texture": "#4"},
				"east": {"uv": [0, 0, 16, 15], "texture": "#4"},
				"south": {"uv": [0, 0, 15, 15], "texture": "#4"},
				"west": {"uv": [0, 0, 16, 15], "texture": "#4"},
				"up": {"uv": [0, 0, 15, 16], "texture": "#4"},
				"down": {"uv": [0, 0, 15, 16], "texture": "#4"}
			}
		},
		{
			"from": [7.6875, 17.25, 3.8125],
			"to": [8.375, 19.5625, 3.875],
			"rotation": {"angle": 0, "axis": "y", "origin": [15.3125, 26.3125, 11.8125]},
			"faces": {
				"north": {"uv": [0, 0, 15, 15], "texture": "#4"},
				"east": {"uv": [0, 0, 16, 15], "texture": "#4"},
				"south": {"uv": [0, 0, 15, 15], "texture": "#4"},
				"west": {"uv": [0, 0, 16, 15], "texture": "#4"},
				"up": {"uv": [0, 0, 15, 16], "texture": "#4"},
				"down": {"uv": [0, 0, 15, 16], "texture": "#4"}
			}
		},
		{
			"from": [7.4375, 18.8125, 3.625],
			"to": [7.8125, 19.1875, 7.75],
			"rotation": {"angle": 0, "axis": "y", "origin": [15.1875, 26.6875, 11.8125]},
			"faces": {
				"north": {"uv": [0, 0, 15, 15], "texture": "#4"},
				"east": {"uv": [0, 0, 16, 15], "texture": "#4"},
				"south": {"uv": [0, 0, 15, 15], "texture": "#4"},
				"west": {"uv": [0, 0, 16, 15], "texture": "#4"},
				"up": {"uv": [0, 0, 15, 16], "texture": "#4"},
				"down": {"uv": [0, 0, 15, 16], "texture": "#4"}
			}
		},
		{
			"from": [7.8125, 20, 4.6875],
			"to": [7.875, 20.4375, 7.25],
			"rotation": {"angle": 0, "axis": "y", "origin": [15.8125, 27.9375, 12.6875]},
			"faces": {
				"north": {"uv": [0, 0, 12, 13], "texture": "#3"},
				"east": {"uv": [0, 0, 12, 12], "texture": "#3"},
				"south": {"uv": [0, 0, 12, 13], "texture": "#3"},
				"west": {"uv": [0, 0, 13, 13], "texture": "#3"},
				"up": {"uv": [0, 0, 12, 13], "texture": "#3"},
				"down": {"uv": [0, 0, 12, 13], "texture": "#3"}
			}
		},
		{
			"from": [7.875, 20.375, 4.6875],
			"to": [8.1875, 20.4375, 7.25],
			"rotation": {"angle": 0, "axis": "y", "origin": [15.8125, 27.9375, 12.6875]},
			"faces": {
				"north": {"uv": [0, 0, 12, 13], "texture": "#3"},
				"east": {"uv": [0, 0, 12, 12], "texture": "#3"},
				"south": {"uv": [0, 0, 12, 13], "texture": "#3"},
				"west": {"uv": [0, 0, 13, 13], "texture": "#3"},
				"up": {"uv": [0, 0, 12, 13], "texture": "#3"},
				"down": {"uv": [0, 0, 12, 13], "texture": "#3"}
			}
		},
		{
			"from": [7.875, 20, 6.8125],
			"to": [8.1875, 20.375, 7.0625],
			"rotation": {"angle": 0, "axis": "y", "origin": [15.8125, 27.875, 12.6875]},
			"faces": {
				"north": {"uv": [0, 0, 12, 13], "texture": "#3"},
				"east": {"uv": [0, 0, 12, 12], "texture": "#3"},
				"south": {"uv": [0, 0, 12, 13], "texture": "#3"},
				"west": {"uv": [0, 0, 13, 13], "texture": "#3"},
				"up": {"uv": [0, 0, 12, 13], "texture": "#3"},
				"down": {"uv": [0, 0, 12, 13], "texture": "#3"}
			}
		},
		{
			"from": [7.9375, 20.125, 6.9375],
			"to": [8.125, 20.25, 10.4375],
			"rotation": {"angle": 0, "axis": "y", "origin": [15.8125, 27.875, 12.8125]},
			"faces": {
				"north": {"uv": [0, 0, 12, 13], "texture": "#3"},
				"east": {"uv": [0, 0, 12, 12], "texture": "#3"},
				"south": {"uv": [0, 0, 12, 13], "texture": "#3"},
				"west": {"uv": [0, 0, 13, 13], "texture": "#3"},
				"up": {"uv": [0, 0, 12, 13], "texture": "#3"},
				"down": {"uv": [0, 0, 12, 13], "texture": "#3"}
			}
		},
		{
			"from": [7.9375, 20.25, 7.0625],
			"to": [8.125, 20.3125, 7.125],
			"rotation": {"angle": 0, "axis": "y", "origin": [15.8125, 27.9375, 12.9375]},
			"faces": {
				"north": {"uv": [0, 0, 12, 13], "texture": "#3"},
				"east": {"uv": [0, 0, 12, 12], "texture": "#3"},
				"south": {"uv": [0, 0, 12, 13], "texture": "#3"},
				"west": {"uv": [0, 0, 13, 13], "texture": "#3"},
				"up": {"uv": [0, 0, 12, 13], "texture": "#3"},
				"down": {"uv": [0, 0, 12, 13], "texture": "#3"}
			}
		},
		{
			"from": [7.9375, 20.25, 7.125],
			"to": [8.125, 20.3125, 7.1875],
			"rotation": {"angle": 0, "axis": "y", "origin": [15.8125, 27.9375, 13]},
			"faces": {
				"north": {"uv": [0, 0, 12, 13], "texture": "#3"},
				"east": {"uv": [0, 0, 12, 12], "texture": "#3"},
				"south": {"uv": [0, 0, 12, 13], "texture": "#3"},
				"west": {"uv": [0, 0, 13, 13], "texture": "#3"},
				"up": {"uv": [0, 0, 12, 13], "texture": "#3"},
				"down": {"uv": [0, 0, 12, 13], "texture": "#3"}
			}
		},
		{
			"from": [7.9375, 20.25, 7.375],
			"to": [8.125, 20.3125, 7.4375],
			"rotation": {"angle": 0, "axis": "y", "origin": [15.8125, 27.9375, 13.25]},
			"faces": {
				"north": {"uv": [0, 0, 12, 13], "texture": "#3"},
				"east": {"uv": [0, 0, 12, 12], "texture": "#3"},
				"south": {"uv": [0, 0, 12, 13], "texture": "#3"},
				"west": {"uv": [0, 0, 13, 13], "texture": "#3"},
				"up": {"uv": [0, 0, 12, 13], "texture": "#3"},
				"down": {"uv": [0, 0, 12, 13], "texture": "#3"}
			}
		},
		{
			"from": [7.9375, 20.25, 7.5625],
			"to": [8.125, 20.3125, 7.625],
			"rotation": {"angle": 0, "axis": "y", "origin": [15.8125, 27.9375, 13.4375]},
			"faces": {
				"north": {"uv": [0, 0, 12, 13], "texture": "#3"},
				"east": {"uv": [0, 0, 12, 12], "texture": "#3"},
				"south": {"uv": [0, 0, 12, 13], "texture": "#3"},
				"west": {"uv": [0, 0, 13, 13], "texture": "#3"},
				"up": {"uv": [0, 0, 12, 13], "texture": "#3"},
				"down": {"uv": [0, 0, 12, 13], "texture": "#3"}
			}
		},
		{
			"from": [7.9375, 20.25, 7.75],
			"to": [8.125, 20.3125, 7.8125],
			"rotation": {"angle": 0, "axis": "y", "origin": [15.8125, 27.9375, 13.625]},
			"faces": {
				"north": {"uv": [0, 0, 12, 13], "texture": "#3"},
				"east": {"uv": [0, 0, 12, 12], "texture": "#3"},
				"south": {"uv": [0, 0, 12, 13], "texture": "#3"},
				"west": {"uv": [0, 0, 13, 13], "texture": "#3"},
				"up": {"uv": [0, 0, 12, 13], "texture": "#3"},
				"down": {"uv": [0, 0, 12, 13], "texture": "#3"}
			}
		},
		{
			"from": [7.9375, 20.25, 7.9375],
			"to": [8.125, 20.3125, 8],
			"rotation": {"angle": 0, "axis": "y", "origin": [15.8125, 27.9375, 13.8125]},
			"faces": {
				"north": {"uv": [0, 0, 12, 13], "texture": "#3"},
				"east": {"uv": [0, 0, 12, 12], "texture": "#3"},
				"south": {"uv": [0, 0, 12, 13], "texture": "#3"},
				"west": {"uv": [0, 0, 13, 13], "texture": "#3"},
				"up": {"uv": [0, 0, 12, 13], "texture": "#3"},
				"down": {"uv": [0, 0, 12, 13], "texture": "#3"}
			}
		},
		{
			"from": [7.9375, 20.25, 8.125],
			"to": [8.125, 20.3125, 8.1875],
			"rotation": {"angle": 0, "axis": "y", "origin": [15.8125, 27.9375, 14]},
			"faces": {
				"north": {"uv": [0, 0, 12, 13], "texture": "#3"},
				"east": {"uv": [0, 0, 12, 12], "texture": "#3"},
				"south": {"uv": [0, 0, 12, 13], "texture": "#3"},
				"west": {"uv": [0, 0, 13, 13], "texture": "#3"},
				"up": {"uv": [0, 0, 12, 13], "texture": "#3"},
				"down": {"uv": [0, 0, 12, 13], "texture": "#3"}
			}
		},
		{
			"from": [7.9375, 20.25, 8.3125],
			"to": [8.125, 20.3125, 8.375],
			"rotation": {"angle": 0, "axis": "y", "origin": [15.8125, 27.9375, 14.1875]},
			"faces": {
				"north": {"uv": [0, 0, 12, 13], "texture": "#3"},
				"east": {"uv": [0, 0, 12, 12], "texture": "#3"},
				"south": {"uv": [0, 0, 12, 13], "texture": "#3"},
				"west": {"uv": [0, 0, 13, 13], "texture": "#3"},
				"up": {"uv": [0, 0, 12, 13], "texture": "#3"},
				"down": {"uv": [0, 0, 12, 13], "texture": "#3"}
			}
		},
		{
			"from": [7.9375, 20.25, 8.5],
			"to": [8.125, 20.3125, 8.5625],
			"rotation": {"angle": 0, "axis": "y", "origin": [15.8125, 27.9375, 14.375]},
			"faces": {
				"north": {"uv": [0, 0, 12, 13], "texture": "#3"},
				"east": {"uv": [0, 0, 12, 12], "texture": "#3"},
				"south": {"uv": [0, 0, 12, 13], "texture": "#3"},
				"west": {"uv": [0, 0, 13, 13], "texture": "#3"},
				"up": {"uv": [0, 0, 12, 13], "texture": "#3"},
				"down": {"uv": [0, 0, 12, 13], "texture": "#3"}
			}
		},
		{
			"from": [7.9375, 20.25, 8.6875],
			"to": [8.125, 20.3125, 8.75],
			"rotation": {"angle": 0, "axis": "y", "origin": [15.8125, 27.9375, 14.5625]},
			"faces": {
				"north": {"uv": [0, 0, 12, 13], "texture": "#3"},
				"east": {"uv": [0, 0, 12, 12], "texture": "#3"},
				"south": {"uv": [0, 0, 12, 13], "texture": "#3"},
				"west": {"uv": [0, 0, 13, 13], "texture": "#3"},
				"up": {"uv": [0, 0, 12, 13], "texture": "#3"},
				"down": {"uv": [0, 0, 12, 13], "texture": "#3"}
			}
		},
		{
			"from": [7.9375, 20.25, 8.875],
			"to": [8.125, 20.3125, 8.9375],
			"rotation": {"angle": 0, "axis": "y", "origin": [15.8125, 27.9375, 14.75]},
			"faces": {
				"north": {"uv": [0, 0, 12, 13], "texture": "#3"},
				"east": {"uv": [0, 0, 12, 12], "texture": "#3"},
				"south": {"uv": [0, 0, 12, 13], "texture": "#3"},
				"west": {"uv": [0, 0, 13, 13], "texture": "#3"},
				"up": {"uv": [0, 0, 12, 13], "texture": "#3"},
				"down": {"uv": [0, 0, 12, 13], "texture": "#3"}
			}
		},
		{
			"from": [7.9375, 20.25, 9.0625],
			"to": [8.125, 20.3125, 9.125],
			"rotation": {"angle": 0, "axis": "y", "origin": [15.8125, 27.9375, 14.9375]},
			"faces": {
				"north": {"uv": [0, 0, 12, 13], "texture": "#3"},
				"east": {"uv": [0, 0, 12, 12], "texture": "#3"},
				"south": {"uv": [0, 0, 12, 13], "texture": "#3"},
				"west": {"uv": [0, 0, 13, 13], "texture": "#3"},
				"up": {"uv": [0, 0, 12, 13], "texture": "#3"},
				"down": {"uv": [0, 0, 12, 13], "texture": "#3"}
			}
		},
		{
			"from": [7.9375, 20.25, 9.25],
			"to": [8.125, 20.3125, 9.3125],
			"rotation": {"angle": 0, "axis": "y", "origin": [15.8125, 27.9375, 15.125]},
			"faces": {
				"north": {"uv": [0, 0, 12, 13], "texture": "#3"},
				"east": {"uv": [0, 0, 12, 12], "texture": "#3"},
				"south": {"uv": [0, 0, 12, 13], "texture": "#3"},
				"west": {"uv": [0, 0, 13, 13], "texture": "#3"},
				"up": {"uv": [0, 0, 12, 13], "texture": "#3"},
				"down": {"uv": [0, 0, 12, 13], "texture": "#3"}
			}
		},
		{
			"from": [7.9375, 20.25, 9.4375],
			"to": [8.125, 20.3125, 9.5],
			"rotation": {"angle": 0, "axis": "y", "origin": [15.8125, 27.9375, 15.3125]},
			"faces": {
				"north": {"uv": [0, 0, 12, 13], "texture": "#3"},
				"east": {"uv": [0, 0, 12, 12], "texture": "#3"},
				"south": {"uv": [0, 0, 12, 13], "texture": "#3"},
				"west": {"uv": [0, 0, 13, 13], "texture": "#3"},
				"up": {"uv": [0, 0, 12, 13], "texture": "#3"},
				"down": {"uv": [0, 0, 12, 13], "texture": "#3"}
			}
		},
		{
			"from": [7.9375, 20.25, 9.625],
			"to": [8.125, 20.3125, 9.6875],
			"rotation": {"angle": 0, "axis": "y", "origin": [15.8125, 27.9375, 15.5]},
			"faces": {
				"north": {"uv": [0, 0, 12, 13], "texture": "#3"},
				"east": {"uv": [0, 0, 12, 12], "texture": "#3"},
				"south": {"uv": [0, 0, 12, 13], "texture": "#3"},
				"west": {"uv": [0, 0, 13, 13], "texture": "#3"},
				"up": {"uv": [0, 0, 12, 13], "texture": "#3"},
				"down": {"uv": [0, 0, 12, 13], "texture": "#3"}
			}
		},
		{
			"from": [7.9375, 20.25, 9.8125],
			"to": [8.125, 20.3125, 9.875],
			"rotation": {"angle": 0, "axis": "y", "origin": [15.8125, 27.9375, 15.6875]},
			"faces": {
				"north": {"uv": [0, 0, 12, 13], "texture": "#3"},
				"east": {"uv": [0, 0, 12, 12], "texture": "#3"},
				"south": {"uv": [0, 0, 12, 13], "texture": "#3"},
				"west": {"uv": [0, 0, 13, 13], "texture": "#3"},
				"up": {"uv": [0, 0, 12, 13], "texture": "#3"},
				"down": {"uv": [0, 0, 12, 13], "texture": "#3"}
			}
		},
		{
			"from": [7.9375, 20.25, 10],
			"to": [8.125, 20.3125, 10.0625],
			"rotation": {"angle": 0, "axis": "y", "origin": [15.8125, 27.9375, 15.875]},
			"faces": {
				"north": {"uv": [0, 0, 12, 13], "texture": "#3"},
				"east": {"uv": [0, 0, 12, 12], "texture": "#3"},
				"south": {"uv": [0, 0, 12, 13], "texture": "#3"},
				"west": {"uv": [0, 0, 13, 13], "texture": "#3"},
				"up": {"uv": [0, 0, 12, 13], "texture": "#3"},
				"down": {"uv": [0, 0, 12, 13], "texture": "#3"}
			}
		},
		{
			"from": [7.9375, 20.25, 10.1875],
			"to": [8.125, 20.3125, 10.25],
			"rotation": {"angle": 0, "axis": "y", "origin": [15.8125, 27.9375, 16.0625]},
			"faces": {
				"north": {"uv": [0, 0, 12, 13], "texture": "#3"},
				"east": {"uv": [0, 0, 12, 12], "texture": "#3"},
				"south": {"uv": [0, 0, 12, 13], "texture": "#3"},
				"west": {"uv": [0, 0, 13, 13], "texture": "#3"},
				"up": {"uv": [0, 0, 12, 13], "texture": "#3"},
				"down": {"uv": [0, 0, 12, 13], "texture": "#3"}
			}
		},
		{
			"from": [7.9375, 20.25, 10.375],
			"to": [8.125, 20.3125, 10.4375],
			"rotation": {"angle": 0, "axis": "y", "origin": [15.8125, 27.9375, 16.25]},
			"faces": {
				"north": {"uv": [0, 0, 12, 13], "texture": "#3"},
				"east": {"uv": [0, 0, 12, 12], "texture": "#3"},
				"south": {"uv": [0, 0, 12, 13], "texture": "#3"},
				"west": {"uv": [0, 0, 13, 13], "texture": "#3"},
				"up": {"uv": [0, 0, 12, 13], "texture": "#3"},
				"down": {"uv": [0, 0, 12, 13], "texture": "#3"}
			}
		},
		{
			"from": [7.9375, 20.0625, 7.25],
			"to": [8.125, 20.125, 7.3125],
			"rotation": {"angle": 0, "axis": "y", "origin": [15.8125, 27.75, 13.125]},
			"faces": {
				"north": {"uv": [0, 0, 12, 13], "texture": "#3"},
				"east": {"uv": [0, 0, 12, 12], "texture": "#3"},
				"south": {"uv": [0, 0, 12, 13], "texture": "#3"},
				"west": {"uv": [0, 0, 13, 13], "texture": "#3"},
				"up": {"uv": [0, 0, 12, 13], "texture": "#3"},
				"down": {"uv": [0, 0, 12, 13], "texture": "#3"}
			}
		},
		{
			"from": [7.9375, 20.0625, 7.4375],
			"to": [8.125, 20.125, 7.5],
			"rotation": {"angle": 0, "axis": "y", "origin": [15.8125, 27.75, 13.3125]},
			"faces": {
				"north": {"uv": [0, 0, 12, 13], "texture": "#3"},
				"east": {"uv": [0, 0, 12, 12], "texture": "#3"},
				"south": {"uv": [0, 0, 12, 13], "texture": "#3"},
				"west": {"uv": [0, 0, 13, 13], "texture": "#3"},
				"up": {"uv": [0, 0, 12, 13], "texture": "#3"},
				"down": {"uv": [0, 0, 12, 13], "texture": "#3"}
			}
		},
		{
			"from": [7.9375, 20.0625, 7.625],
			"to": [8.125, 20.125, 7.6875],
			"rotation": {"angle": 0, "axis": "y", "origin": [15.8125, 27.75, 13.5]},
			"faces": {
				"north": {"uv": [0, 0, 12, 13], "texture": "#3"},
				"east": {"uv": [0, 0, 12, 12], "texture": "#3"},
				"south": {"uv": [0, 0, 12, 13], "texture": "#3"},
				"west": {"uv": [0, 0, 13, 13], "texture": "#3"},
				"up": {"uv": [0, 0, 12, 13], "texture": "#3"},
				"down": {"uv": [0, 0, 12, 13], "texture": "#3"}
			}
		},
		{
			"from": [7.9375, 20.0625, 7.8125],
			"to": [8.125, 20.125, 7.875],
			"rotation": {"angle": 0, "axis": "y", "origin": [15.8125, 27.75, 13.6875]},
			"faces": {
				"north": {"uv": [0, 0, 12, 13], "texture": "#3"},
				"east": {"uv": [0, 0, 12, 12], "texture": "#3"},
				"south": {"uv": [0, 0, 12, 13], "texture": "#3"},
				"west": {"uv": [0, 0, 13, 13], "texture": "#3"},
				"up": {"uv": [0, 0, 12, 13], "texture": "#3"},
				"down": {"uv": [0, 0, 12, 13], "texture": "#3"}
			}
		},
		{
			"from": [7.9375, 20.0625, 8],
			"to": [8.125, 20.125, 8.0625],
			"rotation": {"angle": 0, "axis": "y", "origin": [15.8125, 27.75, 13.875]},
			"faces": {
				"north": {"uv": [0, 0, 12, 13], "texture": "#3"},
				"east": {"uv": [0, 0, 12, 12], "texture": "#3"},
				"south": {"uv": [0, 0, 12, 13], "texture": "#3"},
				"west": {"uv": [0, 0, 13, 13], "texture": "#3"},
				"up": {"uv": [0, 0, 12, 13], "texture": "#3"},
				"down": {"uv": [0, 0, 12, 13], "texture": "#3"}
			}
		},
		{
			"from": [7.9375, 20.0625, 8.1875],
			"to": [8.125, 20.125, 8.25],
			"rotation": {"angle": 0, "axis": "y", "origin": [15.8125, 27.75, 14.0625]},
			"faces": {
				"north": {"uv": [0, 0, 12, 13], "texture": "#3"},
				"east": {"uv": [0, 0, 12, 12], "texture": "#3"},
				"south": {"uv": [0, 0, 12, 13], "texture": "#3"},
				"west": {"uv": [0, 0, 13, 13], "texture": "#3"},
				"up": {"uv": [0, 0, 12, 13], "texture": "#3"},
				"down": {"uv": [0, 0, 12, 13], "texture": "#3"}
			}
		},
		{
			"from": [7.9375, 20.0625, 8.375],
			"to": [8.125, 20.125, 8.4375],
			"rotation": {"angle": 0, "axis": "y", "origin": [15.8125, 27.75, 14.25]},
			"faces": {
				"north": {"uv": [0, 0, 12, 13], "texture": "#3"},
				"east": {"uv": [0, 0, 12, 12], "texture": "#3"},
				"south": {"uv": [0, 0, 12, 13], "texture": "#3"},
				"west": {"uv": [0, 0, 13, 13], "texture": "#3"},
				"up": {"uv": [0, 0, 12, 13], "texture": "#3"},
				"down": {"uv": [0, 0, 12, 13], "texture": "#3"}
			}
		},
		{
			"from": [7.9375, 20.0625, 8.5625],
			"to": [8.125, 20.125, 8.625],
			"rotation": {"angle": 0, "axis": "y", "origin": [15.8125, 27.75, 14.4375]},
			"faces": {
				"north": {"uv": [0, 0, 12, 13], "texture": "#3"},
				"east": {"uv": [0, 0, 12, 12], "texture": "#3"},
				"south": {"uv": [0, 0, 12, 13], "texture": "#3"},
				"west": {"uv": [0, 0, 13, 13], "texture": "#3"},
				"up": {"uv": [0, 0, 12, 13], "texture": "#3"},
				"down": {"uv": [0, 0, 12, 13], "texture": "#3"}
			}
		},
		{
			"from": [7.9375, 20.0625, 8.75],
			"to": [8.125, 20.125, 8.8125],
			"rotation": {"angle": 0, "axis": "y", "origin": [15.8125, 27.75, 14.625]},
			"faces": {
				"north": {"uv": [0, 0, 12, 13], "texture": "#3"},
				"east": {"uv": [0, 0, 12, 12], "texture": "#3"},
				"south": {"uv": [0, 0, 12, 13], "texture": "#3"},
				"west": {"uv": [0, 0, 13, 13], "texture": "#3"},
				"up": {"uv": [0, 0, 12, 13], "texture": "#3"},
				"down": {"uv": [0, 0, 12, 13], "texture": "#3"}
			}
		},
		{
			"from": [7.9375, 20.0625, 8.9375],
			"to": [8.125, 20.125, 9],
			"rotation": {"angle": 0, "axis": "y", "origin": [15.8125, 27.75, 14.8125]},
			"faces": {
				"north": {"uv": [0, 0, 12, 13], "texture": "#3"},
				"east": {"uv": [0, 0, 12, 12], "texture": "#3"},
				"south": {"uv": [0, 0, 12, 13], "texture": "#3"},
				"west": {"uv": [0, 0, 13, 13], "texture": "#3"},
				"up": {"uv": [0, 0, 12, 13], "texture": "#3"},
				"down": {"uv": [0, 0, 12, 13], "texture": "#3"}
			}
		},
		{
			"from": [7.9375, 20.0625, 9.125],
			"to": [8.125, 20.125, 9.1875],
			"rotation": {"angle": 0, "axis": "y", "origin": [15.8125, 27.75, 15]},
			"faces": {
				"north": {"uv": [0, 0, 12, 13], "texture": "#3"},
				"east": {"uv": [0, 0, 12, 12], "texture": "#3"},
				"south": {"uv": [0, 0, 12, 13], "texture": "#3"},
				"west": {"uv": [0, 0, 13, 13], "texture": "#3"},
				"up": {"uv": [0, 0, 12, 13], "texture": "#3"},
				"down": {"uv": [0, 0, 12, 13], "texture": "#3"}
			}
		},
		{
			"from": [7.9375, 20.0625, 9.3125],
			"to": [8.125, 20.125, 9.375],
			"rotation": {"angle": 0, "axis": "y", "origin": [15.8125, 27.75, 15.1875]},
			"faces": {
				"north": {"uv": [0, 0, 12, 13], "texture": "#3"},
				"east": {"uv": [0, 0, 12, 12], "texture": "#3"},
				"south": {"uv": [0, 0, 12, 13], "texture": "#3"},
				"west": {"uv": [0, 0, 13, 13], "texture": "#3"},
				"up": {"uv": [0, 0, 12, 13], "texture": "#3"},
				"down": {"uv": [0, 0, 12, 13], "texture": "#3"}
			}
		},
		{
			"from": [7.9375, 20.0625, 9.5],
			"to": [8.125, 20.125, 9.5625],
			"rotation": {"angle": 0, "axis": "y", "origin": [15.8125, 27.75, 15.375]},
			"faces": {
				"north": {"uv": [0, 0, 12, 13], "texture": "#3"},
				"east": {"uv": [0, 0, 12, 12], "texture": "#3"},
				"south": {"uv": [0, 0, 12, 13], "texture": "#3"},
				"west": {"uv": [0, 0, 13, 13], "texture": "#3"},
				"up": {"uv": [0, 0, 12, 13], "texture": "#3"},
				"down": {"uv": [0, 0, 12, 13], "texture": "#3"}
			}
		},
		{
			"from": [7.9375, 20.0625, 9.6875],
			"to": [8.125, 20.125, 9.75],
			"rotation": {"angle": 0, "axis": "y", "origin": [15.8125, 27.75, 15.5625]},
			"faces": {
				"north": {"uv": [0, 0, 12, 13], "texture": "#3"},
				"east": {"uv": [0, 0, 12, 12], "texture": "#3"},
				"south": {"uv": [0, 0, 12, 13], "texture": "#3"},
				"west": {"uv": [0, 0, 13, 13], "texture": "#3"},
				"up": {"uv": [0, 0, 12, 13], "texture": "#3"},
				"down": {"uv": [0, 0, 12, 13], "texture": "#3"}
			}
		},
		{
			"from": [7.9375, 20.0625, 9.875],
			"to": [8.125, 20.125, 9.9375],
			"rotation": {"angle": 0, "axis": "y", "origin": [15.8125, 27.75, 15.75]},
			"faces": {
				"north": {"uv": [0, 0, 12, 13], "texture": "#3"},
				"east": {"uv": [0, 0, 12, 12], "texture": "#3"},
				"south": {"uv": [0, 0, 12, 13], "texture": "#3"},
				"west": {"uv": [0, 0, 13, 13], "texture": "#3"},
				"up": {"uv": [0, 0, 12, 13], "texture": "#3"},
				"down": {"uv": [0, 0, 12, 13], "texture": "#3"}
			}
		},
		{
			"from": [7.9375, 20.0625, 10.0625],
			"to": [8.125, 20.125, 10.125],
			"rotation": {"angle": 0, "axis": "y", "origin": [15.8125, 27.75, 15.9375]},
			"faces": {
				"north": {"uv": [0, 0, 12, 13], "texture": "#3"},
				"east": {"uv": [0, 0, 12, 12], "texture": "#3"},
				"south": {"uv": [0, 0, 12, 13], "texture": "#3"},
				"west": {"uv": [0, 0, 13, 13], "texture": "#3"},
				"up": {"uv": [0, 0, 12, 13], "texture": "#3"},
				"down": {"uv": [0, 0, 12, 13], "texture": "#3"}
			}
		},
		{
			"from": [7.9375, 20.0625, 10.25],
			"to": [8.125, 20.125, 10.3125],
			"rotation": {"angle": 0, "axis": "y", "origin": [15.8125, 27.75, 16.125]},
			"faces": {
				"north": {"uv": [0, 0, 12, 13], "texture": "#3"},
				"east": {"uv": [0, 0, 12, 12], "texture": "#3"},
				"south": {"uv": [0, 0, 12, 13], "texture": "#3"},
				"west": {"uv": [0, 0, 13, 13], "texture": "#3"},
				"up": {"uv": [0, 0, 12, 13], "texture": "#3"},
				"down": {"uv": [0, 0, 12, 13], "texture": "#3"}
			}
		},
		{
			"from": [7.875, 20.125, 7.0625],
			"to": [7.9375, 20.25, 7.125],
			"rotation": {"angle": 0, "axis": "y", "origin": [15.75, 27.875, 12.9375]},
			"faces": {
				"north": {"uv": [0, 0, 12, 13], "texture": "#3"},
				"east": {"uv": [0, 0, 12, 12], "texture": "#3"},
				"south": {"uv": [0, 0, 12, 13], "texture": "#3"},
				"west": {"uv": [0, 0, 13, 13], "texture": "#3"},
				"up": {"uv": [0, 0, 12, 13], "texture": "#3"},
				"down": {"uv": [0, 0, 12, 13], "texture": "#3"}
			}
		},
		{
			"from": [7.875, 20.125, 7.125],
			"to": [7.9375, 20.25, 7.1875],
			"rotation": {"angle": 0, "axis": "y", "origin": [15.75, 27.875, 13]},
			"faces": {
				"north": {"uv": [0, 0, 12, 13], "texture": "#3"},
				"east": {"uv": [0, 0, 12, 12], "texture": "#3"},
				"south": {"uv": [0, 0, 12, 13], "texture": "#3"},
				"west": {"uv": [0, 0, 13, 13], "texture": "#3"},
				"up": {"uv": [0, 0, 12, 13], "texture": "#3"},
				"down": {"uv": [0, 0, 12, 13], "texture": "#3"}
			}
		},
		{
			"from": [7.875, 20.125, 7.1875],
			"to": [7.9375, 20.25, 7.25],
			"rotation": {"angle": -22.5, "axis": "x", "origin": [7.90625, 20.1875, 7.21875]},
			"faces": {
				"north": {"uv": [0, 0, 12, 13], "texture": "#3"},
				"east": {"uv": [0, 0, 12, 12], "texture": "#3"},
				"south": {"uv": [0, 0, 12, 13], "texture": "#3"},
				"west": {"uv": [0, 0, 13, 13], "texture": "#3"},
				"up": {"uv": [0, 0, 12, 13], "texture": "#3"},
				"down": {"uv": [0, 0, 12, 13], "texture": "#3"}
			}
		},
		{
			"from": [7.875, 20.125, 7.375],
			"to": [7.9375, 20.25, 7.4375],
			"rotation": {"angle": -22.5, "axis": "x", "origin": [7.90625, 20.1875, 7.40625]},
			"faces": {
				"north": {"uv": [0, 0, 12, 13], "texture": "#3"},
				"east": {"uv": [0, 0, 12, 12], "texture": "#3"},
				"south": {"uv": [0, 0, 12, 13], "texture": "#3"},
				"west": {"uv": [0, 0, 13, 13], "texture": "#3"},
				"up": {"uv": [0, 0, 12, 13], "texture": "#3"},
				"down": {"uv": [0, 0, 12, 13], "texture": "#3"}
			}
		},
		{
			"from": [7.875, 20.125, 7.5625],
			"to": [7.9375, 20.25, 7.625],
			"rotation": {"angle": -22.5, "axis": "x", "origin": [7.90625, 20.1875, 7.59375]},
			"faces": {
				"north": {"uv": [0, 0, 12, 13], "texture": "#3"},
				"east": {"uv": [0, 0, 12, 12], "texture": "#3"},
				"south": {"uv": [0, 0, 12, 13], "texture": "#3"},
				"west": {"uv": [0, 0, 13, 13], "texture": "#3"},
				"up": {"uv": [0, 0, 12, 13], "texture": "#3"},
				"down": {"uv": [0, 0, 12, 13], "texture": "#3"}
			}
		},
		{
			"from": [7.875, 20.125, 7.75],
			"to": [7.9375, 20.25, 7.8125],
			"rotation": {"angle": -22.5, "axis": "x", "origin": [7.90625, 20.1875, 7.78125]},
			"faces": {
				"north": {"uv": [0, 0, 12, 13], "texture": "#3"},
				"east": {"uv": [0, 0, 12, 12], "texture": "#3"},
				"south": {"uv": [0, 0, 12, 13], "texture": "#3"},
				"west": {"uv": [0, 0, 13, 13], "texture": "#3"},
				"up": {"uv": [0, 0, 12, 13], "texture": "#3"},
				"down": {"uv": [0, 0, 12, 13], "texture": "#3"}
			}
		},
		{
			"from": [7.875, 20.125, 7.9375],
			"to": [7.9375, 20.25, 8],
			"rotation": {"angle": -22.5, "axis": "x", "origin": [7.90625, 20.1875, 7.96875]},
			"faces": {
				"north": {"uv": [0, 0, 12, 13], "texture": "#3"},
				"east": {"uv": [0, 0, 12, 12], "texture": "#3"},
				"south": {"uv": [0, 0, 12, 13], "texture": "#3"},
				"west": {"uv": [0, 0, 13, 13], "texture": "#3"},
				"up": {"uv": [0, 0, 12, 13], "texture": "#3"},
				"down": {"uv": [0, 0, 12, 13], "texture": "#3"}
			}
		},
		{
			"from": [7.875, 20.125, 8.125],
			"to": [7.9375, 20.25, 8.1875],
			"rotation": {"angle": -22.5, "axis": "x", "origin": [7.90625, 20.1875, 8.15625]},
			"faces": {
				"north": {"uv": [0, 0, 12, 13], "texture": "#3"},
				"east": {"uv": [0, 0, 12, 12], "texture": "#3"},
				"south": {"uv": [0, 0, 12, 13], "texture": "#3"},
				"west": {"uv": [0, 0, 13, 13], "texture": "#3"},
				"up": {"uv": [0, 0, 12, 13], "texture": "#3"},
				"down": {"uv": [0, 0, 12, 13], "texture": "#3"}
			}
		},
		{
			"from": [7.875, 20.125, 8.3125],
			"to": [7.9375, 20.25, 8.375],
			"rotation": {"angle": -22.5, "axis": "x", "origin": [7.90625, 20.1875, 8.34375]},
			"faces": {
				"north": {"uv": [0, 0, 12, 13], "texture": "#3"},
				"east": {"uv": [0, 0, 12, 12], "texture": "#3"},
				"south": {"uv": [0, 0, 12, 13], "texture": "#3"},
				"west": {"uv": [0, 0, 13, 13], "texture": "#3"},
				"up": {"uv": [0, 0, 12, 13], "texture": "#3"},
				"down": {"uv": [0, 0, 12, 13], "texture": "#3"}
			}
		},
		{
			"from": [7.875, 20.125, 8.5],
			"to": [7.9375, 20.25, 8.5625],
			"rotation": {"angle": -22.5, "axis": "x", "origin": [7.90625, 20.1875, 8.53125]},
			"faces": {
				"north": {"uv": [0, 0, 12, 13], "texture": "#3"},
				"east": {"uv": [0, 0, 12, 12], "texture": "#3"},
				"south": {"uv": [0, 0, 12, 13], "texture": "#3"},
				"west": {"uv": [0, 0, 13, 13], "texture": "#3"},
				"up": {"uv": [0, 0, 12, 13], "texture": "#3"},
				"down": {"uv": [0, 0, 12, 13], "texture": "#3"}
			}
		},
		{
			"from": [7.875, 20.125, 8.6875],
			"to": [7.9375, 20.25, 8.75],
			"rotation": {"angle": -22.5, "axis": "x", "origin": [7.90625, 20.1875, 8.71875]},
			"faces": {
				"north": {"uv": [0, 0, 12, 13], "texture": "#3"},
				"east": {"uv": [0, 0, 12, 12], "texture": "#3"},
				"south": {"uv": [0, 0, 12, 13], "texture": "#3"},
				"west": {"uv": [0, 0, 13, 13], "texture": "#3"},
				"up": {"uv": [0, 0, 12, 13], "texture": "#3"},
				"down": {"uv": [0, 0, 12, 13], "texture": "#3"}
			}
		},
		{
			"from": [7.875, 20.125, 8.875],
			"to": [7.9375, 20.25, 8.9375],
			"rotation": {"angle": -22.5, "axis": "x", "origin": [7.90625, 20.1875, 8.90625]},
			"faces": {
				"north": {"uv": [0, 0, 12, 13], "texture": "#3"},
				"east": {"uv": [0, 0, 12, 12], "texture": "#3"},
				"south": {"uv": [0, 0, 12, 13], "texture": "#3"},
				"west": {"uv": [0, 0, 13, 13], "texture": "#3"},
				"up": {"uv": [0, 0, 12, 13], "texture": "#3"},
				"down": {"uv": [0, 0, 12, 13], "texture": "#3"}
			}
		},
		{
			"from": [7.875, 20.125, 9.0625],
			"to": [7.9375, 20.25, 9.125],
			"rotation": {"angle": -22.5, "axis": "x", "origin": [7.90625, 20.1875, 9.09375]},
			"faces": {
				"north": {"uv": [0, 0, 12, 13], "texture": "#3"},
				"east": {"uv": [0, 0, 12, 12], "texture": "#3"},
				"south": {"uv": [0, 0, 12, 13], "texture": "#3"},
				"west": {"uv": [0, 0, 13, 13], "texture": "#3"},
				"up": {"uv": [0, 0, 12, 13], "texture": "#3"},
				"down": {"uv": [0, 0, 12, 13], "texture": "#3"}
			}
		},
		{
			"from": [7.875, 20.125, 9.25],
			"to": [7.9375, 20.25, 9.3125],
			"rotation": {"angle": -22.5, "axis": "x", "origin": [7.90625, 20.1875, 9.28125]},
			"faces": {
				"north": {"uv": [0, 0, 12, 13], "texture": "#3"},
				"east": {"uv": [0, 0, 12, 12], "texture": "#3"},
				"south": {"uv": [0, 0, 12, 13], "texture": "#3"},
				"west": {"uv": [0, 0, 13, 13], "texture": "#3"},
				"up": {"uv": [0, 0, 12, 13], "texture": "#3"},
				"down": {"uv": [0, 0, 12, 13], "texture": "#3"}
			}
		},
		{
			"from": [7.875, 20.125, 9.4375],
			"to": [7.9375, 20.25, 9.5],
			"rotation": {"angle": -22.5, "axis": "x", "origin": [7.90625, 20.1875, 9.46875]},
			"faces": {
				"north": {"uv": [0, 0, 12, 13], "texture": "#3"},
				"east": {"uv": [0, 0, 12, 12], "texture": "#3"},
				"south": {"uv": [0, 0, 12, 13], "texture": "#3"},
				"west": {"uv": [0, 0, 13, 13], "texture": "#3"},
				"up": {"uv": [0, 0, 12, 13], "texture": "#3"},
				"down": {"uv": [0, 0, 12, 13], "texture": "#3"}
			}
		},
		{
			"from": [7.875, 20.125, 9.625],
			"to": [7.9375, 20.25, 9.6875],
			"rotation": {"angle": -22.5, "axis": "x", "origin": [7.90625, 20.1875, 9.65625]},
			"faces": {
				"north": {"uv": [0, 0, 12, 13], "texture": "#3"},
				"east": {"uv": [0, 0, 12, 12], "texture": "#3"},
				"south": {"uv": [0, 0, 12, 13], "texture": "#3"},
				"west": {"uv": [0, 0, 13, 13], "texture": "#3"},
				"up": {"uv": [0, 0, 12, 13], "texture": "#3"},
				"down": {"uv": [0, 0, 12, 13], "texture": "#3"}
			}
		},
		{
			"from": [7.875, 20.125, 9.8125],
			"to": [7.9375, 20.25, 9.875],
			"rotation": {"angle": -22.5, "axis": "x", "origin": [7.90625, 20.1875, 9.84375]},
			"faces": {
				"north": {"uv": [0, 0, 12, 13], "texture": "#3"},
				"east": {"uv": [0, 0, 12, 12], "texture": "#3"},
				"south": {"uv": [0, 0, 12, 13], "texture": "#3"},
				"west": {"uv": [0, 0, 13, 13], "texture": "#3"},
				"up": {"uv": [0, 0, 12, 13], "texture": "#3"},
				"down": {"uv": [0, 0, 12, 13], "texture": "#3"}
			}
		},
		{
			"from": [7.875, 20.125, 10],
			"to": [7.9375, 20.25, 10.0625],
			"rotation": {"angle": -22.5, "axis": "x", "origin": [7.90625, 20.1875, 10.03125]},
			"faces": {
				"north": {"uv": [0, 0, 12, 13], "texture": "#3"},
				"east": {"uv": [0, 0, 12, 12], "texture": "#3"},
				"south": {"uv": [0, 0, 12, 13], "texture": "#3"},
				"west": {"uv": [0, 0, 13, 13], "texture": "#3"},
				"up": {"uv": [0, 0, 12, 13], "texture": "#3"},
				"down": {"uv": [0, 0, 12, 13], "texture": "#3"}
			}
		},
		{
			"from": [7.875, 20.125, 10.1875],
			"to": [7.9375, 20.25, 10.25],
			"rotation": {"angle": -22.5, "axis": "x", "origin": [7.90625, 20.1875, 10.21875]},
			"faces": {
				"north": {"uv": [0, 0, 12, 13], "texture": "#3"},
				"east": {"uv": [0, 0, 12, 12], "texture": "#3"},
				"south": {"uv": [0, 0, 12, 13], "texture": "#3"},
				"west": {"uv": [0, 0, 13, 13], "texture": "#3"},
				"up": {"uv": [0, 0, 12, 13], "texture": "#3"},
				"down": {"uv": [0, 0, 12, 13], "texture": "#3"}
			}
		},
		{
			"from": [8.125, 20.125, 7.3125],
			"to": [8.1875, 20.25, 7.375],
			"rotation": {"angle": 22.5, "axis": "x", "origin": [8.15625, 20.1875, 7.34375]},
			"faces": {
				"north": {"uv": [0, 0, 12, 13], "texture": "#3"},
				"east": {"uv": [0, 0, 12, 12], "texture": "#3"},
				"south": {"uv": [0, 0, 12, 13], "texture": "#3"},
				"west": {"uv": [0, 0, 13, 13], "texture": "#3"},
				"up": {"uv": [0, 0, 12, 13], "texture": "#3"},
				"down": {"uv": [0, 0, 12, 13], "texture": "#3"}
			}
		},
		{
			"from": [8.125, 20.125, 7.5],
			"to": [8.1875, 20.25, 7.5625],
			"rotation": {"angle": 22.5, "axis": "x", "origin": [8.15625, 20.1875, 7.53125]},
			"faces": {
				"north": {"uv": [0, 0, 12, 13], "texture": "#3"},
				"east": {"uv": [0, 0, 12, 12], "texture": "#3"},
				"south": {"uv": [0, 0, 12, 13], "texture": "#3"},
				"west": {"uv": [0, 0, 13, 13], "texture": "#3"},
				"up": {"uv": [0, 0, 12, 13], "texture": "#3"},
				"down": {"uv": [0, 0, 12, 13], "texture": "#3"}
			}
		},
		{
			"from": [8.125, 20.125, 7.6875],
			"to": [8.1875, 20.25, 7.75],
			"rotation": {"angle": 22.5, "axis": "x", "origin": [8.15625, 20.1875, 7.71875]},
			"faces": {
				"north": {"uv": [0, 0, 12, 13], "texture": "#3"},
				"east": {"uv": [0, 0, 12, 12], "texture": "#3"},
				"south": {"uv": [0, 0, 12, 13], "texture": "#3"},
				"west": {"uv": [0, 0, 13, 13], "texture": "#3"},
				"up": {"uv": [0, 0, 12, 13], "texture": "#3"},
				"down": {"uv": [0, 0, 12, 13], "texture": "#3"}
			}
		},
		{
			"from": [8.125, 20.125, 7.875],
			"to": [8.1875, 20.25, 7.9375],
			"rotation": {"angle": 22.5, "axis": "x", "origin": [8.15625, 20.1875, 7.90625]},
			"faces": {
				"north": {"uv": [0, 0, 12, 13], "texture": "#3"},
				"east": {"uv": [0, 0, 12, 12], "texture": "#3"},
				"south": {"uv": [0, 0, 12, 13], "texture": "#3"},
				"west": {"uv": [0, 0, 13, 13], "texture": "#3"},
				"up": {"uv": [0, 0, 12, 13], "texture": "#3"},
				"down": {"uv": [0, 0, 12, 13], "texture": "#3"}
			}
		},
		{
			"from": [8.125, 20.125, 8.0625],
			"to": [8.1875, 20.25, 8.125],
			"rotation": {"angle": 22.5, "axis": "x", "origin": [8.15625, 20.1875, 8.09375]},
			"faces": {
				"north": {"uv": [0, 0, 12, 13], "texture": "#3"},
				"east": {"uv": [0, 0, 12, 12], "texture": "#3"},
				"south": {"uv": [0, 0, 12, 13], "texture": "#3"},
				"west": {"uv": [0, 0, 13, 13], "texture": "#3"},
				"up": {"uv": [0, 0, 12, 13], "texture": "#3"},
				"down": {"uv": [0, 0, 12, 13], "texture": "#3"}
			}
		},
		{
			"from": [8.125, 20.125, 8.25],
			"to": [8.1875, 20.25, 8.3125],
			"rotation": {"angle": 22.5, "axis": "x", "origin": [8.15625, 20.1875, 8.28125]},
			"faces": {
				"north": {"uv": [0, 0, 12, 13], "texture": "#3"},
				"east": {"uv": [0, 0, 12, 12], "texture": "#3"},
				"south": {"uv": [0, 0, 12, 13], "texture": "#3"},
				"west": {"uv": [0, 0, 13, 13], "texture": "#3"},
				"up": {"uv": [0, 0, 12, 13], "texture": "#3"},
				"down": {"uv": [0, 0, 12, 13], "texture": "#3"}
			}
		},
		{
			"from": [8.125, 20.125, 8.4375],
			"to": [8.1875, 20.25, 8.5],
			"rotation": {"angle": 22.5, "axis": "x", "origin": [8.15625, 20.1875, 8.46875]},
			"faces": {
				"north": {"uv": [0, 0, 12, 13], "texture": "#3"},
				"east": {"uv": [0, 0, 12, 12], "texture": "#3"},
				"south": {"uv": [0, 0, 12, 13], "texture": "#3"},
				"west": {"uv": [0, 0, 13, 13], "texture": "#3"},
				"up": {"uv": [0, 0, 12, 13], "texture": "#3"},
				"down": {"uv": [0, 0, 12, 13], "texture": "#3"}
			}
		},
		{
			"from": [8.125, 20.125, 8.625],
			"to": [8.1875, 20.25, 8.6875],
			"rotation": {"angle": 22.5, "axis": "x", "origin": [8.15625, 20.1875, 8.65625]},
			"faces": {
				"north": {"uv": [0, 0, 12, 13], "texture": "#3"},
				"east": {"uv": [0, 0, 12, 12], "texture": "#3"},
				"south": {"uv": [0, 0, 12, 13], "texture": "#3"},
				"west": {"uv": [0, 0, 13, 13], "texture": "#3"},
				"up": {"uv": [0, 0, 12, 13], "texture": "#3"},
				"down": {"uv": [0, 0, 12, 13], "texture": "#3"}
			}
		},
		{
			"from": [8.125, 20.125, 8.8125],
			"to": [8.1875, 20.25, 8.875],
			"rotation": {"angle": 22.5, "axis": "x", "origin": [8.15625, 20.1875, 8.84375]},
			"faces": {
				"north": {"uv": [0, 0, 12, 13], "texture": "#3"},
				"east": {"uv": [0, 0, 12, 12], "texture": "#3"},
				"south": {"uv": [0, 0, 12, 13], "texture": "#3"},
				"west": {"uv": [0, 0, 13, 13], "texture": "#3"},
				"up": {"uv": [0, 0, 12, 13], "texture": "#3"},
				"down": {"uv": [0, 0, 12, 13], "texture": "#3"}
			}
		},
		{
			"from": [8.125, 20.125, 9],
			"to": [8.1875, 20.25, 9.0625],
			"rotation": {"angle": 22.5, "axis": "x", "origin": [8.15625, 20.1875, 9.03125]},
			"faces": {
				"north": {"uv": [0, 0, 12, 13], "texture": "#3"},
				"east": {"uv": [0, 0, 12, 12], "texture": "#3"},
				"south": {"uv": [0, 0, 12, 13], "texture": "#3"},
				"west": {"uv": [0, 0, 13, 13], "texture": "#3"},
				"up": {"uv": [0, 0, 12, 13], "texture": "#3"},
				"down": {"uv": [0, 0, 12, 13], "texture": "#3"}
			}
		},
		{
			"from": [8.125, 20.125, 9.1875],
			"to": [8.1875, 20.25, 9.25],
			"rotation": {"angle": 22.5, "axis": "x", "origin": [8.15625, 20.1875, 9.21875]},
			"faces": {
				"north": {"uv": [0, 0, 12, 13], "texture": "#3"},
				"east": {"uv": [0, 0, 12, 12], "texture": "#3"},
				"south": {"uv": [0, 0, 12, 13], "texture": "#3"},
				"west": {"uv": [0, 0, 13, 13], "texture": "#3"},
				"up": {"uv": [0, 0, 12, 13], "texture": "#3"},
				"down": {"uv": [0, 0, 12, 13], "texture": "#3"}
			}
		},
		{
			"from": [8.125, 20.125, 9.375],
			"to": [8.1875, 20.25, 9.4375],
			"rotation": {"angle": 22.5, "axis": "x", "origin": [8.15625, 20.1875, 9.40625]},
			"faces": {
				"north": {"uv": [0, 0, 12, 13], "texture": "#3"},
				"east": {"uv": [0, 0, 12, 12], "texture": "#3"},
				"south": {"uv": [0, 0, 12, 13], "texture": "#3"},
				"west": {"uv": [0, 0, 13, 13], "texture": "#3"},
				"up": {"uv": [0, 0, 12, 13], "texture": "#3"},
				"down": {"uv": [0, 0, 12, 13], "texture": "#3"}
			}
		},
		{
			"from": [8.125, 20.125, 9.5625],
			"to": [8.1875, 20.25, 9.625],
			"rotation": {"angle": 22.5, "axis": "x", "origin": [8.15625, 20.1875, 9.59375]},
			"faces": {
				"north": {"uv": [0, 0, 12, 13], "texture": "#3"},
				"east": {"uv": [0, 0, 12, 12], "texture": "#3"},
				"south": {"uv": [0, 0, 12, 13], "texture": "#3"},
				"west": {"uv": [0, 0, 13, 13], "texture": "#3"},
				"up": {"uv": [0, 0, 12, 13], "texture": "#3"},
				"down": {"uv": [0, 0, 12, 13], "texture": "#3"}
			}
		},
		{
			"from": [8.125, 20.125, 9.75],
			"to": [8.1875, 20.25, 9.8125],
			"rotation": {"angle": 22.5, "axis": "x", "origin": [8.15625, 20.1875, 9.78125]},
			"faces": {
				"north": {"uv": [0, 0, 12, 13], "texture": "#3"},
				"east": {"uv": [0, 0, 12, 12], "texture": "#3"},
				"south": {"uv": [0, 0, 12, 13], "texture": "#3"},
				"west": {"uv": [0, 0, 13, 13], "texture": "#3"},
				"up": {"uv": [0, 0, 12, 13], "texture": "#3"},
				"down": {"uv": [0, 0, 12, 13], "texture": "#3"}
			}
		},
		{
			"from": [8.125, 20.125, 9.9375],
			"to": [8.1875, 20.25, 10],
			"rotation": {"angle": 22.5, "axis": "x", "origin": [8.15625, 20.1875, 9.96875]},
			"faces": {
				"north": {"uv": [0, 0, 12, 13], "texture": "#3"},
				"east": {"uv": [0, 0, 12, 12], "texture": "#3"},
				"south": {"uv": [0, 0, 12, 13], "texture": "#3"},
				"west": {"uv": [0, 0, 13, 13], "texture": "#3"},
				"up": {"uv": [0, 0, 12, 13], "texture": "#3"},
				"down": {"uv": [0, 0, 12, 13], "texture": "#3"}
			}
		},
		{
			"from": [8.125, 20.125, 10.125],
			"to": [8.1875, 20.25, 10.1875],
			"rotation": {"angle": 22.5, "axis": "x", "origin": [8.15625, 20.1875, 10.15625]},
			"faces": {
				"north": {"uv": [0, 0, 12, 13], "texture": "#3"},
				"east": {"uv": [0, 0, 12, 12], "texture": "#3"},
				"south": {"uv": [0, 0, 12, 13], "texture": "#3"},
				"west": {"uv": [0, 0, 13, 13], "texture": "#3"},
				"up": {"uv": [0, 0, 12, 13], "texture": "#3"},
				"down": {"uv": [0, 0, 12, 13], "texture": "#3"}
			}
		},
		{
			"from": [8.125, 20.125, 10.3125],
			"to": [8.1875, 20.25, 10.375],
			"rotation": {"angle": 22.5, "axis": "x", "origin": [8.15625, 20.1875, 10.34375]},
			"faces": {
				"north": {"uv": [0, 0, 12, 13], "texture": "#3"},
				"east": {"uv": [0, 0, 12, 12], "texture": "#3"},
				"south": {"uv": [0, 0, 12, 13], "texture": "#3"},
				"west": {"uv": [0, 0, 13, 13], "texture": "#3"},
				"up": {"uv": [0, 0, 12, 13], "texture": "#3"},
				"down": {"uv": [0, 0, 12, 13], "texture": "#3"}
			}
		},
		{
			"from": [8.125, 20.125, 7.0625],
			"to": [8.1875, 20.25, 7.125],
			"rotation": {"angle": 0, "axis": "y", "origin": [16, 27.875, 12.9375]},
			"faces": {
				"north": {"uv": [0, 0, 12, 13], "texture": "#3"},
				"east": {"uv": [0, 0, 12, 12], "texture": "#3"},
				"south": {"uv": [0, 0, 12, 13], "texture": "#3"},
				"west": {"uv": [0, 0, 13, 13], "texture": "#3"},
				"up": {"uv": [0, 0, 12, 13], "texture": "#3"},
				"down": {"uv": [0, 0, 12, 13], "texture": "#3"}
			}
		},
		{
			"from": [8.125, 20.125, 7.125],
			"to": [8.1875, 20.25, 7.1875],
			"rotation": {"angle": 0, "axis": "y", "origin": [16, 27.875, 13]},
			"faces": {
				"north": {"uv": [0, 0, 12, 13], "texture": "#3"},
				"east": {"uv": [0, 0, 12, 12], "texture": "#3"},
				"south": {"uv": [0, 0, 12, 13], "texture": "#3"},
				"west": {"uv": [0, 0, 13, 13], "texture": "#3"},
				"up": {"uv": [0, 0, 12, 13], "texture": "#3"},
				"down": {"uv": [0, 0, 12, 13], "texture": "#3"}
			}
		},
		{
			"from": [7.9375, 20.0625, 7.0625],
			"to": [8.125, 20.125, 7.125],
			"rotation": {"angle": 0, "axis": "y", "origin": [15.8125, 27.75, 12.9375]},
			"faces": {
				"north": {"uv": [0, 0, 12, 13], "texture": "#3"},
				"east": {"uv": [0, 0, 12, 12], "texture": "#3"},
				"south": {"uv": [0, 0, 12, 13], "texture": "#3"},
				"west": {"uv": [0, 0, 13, 13], "texture": "#3"},
				"up": {"uv": [0, 0, 12, 13], "texture": "#3"},
				"down": {"uv": [0, 0, 12, 13], "texture": "#3"}
			}
		},
		{
			"from": [7.9375, 20.0625, 7.125],
			"to": [8.125, 20.125, 7.1875],
			"rotation": {"angle": 0, "axis": "y", "origin": [15.8125, 27.75, 13]},
			"faces": {
				"north": {"uv": [0, 0, 12, 13], "texture": "#3"},
				"east": {"uv": [0, 0, 12, 12], "texture": "#3"},
				"south": {"uv": [0, 0, 12, 13], "texture": "#3"},
				"west": {"uv": [0, 0, 13, 13], "texture": "#3"},
				"up": {"uv": [0, 0, 12, 13], "texture": "#3"},
				"down": {"uv": [0, 0, 12, 13], "texture": "#3"}
			}
		},
		{
			"from": [7.8125, 18.875, 10.4375],
			"to": [8.25, 20.5, 10.8125],
			"rotation": {"angle": 0, "axis": "y", "origin": [15.8125, 27.875, 13.1875]},
			"faces": {
				"north": {"uv": [0, 0, 12, 13], "texture": "#3"},
				"east": {"uv": [0, 0, 12, 12], "texture": "#3"},
				"south": {"uv": [0, 0, 12, 13], "texture": "#3"},
				"west": {"uv": [0, 0, 13, 13], "texture": "#3"},
				"up": {"uv": [0, 0, 12, 13], "texture": "#3"},
				"down": {"uv": [0, 0, 12, 13], "texture": "#3"}
			}
		},
		{
			"from": [8, 19.1875, 6.375],
			"to": [8.0625, 19.5625, 7.8125],
			"rotation": {"angle": 22.5, "axis": "x", "origin": [8.03125, 19.375, 7.4375]},
			"faces": {
				"north": {"uv": [0, 0, 12, 13], "texture": "#3"},
				"east": {"uv": [0, 0, 12, 12], "texture": "#3"},
				"south": {"uv": [0, 0, 12, 13], "texture": "#3"},
				"west": {"uv": [0, 0, 13, 13], "texture": "#3"},
				"up": {"uv": [0, 0, 12, 13], "texture": "#3"},
				"down": {"uv": [0, 0, 12, 13], "texture": "#3"}
			}
		},
		{
			"from": [8, 19.1875, 7.5],
			"to": [8.0625, 19.5625, 8.9375],
			"rotation": {"angle": 0, "axis": "y", "origin": [8.03125, 19.375, 8.5625]},
			"faces": {
				"north": {"uv": [0, 0, 12, 13], "texture": "#3"},
				"east": {"uv": [0, 0, 12, 12], "texture": "#3"},
				"south": {"uv": [0, 0, 12, 13], "texture": "#3"},
				"west": {"uv": [0, 0, 13, 13], "texture": "#3"},
				"up": {"uv": [0, 0, 12, 13], "texture": "#3"},
				"down": {"uv": [0, 0, 12, 13], "texture": "#3"}
			}
		},
		{
			"from": [8, 18.3125, 8.9375],
			"to": [8.0625, 19.75, 9.3125],
			"rotation": {"angle": 22.5, "axis": "x", "origin": [8.03125, 19.375, 9.125]},
			"faces": {
				"north": {"uv": [0, 0, 12, 13], "rotation": 180, "texture": "#3"},
				"east": {"uv": [0, 0, 12, 12], "rotation": 90, "texture": "#3"},
				"south": {"uv": [0, 0, 12, 13], "texture": "#3"},
				"west": {"uv": [0, 0, 13, 13], "rotation": 270, "texture": "#3"},
				"up": {"uv": [0, 0, 12, 13], "texture": "#3"},
				"down": {"uv": [0, 0, 12, 13], "rotation": 180, "texture": "#3"}
			}
		},
		{
			"from": [7.9375, 17.0625, 8.5],
			"to": [8.125, 17.875, 8.875],
			"rotation": {"angle": 22.5, "axis": "x", "origin": [8.03125, 17.46875, 8.6875]},
			"faces": {
				"north": {"uv": [0, 0, 12, 13], "texture": "#3"},
				"east": {"uv": [0, 0, 12, 12], "texture": "#3"},
				"south": {"uv": [0, 0, 12, 13], "texture": "#3"},
				"west": {"uv": [0, 0, 13, 13], "texture": "#3"},
				"up": {"uv": [0, 0, 12, 13], "texture": "#3"},
				"down": {"uv": [0, 0, 12, 13], "texture": "#3"}
			}
		},
		{
			"from": [7.9375, 17.75, 8.625],
			"to": [8.125, 18.5625, 9],
			"rotation": {"angle": 0, "axis": "y", "origin": [8.03125, 18.15625, 8.8125]},
			"faces": {
				"north": {"uv": [0, 0, 12, 13], "texture": "#3"},
				"east": {"uv": [0, 0, 12, 12], "texture": "#3"},
				"south": {"uv": [0, 0, 12, 13], "texture": "#3"},
				"west": {"uv": [0, 0, 13, 13], "texture": "#3"},
				"up": {"uv": [0, 0, 12, 13], "texture": "#3"},
				"down": {"uv": [0, 0, 12, 13], "texture": "#3"}
			}
		},
		{
			"from": [7.9375, 16.625, 8.1875],
			"to": [8.125, 17.4375, 8.5625],
			"rotation": {"angle": 45, "axis": "x", "origin": [8.03125, 17.03125, 8.375]},
			"faces": {
				"north": {"uv": [0, 0, 12, 13], "texture": "#3"},
				"east": {"uv": [0, 0, 12, 12], "texture": "#3"},
				"south": {"uv": [0, 0, 12, 13], "texture": "#3"},
				"west": {"uv": [0, 0, 13, 13], "texture": "#3"},
				"up": {"uv": [0, 0, 12, 13], "texture": "#3"},
				"down": {"uv": [0, 0, 12, 13], "texture": "#3"}
			}
		},
		{
			"from": [7.875, 19.9375, 5.875],
			"to": [8.1875, 20, 7.25],
			"rotation": {"angle": 0, "axis": "y", "origin": [15.8125, 27.5, 13.125]},
			"faces": {
				"north": {"uv": [0, 0, 12, 13], "texture": "#3"},
				"east": {"uv": [0, 0, 12, 12], "texture": "#3"},
				"south": {"uv": [0, 0, 12, 13], "texture": "#3"},
				"west": {"uv": [0, 0, 13, 13], "texture": "#3"},
				"up": {"uv": [0, 0, 12, 13], "texture": "#3"},
				"down": {"uv": [0, 0, 12, 13], "texture": "#3"}
			}
		},
		{
			"from": [8.1875, 20, 4.6875],
			"to": [8.25, 20.4375, 7.25],
			"rotation": {"angle": 0, "axis": "y", "origin": [16.1875, 27.9375, 12.6875]},
			"faces": {
				"north": {"uv": [0, 0, 12, 13], "texture": "#3"},
				"east": {"uv": [0, 0, 12, 12], "texture": "#3"},
				"south": {"uv": [0, 0, 12, 13], "texture": "#3"},
				"west": {"uv": [0, 0, 13, 13], "texture": "#3"},
				"up": {"uv": [0, 0, 12, 13], "texture": "#3"},
				"down": {"uv": [0, 0, 12, 13], "texture": "#3"}
			}
		},
		{
			"from": [8.1875, 19.5625, 5],
			"to": [8.25, 20, 5],
			"rotation": {"angle": 0, "axis": "y", "origin": [16.1875, 27.5, 13]},
			"faces": {
				"north": {"uv": [0, 0, 12, 13], "texture": "#3"},
				"east": {"uv": [0, 0, 12, 12], "texture": "#3"},
				"south": {"uv": [0, 0, 12, 13], "texture": "#3"},
				"west": {"uv": [0, 0, 13, 13], "texture": "#3"},
				"up": {"uv": [0, 0, 12, 13], "texture": "#3"},
				"down": {"uv": [0, 0, 12, 13], "texture": "#3"}
			}
		},
		{
			"from": [7.875, 19.5625, 4.6875],
			"to": [7.9375, 20, 5.875],
			"rotation": {"angle": 0, "axis": "y", "origin": [15.875, 27.5, 12.6875]},
			"faces": {
				"north": {"uv": [0, 0, 12, 13], "texture": "#3"},
				"east": {"uv": [0, 0, 12, 12], "texture": "#3"},
				"south": {"uv": [0, 0, 12, 13], "texture": "#3"},
				"west": {"uv": [0, 0, 13, 13], "texture": "#3"},
				"up": {"uv": [0, 0, 12, 13], "texture": "#3"},
				"down": {"uv": [0, 0, 12, 13], "texture": "#3"}
			}
		},
		{
			"from": [7.9375, 19.5625, 4.6875],
			"to": [8, 19.625, 5.875],
			"rotation": {"angle": 0, "axis": "y", "origin": [15.9375, 27.5, 12.6875]},
			"faces": {
				"north": {"uv": [0, 0, 12, 13], "texture": "#3"},
				"east": {"uv": [0, 0, 12, 12], "texture": "#3"},
				"south": {"uv": [0, 0, 12, 13], "texture": "#3"},
				"west": {"uv": [0, 0, 13, 13], "texture": "#3"},
				"up": {"uv": [0, 0, 12, 13], "texture": "#3"},
				"down": {"uv": [0, 0, 12, 13], "texture": "#3"}
			}
		},
		{
			"from": [7.25, 20.375, 11],
			"to": [8.8125, 20.75, 12.0625],
			"rotation": {"angle": 0, "axis": "y", "origin": [7.65625, 20.71875, 11.46875]},
			"faces": {
				"north": {"uv": [0, 0, 12, 12], "rotation": 180, "texture": "#4"},
				"east": {"uv": [0, 0, 16, 16], "rotation": 270, "texture": "#4"},
				"south": {"uv": [0, 0, 16, 16], "texture": "#4"},
				"west": {"uv": [0, 0, 16, 16], "rotation": 90, "texture": "#4"},
				"up": {"uv": [0, 0, 16, 16], "rotation": 180, "texture": "#4"},
				"down": {"uv": [0, 0, 12, 13], "texture": "#4"}
			}
		},
		{
			"from": [7.8125, 20.375, 6.9375],
			"to": [8.25, 20.5625, 11],
			"rotation": {"angle": 0, "axis": "y", "origin": [7.65625, 20.71875, 10.40625]},
			"faces": {
				"north": {"uv": [0, 0, 12, 12], "rotation": 180, "texture": "#3"},
				"east": {"uv": [0, 0, 12, 13], "rotation": 270, "texture": "#3"},
				"south": {"uv": [0, 0, 13, 12], "texture": "#3"},
				"west": {"uv": [0, 0, 11, 13], "rotation": 90, "texture": "#3"},
				"up": {"uv": [0, 0, 12, 13], "rotation": 180, "texture": "#3"},
				"down": {"uv": [0, 0, 12, 13], "texture": "#3"}
			}
		},
		{
			"from": [7.75, 20.375, 6.4375],
			"to": [8.3125, 20.8125, 6.9375],
			"rotation": {"angle": 0, "axis": "y", "origin": [7.65625, 20.71875, 9.90625]},
			"faces": {
				"north": {"uv": [0, 0, 12, 12], "rotation": 180, "texture": "#3"},
				"east": {"uv": [0, 0, 12, 13], "rotation": 270, "texture": "#3"},
				"south": {"uv": [0, 0, 13, 12], "texture": "#3"},
				"west": {"uv": [0, 0, 11, 13], "rotation": 90, "texture": "#3"},
				"up": {"uv": [0, 0, 12, 13], "rotation": 180, "texture": "#3"},
				"down": {"uv": [0, 0, 12, 13], "texture": "#3"}
			}
		}
	],
	"gui_light": "front",
	"display": {
		"thirdperson_righthand": {
			"translation": [0, -8.75, 0],
			"scale": [0.85, 0.85, 0.85]
		},
		"thirdperson_lefthand": {
			"translation": [0, -8.75, 0],
			"scale": [0.85, 0.85, 0.85]
		},
		"firstperson_righthand": {
			"rotation": [-19, -73, 0],
			"translation": [-1.75, -4.75, 4.75],
			"scale": [0.71, 0.71, 0.71]
		},
		"firstperson_lefthand": {
			"rotation": [-19, -73, 0],
			"translation": [-1.75, -4.75, 4.75],
			"scale": [0.71, 0.71, 0.71]
		},
		"ground": {
			"rotation": [0, 0, 90],
			"translation": [9.75, 0, 0],
			"scale": [0.8, 0.8, 0.8]
		},
		"gui": {
			"rotation": [90, 51.25, -90],
			"translation": [-5.5, -9, 0],
			"scale": [0.92, 0.92, 0.92]
		},
		"head": {
			"translation": [0, -5.25, 0]
		},
		"fixed": {
			"rotation": [0, 90, 0],
			"translation": [1.5, -11.25, -2]
		}
	},
	"groups": [
		{
			"name": "barrel",
			"origin": [8, 8, 8],
			"color": 0,
			"children": []
		},
		{
			"name": "grip",
			"origin": [8, 8, 8],
			"color": 0,
			"children": [0, 1, 2, 3, 4, 5, 6, 7]
		},
		{
			"name": "upper_receiver",
			"origin": [8, 8, 8],
			"color": 0,
			"children": [8, 9, 10, 11, 12, 13, 14, 15, 16, 17, 18, 19, 20, 21, 22, 23, 24, 25, 26, 27, 28, 29, 30, 31, 32, 33, 34, 35, 36, 37, 38, 39, 40, 41, 42]
		},
		{
			"name": "lower_receiver",
			"origin": [8, 8, 8],
			"color": 0,
			"children": [43, 44, 45, 46, 47, 48, 49, 50, 51, 52, 53, 54, 55, 56, 57, 58, 59, 60, 61, 62, 63, 64, 65, 66, 67]
		},
		{
			"name": "stock",
			"origin": [8, 8, 8],
			"color": 0,
			"children": []
		},
		{
			"name": "magazine",
			"origin": [8, 8, 8],
			"color": 0,
			"children": []
		},
		{
			"name": "inner_barrel",
			"origin": [8, 8, 8],
			"color": 0,
			"children": [
				68,
				69,
				70,
				71,
				72,
				73,
				74,
				75,
				76,
				77,
				78,
				79,
				80,
				81,
				82,
				83,
				84,
				85,
				86,
				87,
				88,
				89,
				90,
				91,
				92,
				93,
				94,
				95,
				96,
				97,
				98,
				99,
				100,
				101,
				102,
				103,
				104,
				105,
				106,
				107,
				108,
				109,
				110,
				111,
				112,
				113,
				114,
				115,
				116,
				117,
				118,
				119,
				120,
				121,
				122,
				123,
				124,
				125,
				126,
				127,
				128,
				129,
				130,
				131,
				132,
				133,
				134,
				135,
				136,
				137,
				138,
				139,
				140,
				141,
				142,
				143,
				144,
				145,
				146,
				147,
				148,
				149,
				150,
				151,
				152,
				153,
				154,
				155,
				156,
				157,
				158,
				159,
				160,
				161,
				162
			]
		}
	]
}