{
	"credit": "Made by Aiden (feignedmars4438 on discord)",
	"texture_size": [128, 128],
	"textures": {
		"0": "item/skins/b4000b0801513591",
		"1": "item/trains/train_front",
		"particle": "item/skins/b4000b0801513591"
	},
	"elements": [
		{
			"from": [15, 0, -7],
			"to": [16, 3, 23],
			"rotation": {"angle": -22.5, "axis": "z", "origin": [16, 0, 0]},
			"faces": {
				"north": {"uv": [2.75, 7.75, 2.875, 8.125], "texture": "#1"},
				"east": {"uv": [6.25, 1.5, 10, 1.875], "texture": "#1"},
				"south": {"uv": [9.625, 10.375, 9.75, 10.75], "texture": "#1"},
				"west": {"uv": [6.25, 1.875, 10, 2.25], "texture": "#1"},
				"up": {"uv": [3, 10.75, 2.875, 7], "texture": "#1"},
				"down": {"uv": [3.125, 7, 3, 10.75], "texture": "#1"}
			}
		},
		{
			"from": [16.14805, 2.77164, -7],
			"to": [17.14805, 8.27164, 23],
			"rotation": {"angle": 0, "axis": "y", "origin": [17.14805, -1.22836, 0]},
			"faces": {
				"north": {"uv": [5.25, 2.875, 5.375, 3.5625], "texture": "#1"},
				"east": {"uv": [4.125, 5.375, 7.875, 6.0625], "texture": "#1"},
				"south": {"uv": [2.75, 7, 2.875, 7.6875], "texture": "#1"},
				"west": {"uv": [6.125, 0, 9.875, 0.6875], "texture": "#1"},
				"up": {"uv": [3.25, 10.75, 3.125, 7], "texture": "#1"},
				"down": {"uv": [0.75, 8.875, 0.625, 12.625], "texture": "#1"}
			}
		},
		{
			"from": [16.14805, 8.27164, 12],
			"to": [17.14805, 13.27164, 23],
			"rotation": {"angle": 0, "axis": "y", "origin": [17.14805, -1.22836, 0]},
			"faces": {
				"north": {"uv": [0.5, 11.75, 0.625, 12.375], "texture": "#1"},
				"east": {"uv": [4, 1.625, 5.375, 2.25], "texture": "#1"},
				"south": {"uv": [7.625, 12, 7.75, 12.625], "texture": "#1"},
				"west": {"uv": [4, 2.25, 5.375, 2.875], "texture": "#1"},
				"up": {"uv": [10.125, 4.5, 10, 3.125], "texture": "#1"},
				"down": {"uv": [0.125, 10.125, 0, 11.5], "texture": "#1"}
			}
		},
		{
			"from": [16.14805, 8.27164, -7],
			"to": [17.14805, 13.27164, -6],
			"rotation": {"angle": 0, "axis": "y", "origin": [17.14805, -1.22836, 0]},
			"faces": {
				"north": {"uv": [7.75, 12, 7.875, 12.625], "texture": "#1"},
				"east": {"uv": [7.875, 12, 8, 12.625], "texture": "#1"},
				"south": {"uv": [8, 12, 8.125, 12.625], "texture": "#1"},
				"west": {"uv": [8.125, 12, 8.25, 12.625], "texture": "#1"},
				"up": {"uv": [5.375, 3.75, 5.25, 3.625], "texture": "#1"},
				"down": {"uv": [6.25, 1.5, 6.125, 1.625], "texture": "#1"}
			}
		},
		{
			"from": [15, 13, -7],
			"to": [16, 16, 23],
			"rotation": {"angle": 22.5, "axis": "z", "origin": [16, 16, 0]},
			"faces": {
				"north": {"uv": [10.625, 3.375, 10.75, 3.75], "texture": "#1"},
				"east": {"uv": [6.25, 2.25, 10, 2.625], "texture": "#1"},
				"south": {"uv": [11, 10.5, 11.125, 10.875], "texture": "#1"},
				"west": {"uv": [6.25, 2.625, 10, 3], "texture": "#1"},
				"up": {"uv": [0.875, 12.625, 0.75, 8.875], "texture": "#1"},
				"down": {"uv": [1, 8.875, 0.875, 12.625], "texture": "#1"}
			}
		},
		{
			"from": [12.87868, 15.12132, -7],
			"to": [13.87868, 18.12132, 23],
			"rotation": {"angle": 45, "axis": "z", "origin": [13.87868, 18.12132, 0]},
			"faces": {
				"north": {"uv": [11.375, 3, 11.5, 3.375], "texture": "#1"},
				"east": {"uv": [6.25, 3, 10, 3.375], "texture": "#1"},
				"south": {"uv": [11.5, 4.875, 11.625, 5.25], "texture": "#1"},
				"west": {"uv": [6.25, 3.375, 10, 3.75], "texture": "#1"},
				"up": {"uv": [1.125, 12.625, 1, 8.875], "texture": "#1"},
				"down": {"uv": [1.25, 8.875, 1.125, 12.625], "texture": "#1"}
			}
		},
		{
			"from": [11.10704, 18.26937, -7],
			"to": [14.10704, 19.26937, 23],
			"rotation": {"angle": -22.5, "axis": "z", "origin": [11.10704, 19.26937, 0]},
			"faces": {
				"north": {"uv": [11.25, 9.125, 11.625, 9.25], "texture": "#1"},
				"east": {"uv": [7.875, 6.625, 11.625, 6.75], "texture": "#1"},
				"south": {"uv": [12.75, 8.125, 13.125, 8.25], "texture": "#1"},
				"west": {"uv": [7.875, 6.75, 11.625, 6.875], "texture": "#1"},
				"up": {"uv": [4.5, 10.625, 4.125, 6.875], "texture": "#1"},
				"down": {"uv": [4.875, 6.875, 4.5, 10.625], "texture": "#1"}
			}
		},
		{
			"from": [0, 13, -7],
			"to": [1, 16, 23],
			"rotation": {"angle": -22.5, "axis": "z", "origin": [0, 16, 0]},
			"faces": {
				"north": {"uv": [11.625, 9.5, 11.75, 9.875], "texture": "#1"},
				"east": {"uv": [6.25, 3.75, 10, 4.125], "texture": "#1"},
				"south": {"uv": [11.75, 10.125, 11.875, 10.5], "texture": "#1"},
				"west": {"uv": [6.25, 4.125, 10, 4.5], "texture": "#1"},
				"up": {"uv": [1.375, 12.625, 1.25, 8.875], "texture": "#1"},
				"down": {"uv": [1.5, 8.875, 1.375, 12.625], "texture": "#1"}
			}
		},
		{
			"from": [-1.14805, 2.77164, -7],
			"to": [-0.14805, 8.27164, 23],
			"rotation": {"angle": 0, "axis": "y", "origin": [-1.14805, -1.22836, 0]},
			"faces": {
				"north": {"uv": [3.125, 10.75, 3.25, 11.4375], "texture": "#1"},
				"east": {"uv": [6.125, 0.75, 9.875, 1.4375], "texture": "#1"},
				"south": {"uv": [3.125, 11.5, 3.25, 12.1875], "texture": "#1"},
				"west": {"uv": [4.125, 6.125, 7.875, 6.8125], "texture": "#1"},
				"up": {"uv": [1.625, 12.625, 1.5, 8.875], "texture": "#1"},
				"down": {"uv": [3.375, 9.125, 3.25, 12.875], "texture": "#1"}
			}
		},
		{
			"from": [2.12132, 15.12132, -7],
			"to": [3.12132, 18.12132, 23],
			"rotation": {"angle": -45, "axis": "z", "origin": [2.12132, 18.12132, 0]},
			"faces": {
				"north": {"uv": [1.5, 12.625, 1.625, 13], "texture": "#1"},
				"east": {"uv": [6.25, 4.5, 10, 4.875], "texture": "#1"},
				"south": {"uv": [8, 12.75, 8.125, 13.125], "texture": "#1"},
				"west": {"uv": [6.25, 4.875, 10, 5.25], "texture": "#1"},
				"up": {"uv": [3.5, 12.875, 3.375, 9.125], "texture": "#1"},
				"down": {"uv": [3.625, 9.125, 3.5, 12.875], "texture": "#1"}
			}
		},
		{
			"from": [1.89296, 18.26937, -7],
			"to": [4.89296, 19.26937, 23],
			"rotation": {"angle": 22.5, "axis": "z", "origin": [4.89296, 19.26937, 0]},
			"faces": {
				"north": {"uv": [12.75, 9.75, 13.125, 9.875], "texture": "#1"},
				"east": {"uv": [7.75, 9.25, 11.5, 9.375], "texture": "#1"},
				"south": {"uv": [12.75, 9.875, 13.125, 10], "texture": "#1"},
				"west": {"uv": [9.375, 6.875, 13.125, 7], "texture": "#1"},
				"up": {"uv": [5.25, 10.625, 4.875, 6.875], "texture": "#1"},
				"down": {"uv": [5.625, 6.875, 5.25, 10.625], "texture": "#1"}
			}
		},
		{
			"from": [4.89296, 18.26937, -7],
			"to": [11.11796, 19.26937, 23],
			"rotation": {"angle": 0, "axis": "y", "origin": [7.89296, 19.26937, 0]},
			"faces": {
				"north": {"uv": [10.125, 10.125, 10.90625, 10.25], "texture": "#1"},
				"east": {"uv": [9.375, 7, 13.125, 7.125], "texture": "#1"},
				"south": {"uv": [8.875, 10.25, 9.65625, 10.375], "texture": "#1"},
				"west": {"uv": [9.375, 7.125, 13.125, 7.25], "texture": "#1"},
				"up": {"uv": [6.15625, 5.375, 5.375, 1.625], "texture": "#1"},
				"down": {"uv": [4.03125, 5.375, 3.25, 9.125], "texture": "#1"}
			}
		},
		{
			"from": [0, 0, -7],
			"to": [1, 3, 23],
			"rotation": {"angle": 22.5, "axis": "z", "origin": [0, 0, 0]},
			"faces": {
				"north": {"uv": [0.5, 12.875, 0.625, 13.25], "texture": "#1"},
				"east": {"uv": [5.625, 6.875, 9.375, 7.25], "texture": "#1"},
				"south": {"uv": [0.625, 12.875, 0.75, 13.25], "texture": "#1"},
				"west": {"uv": [5.625, 7.25, 9.375, 7.625], "texture": "#1"},
				"up": {"uv": [3.75, 12.875, 3.625, 9.125], "texture": "#1"},
				"down": {"uv": [3.875, 9.125, 3.75, 12.875], "texture": "#1"}
			}
		},
		{
			"from": [-1.14805, 8.27164, 10],
			"to": [-0.14805, 13.27164, 23],
			"rotation": {"angle": 0, "axis": "y", "origin": [-1.14805, -1.22836, 0]},
			"faces": {
				"north": {"uv": [12, 8.125, 12.125, 8.75], "texture": "#1"},
				"east": {"uv": [7.875, 6, 9.5, 6.625], "texture": "#1"},
				"south": {"uv": [8.25, 12, 8.375, 12.625], "texture": "#1"},
				"west": {"uv": [0, 8.25, 1.625, 8.875], "texture": "#1"},
				"up": {"uv": [8.5, 11.5, 8.375, 9.875], "texture": "#1"},
				"down": {"uv": [8.625, 9.875, 8.5, 11.5], "texture": "#1"}
			}
		},
		{
			"from": [-1.14805, 8.27164, -7],
			"to": [-0.14805, 13.27164, -6],
			"rotation": {"angle": 0, "axis": "y", "origin": [-1.14805, -1.22836, 0]},
			"faces": {
				"north": {"uv": [12, 9.375, 12.125, 10], "texture": "#1"},
				"east": {"uv": [11.875, 12, 12, 12.625], "texture": "#1"},
				"south": {"uv": [12, 12, 12.125, 12.625], "texture": "#1"},
				"west": {"uv": [12.125, 0, 12.25, 0.625], "texture": "#1"},
				"up": {"uv": [2.875, 8.25, 2.75, 8.125], "texture": "#1"},
				"down": {"uv": [9.75, 10.75, 9.625, 10.875], "texture": "#1"}
			}
		},
		{
			"from": [0, 0, -7],
			"to": [16, 1, 23],
			"rotation": {"angle": 0, "axis": "y", "origin": [0, 1, 0]},
			"faces": {
				"north": {"uv": [9.5, 6.5, 11.5, 6.625], "texture": "#1"},
				"east": {"uv": [9.375, 7.25, 13.125, 7.375], "texture": "#1"},
				"south": {"uv": [5.625, 9.625, 7.625, 9.75], "texture": "#1"},
				"west": {"uv": [9.375, 7.375, 13.125, 7.5], "texture": "#1"},
				"up": {"uv": [2, 3.75, 0, 0], "texture": "#1"},
				"down": {"uv": [4, 0, 2, 3.75], "texture": "#1"}
			}
		},
		{
			"from": [-0.15, 2.5, 12.5],
			"to": [4.25, 4, 22.5],
			"rotation": {"angle": 0, "axis": "y", "origin": [0, -1, 19]},
			"faces": {
				"north": {"uv": [10.125, 3.75, 10.6875, 3.9375], "texture": "#1"},
				"east": {"uv": [4, 3.5, 5.25, 3.6875], "texture": "#1"},
				"south": {"uv": [10.125, 4, 10.6875, 4.1875], "texture": "#1"},
				"west": {"uv": [9.875, 0.125, 11.125, 0.3125], "texture": "#1"},
				"up": {"uv": [2.6875, 8.25, 2.125, 7], "texture": "#1"},
				"down": {"uv": [2.1875, 8.25, 1.625, 9.5], "texture": "#1"}
			}
		},
		{
			"from": [2.32516, 2.8232, 12.5],
			"to": [3.72516, 4.3232, 22.5],
			"rotation": {"angle": -22.5, "axis": "z", "origin": [2.47516, -0.6768, 19]},
			"faces": {
				"north": {"uv": [0.75, 12.875, 0.9375, 13.0625], "texture": "#1"},
				"east": {"uv": [9.875, 0.375, 11.125, 0.5625], "texture": "#1"},
				"south": {"uv": [1, 12.875, 1.1875, 13.0625], "texture": "#1"},
				"west": {"uv": [9.875, 0.625, 11.125, 0.8125], "texture": "#1"},
				"up": {"uv": [4.0625, 10.375, 3.875, 9.125], "texture": "#1"},
				"down": {"uv": [2.8125, 9.5, 2.625, 10.75], "texture": "#1"}
			}
		},
		{
			"from": [-0.25, 3.85, 12.5],
			"to": [1.25, 8.25, 22.5],
			"rotation": {"angle": 0, "axis": "y", "origin": [0, -1, 19]},
			"faces": {
				"north": {"uv": [7.125, 10.125, 7.3125, 10.6875], "texture": "#1"},
				"east": {"uv": [4, 2.875, 5.25, 3.4375], "texture": "#1"},
				"south": {"uv": [7.375, 10.125, 7.5625, 10.6875], "texture": "#1"},
				"west": {"uv": [5.625, 8.25, 6.875, 8.8125], "texture": "#1"},
				"up": {"uv": [5.8125, 11.125, 5.625, 9.875], "texture": "#1"},
				"down": {"uv": [6.0625, 9.875, 5.875, 11.125], "texture": "#1"}
			}
		},
		{
			"from": [2.85, 1, 14.5],
			"to": [3.75, 3, 15.5],
			"rotation": {"angle": 0, "axis": "y", "origin": [0, -1, 19]},
			"faces": {
				"north": {"uv": [0, 11.5, 0.125, 11.75], "texture": "#1"},
				"east": {"uv": [11.5, 8.875, 11.625, 9.125], "texture": "#1"},
				"south": {"uv": [11.625, 2.75, 11.75, 3], "texture": "#1"},
				"west": {"uv": [11.75, 4.625, 11.875, 4.875], "texture": "#1"},
				"up": {"uv": [11.375, 3.125, 11.25, 3], "texture": "#1"},
				"down": {"uv": [11.625, 6.5, 11.5, 6.625], "texture": "#1"}
			}
		},
		{
			"from": [12.25, 1, 14.5],
			"to": [13.15, 3, 15.5],
			"rotation": {"angle": 0, "axis": "y", "origin": [16, -1, 19]},
			"faces": {
				"north": {"uv": [11.875, 2.5, 12, 2.75], "texture": "#1"},
				"east": {"uv": [12, 4.375, 12.125, 4.625], "texture": "#1"},
				"south": {"uv": [3.625, 12.875, 3.75, 13.125], "texture": "#1"},
				"west": {"uv": [12.875, 3.625, 13, 3.875], "texture": "#1"},
				"up": {"uv": [11.625, 9.375, 11.5, 9.25], "texture": "#1"},
				"down": {"uv": [11.875, 1.375, 11.75, 1.5], "texture": "#1"}
			}
		},
		{
			"from": [14.75, 3.85, 12.5],
			"to": [16.25, 8.25, 22.5],
			"rotation": {"angle": 0, "axis": "y", "origin": [16, -1, 19]},
			"faces": {
				"north": {"uv": [7.625, 10.125, 7.8125, 10.6875], "texture": "#1"},
				"east": {"uv": [6.875, 8.25, 8.125, 8.8125], "texture": "#1"},
				"south": {"uv": [7.875, 10.125, 8.0625, 10.6875], "texture": "#1"},
				"west": {"uv": [8.125, 8.25, 9.375, 8.8125], "texture": "#1"},
				"up": {"uv": [6.3125, 11.125, 6.125, 9.875], "texture": "#1"},
				"down": {"uv": [6.5625, 9.875, 6.375, 11.125], "texture": "#1"}
			}
		},
		{
			"from": [12.27484, 2.8232, 12.5],
			"to": [13.67484, 4.3232, 22.5],
			"rotation": {"angle": 22.5, "axis": "z", "origin": [13.52484, -0.6768, 19]},
			"faces": {
				"north": {"uv": [1.25, 12.875, 1.4375, 13.0625], "texture": "#1"},
				"east": {"uv": [9.875, 0.875, 11.125, 1.0625], "texture": "#1"},
				"south": {"uv": [2.625, 12.875, 2.8125, 13.0625], "texture": "#1"},
				"west": {"uv": [9.875, 1.125, 11.125, 1.3125], "texture": "#1"},
				"up": {"uv": [6.8125, 11.125, 6.625, 9.875], "texture": "#1"},
				"down": {"uv": [7.0625, 9.875, 6.875, 11.125], "texture": "#1"}
			}
		},
		{
			"from": [11.75, 2.5, 12.5],
			"to": [16.15, 4, 22.5],
			"rotation": {"angle": 0, "axis": "y", "origin": [16, -1, 19]},
			"faces": {
				"north": {"uv": [10.125, 4.25, 10.6875, 4.4375], "texture": "#1"},
				"east": {"uv": [7.125, 9.875, 8.375, 10.0625], "texture": "#1"},
				"south": {"uv": [10.125, 9.875, 10.6875, 10.0625], "texture": "#1"},
				"west": {"uv": [9.875, 7.625, 11.125, 7.8125], "texture": "#1"},
				"up": {"uv": [2.8125, 9.5, 2.25, 8.25], "texture": "#1"},
				"down": {"uv": [0.5625, 8.875, 0, 10.125], "texture": "#1"}
			}
		},
		{
			"from": [-1, 8.25, -6],
			"to": [-0.5, 13.25, 12],
			"faces": {
				"north": {"uv": [15.78125, 15.96875, 14.1875, 14.28125], "texture": "#1"},
				"east": {"uv": [15.78125, 15.96875, 14.1875, 14.28125], "texture": "#1"},
				"south": {"uv": [15.78125, 15.96875, 14.1875, 14.28125], "texture": "#1"},
				"west": {"uv": [15.78125, 15.96875, 14.1875, 14.28125], "texture": "#1"},
				"up": {"uv": [14.1875, 14.28125, 12.6875, 16], "texture": "#1"},
				"down": {"uv": [14.1875, 14.28125, 12.6875, 16], "texture": "#1"}
			}
		},
		{
			"from": [16.5, 8.25, -6],
			"to": [17, 13.25, 12],
			"rotation": {"angle": 0, "axis": "y", "origin": [16, 0, 0]},
			"faces": {
				"north": {"uv": [16, 16, 14.1875, 14.28125], "texture": "#1"},
				"east": {"uv": [14.1875, 16, 16, 14.28125], "texture": "#1"},
				"south": {"uv": [16, 16, 14.1875, 14.28125], "texture": "#1"},
				"west": {"uv": [14.1875, 16, 16, 14.28125], "texture": "#1"},
				"up": {"uv": [16, 14.28125, 14.1875, 16], "texture": "#1"},
				"down": {"uv": [16, 14.28125, 14.1875, 16], "texture": "#1"}
			}
		},
		{
			"from": [-0.2, 6.95, -6.5],
			"to": [16.2, 15.05, -6],
			"rotation": {"angle": 0, "axis": "y", "origin": [16, 0, 0]},
			"faces": {
				"north": {"uv": [15.8125, 15.96875, 14.1875, 14.28125], "texture": "#1"},
				"east": {"uv": [15.8125, 15.96875, 14.1875, 14.28125], "texture": "#1"},
				"south": {"uv": [15.8125, 15.96875, 14.1875, 14.28125], "texture": "#1"},
				"west": {"uv": [15.8125, 15.96875, 14.1875, 14.28125], "texture": "#1"},
				"up": {"uv": [14.1875, 14.28125, 12.75, 15.8], "rotation": 90, "texture": "#1"},
				"down": {"uv": [14.1875, 14.28125, 12.75, 15.8], "rotation": 270, "texture": "#1"}
			}
		},
		{
			"from": [16.5, 8.25, 13],
			"to": [17, 13.25, 22],
			"rotation": {"angle": 0, "axis": "y", "origin": [16, 0, 16]},
			"color": 6,
			"faces": {
				"north": {"uv": [0, 0, 0.0625, 0.625], "texture": "#missing"},
				"east": {"uv": [0, 0, 1.125, 0.625], "texture": "#missing"},
				"south": {"uv": [0, 0, 0.0625, 0.625], "texture": "#missing"},
				"west": {"uv": [0, 0, 1.125, 0.625], "texture": "#missing"},
				"up": {"uv": [0.0625, 1.125, 0, 0], "texture": "#missing"},
				"down": {"uv": [0.0625, 1.125, 0, 0], "texture": "#missing"}
			}
		},
		{
			"from": [-1, 8.25, 13],
			"to": [-0.5, 13.25, 22],
			"rotation": {"angle": 0, "axis": "y", "origin": [0, 0, 16]},
			"color": 6,
			"faces": {
				"north": {"uv": [0.0625, 0, 0, 0.625], "texture": "#missing"},
				"east": {"uv": [1.125, 0, 0, 0.625], "texture": "#missing"},
				"south": {"uv": [0.0625, 0, 0, 0.625], "texture": "#missing"},
				"west": {"uv": [1.125, 0, 0, 0.625], "texture": "#missing"},
				"up": {"uv": [0, 1.125, 0.0625, 0], "texture": "#missing"},
				"down": {"uv": [0, 1.125, 0.0625, 0], "texture": "#missing"}
			}
		},
		{
			"from": [0.2, 1, -6.9],
			"to": [15.8, 2, -6],
			"faces": {
				"north": {"uv": [7.625, 9.625, 9.5625, 9.75], "texture": "#1"},
				"east": {"uv": [11.75, 8.75, 11.875, 8.875], "texture": "#1"},
				"south": {"uv": [9.625, 9.375, 11.5625, 9.5], "texture": "#1"},
				"west": {"uv": [11.875, 9.375, 12, 9.5], "texture": "#1"},
				"up": {"uv": [11.5625, 9.625, 9.625, 9.5], "texture": "#1"},
				"down": {"uv": [11.5625, 9.625, 9.625, 9.75], "texture": "#1"}
			}
		},
		{
			"from": [-0.3, 2, -6.9],
			"to": [16.3, 7, -6],
			"faces": {
				"north": {"uv": [0, 7, 2.0625, 7.625], "texture": "#1"},
				"east": {"uv": [12.125, 0.625, 12.25, 1.25], "texture": "#1"},
				"south": {"uv": [0, 7.625, 2.0625, 8.25], "texture": "#1"},
				"west": {"uv": [12.125, 1.25, 12.25, 1.875], "texture": "#1"},
				"up": {"uv": [11.4375, 7.625, 9.375, 7.5], "texture": "#1"},
				"down": {"uv": [11.4375, 8.75, 9.375, 8.875], "texture": "#1"}
			}
		},
		{
			"from": [-0.3, 4.675, -7],
			"to": [16.3, 6.975, -2],
			"rotation": {"angle": 22.5, "axis": "x", "origin": [8, 4.5, -6.45]},
			"faces": {
				"north": {"uv": [8.875, 8.875, 10.9375, 9.15625], "texture": "#1"},
				"east": {"uv": [10, 2.375, 10.625, 2.65625], "texture": "#1"},
				"south": {"uv": [5.625, 9.25, 7.6875, 9.53125], "texture": "#1"},
				"west": {"uv": [10, 2.75, 10.625, 3.03125], "texture": "#1"},
				"up": {"uv": [7.6875, 8.25, 5.625, 7.625], "texture": "#1"},
				"down": {"uv": [9.8125, 7.625, 7.75, 8.25], "texture": "#1"}
			}
		},
		{
			"from": [0.6, 15, -6.9],
			"to": [15.4, 16.5, -6],
			"faces": {
				"north": {"uv": [7.75, 9.375, 9.59375, 9.5625], "texture": "#1"},
				"east": {"uv": [5.25, 12.875, 5.375, 13.0625], "texture": "#1"},
				"south": {"uv": [9.375, 8.25, 11.21875, 8.4375], "texture": "#1"},
				"west": {"uv": [6.25, 12.875, 6.375, 13.0625], "texture": "#1"},
				"up": {"uv": [11.71875, 1.5, 9.875, 1.375], "texture": "#1"},
				"down": {"uv": [11.71875, 7.875, 9.875, 8], "texture": "#1"}
			}
		},
		{
			"from": [1.85, 16.5, -6.9],
			"to": [14.15, 17.5, -6],
			"faces": {
				"north": {"uv": [6.25, 5.25, 7.78125, 5.375], "texture": "#1"},
				"east": {"uv": [7.375, 12.875, 7.5, 13], "texture": "#1"},
				"south": {"uv": [10, 1.5, 11.53125, 1.625], "texture": "#1"},
				"west": {"uv": [9.375, 12.875, 9.5, 13], "texture": "#1"},
				"up": {"uv": [11.53125, 1.75, 10, 1.625], "texture": "#1"},
				"down": {"uv": [11.53125, 1.75, 10, 1.875], "texture": "#1"}
			}
		},
		{
			"from": [3.1, 17.5, -6.9],
			"to": [12.9, 18.5, -6],
			"faces": {
				"north": {"uv": [10, 4.5, 11.21875, 4.625], "texture": "#1"},
				"east": {"uv": [10.75, 12.875, 10.875, 13], "texture": "#1"},
				"south": {"uv": [10, 4.625, 11.21875, 4.75], "texture": "#1"},
				"west": {"uv": [12.25, 12.875, 12.375, 13], "texture": "#1"},
				"up": {"uv": [11.21875, 4.875, 10, 4.75], "texture": "#1"},
				"down": {"uv": [11.21875, 4.875, 10, 5], "texture": "#1"}
			}
		},
		{
			"from": [1.5, -3, -5],
			"to": [14.5, 0, 21],
			"faces": {
				"north": {"uv": [5.625, 8.875, 7.25, 9.25], "texture": "#1"},
				"east": {"uv": [7.875, 5.25, 11.125, 5.625], "texture": "#1"},
				"south": {"uv": [7.25, 8.875, 8.875, 9.25], "texture": "#1"},
				"west": {"uv": [7.875, 5.625, 11.125, 6], "texture": "#1"},
				"up": {"uv": [1.625, 7, 0, 3.75], "texture": "#1"},
				"down": {"uv": [3.25, 3.75, 1.625, 7], "texture": "#1"}
			}
		},
		{
			"from": [0.2, 1, 22],
			"to": [15.8, 2, 22.9],
			"faces": {
				"north": {"uv": [5.625, 9.75, 7.5625, 9.875], "texture": "#1"},
				"east": {"uv": [1.75, 13, 1.875, 13.125], "texture": "#1"},
				"south": {"uv": [7.625, 9.75, 9.5625, 9.875], "texture": "#1"},
				"west": {"uv": [2.5, 13, 2.625, 13.125], "texture": "#1"},
				"up": {"uv": [11.5625, 9.875, 9.625, 9.75], "texture": "#1"},
				"down": {"uv": [11.8125, 0, 9.875, 0.125], "texture": "#1"}
			}
		},
		{
			"from": [-0.3, 2, 22],
			"to": [16.3, 15, 22.9],
			"faces": {
				"north": {"uv": [3.25, 3.75, 5.3125, 5.375], "texture": "#1"},
				"east": {"uv": [8.625, 9.875, 8.75, 11.5], "texture": "#1"},
				"south": {"uv": [4, 0, 6.0625, 1.625], "texture": "#1"},
				"west": {"uv": [8.75, 9.875, 8.875, 11.5], "texture": "#1"},
				"up": {"uv": [11.5625, 6.375, 9.5, 6.25], "texture": "#1"},
				"down": {"uv": [11.5625, 6.375, 9.5, 6.5], "texture": "#1"}
			}
		},
		{
			"from": [0.6, 15, 22],
			"to": [15.4, 16.5, 22.9],
			"faces": {
				"north": {"uv": [9.375, 8.5, 11.21875, 8.6875], "texture": "#1"},
				"east": {"uv": [6.375, 12.875, 6.5, 13.0625], "texture": "#1"},
				"south": {"uv": [9.5, 6, 11.34375, 6.1875], "texture": "#1"},
				"west": {"uv": [6.5, 12.875, 6.625, 13.0625], "texture": "#1"},
				"up": {"uv": [11.71875, 8.125, 9.875, 8], "texture": "#1"},
				"down": {"uv": [11.71875, 8.125, 9.875, 8.25], "texture": "#1"}
			}
		},
		{
			"from": [1.85, 16.5, 22],
			"to": [14.15, 17.5, 22.9],
			"faces": {
				"north": {"uv": [10, 1.875, 11.53125, 2], "texture": "#1"},
				"east": {"uv": [7.875, 13, 8, 13.125], "texture": "#1"},
				"south": {"uv": [10, 2, 11.53125, 2.125], "texture": "#1"},
				"west": {"uv": [9.875, 13, 10, 13.125], "texture": "#1"},
				"up": {"uv": [11.53125, 2.25, 10, 2.125], "texture": "#1"},
				"down": {"uv": [11.53125, 2.25, 10, 2.375], "texture": "#1"}
			}
		},
		{
			"from": [3.1, 17.5, 22],
			"to": [12.9, 18.5, 22.9],
			"faces": {
				"north": {"uv": [10, 5, 11.21875, 5.125], "texture": "#1"},
				"east": {"uv": [10.75, 13, 10.875, 13.125], "texture": "#1"},
				"south": {"uv": [10, 5.125, 11.21875, 5.25], "texture": "#1"},
				"west": {"uv": [12.25, 13, 12.375, 13.125], "texture": "#1"},
				"up": {"uv": [11.34375, 3.25, 10.125, 3.125], "texture": "#1"},
				"down": {"uv": [11.34375, 3.25, 10.125, 3.375], "texture": "#1"}
			}
		},
		{
			"from": [3, -2, 21],
			"to": [4, -1, 24],
			"faces": {
				"north": {"uv": [8.75, 13.125, 8.875, 13.25], "texture": "#1"},
				"east": {"uv": [12.75, 10.5, 13.125, 10.625], "texture": "#1"},
				"south": {"uv": [8.875, 13.125, 9, 13.25], "texture": "#1"},
				"west": {"uv": [12.75, 11.25, 13.125, 11.375], "texture": "#1"},
				"up": {"uv": [11, 13.125, 10.875, 12.75], "texture": "#1"},
				"down": {"uv": [11.125, 12.75, 11, 13.125], "texture": "#1"}
			}
		},
		{
			"from": [11.5, -2.5, 24],
			"to": [13.5, -0.5, 25],
			"rotation": {"angle": 0, "axis": "y", "origin": [16, 0, 0]},
			"faces": {
				"north": {"uv": [10.75, 9.875, 11, 10.125], "texture": "#1"},
				"east": {"uv": [3.75, 12.875, 3.875, 13.125], "texture": "#1"},
				"south": {"uv": [11.25, 8.875, 11.5, 9.125], "texture": "#1"},
				"west": {"uv": [3.875, 12.875, 4, 13.125], "texture": "#1"},
				"up": {"uv": [11.375, 6, 11.125, 5.875], "texture": "#1"},
				"down": {"uv": [11.5, 8.625, 11.25, 8.75], "texture": "#1"}
			}
		},
		{
			"from": [2.5, -2.5, 24],
			"to": [4.5, -0.5, 25],
			"faces": {
				"north": {"uv": [11.375, 5.875, 11.625, 6.125], "texture": "#1"},
				"east": {"uv": [12.875, 3.875, 13, 4.125], "texture": "#1"},
				"south": {"uv": [1.25, 12.625, 1.5, 12.875], "texture": "#1"},
				"west": {"uv": [4, 12.875, 4.125, 13.125], "texture": "#1"},
				"up": {"uv": [11.625, 6.25, 11.375, 6.125], "texture": "#1"},
				"down": {"uv": [11.75, 7.5, 11.5, 7.625], "texture": "#1"}
			}
		},
		{
			"from": [12, -2, 21],
			"to": [13, -1, 24],
			"rotation": {"angle": 0, "axis": "y", "origin": [16, 0, 0]},
			"faces": {
				"north": {"uv": [9, 13.125, 9.125, 13.25], "texture": "#1"},
				"east": {"uv": [12.75, 11.375, 13.125, 11.5], "texture": "#1"},
				"south": {"uv": [9.125, 13.125, 9.25, 13.25], "texture": "#1"},
				"west": {"uv": [12.75, 11.5, 13.125, 11.625], "texture": "#1"},
				"up": {"uv": [12.875, 12, 12.75, 11.625], "texture": "#1"},
				"down": {"uv": [12, 12.75, 11.875, 13.125], "texture": "#1"}
			}
		},
		{
			"from": [12, -2, -8],
			"to": [13, -1, -5],
			"rotation": {"angle": 0, "axis": "y", "origin": [16, 0, 16]},
			"faces": {
				"north": {"uv": [9.25, 13.125, 9.375, 13.25], "texture": "#1"},
				"east": {"uv": [12, 12.75, 12.375, 12.875], "texture": "#1"},
				"south": {"uv": [9.375, 13.125, 9.5, 13.25], "texture": "#1"},
				"west": {"uv": [12.75, 12, 13.125, 12.125], "texture": "#1"},
				"up": {"uv": [12.875, 12.5, 12.75, 12.125], "texture": "#1"},
				"down": {"uv": [12.5, 12.75, 12.375, 13.125], "texture": "#1"}
			}
		},
		{
			"from": [2.5, -2.5, -9],
			"to": [4.5, -0.5, -8],
			"rotation": {"angle": 0, "axis": "y", "origin": [0, 0, 16]},
			"faces": {
				"north": {"uv": [2.625, 12.625, 2.875, 12.875], "texture": "#1"},
				"east": {"uv": [4.125, 12.875, 4.25, 13.125], "texture": "#1"},
				"south": {"uv": [2.875, 12.625, 3.125, 12.875], "texture": "#1"},
				"west": {"uv": [12.875, 4.125, 13, 4.375], "texture": "#1"},
				"up": {"uv": [7.125, 12.625, 6.875, 12.5], "texture": "#1"},
				"down": {"uv": [4.5, 12.875, 4.25, 13], "texture": "#1"}
			}
		},
		{
			"from": [11.5, -2.5, -9],
			"to": [13.5, -0.5, -8],
			"rotation": {"angle": 0, "axis": "y", "origin": [16, 0, 16]},
			"faces": {
				"north": {"uv": [8.125, 12.625, 8.375, 12.875], "texture": "#1"},
				"east": {"uv": [4.5, 12.875, 4.625, 13.125], "texture": "#1"},
				"south": {"uv": [7.5, 12.75, 7.75, 13], "texture": "#1"},
				"west": {"uv": [4.625, 12.875, 4.75, 13.125], "texture": "#1"},
				"up": {"uv": [5, 13, 4.75, 12.875], "texture": "#1"},
				"down": {"uv": [5.25, 12.875, 5, 13], "texture": "#1"}
			}
		},
		{
			"from": [3, -2, -8],
			"to": [4, -1, -5],
			"rotation": {"angle": 0, "axis": "y", "origin": [0, 0, 16]},
			"faces": {
				"north": {"uv": [13.125, 9.375, 13.25, 9.5], "texture": "#1"},
				"east": {"uv": [12.5, 12.75, 12.875, 12.875], "texture": "#1"},
				"south": {"uv": [9.5, 13.125, 9.625, 13.25], "texture": "#1"},
				"west": {"uv": [12.75, 12.5, 13.125, 12.625], "texture": "#1"},
				"up": {"uv": [0.125, 13.25, 0, 12.875], "texture": "#1"},
				"down": {"uv": [0.25, 12.875, 0.125, 13.25], "texture": "#1"}
			}
		},
		{
			"from": [6.25, -2.75, 27.5],
			"to": [9.75, -0.25, 29],
			"rotation": {"angle": 0, "axis": "y", "origin": [8.75, -1.5, 27.25]},
			"faces": {
				"north": {"uv": [0.125, 10.125, 0.5625, 10.4375], "texture": "#1"},
				"east": {"uv": [10, 12.75, 10.1875, 13.0625], "texture": "#1"},
				"south": {"uv": [1.625, 10.125, 2.0625, 10.4375], "texture": "#1"},
				"west": {"uv": [12.75, 10.125, 12.9375, 10.4375], "texture": "#1"},
				"up": {"uv": [11.1875, 4.1875, 10.75, 4], "texture": "#1"},
				"down": {"uv": [11.1875, 4.25, 10.75, 4.4375], "texture": "#1"}
			}
		},
		{
			"from": [6.25, -2.75, 25.5],
			"to": [7.75, -0.25, 27.5],
			"rotation": {"angle": 0, "axis": "y", "origin": [7.5, 0, 8.5]},
			"faces": {
				"north": {"uv": [10.25, 12.75, 10.4375, 13.0625], "texture": "#1"},
				"east": {"uv": [11, 8.875, 11.25, 9.1875], "texture": "#1"},
				"south": {"uv": [10.5, 12.75, 10.6875, 13.0625], "texture": "#1"},
				"west": {"uv": [11.25, 8.25, 11.5, 8.5625], "texture": "#1"},
				"up": {"uv": [13.0625, 0.25, 12.875, 0], "texture": "#1"},
				"down": {"uv": [0.4375, 12.875, 0.25, 13.125], "texture": "#1"}
			}
		},
		{
			"from": [6.25, -2.75, 20.5],
			"to": [9.75, -0.25, 25.5],
			"rotation": {"angle": 0, "axis": "y", "origin": [7.5, 0, 8.5]},
			"faces": {
				"north": {"uv": [2.125, 10.125, 2.5625, 10.4375], "texture": "#1"},
				"east": {"uv": [8.875, 9.875, 9.5, 10.1875], "texture": "#1"},
				"south": {"uv": [10.125, 3.375, 10.5625, 3.6875], "texture": "#1"},
				"west": {"uv": [9.5, 9.875, 10.125, 10.1875], "texture": "#1"},
				"up": {"uv": [2.0625, 10.125, 1.625, 9.5], "texture": "#1"},
				"down": {"uv": [2.5625, 9.5, 2.125, 10.125], "texture": "#1"}
			}
		},
		{
			"from": [1.5, 1.5, -7.2],
			"to": [3.5, 3.5, -7],
			"faces": {
				"north": {"uv": [7.75, 12.75, 8, 13], "texture": "#1"},
				"east": {"uv": [13.25, 1.5, 13.28125, 1.75], "texture": "#1"},
				"south": {"uv": [8.375, 12.75, 8.625, 13], "texture": "#1"},
				"west": {"uv": [1.75, 13.25, 1.78125, 13.5], "texture": "#1"},
				"up": {"uv": [13.5, 1.78125, 13.25, 1.75], "texture": "#1"},
				"down": {"uv": [2.125, 13.25, 1.875, 13.28125], "texture": "#1"}
			}
		},
		{
			"from": [1.75, 1.75, -7.45],
			"to": [3.25, 3.25, -7.2],
			"faces": {
				"north": {"uv": [3.375, 12.875, 3.5625, 13.0625], "texture": "#1"},
				"east": {"uv": [13.25, 3.125, 13.28125, 3.3125], "texture": "#1"},
				"south": {"uv": [12.875, 3.375, 13.0625, 3.5625], "texture": "#1"},
				"west": {"uv": [3.375, 13.25, 3.40625, 13.4375], "texture": "#1"},
				"up": {"uv": [3.6875, 13.28125, 3.5, 13.25], "texture": "#1"},
				"down": {"uv": [13.4375, 3.625, 13.25, 3.65625], "texture": "#1"}
			}
		},
		{
			"from": [12.75, 1.75, -7.45],
			"to": [14.25, 3.25, -7.2],
			"rotation": {"angle": 0, "axis": "y", "origin": [16, 0, 0]},
			"faces": {
				"north": {"uv": [2.875, 12.875, 3.0625, 13.0625], "texture": "#1"},
				"east": {"uv": [13.25, 2.75, 13.28125, 2.9375], "texture": "#1"},
				"south": {"uv": [3.125, 12.875, 3.3125, 13.0625], "texture": "#1"},
				"west": {"uv": [3, 13.25, 3.03125, 13.4375], "texture": "#1"},
				"up": {"uv": [13.4375, 3.03125, 13.25, 3], "texture": "#1"},
				"down": {"uv": [3.3125, 13.25, 3.125, 13.28125], "texture": "#1"}
			}
		},
		{
			"from": [12.5, 1.5, -7.2],
			"to": [14.5, 3.5, -7],
			"rotation": {"angle": 0, "axis": "y", "origin": [16, 0, 0]},
			"faces": {
				"north": {"uv": [8.625, 12.75, 8.875, 13], "texture": "#1"},
				"east": {"uv": [2.125, 13.25, 2.15625, 13.5], "texture": "#1"},
				"south": {"uv": [9.5, 12.75, 9.75, 13], "texture": "#1"},
				"west": {"uv": [13.25, 2.125, 13.28125, 2.375], "texture": "#1"},
				"up": {"uv": [2.5, 13.28125, 2.25, 13.25], "texture": "#1"},
				"down": {"uv": [13.5, 2.375, 13.25, 2.40625], "texture": "#1"}
			}
		},
		{
			"from": [7, 4.75, -3],
			"to": [8, 5.75, -2],
			"rotation": {"angle": 22.5, "axis": "x", "origin": [7.5, 6.5, -2.5]},
			"faces": {
				"north": {"uv": [9.625, 13.125, 9.75, 13.25], "texture": "#1"},
				"east": {"uv": [9.75, 13.125, 9.875, 13.25], "texture": "#1"},
				"south": {"uv": [13.125, 9.75, 13.25, 9.875], "texture": "#1"},
				"west": {"uv": [9.875, 13.125, 10, 13.25], "texture": "#1"},
				"up": {"uv": [13.25, 10, 13.125, 9.875], "texture": "#1"},
				"down": {"uv": [10.125, 13.125, 10, 13.25], "texture": "#1"}
			}
		},
		{
			"from": [9, 4.75, -3],
			"to": [10, 5.75, -2],
			"rotation": {"angle": 22.5, "axis": "x", "origin": [7.5, 6.5, -2.5]},
			"faces": {
				"north": {"uv": [13.125, 10.5, 13.25, 10.625], "texture": "#1"},
				"east": {"uv": [10.625, 13.125, 10.75, 13.25], "texture": "#1"},
				"south": {"uv": [13.125, 10.625, 13.25, 10.75], "texture": "#1"},
				"west": {"uv": [10.75, 13.125, 10.875, 13.25], "texture": "#1"},
				"up": {"uv": [13.25, 10.875, 13.125, 10.75], "texture": "#1"},
				"down": {"uv": [11, 13.125, 10.875, 13.25], "texture": "#1"}
			}
		},
		{
			"from": [14, 4.75, -3],
			"to": [15, 5.75, -2],
			"rotation": {"angle": 22.5, "axis": "x", "origin": [7.5, 6.5, -2.5]},
			"faces": {
				"north": {"uv": [13.125, 10.875, 13.25, 11], "texture": "#1"},
				"east": {"uv": [11, 13.125, 11.125, 13.25], "texture": "#1"},
				"south": {"uv": [13.125, 11, 13.25, 11.125], "texture": "#1"},
				"west": {"uv": [11.125, 13.125, 11.25, 13.25], "texture": "#1"},
				"up": {"uv": [13.25, 11.25, 13.125, 11.125], "texture": "#1"},
				"down": {"uv": [11.375, 13.125, 11.25, 13.25], "texture": "#1"}
			}
		},
		{
			"from": [5, 4.75, -3],
			"to": [6, 5.75, -2],
			"rotation": {"angle": 22.5, "axis": "x", "origin": [7.5, 6.5, -2.5]},
			"faces": {
				"north": {"uv": [13.125, 11.25, 13.25, 11.375], "texture": "#1"},
				"east": {"uv": [11.375, 13.125, 11.5, 13.25], "texture": "#1"},
				"south": {"uv": [13.125, 11.375, 13.25, 11.5], "texture": "#1"},
				"west": {"uv": [11.5, 13.125, 11.625, 13.25], "texture": "#1"},
				"up": {"uv": [13.25, 11.625, 13.125, 11.5], "texture": "#1"},
				"down": {"uv": [11.75, 13.125, 11.625, 13.25], "texture": "#1"}
			}
		},
		{
			"from": [3, 4.75, -3],
			"to": [4, 5.75, -2],
			"rotation": {"angle": 22.5, "axis": "x", "origin": [7.5, 6.5, -2.5]},
			"faces": {
				"north": {"uv": [13.125, 11.625, 13.25, 11.75], "texture": "#1"},
				"east": {"uv": [11.75, 13.125, 11.875, 13.25], "texture": "#1"},
				"south": {"uv": [13.125, 11.75, 13.25, 11.875], "texture": "#1"},
				"west": {"uv": [11.875, 13.125, 12, 13.25], "texture": "#1"},
				"up": {"uv": [13.25, 12, 13.125, 11.875], "texture": "#1"},
				"down": {"uv": [12.125, 13.125, 12, 13.25], "texture": "#1"}
			}
		},
		{
			"from": [1, 4.75, -3],
			"to": [2, 5.75, -2],
			"rotation": {"angle": 22.5, "axis": "x", "origin": [7.5, 6.5, -2.5]},
			"faces": {
				"north": {"uv": [13.125, 12, 13.25, 12.125], "texture": "#1"},
				"east": {"uv": [12.125, 13.125, 12.25, 13.25], "texture": "#1"},
				"south": {"uv": [13.125, 12.125, 13.25, 12.25], "texture": "#1"},
				"west": {"uv": [12.25, 13.125, 12.375, 13.25], "texture": "#1"},
				"up": {"uv": [13.25, 12.375, 13.125, 12.25], "texture": "#1"},
				"down": {"uv": [12.5, 13.125, 12.375, 13.25], "texture": "#1"}
			}
		},
		{
			"from": [12.25, 5, -3.25],
			"to": [12.75, 7, -2.75],
			"rotation": {"angle": 22.5, "axis": "x", "origin": [7.5, 6.5, -2.5]},
			"faces": {
				"north": {"uv": [10.125, 13.125, 10.1875, 13.375], "texture": "#1"},
				"east": {"uv": [10.25, 13.125, 10.3125, 13.375], "texture": "#1"},
				"south": {"uv": [10.375, 13.125, 10.4375, 13.375], "texture": "#1"},
				"west": {"uv": [10.5, 13.125, 10.5625, 13.375], "texture": "#1"},
				"up": {"uv": [3.8125, 13.3125, 3.75, 13.25], "texture": "#1"},
				"down": {"uv": [13.3125, 3.75, 13.25, 3.8125], "texture": "#1"}
			}
		},
		{
			"from": [11.75, 7, -3.25],
			"to": [13.25, 7.5, -2.75],
			"rotation": {"angle": 22.5, "axis": "x", "origin": [7.5, 6.5, -2.5]},
			"faces": {
				"north": {"uv": [1.25, 13.25, 1.4375, 13.3125], "texture": "#1"},
				"east": {"uv": [3.875, 13.25, 3.9375, 13.3125], "texture": "#1"},
				"south": {"uv": [13.25, 1.25, 13.4375, 1.3125], "texture": "#1"},
				"west": {"uv": [13.25, 3.875, 13.3125, 3.9375], "texture": "#1"},
				"up": {"uv": [13.4375, 1.4375, 13.25, 1.375], "texture": "#1"},
				"down": {"uv": [1.6875, 13.25, 1.5, 13.3125], "texture": "#1"}
			}
		},
		{
			"from": [11.5, 5.5, -4],
			"to": [13.5, 5.75, -2],
			"rotation": {"angle": 22.5, "axis": "x", "origin": [7.5, 6.5, -2.5]},
			"faces": {
				"north": {"uv": [2.5, 13.25, 2.75, 13.28125], "texture": "#1"},
				"east": {"uv": [13.25, 2.5, 13.5, 2.53125], "texture": "#1"},
				"south": {"uv": [13.25, 2.625, 13.5, 2.65625], "texture": "#1"},
				"west": {"uv": [2.75, 13.25, 3, 13.28125], "texture": "#1"},
				"up": {"uv": [13, 9.75, 12.75, 9.5], "texture": "#1"},
				"down": {"uv": [10, 12.75, 9.75, 13], "texture": "#1"}
			}
		},
		{
			"name": "head",
			"from": [8.3296, 10.5232, -0.6704],
			"to": [11.6704, 13.864, 2.6704],
			"rotation": {"angle": 0, "axis": "y", "origin": [6.6592, 11.1136, 5.7792]},
			"faces": {
				"north": {"uv": [2, 2, 4, 4], "texture": "#0"},
				"east": {"uv": [0, 2, 2, 4], "texture": "#0"},
				"south": {"uv": [6, 2, 8, 4], "texture": "#0"},
				"west": {"uv": [4, 2, 6, 4], "texture": "#0"},
				"up": {"uv": [4, 2, 2, 0], "texture": "#0"},
				"down": {"uv": [6, 0, 4, 2], "texture": "#0"}
			}
		},
		{
			"name": "body",
			"from": [8.3296, 5.512, 0.1648],
			"to": [11.6704, 10.5232, 1.8352],
			"rotation": {"angle": 0, "axis": "y", "origin": [6.6592, 11.1136, 5.7792]},
			"faces": {
				"north": {"uv": [5, 5, 7, 7.98], "texture": "#0"},
				"east": {"uv": [4, 5, 5, 8], "texture": "#0"},
				"south": {"uv": [8, 5, 10, 8], "texture": "#0"},
				"west": {"uv": [7, 5, 8, 7.98], "texture": "#0"},
				"up": {"uv": [7, 5, 5, 4], "texture": "#0"},
				"down": {"uv": [9, 4, 7, 5], "texture": "#0"}
			}
		},
		{
			"name": "right_arm",
			"from": [11.6704, 5.512, 0.1648],
			"to": [13.3408, 10.5232, 1.8352],
			"rotation": {"angle": 45, "axis": "x", "origin": [11.7556, 10.0176, 1]},
			"faces": {
				"north": {"uv": [11, 5, 12, 8], "texture": "#0"},
				"east": {"uv": [10, 5, 11, 8], "texture": "#0"},
				"south": {"uv": [13, 5, 14, 8], "texture": "#0"},
				"west": {"uv": [12, 5, 13, 8], "texture": "#0"},
				"up": {"uv": [12, 5, 11, 4], "texture": "#0"},
				"down": {"uv": [13, 4, 12, 5], "texture": "#0"}
			}
		},
		{
			"name": "left_arm",
			"from": [6.6592, 5.512, 0.1648],
			"to": [8.3296, 10.5232, 1.8352],
			"rotation": {"angle": 0, "axis": "x", "origin": [8.4944, 10.0176, 1]},
			"faces": {
				"north": {"uv": [9, 13, 10, 16], "texture": "#0"},
				"east": {"uv": [8, 13, 9, 16], "texture": "#0"},
				"south": {"uv": [11, 13, 12, 16], "texture": "#0"},
				"west": {"uv": [10, 13, 11, 16], "texture": "#0"},
				"up": {"uv": [10, 13, 9, 12], "texture": "#0"},
				"down": {"uv": [11, 12, 10, 13], "texture": "#0"}
			}
		},
		{
			"name": "right_leg",
			"from": [10, 0.5008, 0.1648],
			"to": [11.6704, 5.512, 1.8352],
			"rotation": {"angle": 0, "axis": "y", "origin": [6.6592, 11.1136, 5.7792]},
			"faces": {
				"north": {"uv": [1, 5, 2, 8], "texture": "#0"},
				"east": {"uv": [0, 5, 1, 8], "texture": "#0"},
				"south": {"uv": [3, 5, 4, 8], "texture": "#0"},
				"west": {"uv": [2, 5, 3, 8], "texture": "#0"},
				"up": {"uv": [2, 5, 1, 4], "texture": "#0"},
				"down": {"uv": [3, 4, 2, 5], "texture": "#0"}
			}
		},
		{
			"name": "left_leg",
			"from": [8.3296, 0.5008, 0.1648],
			"to": [10, 5.512, 1.8352],
			"rotation": {"angle": 0, "axis": "y", "origin": [6.6592, 11.1136, 5.7792]},
			"faces": {
				"north": {"uv": [5, 13, 6, 16], "texture": "#0"},
				"east": {"uv": [4, 13, 5, 16], "texture": "#0"},
				"south": {"uv": [7, 13, 8, 16], "texture": "#0"},
				"west": {"uv": [6, 13, 7, 16], "texture": "#0"},
				"up": {"uv": [6, 13, 5, 12], "texture": "#0"},
				"down": {"uv": [7, 12, 6, 13], "texture": "#0"}
			}
		},
		{
			"from": [0.825, -3.25, -2.5],
			"to": [5.325, -2.25, -1.5],
			"rotation": {"angle": 0, "axis": "y", "origin": [0, 0.25, -3]},
			"faces": {
				"north": {"uv": [6.25, 12.75, 6.8125, 12.875], "texture": "#1"},
				"east": {"uv": [1, 13.25, 1.125, 13.375], "texture": "#1"},
				"south": {"uv": [12.75, 6.25, 13.3125, 6.375], "texture": "#1"},
				"west": {"uv": [1.125, 13.25, 1.25, 13.375], "texture": "#1"},
				"up": {"uv": [13.3125, 6.5, 12.75, 6.375], "texture": "#1"},
				"down": {"uv": [7.4375, 12.75, 6.875, 12.875], "texture": "#1"}
			}
		},
		{
			"name": "hexadecagon",
			"from": [-0.16, -5.16, -2.47938],
			"to": [1.16, -0.34, -1.52062],
			"rotation": {"angle": -22.5, "axis": "x", "origin": [9.48, -2.75, -2]},
			"faces": {
				"north": {"uv": [10.5, 10.25, 10.65625, 10.84375], "texture": "#1"},
				"east": {"uv": [12.125, 8.25, 12.25, 8.84375], "texture": "#1"},
				"south": {"uv": [10.625, 2.375, 10.78125, 2.96875], "texture": "#1"},
				"west": {"uv": [8.375, 12.125, 8.5, 12.71875], "texture": "#1"},
				"up": {"uv": [9.03125, 13, 8.875, 12.875], "texture": "#1"},
				"down": {"uv": [9.28125, 12.875, 9.125, 13], "texture": "#1"}
			}
		},
		{
			"name": "hexadecagon",
			"from": [-0.16, -3.22938, -4.41],
			"to": [1.16, -2.27062, 0.41],
			"rotation": {"angle": 45, "axis": "x", "origin": [9.48, -2.75, -2]},
			"faces": {
				"north": {"uv": [12.875, 8.5, 13.03125, 8.625], "texture": "#1"},
				"east": {"uv": [12.125, 6.375, 12.71875, 6.5], "texture": "#1"},
				"south": {"uv": [12.875, 8.625, 13.03125, 8.75], "texture": "#1"},
				"west": {"uv": [12.125, 8.125, 12.71875, 8.25], "texture": "#1"},
				"up": {"uv": [2.28125, 11.09375, 2.125, 10.5], "texture": "#1"},
				"down": {"uv": [2.53125, 10.5, 2.375, 11.09375], "texture": "#1"}
			}
		},
		{
			"name": "hexadecagon",
			"from": [-0.16, -3.22938, -4.41],
			"to": [1.16, -2.27062, 0.41],
			"rotation": {"angle": 22.5, "axis": "x", "origin": [9.48, -2.75, -2]},
			"faces": {
				"north": {"uv": [12.875, 8.25, 13.03125, 8.375], "texture": "#1"},
				"east": {"uv": [12, 10, 12.59375, 10.125], "texture": "#1"},
				"south": {"uv": [12.875, 8.375, 13.03125, 8.5], "texture": "#1"},
				"west": {"uv": [12.125, 6.25, 12.71875, 6.375], "texture": "#1"},
				"up": {"uv": [1.78125, 11.09375, 1.625, 10.5], "texture": "#1"},
				"down": {"uv": [2.03125, 10.5, 1.875, 11.09375], "texture": "#1"}
			}
		},
		{
			"name": "hexadecagon",
			"from": [-0.16, -3.22938, -4.41],
			"to": [1.16, -2.27062, 0.41],
			"rotation": {"angle": 0, "axis": "x", "origin": [9.48, -2.75, -2]},
			"faces": {
				"north": {"uv": [12.875, 8, 13.03125, 8.125], "texture": "#1"},
				"east": {"uv": [11.875, 6.5, 12.46875, 6.625], "texture": "#1"},
				"south": {"uv": [8.125, 12.875, 8.28125, 13], "texture": "#1"},
				"west": {"uv": [11.875, 6.625, 12.46875, 6.75], "texture": "#1"},
				"up": {"uv": [0.28125, 11.09375, 0.125, 10.5], "texture": "#1"},
				"down": {"uv": [0.53125, 10.5, 0.375, 11.09375], "texture": "#1"}
			}
		},
		{
			"name": "hexadecagon",
			"from": [-0.16, -3.22938, -4.41],
			"to": [1.16, -2.27062, 0.41],
			"rotation": {"angle": -45, "axis": "x", "origin": [9.48, -2.75, -2]},
			"faces": {
				"north": {"uv": [12.875, 7.75, 13.03125, 7.875], "texture": "#1"},
				"east": {"uv": [11.125, 7.75, 11.71875, 7.875], "texture": "#1"},
				"south": {"uv": [12.875, 7.875, 13.03125, 8], "texture": "#1"},
				"west": {"uv": [11.625, 6.75, 12.21875, 6.875], "texture": "#1"},
				"up": {"uv": [9.28125, 10.96875, 9.125, 10.375], "texture": "#1"},
				"down": {"uv": [9.53125, 10.375, 9.375, 10.96875], "texture": "#1"}
			}
		},
		{
			"name": "hexadecagon",
			"from": [-0.16, -3.22938, -4.41],
			"to": [1.16, -2.27062, 0.41],
			"rotation": {"angle": -22.5, "axis": "x", "origin": [9.48, -2.75, -2]},
			"faces": {
				"north": {"uv": [12.875, 7.5, 13.03125, 7.625], "texture": "#1"},
				"east": {"uv": [10.625, 3, 11.21875, 3.125], "texture": "#1"},
				"south": {"uv": [12.875, 7.625, 13.03125, 7.75], "texture": "#1"},
				"west": {"uv": [11.125, 7.625, 11.71875, 7.75], "texture": "#1"},
				"up": {"uv": [4.03125, 10.96875, 3.875, 10.375], "texture": "#1"},
				"down": {"uv": [9.03125, 10.375, 8.875, 10.96875], "texture": "#1"}
			}
		},
		{
			"name": "hexadecagon",
			"from": [-0.16, -5.16, -2.47938],
			"to": [1.16, -0.34, -1.52062],
			"rotation": {"angle": 22.5, "axis": "x", "origin": [9.48, -2.75, -2]},
			"faces": {
				"north": {"uv": [10, 10.25, 10.15625, 10.84375], "texture": "#1"},
				"east": {"uv": [12.125, 5, 12.25, 5.59375], "texture": "#1"},
				"south": {"uv": [10.25, 10.25, 10.40625, 10.84375], "texture": "#1"},
				"west": {"uv": [12.125, 5.625, 12.25, 6.21875], "texture": "#1"},
				"up": {"uv": [7.03125, 13, 6.875, 12.875], "texture": "#1"},
				"down": {"uv": [7.28125, 12.875, 7.125, 13], "texture": "#1"}
			}
		},
		{
			"name": "hexadecagon",
			"from": [-0.16, -5.16, -2.47938],
			"to": [1.16, -0.34, -1.52062],
			"rotation": {"angle": 0, "axis": "x", "origin": [9.48, -2.75, -2]},
			"faces": {
				"north": {"uv": [8.125, 10.125, 8.28125, 10.71875], "texture": "#1"},
				"east": {"uv": [12.125, 1.875, 12.25, 2.46875], "texture": "#1"},
				"south": {"uv": [9.75, 10.25, 9.90625, 10.84375], "texture": "#1"},
				"west": {"uv": [12.125, 4.375, 12.25, 4.96875], "texture": "#1"},
				"up": {"uv": [6.78125, 13, 6.625, 12.875], "texture": "#1"},
				"down": {"uv": [13.03125, 6.75, 12.875, 6.875], "texture": "#1"}
			}
		},
		{
			"from": [0.825, -3.25, 17.5],
			"to": [5.325, -2.25, 18.5],
			"rotation": {"angle": 0, "axis": "y", "origin": [0, 0.25, 17]},
			"faces": {
				"north": {"uv": [12.5, 5.75, 13.0625, 5.875], "texture": "#1"},
				"east": {"uv": [13.125, 12.375, 13.25, 12.5], "texture": "#1"},
				"south": {"uv": [12.5, 5.875, 13.0625, 6], "texture": "#1"},
				"west": {"uv": [12.5, 13.125, 12.625, 13.25], "texture": "#1"},
				"up": {"uv": [13.0625, 6.125, 12.5, 6], "texture": "#1"},
				"down": {"uv": [13.0625, 6.125, 12.5, 6.25], "texture": "#1"}
			}
		},
		{
			"name": "hexadecagon",
			"from": [-0.16, -5.16, 17.52062],
			"to": [1.16, -0.34, 18.47938],
			"rotation": {"angle": -22.5, "axis": "x", "origin": [9.48, -2.75, 18]},
			"faces": {
				"north": {"uv": [10.75, 10.25, 10.90625, 10.84375], "texture": "#1"},
				"east": {"uv": [12.125, 10.625, 12.25, 11.21875], "texture": "#1"},
				"south": {"uv": [10.875, 2.375, 11.03125, 2.96875], "texture": "#1"},
				"west": {"uv": [10.875, 12.125, 11, 12.71875], "texture": "#1"},
				"up": {"uv": [12.90625, 13, 12.75, 12.875], "texture": "#1"},
				"down": {"uv": [13.03125, 12.75, 12.875, 12.875], "texture": "#1"}
			}
		},
		{
			"name": "hexadecagon",
			"from": [-0.16, -3.22938, 15.59],
			"to": [1.16, -2.27062, 20.41],
			"rotation": {"angle": 45, "axis": "x", "origin": [9.48, -2.75, 18]},
			"faces": {
				"north": {"uv": [12.875, 12.375, 13.03125, 12.5], "texture": "#1"},
				"east": {"uv": [12.125, 10.375, 12.71875, 10.5], "texture": "#1"},
				"south": {"uv": [12.5, 12.875, 12.65625, 13], "texture": "#1"},
				"west": {"uv": [12.125, 10.5, 12.71875, 10.625], "texture": "#1"},
				"up": {"uv": [8.03125, 11.34375, 7.875, 10.75], "texture": "#1"},
				"down": {"uv": [8.28125, 10.75, 8.125, 11.34375], "texture": "#1"}
			}
		},
		{
			"name": "hexadecagon",
			"from": [-0.16, -3.22938, 15.59],
			"to": [1.16, -2.27062, 20.41],
			"rotation": {"angle": 22.5, "axis": "x", "origin": [9.48, -2.75, 18]},
			"faces": {
				"north": {"uv": [12.875, 12.125, 13.03125, 12.25], "texture": "#1"},
				"east": {"uv": [10.25, 12.125, 10.84375, 12.25], "texture": "#1"},
				"south": {"uv": [12.875, 12.25, 13.03125, 12.375], "texture": "#1"},
				"west": {"uv": [12.125, 10.25, 12.71875, 10.375], "texture": "#1"},
				"up": {"uv": [7.53125, 11.34375, 7.375, 10.75], "texture": "#1"},
				"down": {"uv": [7.78125, 10.75, 7.625, 11.34375], "texture": "#1"}
			}
		},
		{
			"name": "hexadecagon",
			"from": [-0.16, -3.22938, 15.59],
			"to": [1.16, -2.27062, 20.41],
			"rotation": {"angle": 0, "axis": "x", "origin": [9.48, -2.75, 18]},
			"faces": {
				"north": {"uv": [12.875, 11.875, 13.03125, 12], "texture": "#1"},
				"east": {"uv": [12.125, 9.875, 12.71875, 10], "texture": "#1"},
				"south": {"uv": [12, 12.875, 12.15625, 13], "texture": "#1"},
				"west": {"uv": [12.125, 10.125, 12.71875, 10.25], "texture": "#1"},
				"up": {"uv": [10.90625, 3.96875, 10.75, 3.375], "texture": "#1"},
				"down": {"uv": [7.28125, 10.75, 7.125, 11.34375], "texture": "#1"}
			}
		},
		{
			"name": "hexadecagon",
			"from": [-0.16, -3.22938, 15.59],
			"to": [1.16, -2.27062, 20.41],
			"rotation": {"angle": -45, "axis": "x", "origin": [9.48, -2.75, 18]},
			"faces": {
				"north": {"uv": [12.875, 11.625, 13.03125, 11.75], "texture": "#1"},
				"east": {"uv": [12.125, 9.625, 12.71875, 9.75], "texture": "#1"},
				"south": {"uv": [12.875, 11.75, 13.03125, 11.875], "texture": "#1"},
				"west": {"uv": [12.125, 9.75, 12.71875, 9.875], "texture": "#1"},
				"up": {"uv": [2.78125, 11.34375, 2.625, 10.75], "texture": "#1"},
				"down": {"uv": [3.03125, 10.75, 2.875, 11.34375], "texture": "#1"}
			}
		},
		{
			"name": "hexadecagon",
			"from": [-0.16, -3.22938, 15.59],
			"to": [1.16, -2.27062, 20.41],
			"rotation": {"angle": -22.5, "axis": "x", "origin": [9.48, -2.75, 18]},
			"faces": {
				"north": {"uv": [12.875, 11, 13.03125, 11.125], "texture": "#1"},
				"east": {"uv": [12.125, 9.5, 12.71875, 9.625], "texture": "#1"},
				"south": {"uv": [12.875, 11.125, 13.03125, 11.25], "texture": "#1"},
				"west": {"uv": [9.625, 12.125, 10.21875, 12.25], "texture": "#1"},
				"up": {"uv": [5.28125, 11.21875, 5.125, 10.625], "texture": "#1"},
				"down": {"uv": [5.53125, 10.625, 5.375, 11.21875], "texture": "#1"}
			}
		},
		{
			"name": "hexadecagon",
			"from": [-0.16, -5.16, 17.52062],
			"to": [1.16, -0.34, 18.47938],
			"rotation": {"angle": 22.5, "axis": "x", "origin": [9.48, -2.75, 18]},
			"faces": {
				"north": {"uv": [4.625, 10.625, 4.78125, 11.21875], "texture": "#1"},
				"east": {"uv": [8.75, 12.125, 8.875, 12.71875], "texture": "#1"},
				"south": {"uv": [4.875, 10.625, 5.03125, 11.21875], "texture": "#1"},
				"west": {"uv": [12.125, 8.875, 12.25, 9.46875], "texture": "#1"},
				"up": {"uv": [13.03125, 10.875, 12.875, 10.75], "texture": "#1"},
				"down": {"uv": [13.03125, 10.875, 12.875, 11], "texture": "#1"}
			}
		},
		{
			"name": "hexadecagon",
			"from": [-0.16, -5.16, 17.52062],
			"to": [1.16, -0.34, 18.47938],
			"rotation": {"angle": 0, "axis": "x", "origin": [9.48, -2.75, 18]},
			"faces": {
				"north": {"uv": [4.125, 10.625, 4.28125, 11.21875], "texture": "#1"},
				"east": {"uv": [8.5, 12.125, 8.625, 12.71875], "texture": "#1"},
				"south": {"uv": [4.375, 10.625, 4.53125, 11.21875], "texture": "#1"},
				"west": {"uv": [8.625, 12.125, 8.75, 12.71875], "texture": "#1"},
				"up": {"uv": [13.03125, 9.5, 12.875, 9.375], "texture": "#1"},
				"down": {"uv": [13.03125, 10.625, 12.875, 10.75], "texture": "#1"}
			}
		},
		{
			"from": [10.675, -3.25, -2.5],
			"to": [15.175, -2.25, -1.5],
			"rotation": {"angle": 0, "axis": "y", "origin": [16, 0.25, -3]},
			"faces": {
				"north": {"uv": [0, 12.75, 0.5625, 12.875], "texture": "#1"},
				"east": {"uv": [0.75, 13.25, 0.875, 13.375], "texture": "#1"},
				"south": {"uv": [0.625, 12.75, 1.1875, 12.875], "texture": "#1"},
				"west": {"uv": [0.875, 13.25, 1, 13.375], "texture": "#1"},
				"up": {"uv": [4.6875, 12.875, 4.125, 12.75], "texture": "#1"},
				"down": {"uv": [5.3125, 12.75, 4.75, 12.875], "texture": "#1"}
			}
		},
		{
			"name": "hexadecagon",
			"from": [14.84, -5.16, -2.47938],
			"to": [16.16, -0.34, -1.52062],
			"rotation": {"angle": 22.5, "axis": "x", "origin": [6.52, -2.75, -2]},
			"faces": {
				"north": {"uv": [7.375, 12, 7.53125, 12.59375], "texture": "#1"},
				"east": {"uv": [6, 12.5, 6.125, 13.09375], "texture": "#1"},
				"south": {"uv": [12, 7.5, 12.15625, 8.09375], "texture": "#1"},
				"west": {"uv": [6.125, 12.5, 6.25, 13.09375], "texture": "#1"},
				"up": {"uv": [13.28125, 8.625, 13.125, 8.5], "texture": "#1"},
				"down": {"uv": [13.28125, 8.625, 13.125, 8.75], "texture": "#1"}
			}
		},
		{
			"name": "hexadecagon",
			"from": [14.84, -5.16, -2.47938],
			"to": [16.16, -0.34, -1.52062],
			"rotation": {"angle": 0, "axis": "x", "origin": [6.52, -2.75, -2]},
			"faces": {
				"north": {"uv": [12, 3.75, 12.15625, 4.34375], "texture": "#1"},
				"east": {"uv": [5.5, 12.5, 5.625, 13.09375], "texture": "#1"},
				"south": {"uv": [7.125, 12, 7.28125, 12.59375], "texture": "#1"},
				"west": {"uv": [5.875, 12.5, 6, 13.09375], "texture": "#1"},
				"up": {"uv": [13.28125, 8.5, 13.125, 8.375], "texture": "#1"},
				"down": {"uv": [8.65625, 13.125, 8.5, 13.25], "texture": "#1"}
			}
		},
		{
			"name": "hexadecagon",
			"from": [14.84, -5.16, -2.47938],
			"to": [16.16, -0.34, -1.52062],
			"rotation": {"angle": -22.5, "axis": "x", "origin": [6.52, -2.75, -2]},
			"faces": {
				"north": {"uv": [2.875, 12, 3.03125, 12.59375], "texture": "#1"},
				"east": {"uv": [12.5, 5.125, 12.625, 5.71875], "texture": "#1"},
				"south": {"uv": [12, 3.125, 12.15625, 3.71875], "texture": "#1"},
				"west": {"uv": [5.375, 12.5, 5.5, 13.09375], "texture": "#1"},
				"up": {"uv": [8.40625, 13.25, 8.25, 13.125], "texture": "#1"},
				"down": {"uv": [13.28125, 8.25, 13.125, 8.375], "texture": "#1"}
			}
		},
		{
			"name": "hexadecagon",
			"from": [14.84, -3.22938, -4.41],
			"to": [16.16, -2.27062, 0.41],
			"rotation": {"angle": 45, "axis": "x", "origin": [6.52, -2.75, -2]},
			"faces": {
				"north": {"uv": [13.125, 8, 13.28125, 8.125], "texture": "#1"},
				"east": {"uv": [12.5, 4.875, 13.09375, 5], "texture": "#1"},
				"south": {"uv": [13.125, 8.125, 13.28125, 8.25], "texture": "#1"},
				"west": {"uv": [12.5, 5, 13.09375, 5.125], "texture": "#1"},
				"up": {"uv": [12.15625, 3.09375, 12, 2.5], "texture": "#1"},
				"down": {"uv": [2.78125, 12, 2.625, 12.59375], "texture": "#1"}
			}
		},
		{
			"name": "hexadecagon",
			"from": [14.84, -3.22938, -4.41],
			"to": [16.16, -2.27062, 0.41],
			"rotation": {"angle": 22.5, "axis": "x", "origin": [6.52, -2.75, -2]},
			"faces": {
				"north": {"uv": [13.125, 8, 13.28125, 8.125], "texture": "#1"},
				"east": {"uv": [12.5, 4.875, 13.09375, 5], "texture": "#1"},
				"south": {"uv": [13.125, 8.125, 13.28125, 8.25], "texture": "#1"},
				"west": {"uv": [12.5, 5, 13.09375, 5.125], "texture": "#1"},
				"up": {"uv": [12.15625, 3.09375, 12, 2.5], "texture": "#1"},
				"down": {"uv": [2.78125, 12, 2.625, 12.59375], "texture": "#1"}
			}
		},
		{
			"name": "hexadecagon",
			"from": [14.84, -3.22938, -4.41],
			"to": [16.16, -2.27062, 0.41],
			"rotation": {"angle": 0, "axis": "x", "origin": [6.52, -2.75, -2]},
			"faces": {
				"north": {"uv": [7.75, 13.125, 7.90625, 13.25], "texture": "#1"},
				"east": {"uv": [12.5, 4.5, 13.09375, 4.625], "texture": "#1"},
				"south": {"uv": [13.125, 7.75, 13.28125, 7.875], "texture": "#1"},
				"west": {"uv": [12.5, 4.625, 13.09375, 4.75], "texture": "#1"},
				"up": {"uv": [12.03125, 9.34375, 11.875, 8.75], "texture": "#1"},
				"down": {"uv": [12.03125, 10.125, 11.875, 10.71875], "texture": "#1"}
			}
		},
		{
			"name": "hexadecagon",
			"from": [14.84, -3.22938, -4.41],
			"to": [16.16, -2.27062, 0.41],
			"rotation": {"angle": -22.5, "axis": "x", "origin": [6.52, -2.75, -2]},
			"faces": {
				"north": {"uv": [13.125, 7.5, 13.28125, 7.625], "texture": "#1"},
				"east": {"uv": [4.125, 12.5, 4.71875, 12.625], "texture": "#1"},
				"south": {"uv": [13.125, 7.625, 13.28125, 7.75], "texture": "#1"},
				"west": {"uv": [12.5, 4.375, 13.09375, 4.5], "texture": "#1"},
				"up": {"uv": [5.53125, 12.46875, 5.375, 11.875], "texture": "#1"},
				"down": {"uv": [12.03125, 5.875, 11.875, 6.46875], "texture": "#1"}
			}
		},
		{
			"name": "hexadecagon",
			"from": [14.84, -3.22938, -4.41],
			"to": [16.16, -2.27062, 0.41],
			"rotation": {"angle": -45, "axis": "x", "origin": [6.52, -2.75, -2]},
			"faces": {
				"north": {"uv": [13.125, 7.375, 13.28125, 7.5], "texture": "#1"},
				"east": {"uv": [12.5, 1.875, 13.09375, 2], "texture": "#1"},
				"south": {"uv": [7.5, 13.125, 7.65625, 13.25], "texture": "#1"},
				"west": {"uv": [12.5, 2, 13.09375, 2.125], "texture": "#1"},
				"up": {"uv": [5.28125, 12.46875, 5.125, 11.875], "texture": "#1"},
				"down": {"uv": [12.03125, 5.25, 11.875, 5.84375], "texture": "#1"}
			}
		},
		{
			"from": [10.675, -3.25, 17.5],
			"to": [15.175, -2.25, 18.5],
			"rotation": {"angle": 0, "axis": "y", "origin": [16, 0.25, 19]},
			"faces": {
				"north": {"uv": [12.625, 10, 13.1875, 10.125], "texture": "#1"},
				"east": {"uv": [0.5, 13.25, 0.625, 13.375], "texture": "#1"},
				"south": {"uv": [10.125, 12.625, 10.6875, 12.75], "texture": "#1"},
				"west": {"uv": [0.625, 13.25, 0.75, 13.375], "texture": "#1"},
				"up": {"uv": [12.4375, 12.75, 11.875, 12.625], "texture": "#1"},
				"down": {"uv": [13.0625, 12.625, 12.5, 12.75], "texture": "#1"}
			}
		},
		{
			"name": "hexadecagon",
			"from": [14.84, -5.16, 17.52062],
			"to": [16.16, -0.34, 18.47938],
			"rotation": {"angle": 0, "axis": "y", "origin": [6.52, -2.75, 18]},
			"faces": {
				"north": {"uv": [4.375, 11.875, 4.53125, 12.46875], "texture": "#1"},
				"east": {"uv": [2, 12.5, 2.125, 13.09375], "texture": "#1"},
				"south": {"uv": [4.625, 11.875, 4.78125, 12.46875], "texture": "#1"},
				"west": {"uv": [2.125, 12.5, 2.25, 13.09375], "texture": "#1"},
				"up": {"uv": [13.28125, 7.125, 13.125, 7], "texture": "#1"},
				"down": {"uv": [13.28125, 7.125, 13.125, 7.25], "texture": "#1"}
			}
		},
		{
			"name": "hexadecagon",
			"from": [14.84, -5.16, 17.52062],
			"to": [16.16, -0.34, 18.47938],
			"rotation": {"angle": -22.5, "axis": "x", "origin": [6.52, -2.75, 18]},
			"faces": {
				"north": {"uv": [4.375, 11.875, 4.53125, 12.46875], "texture": "#1"},
				"east": {"uv": [2, 12.5, 2.125, 13.09375], "texture": "#1"},
				"south": {"uv": [4.625, 11.875, 4.78125, 12.46875], "texture": "#1"},
				"west": {"uv": [2.125, 12.5, 2.25, 13.09375], "texture": "#1"},
				"up": {"uv": [13.28125, 7.125, 13.125, 7], "texture": "#1"},
				"down": {"uv": [13.28125, 7.125, 13.125, 7.25], "texture": "#1"}
			}
		},
		{
			"name": "hexadecagon",
			"from": [14.84, -5.16, 17.52062],
			"to": [16.16, -0.34, 18.47938],
			"rotation": {"angle": -45, "axis": "x", "origin": [6.52, -2.75, 18]},
			"faces": {
				"north": {"uv": [4.375, 11.875, 4.53125, 12.46875], "texture": "#1"},
				"east": {"uv": [2, 12.5, 2.125, 13.09375], "texture": "#1"},
				"south": {"uv": [4.625, 11.875, 4.78125, 12.46875], "texture": "#1"},
				"west": {"uv": [2.125, 12.5, 2.25, 13.09375], "texture": "#1"},
				"up": {"uv": [13.28125, 7.125, 13.125, 7], "texture": "#1"},
				"down": {"uv": [13.28125, 7.125, 13.125, 7.25], "texture": "#1"}
			}
		},
		{
			"name": "hexadecagon",
			"from": [14.84, -5.16, 17.52062],
			"to": [16.16, -0.34, 18.47938],
			"rotation": {"angle": 22.5, "axis": "x", "origin": [6.52, -2.75, 18]},
			"faces": {
				"north": {"uv": [11.875, 1.875, 12.03125, 2.46875], "texture": "#1"},
				"east": {"uv": [12.5, 1.25, 12.625, 1.84375], "texture": "#1"},
				"south": {"uv": [4.125, 11.875, 4.28125, 12.46875], "texture": "#1"},
				"west": {"uv": [1.875, 12.5, 2, 13.09375], "texture": "#1"},
				"up": {"uv": [13.28125, 7, 13.125, 6.875], "texture": "#1"},
				"down": {"uv": [7.15625, 13.125, 7, 13.25], "texture": "#1"}
			}
		},
		{
			"name": "hexadecagon",
			"from": [14.84, -3.22938, 15.59],
			"to": [16.16, -2.27062, 20.41],
			"rotation": {"angle": -45, "axis": "x", "origin": [6.52, -2.75, 18]},
			"faces": {
				"north": {"uv": [6.75, 13.125, 6.90625, 13.25], "texture": "#1"},
				"east": {"uv": [12.5, 1, 13.09375, 1.125], "texture": "#1"},
				"south": {"uv": [13.125, 6.75, 13.28125, 6.875], "texture": "#1"},
				"west": {"uv": [12.5, 1.125, 13.09375, 1.25], "texture": "#1"},
				"up": {"uv": [12.03125, 1.21875, 11.875, 0.625], "texture": "#1"},
				"down": {"uv": [12.03125, 1.25, 11.875, 1.84375], "texture": "#1"}
			}
		},
		{
			"name": "hexadecagon",
			"from": [14.84, -3.22938, 15.59],
			"to": [16.16, -2.27062, 20.41],
			"rotation": {"angle": -22.5, "axis": "x", "origin": [6.52, -2.75, 18]},
			"faces": {
				"north": {"uv": [13.125, 6.5, 13.28125, 6.625], "texture": "#1"},
				"east": {"uv": [12.5, 0.75, 13.09375, 0.875], "texture": "#1"},
				"south": {"uv": [13.125, 6.625, 13.28125, 6.75], "texture": "#1"},
				"west": {"uv": [12.5, 0.875, 13.09375, 1], "texture": "#1"},
				"up": {"uv": [11.78125, 12.34375, 11.625, 11.75], "texture": "#1"},
				"down": {"uv": [12.03125, 0, 11.875, 0.59375], "texture": "#1"}
			}
		},
		{
			"name": "hexadecagon",
			"from": [14.84, -3.22938, 15.59],
			"to": [16.16, -2.27062, 20.41],
			"rotation": {"angle": 0, "axis": "y", "origin": [6.52, -2.75, 18]},
			"faces": {
				"north": {"uv": [6.25, 13.125, 6.40625, 13.25], "texture": "#1"},
				"east": {"uv": [12.5, 0.5, 13.09375, 0.625], "texture": "#1"},
				"south": {"uv": [6.5, 13.125, 6.65625, 13.25], "texture": "#1"},
				"west": {"uv": [12.5, 0.625, 13.09375, 0.75], "texture": "#1"},
				"up": {"uv": [11.28125, 12.34375, 11.125, 11.75], "texture": "#1"},
				"down": {"uv": [11.53125, 11.75, 11.375, 12.34375], "texture": "#1"}
			}
		},
		{
			"name": "hexadecagon",
			"from": [14.84, -3.22938, 15.59],
			"to": [16.16, -2.27062, 20.41],
			"rotation": {"angle": 22.5, "axis": "x", "origin": [6.52, -2.75, 18]},
			"faces": {
				"north": {"uv": [13.125, 6, 13.28125, 6.125], "texture": "#1"},
				"east": {"uv": [12.5, 0.25, 13.09375, 0.375], "texture": "#1"},
				"south": {"uv": [13.125, 6.125, 13.28125, 6.25], "texture": "#1"},
				"west": {"uv": [12.5, 0.375, 13.09375, 0.5], "texture": "#1"},
				"up": {"uv": [11.90625, 8.71875, 11.75, 8.125], "texture": "#1"},
				"down": {"uv": [11.90625, 9.5, 11.75, 10.09375], "texture": "#1"}
			}
		}
	],
	"display": {
		"head": {
			"translation": [0, 7.5, 0],
			"scale": [4, 4, 4]
		}
	},
	"groups": [
		0,
		1,
		2,
		3,
		4,
		5,
		6,
		7,
		8,
		9,
		10,
		11,
		12,
		13,
		14,
		15,
		16,
		17,
		18,
		19,
		20,
		21,
		22,
		23,
		24,
		25,
		26,
		27,
		28,
		29,
		30,
		31,
		32,
		33,
		34,
		35,
		36,
		37,
		38,
		39,
		40,
		41,
		42,
		43,
		44,
		45,
		46,
		47,
		48,
		49,
		50,
		51,
		52,
		53,
		54,
		55,
		56,
		57,
		58,
		59,
		60,
		61,
		62,
		63,
		64,
		{
			"name": "steve",
			"origin": [8, 8, 8],
			"color": 0,
			"children": [65, 66, 67, 68, 69, 70]
		},
		{
			"name": "hexadecagon",
			"origin": [8, 8, 8],
			"color": 0,
			"children": [71, 72, 73, 74, 75, 76, 77, 78, 79, 80, 81, 82, 83, 84, 85, 86, 87, 88, 89, 90, 91, 92, 93, 94, 95, 96, 97, 98, 99, 100, 101, 102, 103, 104, 105, 106]
		}
	]
}