{
	"credit": "Made with Blockbench",
	"texture_size": [64, 64],
	"textures": {
		"1": "item/misc/flag/pole",
		"2": "item/misc/flag/mainlogo",
		"particle": "item/misc/flag/mainlogo"
	},
	"elements": [
		{
			"from": [7, 29.5, 7],
			"to": [9, 30.25, 9],
			"faces": {
				"north": {"uv": [2.75, 0.25, 3.25, 0.5], "texture": "#1"},
				"east": {"uv": [2.75, 0.5, 3.25, 0.75], "texture": "#1"},
				"south": {"uv": [2.75, 0.75, 3.25, 1], "texture": "#1"},
				"west": {"uv": [1, 2.75, 1.5, 3], "texture": "#1"},
				"up": {"uv": [2.5, 2, 2, 1.5], "texture": "#1"},
				"down": {"uv": [2.5, 2, 2, 2.5], "texture": "#1"}
			}
		},
		{
			"from": [7.5, -16, 7.5],
			"to": [8.5, 30.25, 8.5],
			"faces": {
				"north": {"uv": [0, 0, 0.25, 11.5], "texture": "#1"},
				"east": {"uv": [0.25, 0, 0.5, 11.5], "texture": "#1"},
				"south": {"uv": [0.5, 0, 0.75, 11.5], "texture": "#1"},
				"west": {"uv": [0.75, 0, 1, 11.5], "texture": "#1"},
				"up": {"uv": [1.25, 3.25, 1, 3], "texture": "#1"},
				"down": {"uv": [1.5, 3, 1.25, 3.25], "texture": "#1"}
			}
		},
		{
			"from": [-14.5, 16, 8],
			"to": [5.5, 27.25, 8],
			"faces": {
				"north": {"uv": [2.65, 3.15, 13.65, 14.15], "texture": "#2"},
				"east": {"uv": [0, 0, 0, 11.25], "texture": "#2"},
				"south": {"uv": [2.65, 3.15, 13.65, 14.15], "texture": "#2"},
				"west": {"uv": [0, 0, 0, 11.25], "texture": "#2"},
				"up": {"uv": [0, 0, 16, 0], "texture": "#2"},
				"down": {"uv": [0, 0, 16, 0], "texture": "#2"}
			}
		},
		{
			"from": [4.5, 16, 7.5],
			"to": [5.5, 27.25, 8.5],
			"faces": {
				"north": {"uv": [1, 0, 1.25, 2.75], "texture": "#1"},
				"east": {"uv": [1.25, 0, 1.5, 2.75], "texture": "#1"},
				"south": {"uv": [1.5, 0, 1.75, 2.75], "texture": "#1"},
				"west": {"uv": [1.75, 0, 2, 2.75], "texture": "#1"},
				"up": {"uv": [1.75, 3.25, 1.5, 3], "texture": "#1"},
				"down": {"uv": [3.25, 1.5, 3, 1.75], "texture": "#1"}
			}
		},
		{
			"from": [5.5, 27.25, 7.5],
			"to": [6.5, 28.5, 8.5],
			"rotation": {"angle": 0, "axis": "y", "origin": [1, -1.75, 0]},
			"faces": {
				"north": {"uv": [1.75, 3, 2, 3.25], "texture": "#1"},
				"east": {"uv": [3, 1.75, 3.25, 2], "texture": "#1"},
				"south": {"uv": [2, 3, 2.25, 3.25], "texture": "#1"},
				"west": {"uv": [2.25, 3, 2.5, 3.25], "texture": "#1"},
				"up": {"uv": [2.75, 3.25, 2.5, 3], "texture": "#1"},
				"down": {"uv": [3, 3, 2.75, 3.25], "texture": "#1"}
			}
		},
		{
			"from": [6.5, 28.5, 7.5],
			"to": [7.5, 29, 8.5],
			"rotation": {"angle": 0, "axis": "y", "origin": [2, -2.25, 0]},
			"faces": {
				"north": {"uv": [3.25, 1, 3.5, 1.25], "texture": "#1"},
				"east": {"uv": [1.25, 3.25, 1.5, 3.5], "texture": "#1"},
				"south": {"uv": [3.25, 1.25, 3.5, 1.5], "texture": "#1"},
				"west": {"uv": [1.5, 3.25, 1.75, 3.5], "texture": "#1"},
				"up": {"uv": [3.5, 1.75, 3.25, 1.5], "texture": "#1"},
				"down": {"uv": [2, 3.25, 1.75, 3.5], "texture": "#1"}
			}
		},
		{
			"from": [6.5, 14.25, 7.5],
			"to": [7.5, 14.75, 8.5],
			"rotation": {"angle": 0, "axis": "y", "origin": [2, -1.5, 0]},
			"faces": {
				"north": {"uv": [3.25, 1.75, 3.5, 2], "texture": "#1"},
				"east": {"uv": [2, 3.25, 2.25, 3.5], "texture": "#1"},
				"south": {"uv": [3.25, 2, 3.5, 2.25], "texture": "#1"},
				"west": {"uv": [2.25, 3.25, 2.5, 3.5], "texture": "#1"},
				"up": {"uv": [3.5, 2.5, 3.25, 2.25], "texture": "#1"},
				"down": {"uv": [2.75, 3.25, 2.5, 3.5], "texture": "#1"}
			}
		},
		{
			"from": [5.5, 14.75, 7.5],
			"to": [6.5, 16, 8.5],
			"rotation": {"angle": 0, "axis": "y", "origin": [1, -1.25, 0]},
			"faces": {
				"north": {"uv": [3, 2.75, 3.25, 3], "texture": "#1"},
				"east": {"uv": [3, 3, 3.25, 3.25], "texture": "#1"},
				"south": {"uv": [3.25, 0.25, 3.5, 0.5], "texture": "#1"},
				"west": {"uv": [3.25, 0.5, 3.5, 0.75], "texture": "#1"},
				"up": {"uv": [3.5, 1, 3.25, 0.75], "texture": "#1"},
				"down": {"uv": [1.25, 3.25, 1, 3.5], "texture": "#1"}
			}
		},
		{
			"from": [7, 30.75, 7],
			"to": [9, 31.5, 9],
			"faces": {
				"north": {"uv": [2.75, 1, 3.25, 1.25], "texture": "#1"},
				"east": {"uv": [2.75, 1.25, 3.25, 1.5], "texture": "#1"},
				"south": {"uv": [1.5, 2.75, 2, 3], "texture": "#1"},
				"west": {"uv": [2.5, 2.75, 3, 3], "texture": "#1"},
				"up": {"uv": [3, 2, 2.5, 1.5], "texture": "#1"},
				"down": {"uv": [2.5, 2.5, 2, 3], "texture": "#1"}
			}
		},
		{
			"from": [6.75, 30.25, 6.75],
			"to": [9.25, 31, 9.25],
			"faces": {
				"north": {"uv": [2.5, 2, 3.25, 2.25], "texture": "#1"},
				"east": {"uv": [2.5, 2.25, 3.25, 2.5], "texture": "#1"},
				"south": {"uv": [2.5, 2.5, 3.25, 2.75], "texture": "#1"},
				"west": {"uv": [2.75, 0, 3.5, 0.25], "texture": "#1"},
				"up": {"uv": [2.75, 0.75, 2, 0], "texture": "#1"},
				"down": {"uv": [2.75, 0.75, 2, 1.5], "texture": "#1"}
			}
		}
	],
	"display": {
		"head": {
			"translation": [0, 80, 0],
			"scale": [4, 4, 4]
		},
		"fixed": {
			"rotation": [-90, 0, 0],
			"translation": [0, 0, -80],
			"scale": [4, 4, 4]
		}
	},
	"groups": [
		{
			"name": "hexadecagon",
			"origin": [8, 8, 8],
			"color": 0,
			"children": []
		},
		0,
		1,
		2,
		3,
		4,
		5,
		6,
		7,
		8,
		9
	]
}