{
	"credit": "Made with Blockbench",
	"textures": {
		"0": "item/misc/title",
		"particle": "item/misc/title"
	},
	"elements": [
		{
			"name": "text_PRISMARIN",
			"from": [29, 4, 7],
			"to": [31, 12, 9],
			"rotation": {"angle": 0, "axis": "y", "origin": [31, 4, 7]},
			"faces": {
				"north": {"uv": [0.25, 0.25, 0.75, 0.75], "texture": "#0"},
				"east": {"uv": [1.25, 0.25, 1.75, 0.75], "texture": "#0"},
				"south": {"uv": [2.25, 0.25, 2.75, 0.75], "texture": "#0"},
				"west": {"uv": [3.25, 0.25, 3.75, 0.75], "texture": "#0"},
				"up": {"uv": [4.25, 0.25, 4.75, 0.75], "texture": "#0"},
				"down": {"uv": [5.25, 0.25, 5.75, 0.75], "texture": "#0"}
			}
		},
		{
			"name": "text_PRISMARIN",
			"from": [26, 7, 7],
			"to": [28, 12, 9],
			"rotation": {"angle": 0, "axis": "y", "origin": [31, 4, 7]},
			"faces": {
				"north": {"uv": [6.25, 0.25, 6.75, 0.75], "texture": "#0"},
				"east": {"uv": [7.25, 0.25, 7.75, 0.75], "texture": "#0"},
				"south": {"uv": [8.25, 0.25, 8.75, 0.75], "texture": "#0"},
				"west": {"uv": [9.25, 0.25, 9.75, 0.75], "texture": "#0"},
				"up": {"uv": [10.25, 0.25, 10.75, 0.75], "texture": "#0"},
				"down": {"uv": [11.25, 0.25, 11.75, 0.75], "texture": "#0"}
			}
		},
		{
			"name": "text_PRISMARIN",
			"from": [28, 10, 7],
			"to": [29, 12, 9],
			"rotation": {"angle": 0, "axis": "y", "origin": [31, 4, 7]},
			"faces": {
				"north": {"uv": [12.25, 0.25, 12.75, 0.75], "texture": "#0"},
				"east": {"uv": [13.25, 0.25, 13.75, 0.75], "texture": "#0"},
				"south": {"uv": [14.25, 0.25, 14.75, 0.75], "texture": "#0"},
				"west": {"uv": [15.25, 0.25, 15.75, 0.75], "texture": "#0"},
				"up": {"uv": [0.25, 1.25, 0.75, 1.75], "texture": "#0"},
				"down": {"uv": [1.25, 1.25, 1.75, 1.75], "texture": "#0"}
			}
		},
		{
			"name": "text_PRISMARIN",
			"from": [28, 7, 7],
			"to": [29, 9, 9],
			"rotation": {"angle": 0, "axis": "y", "origin": [31, 4, 7]},
			"faces": {
				"north": {"uv": [2.25, 1.25, 2.75, 1.75], "texture": "#0"},
				"east": {"uv": [3.25, 1.25, 3.75, 1.75], "texture": "#0"},
				"south": {"uv": [4.25, 1.25, 4.75, 1.75], "texture": "#0"},
				"west": {"uv": [5.25, 1.25, 5.75, 1.75], "texture": "#0"},
				"up": {"uv": [6.25, 1.25, 6.75, 1.75], "texture": "#0"},
				"down": {"uv": [7.25, 1.25, 7.75, 1.75], "texture": "#0"}
			}
		},
		{
			"name": "text_PRISMARIN",
			"from": [23.5, 4, 7],
			"to": [25.5, 12, 9],
			"rotation": {"angle": 0, "axis": "y", "origin": [31, 4, 7]},
			"faces": {
				"north": {"uv": [8.25, 1.25, 8.75, 1.75], "texture": "#0"},
				"east": {"uv": [9.25, 1.25, 9.75, 1.75], "texture": "#0"},
				"south": {"uv": [10.25, 1.25, 10.75, 1.75], "texture": "#0"},
				"west": {"uv": [11.25, 1.25, 11.75, 1.75], "texture": "#0"},
				"up": {"uv": [12.25, 1.25, 12.75, 1.75], "texture": "#0"},
				"down": {"uv": [13.25, 1.25, 13.75, 1.75], "texture": "#0"}
			}
		},
		{
			"name": "text_PRISMARIN",
			"from": [22.5, 10, 7],
			"to": [23.5, 12, 9],
			"rotation": {"angle": 0, "axis": "y", "origin": [31, 4, 7]},
			"faces": {
				"north": {"uv": [14.25, 1.25, 14.75, 1.75], "texture": "#0"},
				"east": {"uv": [15.25, 1.25, 15.75, 1.75], "texture": "#0"},
				"south": {"uv": [0.25, 2.25, 0.75, 2.75], "texture": "#0"},
				"west": {"uv": [1.25, 2.25, 1.75, 2.75], "texture": "#0"},
				"up": {"uv": [2.25, 2.25, 2.75, 2.75], "texture": "#0"},
				"down": {"uv": [3.25, 2.25, 3.75, 2.75], "texture": "#0"}
			}
		},
		{
			"name": "text_PRISMARIN",
			"from": [22.5, 7, 7],
			"to": [23.5, 9, 9],
			"rotation": {"angle": 0, "axis": "y", "origin": [31, 4, 7]},
			"faces": {
				"north": {"uv": [4.25, 2.25, 4.75, 2.75], "texture": "#0"},
				"east": {"uv": [5.25, 2.25, 5.75, 2.75], "texture": "#0"},
				"south": {"uv": [6.25, 2.25, 6.75, 2.75], "texture": "#0"},
				"west": {"uv": [7.25, 2.25, 7.75, 2.75], "texture": "#0"},
				"up": {"uv": [8.25, 2.25, 8.75, 2.75], "texture": "#0"},
				"down": {"uv": [9.25, 2.25, 9.75, 2.75], "texture": "#0"}
			}
		},
		{
			"name": "text_PRISMARIN",
			"from": [20.5, 8, 7],
			"to": [22.5, 12, 9],
			"rotation": {"angle": 0, "axis": "y", "origin": [31, 4, 7]},
			"faces": {
				"north": {"uv": [10.25, 2.25, 10.75, 2.75], "texture": "#0"},
				"east": {"uv": [11.25, 2.25, 11.75, 2.75], "texture": "#0"},
				"south": {"uv": [12.25, 2.25, 12.75, 2.75], "texture": "#0"},
				"west": {"uv": [13.25, 2.25, 13.75, 2.75], "texture": "#0"},
				"up": {"uv": [14.25, 2.25, 14.75, 2.75], "texture": "#0"},
				"down": {"uv": [15.25, 2.25, 15.75, 2.75], "texture": "#0"}
			}
		},
		{
			"name": "text_PRISMARIN",
			"from": [20.5, 4, 7],
			"to": [22.5, 7, 9],
			"rotation": {"angle": 0, "axis": "y", "origin": [31, 4, 7]},
			"faces": {
				"north": {"uv": [0.25, 3.25, 0.75, 3.75], "texture": "#0"},
				"east": {"uv": [1.25, 3.25, 1.75, 3.75], "texture": "#0"},
				"south": {"uv": [2.25, 3.25, 2.75, 3.75], "texture": "#0"},
				"west": {"uv": [3.25, 3.25, 3.75, 3.75], "texture": "#0"},
				"up": {"uv": [4.25, 3.25, 4.75, 3.75], "texture": "#0"},
				"down": {"uv": [5.25, 3.25, 5.75, 3.75], "texture": "#0"}
			}
		},
		{
			"name": "text_PRISMARIN",
			"from": [21.5, 7, 7],
			"to": [22.5, 8, 9],
			"rotation": {"angle": 0, "axis": "y", "origin": [31, 4, 7]},
			"faces": {
				"north": {"uv": [6.25, 3.25, 6.75, 3.75], "texture": "#0"},
				"east": {"uv": [7.25, 3.25, 7.75, 3.75], "texture": "#0"},
				"south": {"uv": [8.25, 3.25, 8.75, 3.75], "texture": "#0"},
				"west": {"uv": [9.25, 3.25, 9.75, 3.75], "texture": "#0"},
				"up": {"uv": [10.25, 3.25, 10.75, 3.75], "texture": "#0"},
				"down": {"uv": [11.25, 3.25, 11.75, 3.75], "texture": "#0"}
			}
		},
		{
			"name": "text_PRISMARIN",
			"from": [18, 4, 7],
			"to": [20, 12, 9],
			"rotation": {"angle": 0, "axis": "y", "origin": [31, 4, 7]},
			"faces": {
				"north": {"uv": [12.25, 3.25, 12.75, 3.75], "texture": "#0"},
				"east": {"uv": [13.25, 3.25, 13.75, 3.75], "texture": "#0"},
				"south": {"uv": [14.25, 3.25, 14.75, 3.75], "texture": "#0"},
				"west": {"uv": [15.25, 3.25, 15.75, 3.75], "texture": "#0"},
				"up": {"uv": [0.25, 4.25, 0.75, 4.75], "texture": "#0"},
				"down": {"uv": [1.25, 4.25, 1.75, 4.75], "texture": "#0"}
			}
		},
		{
			"name": "text_PRISMARIN",
			"from": [12.5, 4, 7],
			"to": [17.5, 6, 9],
			"rotation": {"angle": 0, "axis": "y", "origin": [31, 4, 7]},
			"faces": {
				"north": {"uv": [2.25, 4.25, 2.75, 4.75], "texture": "#0"},
				"east": {"uv": [3.25, 4.25, 3.75, 4.75], "texture": "#0"},
				"south": {"uv": [4.25, 4.25, 4.75, 4.75], "texture": "#0"},
				"west": {"uv": [5.25, 4.25, 5.75, 4.75], "texture": "#0"},
				"up": {"uv": [6.25, 4.25, 6.75, 4.75], "texture": "#0"},
				"down": {"uv": [7.25, 4.25, 7.75, 4.75], "texture": "#0"}
			}
		},
		{
			"name": "text_PRISMARIN",
			"from": [12.5, 7, 7],
			"to": [17.5, 9, 9],
			"rotation": {"angle": 0, "axis": "y", "origin": [31, 4, 7]},
			"faces": {
				"north": {"uv": [8.25, 4.25, 8.75, 4.75], "texture": "#0"},
				"east": {"uv": [9.25, 4.25, 9.75, 4.75], "texture": "#0"},
				"south": {"uv": [10.25, 4.25, 10.75, 4.75], "texture": "#0"},
				"west": {"uv": [11.25, 4.25, 11.75, 4.75], "texture": "#0"},
				"up": {"uv": [12.25, 4.25, 12.75, 4.75], "texture": "#0"},
				"down": {"uv": [13.25, 4.25, 13.75, 4.75], "texture": "#0"}
			}
		},
		{
			"name": "text_PRISMARIN",
			"from": [12.5, 10, 7],
			"to": [17.5, 12, 9],
			"rotation": {"angle": 0, "axis": "y", "origin": [31, 4, 7]},
			"faces": {
				"north": {"uv": [14.25, 4.25, 14.75, 4.75], "texture": "#0"},
				"east": {"uv": [15.25, 4.25, 15.75, 4.75], "texture": "#0"},
				"south": {"uv": [0.25, 5.25, 0.75, 5.75], "texture": "#0"},
				"west": {"uv": [1.25, 5.25, 1.75, 5.75], "texture": "#0"},
				"up": {"uv": [2.25, 5.25, 2.75, 5.75], "texture": "#0"},
				"down": {"uv": [3.25, 5.25, 3.75, 5.75], "texture": "#0"}
			}
		},
		{
			"name": "text_PRISMARIN",
			"from": [12.5, 6, 7],
			"to": [14.5, 7, 9],
			"rotation": {"angle": 0, "axis": "y", "origin": [31, 4, 7]},
			"faces": {
				"north": {"uv": [4.25, 5.25, 4.75, 5.75], "texture": "#0"},
				"east": {"uv": [5.25, 5.25, 5.75, 5.75], "texture": "#0"},
				"south": {"uv": [6.25, 5.25, 6.75, 5.75], "texture": "#0"},
				"west": {"uv": [7.25, 5.25, 7.75, 5.75], "texture": "#0"},
				"up": {"uv": [8.25, 5.25, 8.75, 5.75], "texture": "#0"},
				"down": {"uv": [9.25, 5.25, 9.75, 5.75], "texture": "#0"}
			}
		},
		{
			"name": "text_PRISMARIN",
			"from": [15.5, 9, 7],
			"to": [17.5, 10, 9],
			"rotation": {"angle": 0, "axis": "y", "origin": [31, 4, 7]},
			"faces": {
				"north": {"uv": [10.25, 5.25, 10.75, 5.75], "texture": "#0"},
				"east": {"uv": [11.25, 5.25, 11.75, 5.75], "texture": "#0"},
				"south": {"uv": [12.25, 5.25, 12.75, 5.75], "texture": "#0"},
				"west": {"uv": [13.25, 5.25, 13.75, 5.75], "texture": "#0"},
				"up": {"uv": [14.25, 5.25, 14.75, 5.75], "texture": "#0"},
				"down": {"uv": [15.25, 5.25, 15.75, 5.75], "texture": "#0"}
			}
		},
		{
			"name": "text_PRISMARIN",
			"from": [10, 4, 7],
			"to": [12, 12, 9],
			"rotation": {"angle": 0, "axis": "y", "origin": [31, 4, 7]},
			"faces": {
				"north": {"uv": [0.25, 6.25, 0.75, 6.75], "texture": "#0"},
				"east": {"uv": [1.25, 6.25, 1.75, 6.75], "texture": "#0"},
				"south": {"uv": [2.25, 6.25, 2.75, 6.75], "texture": "#0"},
				"west": {"uv": [3.25, 6.25, 3.75, 6.75], "texture": "#0"},
				"up": {"uv": [4.25, 6.25, 4.75, 6.75], "texture": "#0"},
				"down": {"uv": [5.25, 6.25, 5.75, 6.75], "texture": "#0"}
			}
		},
		{
			"name": "text_PRISMARIN",
			"from": [9, 7, 7],
			"to": [10, 11, 9],
			"rotation": {"angle": 0, "axis": "y", "origin": [31, 4, 7]},
			"faces": {
				"north": {"uv": [6.25, 6.25, 6.75, 6.75], "texture": "#0"},
				"east": {"uv": [7.25, 6.25, 7.75, 6.75], "texture": "#0"},
				"south": {"uv": [8.25, 6.25, 8.75, 6.75], "texture": "#0"},
				"west": {"uv": [9.25, 6.25, 9.75, 6.75], "texture": "#0"},
				"up": {"uv": [10.25, 6.25, 10.75, 6.75], "texture": "#0"},
				"down": {"uv": [11.25, 6.25, 11.75, 6.75], "texture": "#0"}
			}
		},
		{
			"name": "text_PRISMARIN",
			"from": [8, 6, 7],
			"to": [9, 10, 9],
			"rotation": {"angle": 0, "axis": "y", "origin": [31, 4, 7]},
			"faces": {
				"north": {"uv": [12.25, 6.25, 12.75, 6.75], "texture": "#0"},
				"east": {"uv": [13.25, 6.25, 13.75, 6.75], "texture": "#0"},
				"south": {"uv": [14.25, 6.25, 14.75, 6.75], "texture": "#0"},
				"west": {"uv": [15.25, 6.25, 15.75, 6.75], "texture": "#0"},
				"up": {"uv": [0.25, 7.25, 0.75, 7.75], "texture": "#0"},
				"down": {"uv": [1.25, 7.25, 1.75, 7.75], "texture": "#0"}
			}
		},
		{
			"name": "text_PRISMARIN",
			"from": [7, 7, 7],
			"to": [8, 11, 9],
			"rotation": {"angle": 0, "axis": "y", "origin": [31, 4, 7]},
			"faces": {
				"north": {"uv": [2.25, 7.25, 2.75, 7.75], "texture": "#0"},
				"east": {"uv": [3.25, 7.25, 3.75, 7.75], "texture": "#0"},
				"south": {"uv": [4.25, 7.25, 4.75, 7.75], "texture": "#0"},
				"west": {"uv": [5.25, 7.25, 5.75, 7.75], "texture": "#0"},
				"up": {"uv": [6.25, 7.25, 6.75, 7.75], "texture": "#0"},
				"down": {"uv": [7.25, 7.25, 7.75, 7.75], "texture": "#0"}
			}
		},
		{
			"name": "text_PRISMARIN",
			"from": [5, 4, 7],
			"to": [7, 12, 9],
			"rotation": {"angle": 0, "axis": "y", "origin": [31, 4, 7]},
			"faces": {
				"north": {"uv": [8.25, 7.25, 8.75, 7.75], "texture": "#0"},
				"east": {"uv": [9.25, 7.25, 9.75, 7.75], "texture": "#0"},
				"south": {"uv": [10.25, 7.25, 10.75, 7.75], "texture": "#0"},
				"west": {"uv": [11.25, 7.25, 11.75, 7.75], "texture": "#0"},
				"up": {"uv": [12.25, 7.25, 12.75, 7.75], "texture": "#0"},
				"down": {"uv": [13.25, 7.25, 13.75, 7.75], "texture": "#0"}
			}
		},
		{
			"name": "text_PRISMARIN",
			"from": [2.5, 4, 7],
			"to": [4.5, 12, 9],
			"rotation": {"angle": 0, "axis": "y", "origin": [31, 4, 7]},
			"faces": {
				"north": {"uv": [14.25, 7.25, 14.75, 7.75], "texture": "#0"},
				"east": {"uv": [15.25, 7.25, 15.75, 7.75], "texture": "#0"},
				"south": {"uv": [0.25, 8.25, 0.75, 8.75], "texture": "#0"},
				"west": {"uv": [1.25, 8.25, 1.75, 8.75], "texture": "#0"},
				"up": {"uv": [2.25, 8.25, 2.75, 8.75], "texture": "#0"},
				"down": {"uv": [3.25, 8.25, 3.75, 8.75], "texture": "#0"}
			}
		},
		{
			"name": "text_PRISMARIN",
			"from": [1.5, 10, 7],
			"to": [2.5, 12, 9],
			"rotation": {"angle": 0, "axis": "y", "origin": [31, 4, 7]},
			"faces": {
				"north": {"uv": [4.25, 8.25, 4.75, 8.75], "texture": "#0"},
				"east": {"uv": [5.25, 8.25, 5.75, 8.75], "texture": "#0"},
				"south": {"uv": [6.25, 8.25, 6.75, 8.75], "texture": "#0"},
				"west": {"uv": [7.25, 8.25, 7.75, 8.75], "texture": "#0"},
				"up": {"uv": [8.25, 8.25, 8.75, 8.75], "texture": "#0"},
				"down": {"uv": [9.25, 8.25, 9.75, 8.75], "texture": "#0"}
			}
		},
		{
			"name": "text_PRISMARIN",
			"from": [-0.5, 4, 7],
			"to": [1.5, 12, 9],
			"rotation": {"angle": 0, "axis": "y", "origin": [31, 4, 7]},
			"faces": {
				"north": {"uv": [10.25, 8.25, 10.75, 8.75], "texture": "#0"},
				"east": {"uv": [11.25, 8.25, 11.75, 8.75], "texture": "#0"},
				"south": {"uv": [12.25, 8.25, 12.75, 8.75], "texture": "#0"},
				"west": {"uv": [13.25, 8.25, 13.75, 8.75], "texture": "#0"},
				"up": {"uv": [14.25, 8.25, 14.75, 8.75], "texture": "#0"},
				"down": {"uv": [15.25, 8.25, 15.75, 8.75], "texture": "#0"}
			}
		},
		{
			"name": "text_PRISMARIN",
			"from": [1.5, 7, 7],
			"to": [2.5, 9, 9],
			"rotation": {"angle": 0, "axis": "y", "origin": [31, 4, 7]},
			"faces": {
				"north": {"uv": [0.25, 9.25, 0.75, 9.75], "texture": "#0"},
				"east": {"uv": [1.25, 9.25, 1.75, 9.75], "texture": "#0"},
				"south": {"uv": [2.25, 9.25, 2.75, 9.75], "texture": "#0"},
				"west": {"uv": [3.25, 9.25, 3.75, 9.75], "texture": "#0"},
				"up": {"uv": [4.25, 9.25, 4.75, 9.75], "texture": "#0"},
				"down": {"uv": [5.25, 9.25, 5.75, 9.75], "texture": "#0"}
			}
		},
		{
			"name": "text_PRISMARIN",
			"from": [-3, 4, 7],
			"to": [-1, 12, 9],
			"rotation": {"angle": 0, "axis": "y", "origin": [31, 4, 7]},
			"faces": {
				"north": {"uv": [6.25, 9.25, 6.75, 9.75], "texture": "#0"},
				"east": {"uv": [7.25, 9.25, 7.75, 9.75], "texture": "#0"},
				"south": {"uv": [8.25, 9.25, 8.75, 9.75], "texture": "#0"},
				"west": {"uv": [9.25, 9.25, 9.75, 9.75], "texture": "#0"},
				"up": {"uv": [10.25, 9.25, 10.75, 9.75], "texture": "#0"},
				"down": {"uv": [11.25, 9.25, 11.75, 9.75], "texture": "#0"}
			}
		},
		{
			"name": "text_PRISMARIN",
			"from": [-4, 10, 7],
			"to": [-3, 12, 9],
			"rotation": {"angle": 0, "axis": "y", "origin": [31, 4, 7]},
			"faces": {
				"north": {"uv": [12.25, 9.25, 12.75, 9.75], "texture": "#0"},
				"east": {"uv": [13.25, 9.25, 13.75, 9.75], "texture": "#0"},
				"south": {"uv": [14.25, 9.25, 14.75, 9.75], "texture": "#0"},
				"west": {"uv": [15.25, 9.25, 15.75, 9.75], "texture": "#0"},
				"up": {"uv": [0.25, 10.25, 0.75, 10.75], "texture": "#0"},
				"down": {"uv": [1.25, 10.25, 1.75, 10.75], "texture": "#0"}
			}
		},
		{
			"name": "text_PRISMARIN",
			"from": [-4, 7, 7],
			"to": [-3, 9, 9],
			"rotation": {"angle": 0, "axis": "y", "origin": [31, 4, 7]},
			"faces": {
				"north": {"uv": [2.25, 10.25, 2.75, 10.75], "texture": "#0"},
				"east": {"uv": [3.25, 10.25, 3.75, 10.75], "texture": "#0"},
				"south": {"uv": [4.25, 10.25, 4.75, 10.75], "texture": "#0"},
				"west": {"uv": [5.25, 10.25, 5.75, 10.75], "texture": "#0"},
				"up": {"uv": [6.25, 10.25, 6.75, 10.75], "texture": "#0"},
				"down": {"uv": [7.25, 10.25, 7.75, 10.75], "texture": "#0"}
			}
		},
		{
			"name": "text_PRISMARIN",
			"from": [-6, 8, 7],
			"to": [-4, 12, 9],
			"rotation": {"angle": 0, "axis": "y", "origin": [31, 4, 7]},
			"faces": {
				"north": {"uv": [8.25, 10.25, 8.75, 10.75], "texture": "#0"},
				"east": {"uv": [9.25, 10.25, 9.75, 10.75], "texture": "#0"},
				"south": {"uv": [10.25, 10.25, 10.75, 10.75], "texture": "#0"},
				"west": {"uv": [11.25, 10.25, 11.75, 10.75], "texture": "#0"},
				"up": {"uv": [12.25, 10.25, 12.75, 10.75], "texture": "#0"},
				"down": {"uv": [13.25, 10.25, 13.75, 10.75], "texture": "#0"}
			}
		},
		{
			"name": "text_PRISMARIN",
			"from": [-6, 4, 7],
			"to": [-4, 7, 9],
			"rotation": {"angle": 0, "axis": "y", "origin": [31, 4, 7]},
			"faces": {
				"north": {"uv": [14.25, 10.25, 14.75, 10.75], "texture": "#0"},
				"east": {"uv": [15.25, 10.25, 15.75, 10.75], "texture": "#0"},
				"south": {"uv": [0.25, 11.25, 0.75, 11.75], "texture": "#0"},
				"west": {"uv": [1.25, 11.25, 1.75, 11.75], "texture": "#0"},
				"up": {"uv": [2.25, 11.25, 2.75, 11.75], "texture": "#0"},
				"down": {"uv": [3.25, 11.25, 3.75, 11.75], "texture": "#0"}
			}
		},
		{
			"name": "text_PRISMARIN",
			"from": [-5, 7, 7],
			"to": [-4, 8, 9],
			"rotation": {"angle": 0, "axis": "y", "origin": [31, 4, 7]},
			"faces": {
				"north": {"uv": [4.25, 11.25, 4.75, 11.75], "texture": "#0"},
				"east": {"uv": [5.25, 11.25, 5.75, 11.75], "texture": "#0"},
				"south": {"uv": [6.25, 11.25, 6.75, 11.75], "texture": "#0"},
				"west": {"uv": [7.25, 11.25, 7.75, 11.75], "texture": "#0"},
				"up": {"uv": [8.25, 11.25, 8.75, 11.75], "texture": "#0"},
				"down": {"uv": [9.25, 11.25, 9.75, 11.75], "texture": "#0"}
			}
		},
		{
			"name": "text_PRISMARIN",
			"from": [-8.5, 4, 7],
			"to": [-6.5, 12, 9],
			"rotation": {"angle": 0, "axis": "y", "origin": [31, 4, 7]},
			"faces": {
				"north": {"uv": [10.25, 11.25, 10.75, 11.75], "texture": "#0"},
				"east": {"uv": [11.25, 11.25, 11.75, 11.75], "texture": "#0"},
				"south": {"uv": [12.25, 11.25, 12.75, 11.75], "texture": "#0"},
				"west": {"uv": [13.25, 11.25, 13.75, 11.75], "texture": "#0"},
				"up": {"uv": [14.25, 11.25, 14.75, 11.75], "texture": "#0"},
				"down": {"uv": [15.25, 11.25, 15.75, 11.75], "texture": "#0"}
			}
		},
		{
			"name": "text_PRISMARIN",
			"from": [-11, 4, 7],
			"to": [-9, 12, 9],
			"rotation": {"angle": 0, "axis": "y", "origin": [31, 4, 7]},
			"faces": {
				"north": {"uv": [0.25, 12.25, 0.75, 12.75], "texture": "#0"},
				"east": {"uv": [1.25, 12.25, 1.75, 12.75], "texture": "#0"},
				"south": {"uv": [2.25, 12.25, 2.75, 12.75], "texture": "#0"},
				"west": {"uv": [3.25, 12.25, 3.75, 12.75], "texture": "#0"},
				"up": {"uv": [4.25, 12.25, 4.75, 12.75], "texture": "#0"},
				"down": {"uv": [5.25, 12.25, 5.75, 12.75], "texture": "#0"}
			}
		},
		{
			"name": "text_PRISMARIN",
			"from": [-15, 4, 7],
			"to": [-13, 12, 9],
			"rotation": {"angle": 0, "axis": "y", "origin": [31, 4, 7]},
			"faces": {
				"north": {"uv": [6.25, 12.25, 6.75, 12.75], "texture": "#0"},
				"east": {"uv": [7.25, 12.25, 7.75, 12.75], "texture": "#0"},
				"south": {"uv": [8.25, 12.25, 8.75, 12.75], "texture": "#0"},
				"west": {"uv": [9.25, 12.25, 9.75, 12.75], "texture": "#0"},
				"up": {"uv": [10.25, 12.25, 10.75, 12.75], "texture": "#0"},
				"down": {"uv": [11.25, 12.25, 11.75, 12.75], "texture": "#0"}
			}
		},
		{
			"name": "text_PRISMARIN",
			"from": [-12, 7, 7],
			"to": [-11, 10, 9],
			"rotation": {"angle": 0, "axis": "y", "origin": [31, 4, 7]},
			"faces": {
				"north": {"uv": [12.25, 12.25, 12.75, 12.75], "texture": "#0"},
				"east": {"uv": [13.25, 12.25, 13.75, 12.75], "texture": "#0"},
				"south": {"uv": [14.25, 12.25, 14.75, 12.75], "texture": "#0"},
				"west": {"uv": [15.25, 12.25, 15.75, 12.75], "texture": "#0"},
				"up": {"uv": [0.25, 13.25, 0.75, 13.75], "texture": "#0"},
				"down": {"uv": [1.25, 13.25, 1.75, 13.75], "texture": "#0"}
			}
		},
		{
			"name": "text_PRISMARIN",
			"from": [-13, 6, 7],
			"to": [-12, 9, 9],
			"rotation": {"angle": 0, "axis": "y", "origin": [31, 4, 7]},
			"faces": {
				"north": {"uv": [2.25, 13.25, 2.75, 13.75], "texture": "#0"},
				"east": {"uv": [3.25, 13.25, 3.75, 13.75], "texture": "#0"},
				"south": {"uv": [4.25, 13.25, 4.75, 13.75], "texture": "#0"},
				"west": {"uv": [5.25, 13.25, 5.75, 13.75], "texture": "#0"},
				"up": {"uv": [6.25, 13.25, 6.75, 13.75], "texture": "#0"},
				"down": {"uv": [7.25, 13.25, 7.75, 13.75], "texture": "#0"}
			}
		}
	],
	"gui_light": "front",
	"display": {
		"ground": {
			"scale": [4, 4, 4]
		},
		"head": {
			"translation": [0, 14.25, 0],
			"scale": [4, 4, 4]
		},
		"fixed": {
			"rotation": [-3, 0, 0],
			"translation": [0, 18.75, -19.5],
			"scale": [4, 4, 4]
		}
	},
	"groups": [
		{
			"name": "text_PRISMARIN",
			"origin": [35, 12, 15],
			"color": 0,
			"nbt": "{}",
			"children": [
				{
					"name": "character_p",
					"origin": [35, 12, 15],
					"color": 0,
					"nbt": "{}",
					"children": [0, 1, 2, 3]
				},
				{
					"name": "character_r",
					"origin": [35, 12, 15],
					"color": 0,
					"nbt": "{}",
					"children": [4, 5, 6, 7, 8, 9]
				},
				{
					"name": "character_i",
					"origin": [35, 12, 15],
					"color": 0,
					"nbt": "{}",
					"children": [10]
				},
				{
					"name": "character_s",
					"origin": [35, 12, 15],
					"color": 0,
					"nbt": "{}",
					"children": [11, 12, 13, 14, 15]
				},
				{
					"name": "character_m",
					"origin": [35, 12, 15],
					"color": 0,
					"nbt": "{}",
					"children": [16, 17, 18, 19, 20]
				},
				{
					"name": "character_a",
					"origin": [35, 12, 15],
					"color": 0,
					"nbt": "{}",
					"children": [21, 22, 23, 24]
				},
				{
					"name": "character_r",
					"origin": [35, 12, 15],
					"color": 0,
					"nbt": "{}",
					"children": [25, 26, 27, 28, 29, 30]
				},
				{
					"name": "character_i",
					"origin": [35, 12, 15],
					"color": 0,
					"nbt": "{}",
					"children": [31]
				},
				{
					"name": "character_n",
					"origin": [35, 12, 15],
					"color": 0,
					"nbt": "{}",
					"children": [32, 33, 34, 35]
				}
			]
		}
	]
}