{
	"credit": "Made with Blockbench",
	"texture_size": [64, 64],
	"textures": {
		"0": "item/misc/tombstone/tombstone",
		"particle": "item/misc/tombstone/tombstone"
	},
	"elements": [
		{
			"from": [1, 0, 3.5],
			"to": [15, 1, 12.5],
			"faces": {
				"north": {"uv": [6.75, 3.75, 10.25, 4], "texture": "#0"},
				"east": {"uv": [7.5, 2.75, 9.75, 3], "texture": "#0"},
				"south": {"uv": [7.5, 0.5, 11, 0.75], "texture": "#0"},
				"west": {"uv": [7.5, 3, 9.75, 3.25], "texture": "#0"},
				"up": {"uv": [3.5, 2.25, 0, 0], "texture": "#0"},
				"down": {"uv": [3.5, 2.25, 0, 4.5], "texture": "#0"}
			}
		},
		{
			"from": [1.5, 0.5, 4],
			"to": [14.5, 1.5, 12],
			"faces": {
				"north": {"uv": [7.5, 0.75, 10.75, 1], "texture": "#0"},
				"east": {"uv": [7.75, 7, 9.75, 7.25], "texture": "#0"},
				"south": {"uv": [7.5, 1, 10.75, 1.25], "texture": "#0"},
				"west": {"uv": [7.75, 7.25, 9.75, 7.5], "texture": "#0"},
				"up": {"uv": [6.75, 2, 3.5, 0], "texture": "#0"},
				"down": {"uv": [6.75, 2, 3.5, 4], "texture": "#0"}
			}
		},
		{
			"from": [2.5, 1, 5],
			"to": [13.5, 2, 11],
			"faces": {
				"north": {"uv": [7.5, 1.25, 10.25, 1.5], "texture": "#0"},
				"east": {"uv": [7.75, 7.5, 9.25, 7.75], "texture": "#0"},
				"south": {"uv": [7.5, 1.5, 10.25, 1.75], "texture": "#0"},
				"west": {"uv": [0, 8, 1.5, 8.25], "texture": "#0"},
				"up": {"uv": [8.5, 5.5, 5.75, 4], "texture": "#0"},
				"down": {"uv": [8.5, 5.5, 5.75, 7], "texture": "#0"}
			}
		},
		{
			"from": [3.5, 2, 7],
			"to": [12.5, 13, 9],
			"faces": {
				"north": {"uv": [3.5, 4, 5.75, 6.75], "texture": "#0"},
				"east": {"uv": [4.5, 6.75, 5, 9.5], "texture": "#0"},
				"south": {"uv": [0, 4.5, 2.25, 7.25], "texture": "#0"},
				"west": {"uv": [5, 6.75, 5.5, 9.5], "texture": "#0"},
				"up": {"uv": [9, 3.75, 6.75, 3.25], "texture": "#0"},
				"down": {"uv": [7.75, 7, 5.5, 7.5], "texture": "#0"}
			}
		},
		{
			"from": [3.5, 13, 7],
			"to": [12.5, 13.9, 9],
			"faces": {
				"north": {"uv": [5.5, 7.5, 7.75, 7.75], "texture": "#0"},
				"east": {"uv": [0.75, 9.5, 1.25, 9.75], "texture": "#0"},
				"south": {"uv": [0, 7.75, 2.25, 8], "texture": "#0"},
				"west": {"uv": [4.5, 9.5, 5, 9.75], "texture": "#0"},
				"up": {"uv": [2.25, 7.75, 0, 7.25], "texture": "#0"},
				"down": {"uv": [9.75, 0, 7.5, 0.5], "texture": "#0"}
			}
		},
		{
			"from": [5.25, 13.9, 7],
			"to": [10.75, 14.8, 9],
			"faces": {
				"north": {"uv": [1.5, 8, 2.875, 8.25], "texture": "#0"},
				"east": {"uv": [5, 9.5, 5.5, 9.75], "texture": "#0"},
				"south": {"uv": [8, 7.75, 9.375, 8], "texture": "#0"},
				"west": {"uv": [9.5, 5.25, 10, 5.5], "texture": "#0"},
				"up": {"uv": [8.875, 2.25, 7.5, 1.75], "texture": "#0"},
				"down": {"uv": [8.875, 2.25, 7.5, 2.75], "texture": "#0"}
			}
		},
		{
			"from": [4.425, 13.9, 7],
			"to": [5.25, 14.15, 9],
			"faces": {
				"north": {"uv": [3.75, 11, 3.9375, 11.0625], "texture": "#0"},
				"east": {"uv": [7, 10.5, 7.5, 10.5625], "texture": "#0"},
				"south": {"uv": [11, 3.75, 11.1875, 3.8125], "texture": "#0"},
				"west": {"uv": [10.5, 7.25, 11, 7.3125], "texture": "#0"},
				"up": {"uv": [2.9375, 10.25, 2.75, 9.75], "texture": "#0"},
				"down": {"uv": [4.6875, 9.75, 4.5, 10.25], "texture": "#0"}
			}
		},
		{
			"from": [5.05, 14.15, 7],
			"to": [5.25, 14.625, 9],
			"faces": {
				"north": {"uv": [4.75, 11, 4.8125, 11.125], "texture": "#0"},
				"east": {"uv": [8.25, 10, 8.75, 10.125], "texture": "#0"},
				"south": {"uv": [11, 4.75, 11.0625, 4.875], "texture": "#0"},
				"west": {"uv": [8.75, 10, 9.25, 10.125], "texture": "#0"},
				"up": {"uv": [10.5625, 8, 10.5, 7.5], "texture": "#0"},
				"down": {"uv": [7.8125, 10.5, 7.75, 11], "texture": "#0"}
			}
		},
		{
			"from": [5.3, 14.8, 7],
			"to": [5.75, 15.3, 9],
			"faces": {
				"north": {"uv": [8, 10.75, 8.125, 10.875], "texture": "#0"},
				"east": {"uv": [10, 9.25, 10.5, 9.375], "texture": "#0"},
				"south": {"uv": [8.25, 10.75, 8.375, 10.875], "texture": "#0"},
				"west": {"uv": [10, 9.5, 10.5, 9.625], "texture": "#0"},
				"up": {"uv": [9.875, 10.5, 9.75, 10], "texture": "#0"},
				"down": {"uv": [10.125, 9.75, 10, 10.25], "texture": "#0"}
			}
		},
		{
			"from": [5.575, 15.3, 7],
			"to": [5.75, 15.45, 9],
			"faces": {
				"north": {"uv": [6, 11, 6.0625, 11.0625], "texture": "#0"},
				"east": {"uv": [10.5, 9.75, 11, 9.8125], "texture": "#0"},
				"south": {"uv": [11, 6, 11.0625, 6.0625], "texture": "#0"},
				"west": {"uv": [10.5, 10, 11, 10.0625], "texture": "#0"},
				"up": {"uv": [10.3125, 11, 10.25, 10.5], "texture": "#0"},
				"down": {"uv": [10.5625, 10.25, 10.5, 10.75], "texture": "#0"}
			}
		},
		{
			"from": [4.8, 14.15, 7],
			"to": [5.05, 14.35, 9],
			"faces": {
				"north": {"uv": [5.75, 11, 5.8125, 11.0625], "texture": "#0"},
				"east": {"uv": [8, 10.5, 8.5, 10.5625], "texture": "#0"},
				"south": {"uv": [11, 5.75, 11.0625, 5.8125], "texture": "#0"},
				"west": {"uv": [8.5, 10.5, 9, 10.5625], "texture": "#0"},
				"up": {"uv": [10.5625, 9.75, 10.5, 9.25], "texture": "#0"},
				"down": {"uv": [9.8125, 10.5, 9.75, 11], "texture": "#0"}
			}
		},
		{
			"from": [10.25, 14.8, 7],
			"to": [10.45, 15.55, 9],
			"faces": {
				"north": {"uv": [2.75, 11, 2.8125, 11.1875], "texture": "#0"},
				"east": {"uv": [9.75, 1.75, 10.25, 1.9375], "texture": "#0"},
				"south": {"uv": [11, 2.75, 11.0625, 2.9375], "texture": "#0"},
				"west": {"uv": [9.75, 2, 10.25, 2.1875], "texture": "#0"},
				"up": {"uv": [10.0625, 10.75, 10, 10.25], "texture": "#0"},
				"down": {"uv": [1.5625, 10.5, 1.5, 11], "texture": "#0"}
			}
		},
		{
			"from": [10.75, 13.9, 7],
			"to": [10.95, 14.625, 9],
			"faces": {
				"north": {"uv": [3.5, 11, 3.5625, 11.1875], "texture": "#0"},
				"east": {"uv": [9.75, 3.25, 10.25, 3.4375], "texture": "#0"},
				"south": {"uv": [11, 3.5, 11.0625, 3.6875], "texture": "#0"},
				"west": {"uv": [9.75, 3.5, 10.25, 3.6875], "texture": "#0"},
				"up": {"uv": [5.3125, 11, 5.25, 10.5], "texture": "#0"},
				"down": {"uv": [10.5625, 5.25, 10.5, 5.75], "texture": "#0"}
			}
		},
		{
			"from": [10.95, 13.9, 7],
			"to": [11.5, 14.125, 9],
			"faces": {
				"north": {"uv": [4.5, 11, 4.625, 11.0625], "texture": "#0"},
				"east": {"uv": [10.5, 5.75, 11, 5.8125], "texture": "#0"},
				"south": {"uv": [11, 4.5, 11.125, 4.5625], "texture": "#0"},
				"west": {"uv": [6, 10.5, 6.5, 10.5625], "texture": "#0"},
				"up": {"uv": [8.125, 10.5, 8, 10], "texture": "#0"},
				"down": {"uv": [10.125, 8, 10, 8.5], "texture": "#0"}
			}
		},
		{
			"from": [10.95, 14.125, 7],
			"to": [11.075, 14.325, 9],
			"faces": {
				"north": {"uv": [5.5, 11, 5.5625, 11.0625], "texture": "#0"},
				"east": {"uv": [10.5, 6, 11, 6.0625], "texture": "#0"},
				"south": {"uv": [11, 5.5, 11.0625, 5.5625], "texture": "#0"},
				"west": {"uv": [6.5, 10.5, 7, 10.5625], "texture": "#0"},
				"up": {"uv": [5.5625, 11, 5.5, 10.5], "texture": "#0"},
				"down": {"uv": [10.5625, 6.75, 10.5, 7.25], "texture": "#0"}
			}
		},
		{
			"from": [9, 15.55, 7],
			"to": [9.2, 16.3, 9],
			"faces": {
				"north": {"uv": [3, 11, 3.0625, 11.1875], "texture": "#0"},
				"east": {"uv": [9.75, 2.75, 10.25, 2.9375], "texture": "#0"},
				"south": {"uv": [3.25, 11, 3.3125, 11.1875], "texture": "#0"},
				"west": {"uv": [9.75, 3, 10.25, 3.1875], "texture": "#0"},
				"up": {"uv": [3.0625, 11, 3, 10.5], "texture": "#0"},
				"down": {"uv": [10.5625, 3, 10.5, 3.5], "texture": "#0"}
			}
		},
		{
			"from": [9.2, 15.55, 7],
			"to": [10.2, 15.8, 9],
			"faces": {
				"north": {"uv": [10.75, 7.5, 11, 7.5625], "texture": "#0"},
				"east": {"uv": [10.5, 3.5, 11, 3.5625], "texture": "#0"},
				"south": {"uv": [10.75, 7.75, 11, 7.8125], "texture": "#0"},
				"west": {"uv": [3.75, 10.5, 4.25, 10.5625], "texture": "#0"},
				"up": {"uv": [0.75, 9.25, 0.5, 8.75], "texture": "#0"},
				"down": {"uv": [6.25, 9.5, 6, 10], "texture": "#0"}
			}
		},
		{
			"from": [9.2, 15.8, 7],
			"to": [9.8, 16.15, 9],
			"faces": {
				"north": {"uv": [4.25, 11, 4.375, 11.0625], "texture": "#0"},
				"east": {"uv": [10.5, 3.75, 11, 3.8125], "texture": "#0"},
				"south": {"uv": [11, 4.25, 11.125, 4.3125], "texture": "#0"},
				"west": {"uv": [4.75, 10.5, 5.25, 10.5625], "texture": "#0"},
				"up": {"uv": [10.125, 7.75, 10, 7.25], "texture": "#0"},
				"down": {"uv": [7.875, 10, 7.75, 10.5], "texture": "#0"}
			}
		},
		{
			"from": [9.8, 15.8, 7],
			"to": [9.925, 15.95, 9],
			"faces": {
				"north": {"uv": [5.25, 11, 5.3125, 11.0625], "texture": "#0"},
				"east": {"uv": [10.5, 4.75, 11, 4.8125], "texture": "#0"},
				"south": {"uv": [11, 5.25, 11.0625, 5.3125], "texture": "#0"},
				"west": {"uv": [10.5, 5, 11, 5.0625], "texture": "#0"},
				"up": {"uv": [3.3125, 11, 3.25, 10.5], "texture": "#0"},
				"down": {"uv": [4.3125, 10.5, 4.25, 11], "texture": "#0"}
			}
		},
		{
			"from": [10.45, 14.8, 7],
			"to": [10.65, 15.325, 9],
			"faces": {
				"north": {"uv": [4, 11, 4.0625, 11.125], "texture": "#0"},
				"east": {"uv": [10, 6.75, 10.5, 6.875], "texture": "#0"},
				"south": {"uv": [11, 4, 11.0625, 4.125], "texture": "#0"},
				"west": {"uv": [10, 7, 10.5, 7.125], "texture": "#0"},
				"up": {"uv": [10.5625, 2.25, 10.5, 1.75], "texture": "#0"},
				"down": {"uv": [2.8125, 10.5, 2.75, 11], "texture": "#0"}
			}
		},
		{
			"from": [5.75, 14.7, 7],
			"to": [10.25, 15.55, 9],
			"faces": {
				"north": {"uv": [8, 8, 9.125, 8.1875], "texture": "#0"},
				"east": {"uv": [9.75, 2.25, 10.25, 2.4375], "texture": "#0"},
				"south": {"uv": [0, 8.25, 1.125, 8.4375], "texture": "#0"},
				"west": {"uv": [9.75, 2.5, 10.25, 2.6875], "texture": "#0"},
				"up": {"uv": [6.625, 8.25, 5.5, 7.75], "texture": "#0"},
				"down": {"uv": [7.875, 7.75, 6.75, 8.25], "texture": "#0"}
			}
		},
		{
			"from": [7, 15.55, 7],
			"to": [9, 16.45, 9],
			"faces": {
				"north": {"uv": [5.5, 9.5, 6, 9.75], "texture": "#0"},
				"east": {"uv": [9.5, 5.5, 10, 5.75], "texture": "#0"},
				"south": {"uv": [9.5, 5.75, 10, 6], "texture": "#0"},
				"west": {"uv": [9.5, 6.25, 10, 6.5], "texture": "#0"},
				"up": {"uv": [3.5, 5, 3, 4.5], "texture": "#0"},
				"down": {"uv": [3.5, 5, 3, 5.5], "texture": "#0"}
			}
		},
		{
			"from": [5.85, 15.55, 7],
			"to": [7, 15.9, 9],
			"faces": {
				"north": {"uv": [3.75, 10.75, 4.0625, 10.8125], "texture": "#0"},
				"east": {"uv": [0, 10.75, 0.5, 10.8125], "texture": "#0"},
				"south": {"uv": [4.75, 10.75, 5.0625, 10.8125], "texture": "#0"},
				"west": {"uv": [0.5, 10.75, 1, 10.8125], "texture": "#0"},
				"up": {"uv": [3.3125, 6.75, 3, 6.25], "texture": "#0"},
				"down": {"uv": [9.0625, 9.25, 8.75, 9.75], "texture": "#0"}
			}
		},
		{
			"from": [6.5, 15.9, 7],
			"to": [7, 16.25, 9],
			"faces": {
				"north": {"uv": [5, 11, 5.125, 11.0625], "texture": "#0"},
				"east": {"uv": [10.75, 0.75, 11.25, 0.8125], "texture": "#0"},
				"south": {"uv": [11, 5, 11.125, 5.0625], "texture": "#0"},
				"west": {"uv": [1, 10.75, 1.5, 10.8125], "texture": "#0"},
				"up": {"uv": [10.375, 1.75, 10.25, 1.25], "texture": "#0"},
				"down": {"uv": [10.375, 1.75, 10.25, 2.25], "texture": "#0"}
			}
		},
		{
			"from": [6.175, 15.9, 7],
			"to": [6.5, 16.1, 9],
			"faces": {
				"north": {"uv": [6.25, 11, 6.3125, 11.0625], "texture": "#0"},
				"east": {"uv": [10.75, 1, 11.25, 1.0625], "texture": "#0"},
				"south": {"uv": [11, 6.25, 11.0625, 6.3125], "texture": "#0"},
				"west": {"uv": [10.75, 1.75, 11.25, 1.8125], "texture": "#0"},
				"up": {"uv": [10.8125, 2.5, 10.75, 2], "texture": "#0"},
				"down": {"uv": [10.8125, 2.5, 10.75, 3], "texture": "#0"}
			}
		},
		{
			"from": [10.75, 13.8, 7],
			"to": [10.75, 14.7, 9],
			"faces": {
				"north": {"uv": [0, 0, 0, 0.25], "texture": "#0"},
				"east": {"uv": [9.5, 6.5, 10, 6.75], "texture": "#0"},
				"south": {"uv": [0, 0, 0, 0.25], "texture": "#0"},
				"west": {"uv": [9.5, 6.75, 10, 7], "texture": "#0"},
				"up": {"uv": [0, 0.5, 0, 0], "texture": "#0"},
				"down": {"uv": [0, 0, 0, 0.5], "texture": "#0"}
			}
		},
		{
			"from": [3.25, 1.75, 6.8],
			"to": [3.6, 14, 9.2],
			"rotation": {"angle": 0, "axis": "y", "origin": [7.98254, -3.15538, 8]},
			"faces": {
				"north": {"uv": [1.75, 8.25, 1.8125, 11.3125], "texture": "#0"},
				"east": {"uv": [2.25, 4.5, 2.875, 7.5625], "texture": "#0"},
				"south": {"uv": [2, 8.25, 2.0625, 11.3125], "texture": "#0"},
				"west": {"uv": [6.75, 0, 7.375, 3.0625], "texture": "#0"},
				"up": {"uv": [10.3125, 3.875, 10.25, 3.25], "texture": "#0"},
				"down": {"uv": [3.5625, 10.25, 3.5, 10.875], "texture": "#0"}
			}
		},
		{
			"from": [10.86652, 13.94863, 6.8],
			"to": [11.56652, 14.19863, 9.2],
			"rotation": {"angle": 22.5, "axis": "z", "origin": [7.98254, -3.15538, 8]},
			"faces": {
				"north": {"uv": [0.25, 11, 0.4375, 11.0625], "texture": "#0"},
				"east": {"uv": [10.25, 6.5, 10.875, 6.5625], "texture": "#0"},
				"south": {"uv": [0.5, 11, 0.6875, 11.0625], "texture": "#0"},
				"west": {"uv": [6.75, 10.25, 7.375, 10.3125], "texture": "#0"},
				"up": {"uv": [9.6875, 10.125, 9.5, 9.5], "texture": "#0"},
				"down": {"uv": [0.1875, 9.75, 0, 10.375], "texture": "#0"}
			}
		},
		{
			"from": [17.84069, 11.27482, 6.8],
			"to": [18.54069, 11.52482, 9.2],
			"rotation": {"angle": 45, "axis": "z", "origin": [7.98254, -3.15538, 8]},
			"faces": {
				"north": {"uv": [10.75, 10.75, 10.9375, 10.8125], "texture": "#0"},
				"east": {"uv": [6, 10.25, 6.625, 10.3125], "texture": "#0"},
				"south": {"uv": [0, 11, 0.1875, 11.0625], "texture": "#0"},
				"west": {"uv": [10.25, 6.25, 10.875, 6.3125], "texture": "#0"},
				"up": {"uv": [7.6875, 10.125, 7.5, 9.5], "texture": "#0"},
				"down": {"uv": [9.4375, 9.5, 9.25, 10.125], "texture": "#0"}
			}
		},
		{
			"from": [-1.55848, 12.12285, 6.8],
			"to": [-1.30848, 12.97285, 9.2],
			"rotation": {"angle": -22.5, "axis": "z", "origin": [7.98254, -3.15538, 8]},
			"faces": {
				"north": {"uv": [10.5, 10.75, 10.5625, 10.9375], "texture": "#0"},
				"east": {"uv": [9.5, 7.75, 10.125, 7.9375], "texture": "#0"},
				"south": {"uv": [10.75, 10.5, 10.8125, 10.6875], "texture": "#0"},
				"west": {"uv": [9.5, 8.5, 10.125, 8.6875], "texture": "#0"},
				"up": {"uv": [10.3125, 6.125, 10.25, 5.5], "texture": "#0"},
				"down": {"uv": [5.8125, 10.25, 5.75, 10.875], "texture": "#0"}
			}
		},
		{
			"from": [-7.00422, 8.09397, 6.8],
			"to": [-6.75422, 9.09397, 9.2],
			"rotation": {"angle": -45, "axis": "z", "origin": [7.98254, -3.15538, 8]},
			"faces": {
				"north": {"uv": [6, 10.75, 6.0625, 11], "texture": "#0"},
				"east": {"uv": [7, 9.25, 7.625, 9.5], "texture": "#0"},
				"south": {"uv": [6.25, 10.75, 6.3125, 11], "texture": "#0"},
				"west": {"uv": [9.25, 7.5, 9.875, 7.75], "texture": "#0"},
				"up": {"uv": [4.5625, 10.875, 4.5, 10.25], "texture": "#0"},
				"down": {"uv": [10.3125, 4.75, 10.25, 5.375], "texture": "#0"}
			}
		},
		{
			"from": [13.56428, 15.12821, 6.8],
			"to": [14.56428, 15.37821, 9.2],
			"rotation": {"angle": 22.5, "axis": "z", "origin": [7.98254, -3.15538, 8]},
			"faces": {
				"north": {"uv": [10.75, 5.25, 11, 5.3125], "texture": "#0"},
				"east": {"uv": [10.25, 4.25, 10.875, 4.3125], "texture": "#0"},
				"south": {"uv": [10.75, 5.5, 11, 5.5625], "texture": "#0"},
				"west": {"uv": [10.25, 4.5, 10.875, 4.5625], "texture": "#0"},
				"up": {"uv": [6.75, 9.875, 6.5, 9.25], "texture": "#0"},
				"down": {"uv": [7, 9.25, 6.75, 9.875], "texture": "#0"}
			}
		},
		{
			"from": [6.97078, 16.23614, 6.8],
			"to": [8.22078, 16.48614, 9.2],
			"rotation": {"angle": 0, "axis": "z", "origin": [7.98254, -3.15538, 8]},
			"faces": {
				"north": {"uv": [10.75, 3, 11.0625, 3.0625], "texture": "#0"},
				"east": {"uv": [10.5, 1.25, 11.125, 1.3125], "texture": "#0"},
				"south": {"uv": [10.75, 3.25, 11.0625, 3.3125], "texture": "#0"},
				"west": {"uv": [10.5, 1.5, 11.125, 1.5625], "texture": "#0"},
				"up": {"uv": [3.3125, 6.125, 3, 5.5], "texture": "#0"},
				"down": {"uv": [1.5625, 8.25, 1.25, 8.875], "texture": "#0"}
			}
		},
		{
			"from": [3.25, 13.75, 6.8],
			"to": [4.1, 14, 9.2],
			"rotation": {"angle": 0, "axis": "y", "origin": [7.98254, -3.15538, 8]},
			"faces": {
				"north": {"uv": [10, 10.75, 10.1875, 10.8125], "texture": "#0"},
				"east": {"uv": [3.75, 10.25, 4.375, 10.3125], "texture": "#0"},
				"south": {"uv": [10.75, 10.25, 10.9375, 10.3125], "texture": "#0"},
				"west": {"uv": [10.25, 4, 10.875, 4.0625], "texture": "#0"},
				"up": {"uv": [7.1875, 10.125, 7, 9.5], "texture": "#0"},
				"down": {"uv": [7.4375, 9.5, 7.25, 10.125], "texture": "#0"}
			}
		},
		{
			"from": [4.39856, 13.94863, 6.8],
			"to": [5.09856, 14.19863, 9.2],
			"rotation": {"angle": -22.5, "axis": "z", "origin": [7.98254, -3.15538, 8]},
			"faces": {
				"north": {"uv": [1.5, 11, 1.6875, 11.0625], "texture": "#0"},
				"east": {"uv": [0, 10.5, 0.625, 10.5625], "texture": "#0"},
				"south": {"uv": [11, 2, 11.1875, 2.0625], "texture": "#0"},
				"west": {"uv": [10.5, 0, 11.125, 0.0625], "texture": "#0"},
				"up": {"uv": [0.9375, 10.375, 0.75, 9.75], "texture": "#0"},
				"down": {"uv": [1.1875, 9.75, 1, 10.375], "texture": "#0"}
			}
		},
		{
			"from": [-2.57562, 11.27482, 6.8],
			"to": [-1.87562, 11.52482, 9.2],
			"rotation": {"angle": -45, "axis": "z", "origin": [7.98254, -3.15538, 8]},
			"faces": {
				"north": {"uv": [1, 11, 1.1875, 11.0625], "texture": "#0"},
				"east": {"uv": [10.25, 8.75, 10.875, 8.8125], "texture": "#0"},
				"south": {"uv": [1.25, 11, 1.4375, 11.0625], "texture": "#0"},
				"west": {"uv": [10.25, 9, 10.875, 9.0625], "texture": "#0"},
				"up": {"uv": [0.4375, 10.375, 0.25, 9.75], "texture": "#0"},
				"down": {"uv": [0.6875, 9.75, 0.5, 10.375], "texture": "#0"}
			}
		},
		{
			"from": [17.27356, 12.12285, 6.8],
			"to": [17.52356, 12.97285, 9.2],
			"rotation": {"angle": 22.5, "axis": "z", "origin": [7.98254, -3.15538, 8]},
			"faces": {
				"north": {"uv": [11, 0.5, 11.0625, 0.6875], "texture": "#0"},
				"east": {"uv": [9.5, 8.75, 10.125, 8.9375], "texture": "#0"},
				"south": {"uv": [0.75, 11, 0.8125, 11.1875], "texture": "#0"},
				"west": {"uv": [9.5, 9, 10.125, 9.1875], "texture": "#0"},
				"up": {"uv": [9.5625, 10.875, 9.5, 10.25], "texture": "#0"},
				"down": {"uv": [10.3125, 9.75, 10.25, 10.375], "texture": "#0"}
			}
		},
		{
			"from": [22.7193, 8.09397, 6.8],
			"to": [22.9693, 9.09397, 9.2],
			"rotation": {"angle": 45, "axis": "z", "origin": [7.98254, -3.15538, 8]},
			"faces": {
				"north": {"uv": [10.75, 7, 10.8125, 7.25], "texture": "#0"},
				"east": {"uv": [9.25, 8, 9.875, 8.25], "texture": "#0"},
				"south": {"uv": [7.25, 10.75, 7.3125, 11], "texture": "#0"},
				"west": {"uv": [9.25, 8.25, 9.875, 8.5], "texture": "#0"},
				"up": {"uv": [9.0625, 10.875, 9, 10.25], "texture": "#0"},
				"down": {"uv": [9.3125, 10.25, 9.25, 10.875], "texture": "#0"}
			}
		},
		{
			"from": [1.4008, 15.12821, 6.8],
			"to": [2.4008, 15.37821, 9.2],
			"rotation": {"angle": -22.5, "axis": "z", "origin": [7.98254, -3.15538, 8]},
			"faces": {
				"north": {"uv": [10.75, 6.75, 11, 6.8125], "texture": "#0"},
				"east": {"uv": [10.25, 8.25, 10.875, 8.3125], "texture": "#0"},
				"south": {"uv": [7, 10.75, 7.25, 10.8125], "texture": "#0"},
				"west": {"uv": [10.25, 8.5, 10.875, 8.5625], "texture": "#0"},
				"up": {"uv": [8.5, 9.875, 8.25, 9.25], "texture": "#0"},
				"down": {"uv": [8.75, 9.25, 8.5, 9.875], "texture": "#0"}
			}
		},
		{
			"from": [7.9943, 16.23614, 6.8],
			"to": [8.9943, 16.48614, 9.2],
			"rotation": {"angle": 0, "axis": "z", "origin": [7.98254, -3.15538, 8]},
			"faces": {
				"north": {"uv": [6.5, 10.75, 6.75, 10.8125], "texture": "#0"},
				"east": {"uv": [10.25, 8, 10.875, 8.0625], "texture": "#0"},
				"south": {"uv": [6.75, 10.75, 7, 10.8125], "texture": "#0"},
				"west": {"uv": [8.25, 10.25, 8.875, 10.3125], "texture": "#0"},
				"up": {"uv": [8, 9.875, 7.75, 9.25], "texture": "#0"},
				"down": {"uv": [8.25, 9.25, 8, 9.875], "texture": "#0"}
			}
		},
		{
			"from": [11.86508, 13.75, 6.8],
			"to": [12.71508, 14, 9.2],
			"rotation": {"angle": 0, "axis": "y", "origin": [7.98254, -3.15538, 8]},
			"faces": {
				"north": {"uv": [11, 2.25, 11.1875, 2.3125], "texture": "#0"},
				"east": {"uv": [10.5, 0.25, 11.125, 0.3125], "texture": "#0"},
				"south": {"uv": [11, 2.5, 11.1875, 2.5625], "texture": "#0"},
				"west": {"uv": [0.75, 10.5, 1.375, 10.5625], "texture": "#0"},
				"up": {"uv": [1.4375, 10.375, 1.25, 9.75], "texture": "#0"},
				"down": {"uv": [1.6875, 9.75, 1.5, 10.375], "texture": "#0"}
			}
		},
		{
			"from": [12.36508, 1.75, 6.8],
			"to": [12.71508, 14, 9.2],
			"rotation": {"angle": 0, "axis": "y", "origin": [7.98254, -3.15538, 8]},
			"faces": {
				"north": {"uv": [2.25, 8.25, 2.3125, 11.3125], "texture": "#0"},
				"east": {"uv": [3, 6.75, 3.625, 9.8125], "texture": "#0"},
				"south": {"uv": [2.5, 8.25, 2.5625, 11.3125], "texture": "#0"},
				"west": {"uv": [3.75, 6.75, 4.375, 9.8125], "texture": "#0"},
				"up": {"uv": [10.3125, 7.875, 10.25, 7.25], "texture": "#0"},
				"down": {"uv": [7.5625, 10.25, 7.5, 10.875], "texture": "#0"}
			}
		},
		{
			"from": [7.75, 16.5, 7.75],
			"to": [8.25, 19, 8.25],
			"faces": {
				"north": {"uv": [4.75, 9.75, 4.875, 10.375], "texture": "#0"},
				"east": {"uv": [5, 9.75, 5.125, 10.375], "texture": "#0"},
				"south": {"uv": [5.25, 9.75, 5.375, 10.375], "texture": "#0"},
				"west": {"uv": [5.5, 9.75, 5.625, 10.375], "texture": "#0"},
				"up": {"uv": [8.625, 10.875, 8.5, 10.75], "texture": "#0"},
				"down": {"uv": [8.875, 10.75, 8.75, 10.875], "texture": "#0"}
			}
		},
		{
			"from": [7.125, 17.625, 7.775],
			"to": [8.875, 18.125, 8.225],
			"rotation": {"angle": 0, "axis": "z", "origin": [8, 17.625, 8.25]},
			"faces": {
				"north": {"uv": [10.25, 2.25, 10.6875, 2.375], "texture": "#0"},
				"east": {"uv": [10.75, 9.25, 10.875, 9.375], "texture": "#0"},
				"south": {"uv": [10.25, 2.5, 10.6875, 2.625], "texture": "#0"},
				"west": {"uv": [10.75, 9.5, 10.875, 9.625], "texture": "#0"},
				"up": {"uv": [3.1875, 10.375, 2.75, 10.25], "texture": "#0"},
				"down": {"uv": [10.6875, 2.75, 10.25, 2.875], "texture": "#0"}
			}
		},
		{
			"from": [3, -0.25, 3],
			"to": [6, 0.75, 4],
			"faces": {
				"north": {"uv": [2.25, 7.75, 3, 8], "texture": "#0"},
				"east": {"uv": [5.5, 6.75, 5.75, 7], "texture": "#0"},
				"south": {"uv": [5.5, 8.25, 6.25, 8.5], "texture": "#0"},
				"west": {"uv": [5.75, 9.75, 6, 10], "texture": "#0"},
				"up": {"uv": [7, 8.5, 6.25, 8.25], "texture": "#0"},
				"down": {"uv": [7.75, 8.25, 7, 8.5], "texture": "#0"}
			}
		},
		{
			"from": [0.7, -0.25, 3],
			"to": [3, 0.55, 4],
			"faces": {
				"north": {"uv": [9.75, 0, 10.3125, 0.1875], "texture": "#0"},
				"east": {"uv": [10.25, 3, 10.5, 3.1875], "texture": "#0"},
				"south": {"uv": [9.75, 0.25, 10.3125, 0.4375], "texture": "#0"},
				"west": {"uv": [3.25, 10.25, 3.5, 10.4375], "texture": "#0"},
				"up": {"uv": [9.8125, 9.5, 9.25, 9.25], "texture": "#0"},
				"down": {"uv": [0.5625, 9.5, 0, 9.75], "texture": "#0"}
			}
		},
		{
			"from": [6, -0.15, 3],
			"to": [9, 0.85, 4],
			"faces": {
				"north": {"uv": [7.75, 8.25, 8.5, 8.5], "texture": "#0"},
				"east": {"uv": [9.75, 7, 10, 7.25], "texture": "#0"},
				"south": {"uv": [0, 8.5, 0.75, 8.75], "texture": "#0"},
				"west": {"uv": [9.75, 7.25, 10, 7.5], "texture": "#0"},
				"up": {"uv": [9.25, 4.25, 8.5, 4], "texture": "#0"},
				"down": {"uv": [9.25, 4.25, 8.5, 4.5], "texture": "#0"}
			}
		},
		{
			"from": [9, -0.45, 3],
			"to": [12, 0.55, 4],
			"faces": {
				"north": {"uv": [8.5, 4.5, 9.25, 4.75], "texture": "#0"},
				"east": {"uv": [8.75, 9.75, 9, 10], "texture": "#0"},
				"south": {"uv": [8.5, 4.75, 9.25, 5], "texture": "#0"},
				"west": {"uv": [9, 9.75, 9.25, 10], "texture": "#0"},
				"up": {"uv": [9.25, 5.25, 8.5, 5], "texture": "#0"},
				"down": {"uv": [9.25, 5.25, 8.5, 5.5], "texture": "#0"}
			}
		},
		{
			"from": [12, -0.2, 3],
			"to": [15, 0.8, 4],
			"faces": {
				"north": {"uv": [5.5, 8.5, 6.25, 8.75], "texture": "#0"},
				"east": {"uv": [9.75, 9.5, 10, 9.75], "texture": "#0"},
				"south": {"uv": [8.5, 5.5, 9.25, 5.75], "texture": "#0"},
				"west": {"uv": [9.75, 9.75, 10, 10], "texture": "#0"},
				"up": {"uv": [9.25, 6, 8.5, 5.75], "texture": "#0"},
				"down": {"uv": [9.25, 6, 8.5, 6.25], "texture": "#0"}
			}
		},
		{
			"from": [15, -0.45, 3.25],
			"to": [16, 0.55, 6.25],
			"rotation": {"angle": 0, "axis": "y", "origin": [13.5, 0.3, 3.5]},
			"faces": {
				"north": {"uv": [3, 10, 3.25, 10.25], "texture": "#0"},
				"east": {"uv": [6.25, 8.5, 7, 8.75], "texture": "#0"},
				"south": {"uv": [3.25, 10, 3.5, 10.25], "texture": "#0"},
				"west": {"uv": [8.5, 6.25, 9.25, 6.5], "texture": "#0"},
				"up": {"uv": [3, 9, 2.75, 8.25], "texture": "#0"},
				"down": {"uv": [1, 8.5, 0.75, 9.25], "texture": "#0"}
			}
		},
		{
			"from": [15, -0.25, 6.25],
			"to": [16, 0.75, 9.25],
			"rotation": {"angle": 0, "axis": "y", "origin": [13.5, 0.3, 3.5]},
			"faces": {
				"north": {"uv": [3.5, 10, 3.75, 10.25], "texture": "#0"},
				"east": {"uv": [8.5, 6.5, 9.25, 6.75], "texture": "#0"},
				"south": {"uv": [3.75, 10, 4, 10.25], "texture": "#0"},
				"west": {"uv": [8.5, 6.75, 9.25, 7], "texture": "#0"},
				"up": {"uv": [1.25, 9.25, 1, 8.5], "texture": "#0"},
				"down": {"uv": [7.25, 8.5, 7, 9.25], "texture": "#0"}
			}
		},
		{
			"from": [15, -0.35, 9.25],
			"to": [16, 0.65, 12.25],
			"rotation": {"angle": 0, "axis": "y", "origin": [13.5, 0.3, 3.5]},
			"faces": {
				"north": {"uv": [4, 10, 4.25, 10.25], "texture": "#0"},
				"east": {"uv": [7.25, 8.5, 8, 8.75], "texture": "#0"},
				"south": {"uv": [10, 4, 10.25, 4.25], "texture": "#0"},
				"west": {"uv": [8, 8.5, 8.75, 8.75], "texture": "#0"},
				"up": {"uv": [0.25, 9.5, 0, 8.75], "texture": "#0"},
				"down": {"uv": [0.5, 8.75, 0.25, 9.5], "texture": "#0"}
			}
		},
		{
			"from": [12.5, -0.35, 12.25],
			"to": [15.5, 0.65, 13.25],
			"rotation": {"angle": 0, "axis": "y", "origin": [15.5, 0.15, 13.75]},
			"faces": {
				"north": {"uv": [8.5, 8.25, 9.25, 8.5], "texture": "#0"},
				"east": {"uv": [4.25, 10, 4.5, 10.25], "texture": "#0"},
				"south": {"uv": [5.5, 8.75, 6.25, 9], "texture": "#0"},
				"west": {"uv": [10, 4.25, 10.25, 4.5], "texture": "#0"},
				"up": {"uv": [7, 9, 6.25, 8.75], "texture": "#0"},
				"down": {"uv": [8, 8.75, 7.25, 9], "texture": "#0"}
			}
		},
		{
			"from": [9.5, -0.45, 12.45],
			"to": [12.5, 0.55, 13.45],
			"rotation": {"angle": 0, "axis": "y", "origin": [15.5, 0.15, 13.75]},
			"faces": {
				"north": {"uv": [8, 8.75, 8.75, 9], "texture": "#0"},
				"east": {"uv": [10, 4.5, 10.25, 4.75], "texture": "#0"},
				"south": {"uv": [8.75, 8.5, 9.5, 8.75], "texture": "#0"},
				"west": {"uv": [10, 4.75, 10.25, 5], "texture": "#0"},
				"up": {"uv": [9.5, 9, 8.75, 8.75], "texture": "#0"},
				"down": {"uv": [9.75, 1.75, 9, 2], "texture": "#0"}
			}
		},
		{
			"from": [6.5, -0.25, 12.45],
			"to": [9.5, 0.75, 13.45],
			"rotation": {"angle": 0, "axis": "y", "origin": [15.5, 0.15, 13.75]},
			"faces": {
				"north": {"uv": [9, 2, 9.75, 2.25], "texture": "#0"},
				"east": {"uv": [10, 5, 10.25, 5.25], "texture": "#0"},
				"south": {"uv": [9, 2.25, 9.75, 2.5], "texture": "#0"},
				"west": {"uv": [10, 5.25, 10.25, 5.5], "texture": "#0"},
				"up": {"uv": [9.75, 2.75, 9, 2.5], "texture": "#0"},
				"down": {"uv": [9.75, 3.25, 9, 3.5], "texture": "#0"}
			}
		},
		{
			"from": [3.5, -0.45, 12.45],
			"to": [6.5, 0.55, 13.45],
			"rotation": {"angle": 0, "axis": "y", "origin": [15.5, 0.15, 13.75]},
			"faces": {
				"north": {"uv": [9, 3.5, 9.75, 3.75], "texture": "#0"},
				"east": {"uv": [10, 5.5, 10.25, 5.75], "texture": "#0"},
				"south": {"uv": [5.5, 9, 6.25, 9.25], "texture": "#0"},
				"west": {"uv": [5.75, 10, 6, 10.25], "texture": "#0"},
				"up": {"uv": [7, 9.25, 6.25, 9], "texture": "#0"},
				"down": {"uv": [8, 9, 7.25, 9.25], "texture": "#0"}
			}
		},
		{
			"from": [0.5, -0.55, 12.45],
			"to": [3.5, 0.45, 13.45],
			"rotation": {"angle": 0, "axis": "y", "origin": [15.5, 0.15, 13.75]},
			"faces": {
				"north": {"uv": [8, 9, 8.75, 9.25], "texture": "#0"},
				"east": {"uv": [10, 5.75, 10.25, 6], "texture": "#0"},
				"south": {"uv": [8.75, 9, 9.5, 9.25], "texture": "#0"},
				"west": {"uv": [6, 10, 6.25, 10.25], "texture": "#0"},
				"up": {"uv": [1.25, 9.5, 0.5, 9.25], "texture": "#0"},
				"down": {"uv": [10, 4, 9.25, 4.25], "texture": "#0"}
			}
		},
		{
			"from": [0, -0.75, 9.7],
			"to": [1, 0.25, 12.7],
			"rotation": {"angle": 0, "axis": "y", "origin": [2, -0.05, 12.95]},
			"faces": {
				"north": {"uv": [10, 6, 10.25, 6.25], "texture": "#0"},
				"east": {"uv": [9.25, 4.25, 10, 4.5], "texture": "#0"},
				"south": {"uv": [6.25, 10, 6.5, 10.25], "texture": "#0"},
				"west": {"uv": [9.25, 4.5, 10, 4.75], "texture": "#0"},
				"up": {"uv": [1.5, 9.75, 1.25, 9], "texture": "#0"},
				"down": {"uv": [1.75, 9, 1.5, 9.75], "texture": "#0"}
			}
		},
		{
			"from": [0, -0.45, 6.7],
			"to": [1, 0.55, 9.7],
			"rotation": {"angle": 0, "axis": "y", "origin": [2, -0.05, 12.95]},
			"faces": {
				"north": {"uv": [10, 6.25, 10.25, 6.5], "texture": "#0"},
				"east": {"uv": [9.25, 4.75, 10, 5], "texture": "#0"},
				"south": {"uv": [6.5, 10, 6.75, 10.25], "texture": "#0"},
				"west": {"uv": [9.25, 5, 10, 5.25], "texture": "#0"},
				"up": {"uv": [3, 9.75, 2.75, 9], "texture": "#0"},
				"down": {"uv": [9.5, 5.25, 9.25, 6], "texture": "#0"}
			}
		},
		{
			"from": [0, -0.35, 3.7],
			"to": [1, 0.65, 6.7],
			"rotation": {"angle": 0, "axis": "y", "origin": [2, -0.05, 12.95]},
			"faces": {
				"north": {"uv": [10, 6.5, 10.25, 6.75], "texture": "#0"},
				"east": {"uv": [5.5, 9.25, 6.25, 9.5], "texture": "#0"},
				"south": {"uv": [6.75, 10, 7, 10.25], "texture": "#0"},
				"west": {"uv": [9.25, 6, 10, 6.25], "texture": "#0"},
				"up": {"uv": [6.5, 10, 6.25, 9.25], "texture": "#0"},
				"down": {"uv": [9.5, 6.25, 9.25, 7], "texture": "#0"}
			}
		}
	],
	"gui_light": "front",
	"display": {
		"thirdperson_righthand": {
			"scale": [1, 1, 0.82]
		},
		"ground": {
			"translation": [0, 7.5, 0]
		},
		"gui": {
			"rotation": [0, 180, 0],
			"scale": [0.76, 0.76, 0.76]
		},
		"head": {
			"translation": [0, -3.5, 0],
			"scale": [2.1, 2.1, 2.1]
		},
		"fixed": {
			"rotation": [-89, 0, 0],
			"translation": [0, 0, -17.5],
			"scale": [2.24, 2.24, 2.24]
		}
	},
	"groups": [
		0,
		1,
		2,
		3,
		4,
		5,
		6,
		7,
		8,
		9,
		10,
		11,
		12,
		13,
		14,
		15,
		16,
		17,
		18,
		19,
		20,
		21,
		22,
		23,
		24,
		25,
		{
			"name": "top",
			"origin": [4.27922, 29.48614, 0],
			"color": 0,
			"nbt": "{}",
			"children": []
		},
		{
			"name": "ridge",
			"origin": [4.27922, 29.48614, 0],
			"color": 0,
			"nbt": "{}",
			"children": [26, 27, 28, 29, 30, 31, 32, 33, 34, 35, 36, 37, 38, 39, 40, 41, 42, 43]
		},
		44,
		45,
		46,
		47,
		48,
		49,
		50,
		51,
		52,
		53,
		54,
		55,
		56,
		57,
		58,
		59
	]
}