{
    "credit": "Prismarin",
    "parent": "item/generated",
    "textures": {
        "layer0": "item/arrow"
    },
    "overrides": [
		{
			"predicate": {
				"custom_model_data": 1
			},
			"model": "custom/ammo/pistol"
		},
		{
			"predicate": {
				"custom_model_data": 2
			},
			"model": "custom/ammo/ar"
		},
		{
			"predicate": {
				"custom_model_data": 3
			},
			"model": "custom/ammo/sniper"
		},
		{
			"predicate": {
				"custom_model_data": 4
			},
			"model": "custom/ammo/shotgun"
		},
		{
			"predicate": {
				"custom_model_data": 5
			},
			"model": "custom/ammo/rail"
		}
	]
}