{
    "credit": "Prismarin",
    "parent": "item/generated",
    "textures": {
        "layer0": "item/stone_hoe"
    },
    "overrides": [
		{
			"predicate": {
				"custom_model_data": 1
			},
			"model": "custom/sniper/awp/default"
		},
		{
			"predicate": {
				"custom_model_data": 2
			},
			"model": "custom/sniper/ballista"
		},
		{
			"predicate": {
				"custom_model_data": 3
			},
			"model": "custom/sniper/l96"
		},
		{
			"predicate": {
				"custom_model_data": 4
			},
			"model": "custom/sniper/m107"
		},
		{
			"predicate": {
				"custom_model_data": 10100
			},
			"model": "custom/sniper/awp/prismarin"
		}
	]
}