{
    "credit": "Prismarin",
    "parent": "item/handheld",
    "textures": {
        "layer0": "item/diamond_hoe"
    },
    "overrides": [
		{
			"predicate": {
				"custom_model_data": 1
			},
			"model": "custom/guns/sniper/awp/default"
		},
		{
			"predicate": {
				"custom_model_data": 2
			},
			"model": "custom/guns/sniper/awp/default_reload"
		},
		{
			"predicate": {
				"custom_model_data": 5
			},
			"model": "custom/guns/sniper/ballista/default"
		},
		{
			"predicate": {
				"custom_model_data": 6
			},
			"model": "custom/guns/sniper/ballista/default_reload"
		},

		{
			"predicate": {
				"custom_model_data": 9
			},
			"model": "custom/guns/sniper/l96/default"
		},
		{
			"predicate": {
				"custom_model_data": 10
			},
			"model": "custom/guns/sniper/l96/default_reload"
		},
		{
			"predicate": {
				"custom_model_data": 13
			},
			"model": "custom/guns/sniper/m107/default"
		},
		{
			"predicate": {
				"custom_model_data": 14
			},
			"model": "custom/guns/sniper/m107/default_reload"
		},
		{
			"predicate": {
				"custom_model_data": 17
			},
			"model": "custom/guns/sniper/railgun/default"
		},
		{
			"predicate": {
				"custom_model_data": 18
			},
			"model": "custom/guns/sniper/railgun/default_reload"
		},
		{
			"predicate": {
				"custom_model_data": 10001
			},
			"model": "custom/guns/sniper/awp/skins/prismarin/prismarin"
		}
	]
}