{
    "credit": "Prismarin",
    "parent": "item/generated",
    "textures": {
        "layer0": "item/gold_ingot"
    },
    "overrides": [
		{
			"predicate": {
				"custom_model_data": 1
			},
			"model": "custom/money/money_small"
		},
		{
			"predicate": {
				"custom_model_data": 2
			},
			"model": "custom/money/money_large"
		},
		{
			"predicate": {
				"custom_model_data": 3
			},
			"model": "custom/money/money_bag"
		},
		{
			"predicate": {
				"custom_model_data": 4
			},
			"model": "custom/misc/trophys/ssn_1_1st"
		},
		{
			"predicate": {
				"custom_model_data": 5
			},
			"model": "custom/misc/trophys/ssn_1_2nd"
		},
		{
			"predicate": {
				"custom_model_data": 6
			},
			"model": "custom/misc/trophys/ssn_1_3rd"
		},
		{
			"predicate": {
				"custom_model_data": 7
			},
			"model": "custom/misc/trophys/ssn_2_1st"
		},
		{
			"predicate": {
				"custom_model_data": 8
			},
			"model": "custom/misc/trophys/ssn_2_2nd"
		},
		{
			"predicate": {
				"custom_model_data": 9
			},
			"model": "custom/misc/trophys/ssn_2_3rd"
		}
	]
}