{
    "credit": "Prismarin",
    "parent": "item/generated",
    "textures": {
        "layer0": "item/lead"
    },
    "overrides": [
		{
			"predicate": {
				"custom_model_data": 1
			},
			"model": "custom/deployable/sandbag"
		},
		{
			"predicate": {
				"custom_model_data": 2
			},
			"model": "custom/machines/garden_cloche/top"
		},
		{
			"predicate": {
				"custom_model_data": 3
			},
			"model": "custom/machines/sentry"
		},
		{
			"predicate": {
				"custom_model_data": 4
			},
			"model": "custom/misc/tombstone"
		}
		},
        {
			"predicate": {
				"custom_model_data": 5
			},
			"model": "custom/machines/upgrades/speed_upgrade"
		},
		{
			"predicate": {
				"custom_model_data": 6
			},
			"model": "custom/machines/upgrades/storage_upgrade"
		},
		{
			"predicate": {
				"custom_model_data": 7
			},
			"model": "custom/machines/upgrades/storage_upgrade_2"
		},
		{
			"predicate": {
				"custom_model_data": 8
			},
			"model": "custom/machines/upgrades/storage_upgrade_3"
		},
                {
			"predicate": {
				"custom_model_data": 9
			},
			"model": "custom/machines/research_table"
		},
        {
			"predicate": {
				"custom_model_data": 10
			},
			"model": "custom/machines/vending_machine"
		},
        {
			"predicate": {
				"custom_model_data": 11
			},
			"model": "custom/lootbox/low"
		},
		{
			"predicate": {
				"custom_model_data": 12
			},
			"model": "custom/lootbox/medium"
		},
		{
			"predicate": {
				"custom_model_data": 13
			},
			"model": "custom/lootbox/high"
		},
		{
			"predicate": {
				"custom_model_data": 14
			},
			"model": "custom/machines/mixing_table"
		}
	
	]
}