{
    "credit": "Prismarin",
    "parent": "item/generated",
    "textures": {
        "layer0": "item/lead"
    },
    "overrides": [
		{
			"predicate": {
				"custom_model_data": 1
			},
			"model": "custom/deployable/sandbag"
		},
		{
			"predicate": {
				"custom_model_data": 2
			},
			"model": "custom/machines/garden_cloche/top"
		},
		{
			"predicate": {
				"custom_model_data": 3
			},
			"model": "custom/machines/sentry"
		},
		{
			"predicate": {
				"custom_model_data": 4
			},
			"model": "custom/misc/tombstone"
		}
	]
}