{"parent":"minecraft:item/generated","textures":{"layer0":"minecraft:item/leather_horse_armor"},"overrides":[{"predicate":{"custom_model_data":1},"model":"custom/mobs/torotoro/body"},{"predicate":{"custom_model_data":2},"model":"custom/mobs/torotoro/arti_case_left"},{"predicate":{"custom_model_data":3},"model":"custom/mobs/torotoro/arti_case_right"},{"predicate":{"custom_model_data":4},"model":"custom/mobs/torotoro/heat_dispenser"},{"predicate":{"custom_model_data":5},"model":"custom/mobs/torotoro/core"},{"predicate":{"custom_model_data":6},"model":"custom/mobs/torotoro/leftarm"},{"predicate":{"custom_model_data":7},"model":"custom/mobs/torotoro/leftfront_arm"},{"predicate":{"custom_model_data":8},"model":"custom/mobs/torotoro/left_fist"},{"predicate":{"custom_model_data":9},"model":"custom/mobs/torotoro/rightarm"},{"predicate":{"custom_model_data":10},"model":"custom/mobs/torotoro/right_fist"},{"predicate":{"custom_model_data":11},"model":"custom/mobs/torotoro/rightfront_arm"},{"predicate":{"custom_model_data":12},"model":"custom/mobs/torotoro/hip"},{"predicate":{"custom_model_data":13},"model":"custom/mobs/torotoro/leftleg"},{"predicate":{"custom_model_data":14},"model":"custom/mobs/torotoro/leftfoot"},{"predicate":{"custom_model_data":15},"model":"custom/mobs/torotoro/left_fire"},{"predicate":{"custom_model_data":16},"model":"custom/mobs/torotoro/left_frontleg"},{"predicate":{"custom_model_data":17},"model":"custom/mobs/torotoro/rightleg"},{"predicate":{"custom_model_data":18},"model":"custom/mobs/torotoro/right_fire"},{"predicate":{"custom_model_data":19},"model":"custom/mobs/torotoro/rightfoot"},{"predicate":{"custom_model_data":20},"model":"custom/mobs/torotoro/right_frontleg"}]}