{
    "credit": "Prismarin",
    "parent": "item/generated",
    "textures": {
        "layer0": "item/lime_dye"
    },
    "overrides": [
		{
			"predicate": {
				"custom_model_data": 1
			},
			"model": "custom/furniture/desk_computer"
		},
		{
			"predicate": {
				"custom_model_data": 2
			},
			"model": "custom/furniture/chair"
		},
		{
			"predicate": {
				"custom_model_data": 3
			},
			"model": "custom/furniture/camera/stand"
		},
		{
			"predicate": {
				"custom_model_data": 4
			},
			"model": "custom/furniture/camera/top"
		},
		{
			"predicate": {
				"custom_model_data": 5
			},
			"model": "custom/furniture/fan"
		},
		{
			"predicate": {
				"custom_model_data": 6
			},
			"model": "custom/furniture/server"
		},
		{
			"predicate": {
				"custom_model_data": 7
			},
			"model": "custom/furniture/locker"
		},
		{
			"predicate": {
				"custom_model_data": 8
			},
			"model": "custom/furniture/laptop"
		}
	]
}