{
    "credit": "Prismarin",
    "parent": "item/generated",
    "textures": {
        "layer0": "item/redstone"
    },
    "overrides": [
		{
			"predicate": {
				"custom_model_data": 1
			},
			"model": "custom/misc/gui/keypad/keycode_1"
		},
		{
			"predicate": {
				"custom_model_data": 2
			},
			"model": "custom/misc/gui/keypad/keycode_2"
		},
		{
			"predicate": {
				"custom_model_data": 3
			},
			"model": "custom/misc/gui/keypad/keycode_3"
		},
		{
			"predicate": {
				"custom_model_data": 4
			},
			"model": "custom/misc/gui/keypad/keycode_4"
		},
		{
			"predicate": {
				"custom_model_data": 5
			},
			"model": "custom/misc/gui/keypad/keycode_5"
		},
		{
			"predicate": {
				"custom_model_data": 6
			},
			"model": "custom/misc/gui/keypad/keycode_6"
		},
		{
			"predicate": {
				"custom_model_data": 7
			},
			"model": "custom/misc/gui/keypad/keycode_7"
		},
		{
			"predicate": {
				"custom_model_data": 8
			},
			"model": "custom/misc/gui/keypad/keycode_8"
		},
		{
			"predicate": {
				"custom_model_data": 9
			},
			"model": "custom/misc/gui/keypad/keycode_9"
		},
		{
			"predicate": {
				"custom_model_data": 10
			},
			"model": "custom/misc/gui/keypad/keycode_0"
		},
		{
			"predicate": {
				"custom_model_data": 11
			},
			"model": "custom/misc/keypad"
		}
	]
}