{
    "credit": "Prismarin",
    "parent": "item/generated",
    "textures": {
        "layer0": "item/wooden_axe"
    },
    "overrides": [
		{
			"predicate": {
				"custom_model_data": 1
			},
			"model": "custom/guns/smg/vityaz/default"
		},
		{
			"predicate": {
				"custom_model_data": 2
			},
			"model": "custom/guns/smg/vityaz/default_reload"
		},
		{
			"predicate": {
				"custom_model_data": 3
			},
			"model": "custom/guns/smg/vityaz/default_aim"
		},
		{
			"predicate": {
				"custom_model_data": 5
			},
			"model": "custom/guns/smg/vector/default"
		},
		{
			"predicate": {
				"custom_model_data": 6
			},
			"model": "custom/guns/smg/vector/default_reload"
		},
		{
			"predicate": {
				"custom_model_data": 7
			},
			"model": "custom/guns/smg/vector/default_aim"
		},



		{
			"predicate": {
				"custom_model_data": 9
			},
			"model": "custom/guns/smg/ump/default"
		},
		{
			"predicate": {
				"custom_model_data": 10
			},
			"model": "custom/guns/smg/ump/default_reload"
		},
		{
			"predicate": {
				"custom_model_data": 11
			},
			"model": "custom/guns/smg/ump/default_aim"
		},

		{
			"predicate": {
				"custom_model_data": 13
			},
			"model": "custom/guns/smg/p90/default"
		},
		{
			"predicate": {
				"custom_model_data": 14
			},
			"model": "custom/guns/smg/p90/default_reload"
		},
		{
			"predicate": {
				"custom_model_data": 15
			},
			"model": "custom/guns/smg/p90/default_aim"
		},

		{
			"predicate": {
				"custom_model_data": 17
			},
			"model": "custom/guns/smg/pdw/default"
		},
		{
			"predicate": {
				"custom_model_data": 18
			},
			"model": "custom/guns/smg/pdw/default_reload"
		},
		{
			"predicate": {
				"custom_model_data": 19
			},
			"model": "custom/guns/smg/pdw/default_aim"
		},
		{
			"predicate": {
				"custom_model_data": 21
			},
			"model": "custom/guns/smg/uzi/default"
		},
		{
			"predicate": {
				"custom_model_data": 22
			},
			"model": "custom/guns/smg/uzi/default_reload"
		},
		{
			"predicate": {
				"custom_model_data": 23
			},
			"model": "custom/guns/smg/uzi/default_aim"
		},
		{
			"predicate": {
				"custom_model_data": 10005
			},
			"model": "custom/guns/smg/vector/skins/prismarin/prismarin"
		},
		{
			"predicate": {
				"custom_model_data": 10006
			},
			"model": "custom/guns/smg/vector/skins/prismarin/prismarin_reload"
		},
		{
			"predicate": {
				"custom_model_data": 10007
			},
			"model": "custom/guns/smg/vector/skins/prismarin/prismarin_aim"
		},
		{
			"predicate": {
				"custom_model_data": 10009
			},
			"model": "custom/guns/smg/ump/skins/predator/predator"
		},
		{
			"predicate": {
				"custom_model_data": 10010
			},
			"model": "custom/guns/smg/ump/skins/predator/predator_reload"
		},
		{
			"predicate": {
				"custom_model_data": 10011
			},
			"model": "custom/guns/smg/ump/skins/predator/predator_aim"
		}
	]
}