{"textures":{"0":"item/mobs/zahar/zahar_abomination"},"elements":[{"from":[2.2857141,2.8571424,5.142857],"to":[14.285715,12.0,13.714286],"rotation":{"angle":-22.5,"axis":"x","origin":[10.0,9.142858,9.714286]},"faces":{"east":{"uv":[4.1875,4.0625,5.125,5.0625],"rotation":0,"texture":"#0","tintindex":0},"south":{"uv":[2.875,1.0,4.1875,2.0],"rotation":0,"texture":"#0","tintindex":0},"north":{"uv":[2.875,0.0,4.1875,1.0],"rotation":0,"texture":"#0","tintindex":0},"west":{"uv":[2.875,4.9375,3.8125,5.9375],"rotation":0,"texture":"#0","tintindex":0},"up":{"uv":[4.1875,4.9375,2.875,4.0],"rotation":0,"texture":"#0","tintindex":0},"down":{"uv":[5.4375,2.0,4.125,2.9375],"rotation":0,"texture":"#0","tintindex":0}}},{"from":[6.857143,5.142857,-0.57142925],"to":[18.285715,9.714286,8.571428],"rotation":{"angle":0.0,"axis":"y","origin":[8.0,5.142857,8.0]},"faces":{"east":{"uv":[6.375,5.1875,7.375,5.6875],"rotation":0,"texture":"#0","tintindex":0},"south":{"uv":[6.0,0.8125,7.25,1.3125],"rotation":0,"texture":"#0","tintindex":0},"north":{"uv":[5.8125,3.5,7.0625,4.0],"rotation":0,"texture":"#0","tintindex":0},"west":{"uv":[5.9375,6.8125,6.9375,7.3125],"rotation":0,"texture":"#0","tintindex":0},"up":{"uv":[4.125,3.0,2.875,2.0],"rotation":0,"texture":"#0","tintindex":0},"down":{"uv":[4.125,3.0,2.875,4.0],"rotation":0,"texture":"#0","tintindex":0}}},{"from":[0.0,5.142857,7.428571],"to":[4.5714283,8.0,13.142858],"rotation":{"angle":0.0,"axis":"y","origin":[8.0,5.142857,8.0]},"faces":{"east":{"uv":[7.875,4.4375,8.5,4.75],"rotation":0,"texture":"#0","tintindex":0},"south":{"uv":[8.25,1.625,8.75,1.9375],"rotation":0,"texture":"#0","tintindex":0},"north":{"uv":[8.1875,5.8125,8.6875,6.125],"rotation":0,"texture":"#0","tintindex":0},"west":{"uv":[7.875,4.75,8.5,5.0625],"rotation":0,"texture":"#0","tintindex":0},"up":{"uv":[1.0625,8.125,0.5625,7.5],"rotation":0,"texture":"#0","tintindex":0},"down":{"uv":[1.5625,7.5,1.0625,8.125],"rotation":0,"texture":"#0","tintindex":0}}},{"from":[-4.5714293,5.2,-3.4285717],"to":[21.714287,5.2,19.428572],"rotation":{"angle":0.0,"axis":"y","origin":[8.0,5.142857,8.0]},"faces":{"east":{"uv":[0.0,0.0,2.5,0.0],"rotation":0,"texture":"#0","tintindex":0},"south":{"uv":[0.0,0.0,2.875,0.0],"rotation":0,"texture":"#0","tintindex":0},"north":{"uv":[0.0,0.0,2.875,0.0],"rotation":0,"texture":"#0","tintindex":0},"west":{"uv":[0.0,0.0,2.5,0.0],"rotation":0,"texture":"#0","tintindex":0},"up":{"uv":[2.875,2.5,0.0,0.0],"rotation":0,"texture":"#0","tintindex":0},"down":{"uv":[2.875,0.0,0.0,2.5],"rotation":0,"texture":"#0","tintindex":0}}}],"display":{"head":{"translation":[0.0,-6.4,0.0],"scale":[4.0,4.0,4.0]}}}{"textures":{"0":"item/mobs/zahar/zahar_abomination"},"elements":[{"from":[2.2857141,2.8571424,5.142857],"to":[14.285715,12.0,13.714286],"rotation":{"angle":-22.5,"axis":"x","origin":[10.0,9.142858,9.714286]},"faces":{"east":{"uv":[4.1875,4.0625,5.125,5.0625],"rotation":0,"texture":"#0","tintindex":0},"south":{"uv":[2.875,1.0,4.1875,2.0],"rotation":0,"texture":"#0","tintindex":0},"north":{"uv":[2.875,0.0,4.1875,1.0],"rotation":0,"texture":"#0","tintindex":0},"west":{"uv":[2.875,4.9375,3.8125,5.9375],"rotation":0,"texture":"#0","tintindex":0},"up":{"uv":[4.1875,4.9375,2.875,4.0],"rotation":0,"texture":"#0","tintindex":0},"down":{"uv":[5.4375,2.0,4.125,2.9375],"rotation":0,"texture":"#0","tintindex":0}}},{"from":[6.857143,5.142857,-0.57142925],"to":[18.285715,9.714286,8.571428],"rotation":{"angle":0.0,"axis":"y","origin":[8.0,5.142857,8.0]},"faces":{"east":{"uv":[6.375,5.1875,7.375,5.6875],"rotation":0,"texture":"#0","tintindex":0},"south":{"uv":[6.0,0.8125,7.25,1.3125],"rotation":0,"texture":"#0","tintindex":0},"north":{"uv":[5.8125,3.5,7.0625,4.0],"rotation":0,"texture":"#0","tintindex":0},"west":{"uv":[5.9375,6.8125,6.9375,7.3125],"rotation":0,"texture":"#0","tintindex":0},"up":{"uv":[4.125,3.0,2.875,2.0],"rotation":0,"texture":"#0","tintindex":0},"down":{"uv":[4.125,3.0,2.875,4.0],"rotation":0,"texture":"#0","tintindex":0}}},{"from":[0.0,5.142857,7.428571],"to":[4.5714283,8.0,13.142858],"rotation":{"angle":0.0,"axis":"y","origin":[8.0,5.142857,8.0]},"faces":{"east":{"uv":[7.875,4.4375,8.5,4.75],"rotation":0,"texture":"#0","tintindex":0},"south":{"uv":[8.25,1.625,8.75,1.9375],"rotation":0,"texture":"#0","tintindex":0},"north":{"uv":[8.1875,5.8125,8.6875,6.125],"rotation":0,"texture":"#0","tintindex":0},"west":{"uv":[7.875,4.75,8.5,5.0625],"rotation":0,"texture":"#0","tintindex":0},"up":{"uv":[1.0625,8.125,0.5625,7.5],"rotation":0,"texture":"#0","tintindex":0},"down":{"uv":[1.5625,7.5,1.0625,8.125],"rotation":0,"texture":"#0","tintindex":0}}},{"from":[-4.5714293,5.2,-3.4285717],"to":[21.714287,5.2,19.428572],"rotation":{"angle":0.0,"axis":"y","origin":[8.0,5.142857,8.0]},"faces":{"east":{"uv":[0.0,0.0,2.5,0.0],"rotation":0,"texture":"#0","tintindex":0},"south":{"uv":[0.0,0.0,2.875,0.0],"rotation":0,"texture":"#0","tintindex":0},"north":{"uv":[0.0,0.0,2.875,0.0],"rotation":0,"texture":"#0","tintindex":0},"west":{"uv":[0.0,0.0,2.5,0.0],"rotation":0,"texture":"#0","tintindex":0},"up":{"uv":[2.875,2.5,0.0,0.0],"rotation":0,"texture":"#0","tintindex":0},"down":{"uv":[2.875,0.0,0.0,2.5],"rotation":0,"texture":"#0","tintindex":0}}}],"display":{"head":{"translation":[0.0,-6.4,0.0],"scale":[4.0,4.0,4.0]}}}{"textures":{"0":"item/mobs/zahar/zahar_abomination"},"elements":[{"from":[2.2857141,2.8571424,5.142857],"to":[14.285715,12.0,13.714286],"rotation":{"angle":-22.5,"axis":"x","origin":[10.0,9.142858,9.714286]},"faces":{"east":{"uv":[4.1875,4.0625,5.125,5.0625],"rotation":0,"texture":"#0","tintindex":0},"south":{"uv":[2.875,1.0,4.1875,2.0],"rotation":0,"texture":"#0","tintindex":0},"north":{"uv":[2.875,0.0,4.1875,1.0],"rotation":0,"texture":"#0","tintindex":0},"west":{"uv":[2.875,4.9375,3.8125,5.9375],"rotation":0,"texture":"#0","tintindex":0},"up":{"uv":[4.1875,4.9375,2.875,4.0],"rotation":0,"texture":"#0","tintindex":0},"down":{"uv":[5.4375,2.0,4.125,2.9375],"rotation":0,"texture":"#0","tintindex":0}}},{"from":[6.857143,5.142857,-0.57142925],"to":[18.285715,9.714286,8.571428],"rotation":{"angle":0.0,"axis":"y","origin":[8.0,5.142857,8.0]},"faces":{"east":{"uv":[6.375,5.1875,7.375,5.6875],"rotation":0,"texture":"#0","tintindex":0},"south":{"uv":[6.0,0.8125,7.25,1.3125],"rotation":0,"texture":"#0","tintindex":0},"north":{"uv":[5.8125,3.5,7.0625,4.0],"rotation":0,"texture":"#0","tintindex":0},"west":{"uv":[5.9375,6.8125,6.9375,7.3125],"rotation":0,"texture":"#0","tintindex":0},"up":{"uv":[4.125,3.0,2.875,2.0],"rotation":0,"texture":"#0","tintindex":0},"down":{"uv":[4.125,3.0,2.875,4.0],"rotation":0,"texture":"#0","tintindex":0}}},{"from":[0.0,5.142857,7.428571],"to":[4.5714283,8.0,13.142858],"rotation":{"angle":0.0,"axis":"y","origin":[8.0,5.142857,8.0]},"faces":{"east":{"uv":[7.875,4.4375,8.5,4.75],"rotation":0,"texture":"#0","tintindex":0},"south":{"uv":[8.25,1.625,8.75,1.9375],"rotation":0,"texture":"#0","tintindex":0},"north":{"uv":[8.1875,5.8125,8.6875,6.125],"rotation":0,"texture":"#0","tintindex":0},"west":{"uv":[7.875,4.75,8.5,5.0625],"rotation":0,"texture":"#0","tintindex":0},"up":{"uv":[1.0625,8.125,0.5625,7.5],"rotation":0,"texture":"#0","tintindex":0},"down":{"uv":[1.5625,7.5,1.0625,8.125],"rotation":0,"texture":"#0","tintindex":0}}},{"from":[-4.5714293,5.2,-3.4285717],"to":[21.714287,5.2,19.428572],"rotation":{"angle":0.0,"axis":"y","origin":[8.0,5.142857,8.0]},"faces":{"east":{"uv":[0.0,0.0,2.5,0.0],"rotation":0,"texture":"#0","tintindex":0},"south":{"uv":[0.0,0.0,2.875,0.0],"rotation":0,"texture":"#0","tintindex":0},"north":{"uv":[0.0,0.0,2.875,0.0],"rotation":0,"texture":"#0","tintindex":0},"west":{"uv":[0.0,0.0,2.5,0.0],"rotation":0,"texture":"#0","tintindex":0},"up":{"uv":[2.875,2.5,0.0,0.0],"rotation":0,"texture":"#0","tintindex":0},"down":{"uv":[2.875,0.0,0.0,2.5],"rotation":0,"texture":"#0","tintindex":0}}}],"display":{"head":{"translation":[0.0,-6.4,0.0],"scale":[4.0,4.0,4.0]}}}{"textures":{"0":"item/mobs/zahar/zahar_abomination"},"elements":[{"from":[2.2857141,2.8571424,5.142857],"to":[14.285715,12.0,13.714286],"rotation":{"angle":-22.5,"axis":"x","origin":[10.0,9.142858,9.714286]},"faces":{"east":{"uv":[4.1875,4.0625,5.125,5.0625],"rotation":0,"texture":"#0","tintindex":0},"south":{"uv":[2.875,1.0,4.1875,2.0],"rotation":0,"texture":"#0","tintindex":0},"north":{"uv":[2.875,0.0,4.1875,1.0],"rotation":0,"texture":"#0","tintindex":0},"west":{"uv":[2.875,4.9375,3.8125,5.9375],"rotation":0,"texture":"#0","tintindex":0},"up":{"uv":[4.1875,4.9375,2.875,4.0],"rotation":0,"texture":"#0","tintindex":0},"down":{"uv":[5.4375,2.0,4.125,2.9375],"rotation":0,"texture":"#0","tintindex":0}}},{"from":[6.857143,5.142857,-0.57142925],"to":[18.285715,9.714286,8.571428],"rotation":{"angle":0.0,"axis":"y","origin":[8.0,5.142857,8.0]},"faces":{"east":{"uv":[6.375,5.1875,7.375,5.6875],"rotation":0,"texture":"#0","tintindex":0},"south":{"uv":[6.0,0.8125,7.25,1.3125],"rotation":0,"texture":"#0","tintindex":0},"north":{"uv":[5.8125,3.5,7.0625,4.0],"rotation":0,"texture":"#0","tintindex":0},"west":{"uv":[5.9375,6.8125,6.9375,7.3125],"rotation":0,"texture":"#0","tintindex":0},"up":{"uv":[4.125,3.0,2.875,2.0],"rotation":0,"texture":"#0","tintindex":0},"down":{"uv":[4.125,3.0,2.875,4.0],"rotation":0,"texture":"#0","tintindex":0}}},{"from":[0.0,5.142857,7.428571],"to":[4.5714283,8.0,13.142858],"rotation":{"angle":0.0,"axis":"y","origin":[8.0,5.142857,8.0]},"faces":{"east":{"uv":[7.875,4.4375,8.5,4.75],"rotation":0,"texture":"#0","tintindex":0},"south":{"uv":[8.25,1.625,8.75,1.9375],"rotation":0,"texture":"#0","tintindex":0},"north":{"uv":[8.1875,5.8125,8.6875,6.125],"rotation":0,"texture":"#0","tintindex":0},"west":{"uv":[7.875,4.75,8.5,5.0625],"rotation":0,"texture":"#0","tintindex":0},"up":{"uv":[1.0625,8.125,0.5625,7.5],"rotation":0,"texture":"#0","tintindex":0},"down":{"uv":[1.5625,7.5,1.0625,8.125],"rotation":0,"texture":"#0","tintindex":0}}},{"from":[-4.5714293,5.2,-3.4285717],"to":[21.714287,5.2,19.428572],"rotation":{"angle":0.0,"axis":"y","origin":[8.0,5.142857,8.0]},"faces":{"east":{"uv":[0.0,0.0,2.5,0.0],"rotation":0,"texture":"#0","tintindex":0},"south":{"uv":[0.0,0.0,2.875,0.0],"rotation":0,"texture":"#0","tintindex":0},"north":{"uv":[0.0,0.0,2.875,0.0],"rotation":0,"texture":"#0","tintindex":0},"west":{"uv":[0.0,0.0,2.5,0.0],"rotation":0,"texture":"#0","tintindex":0},"up":{"uv":[2.875,2.5,0.0,0.0],"rotation":0,"texture":"#0","tintindex":0},"down":{"uv":[2.875,0.0,0.0,2.5],"rotation":0,"texture":"#0","tintindex":0}}}],"display":{"head":{"translation":[0.0,-6.4,0.0],"scale":[4.0,4.0,4.0]}}}{"textures":{"0":"item/mobs/zahar/zahar_abomination"},"elements":[{"from":[2.2857141,2.8571424,5.142857],"to":[14.285715,12.0,13.714286],"rotation":{"angle":-22.5,"axis":"x","origin":[10.0,9.142858,9.714286]},"faces":{"east":{"uv":[4.1875,4.0625,5.125,5.0625],"rotation":0,"texture":"#0","tintindex":0},"south":{"uv":[2.875,1.0,4.1875,2.0],"rotation":0,"texture":"#0","tintindex":0},"north":{"uv":[2.875,0.0,4.1875,1.0],"rotation":0,"texture":"#0","tintindex":0},"west":{"uv":[2.875,4.9375,3.8125,5.9375],"rotation":0,"texture":"#0","tintindex":0},"up":{"uv":[4.1875,4.9375,2.875,4.0],"rotation":0,"texture":"#0","tintindex":0},"down":{"uv":[5.4375,2.0,4.125,2.9375],"rotation":0,"texture":"#0","tintindex":0}}},{"from":[6.857143,5.142857,-0.57142925],"to":[18.285715,9.714286,8.571428],"rotation":{"angle":0.0,"axis":"y","origin":[8.0,5.142857,8.0]},"faces":{"east":{"uv":[6.375,5.1875,7.375,5.6875],"rotation":0,"texture":"#0","tintindex":0},"south":{"uv":[6.0,0.8125,7.25,1.3125],"rotation":0,"texture":"#0","tintindex":0},"north":{"uv":[5.8125,3.5,7.0625,4.0],"rotation":0,"texture":"#0","tintindex":0},"west":{"uv":[5.9375,6.8125,6.9375,7.3125],"rotation":0,"texture":"#0","tintindex":0},"up":{"uv":[4.125,3.0,2.875,2.0],"rotation":0,"texture":"#0","tintindex":0},"down":{"uv":[4.125,3.0,2.875,4.0],"rotation":0,"texture":"#0","tintindex":0}}},{"from":[0.0,5.142857,7.428571],"to":[4.5714283,8.0,13.142858],"rotation":{"angle":0.0,"axis":"y","origin":[8.0,5.142857,8.0]},"faces":{"east":{"uv":[7.875,4.4375,8.5,4.75],"rotation":0,"texture":"#0","tintindex":0},"south":{"uv":[8.25,1.625,8.75,1.9375],"rotation":0,"texture":"#0","tintindex":0},"north":{"uv":[8.1875,5.8125,8.6875,6.125],"rotation":0,"texture":"#0","tintindex":0},"west":{"uv":[7.875,4.75,8.5,5.0625],"rotation":0,"texture":"#0","tintindex":0},"up":{"uv":[1.0625,8.125,0.5625,7.5],"rotation":0,"texture":"#0","tintindex":0},"down":{"uv":[1.5625,7.5,1.0625,8.125],"rotation":0,"texture":"#0","tintindex":0}}},{"from":[-4.5714293,5.2,-3.4285717],"to":[21.714287,5.2,19.428572],"rotation":{"angle":0.0,"axis":"y","origin":[8.0,5.142857,8.0]},"faces":{"east":{"uv":[0.0,0.0,2.5,0.0],"rotation":0,"texture":"#0","tintindex":0},"south":{"uv":[0.0,0.0,2.875,0.0],"rotation":0,"texture":"#0","tintindex":0},"north":{"uv":[0.0,0.0,2.875,0.0],"rotation":0,"texture":"#0","tintindex":0},"west":{"uv":[0.0,0.0,2.5,0.0],"rotation":0,"texture":"#0","tintindex":0},"up":{"uv":[2.875,2.5,0.0,0.0],"rotation":0,"texture":"#0","tintindex":0},"down":{"uv":[2.875,0.0,0.0,2.5],"rotation":0,"texture":"#0","tintindex":0}}}],"display":{"head":{"translation":[0.0,-6.4,0.0],"scale":[4.0,4.0,4.0]}}}{"textures":{"0":"item/mobs/zahar/zahar_abomination"},"elements":[{"from":[2.2857141,2.8571424,5.142857],"to":[14.285715,12.0,13.714286],"rotation":{"angle":-22.5,"axis":"x","origin":[10.0,9.142858,9.714286]},"faces":{"east":{"uv":[4.1875,4.0625,5.125,5.0625],"rotation":0,"texture":"#0","tintindex":0},"south":{"uv":[2.875,1.0,4.1875,2.0],"rotation":0,"texture":"#0","tintindex":0},"north":{"uv":[2.875,0.0,4.1875,1.0],"rotation":0,"texture":"#0","tintindex":0},"west":{"uv":[2.875,4.9375,3.8125,5.9375],"rotation":0,"texture":"#0","tintindex":0},"up":{"uv":[4.1875,4.9375,2.875,4.0],"rotation":0,"texture":"#0","tintindex":0},"down":{"uv":[5.4375,2.0,4.125,2.9375],"rotation":0,"texture":"#0","tintindex":0}}},{"from":[6.857143,5.142857,-0.57142925],"to":[18.285715,9.714286,8.571428],"rotation":{"angle":0.0,"axis":"y","origin":[8.0,5.142857,8.0]},"faces":{"east":{"uv":[6.375,5.1875,7.375,5.6875],"rotation":0,"texture":"#0","tintindex":0},"south":{"uv":[6.0,0.8125,7.25,1.3125],"rotation":0,"texture":"#0","tintindex":0},"north":{"uv":[5.8125,3.5,7.0625,4.0],"rotation":0,"texture":"#0","tintindex":0},"west":{"uv":[5.9375,6.8125,6.9375,7.3125],"rotation":0,"texture":"#0","tintindex":0},"up":{"uv":[4.125,3.0,2.875,2.0],"rotation":0,"texture":"#0","tintindex":0},"down":{"uv":[4.125,3.0,2.875,4.0],"rotation":0,"texture":"#0","tintindex":0}}},{"from":[0.0,5.142857,7.428571],"to":[4.5714283,8.0,13.142858],"rotation":{"angle":0.0,"axis":"y","origin":[8.0,5.142857,8.0]},"faces":{"east":{"uv":[7.875,4.4375,8.5,4.75],"rotation":0,"texture":"#0","tintindex":0},"south":{"uv":[8.25,1.625,8.75,1.9375],"rotation":0,"texture":"#0","tintindex":0},"north":{"uv":[8.1875,5.8125,8.6875,6.125],"rotation":0,"texture":"#0","tintindex":0},"west":{"uv":[7.875,4.75,8.5,5.0625],"rotation":0,"texture":"#0","tintindex":0},"up":{"uv":[1.0625,8.125,0.5625,7.5],"rotation":0,"texture":"#0","tintindex":0},"down":{"uv":[1.5625,7.5,1.0625,8.125],"rotation":0,"texture":"#0","tintindex":0}}},{"from":[-4.5714293,5.2,-3.4285717],"to":[21.714287,5.2,19.428572],"rotation":{"angle":0.0,"axis":"y","origin":[8.0,5.142857,8.0]},"faces":{"east":{"uv":[0.0,0.0,2.5,0.0],"rotation":0,"texture":"#0","tintindex":0},"south":{"uv":[0.0,0.0,2.875,0.0],"rotation":0,"texture":"#0","tintindex":0},"north":{"uv":[0.0,0.0,2.875,0.0],"rotation":0,"texture":"#0","tintindex":0},"west":{"uv":[0.0,0.0,2.5,0.0],"rotation":0,"texture":"#0","tintindex":0},"up":{"uv":[2.875,2.5,0.0,0.0],"rotation":0,"texture":"#0","tintindex":0},"down":{"uv":[2.875,0.0,0.0,2.5],"rotation":0,"texture":"#0","tintindex":0}}}],"display":{"head":{"translation":[0.0,-6.4,0.0],"scale":[4.0,4.0,4.0]}}}{"textures":{"0":"item/mobs/zahar/zahar_abomination"},"elements":[{"from":[2.2857141,2.8571424,5.142857],"to":[14.285715,12.0,13.714286],"rotation":{"angle":-22.5,"axis":"x","origin":[10.0,9.142858,9.714286]},"faces":{"east":{"uv":[4.1875,4.0625,5.125,5.0625],"rotation":0,"texture":"#0","tintindex":0},"south":{"uv":[2.875,1.0,4.1875,2.0],"rotation":0,"texture":"#0","tintindex":0},"north":{"uv":[2.875,0.0,4.1875,1.0],"rotation":0,"texture":"#0","tintindex":0},"west":{"uv":[2.875,4.9375,3.8125,5.9375],"rotation":0,"texture":"#0","tintindex":0},"up":{"uv":[4.1875,4.9375,2.875,4.0],"rotation":0,"texture":"#0","tintindex":0},"down":{"uv":[5.4375,2.0,4.125,2.9375],"rotation":0,"texture":"#0","tintindex":0}}},{"from":[6.857143,5.142857,-0.57142925],"to":[18.285715,9.714286,8.571428],"rotation":{"angle":0.0,"axis":"y","origin":[8.0,5.142857,8.0]},"faces":{"east":{"uv":[6.375,5.1875,7.375,5.6875],"rotation":0,"texture":"#0","tintindex":0},"south":{"uv":[6.0,0.8125,7.25,1.3125],"rotation":0,"texture":"#0","tintindex":0},"north":{"uv":[5.8125,3.5,7.0625,4.0],"rotation":0,"texture":"#0","tintindex":0},"west":{"uv":[5.9375,6.8125,6.9375,7.3125],"rotation":0,"texture":"#0","tintindex":0},"up":{"uv":[4.125,3.0,2.875,2.0],"rotation":0,"texture":"#0","tintindex":0},"down":{"uv":[4.125,3.0,2.875,4.0],"rotation":0,"texture":"#0","tintindex":0}}},{"from":[0.0,5.142857,7.428571],"to":[4.5714283,8.0,13.142858],"rotation":{"angle":0.0,"axis":"y","origin":[8.0,5.142857,8.0]},"faces":{"east":{"uv":[7.875,4.4375,8.5,4.75],"rotation":0,"texture":"#0","tintindex":0},"south":{"uv":[8.25,1.625,8.75,1.9375],"rotation":0,"texture":"#0","tintindex":0},"north":{"uv":[8.1875,5.8125,8.6875,6.125],"rotation":0,"texture":"#0","tintindex":0},"west":{"uv":[7.875,4.75,8.5,5.0625],"rotation":0,"texture":"#0","tintindex":0},"up":{"uv":[1.0625,8.125,0.5625,7.5],"rotation":0,"texture":"#0","tintindex":0},"down":{"uv":[1.5625,7.5,1.0625,8.125],"rotation":0,"texture":"#0","tintindex":0}}},{"from":[-4.5714293,5.2,-3.4285717],"to":[21.714287,5.2,19.428572],"rotation":{"angle":0.0,"axis":"y","origin":[8.0,5.142857,8.0]},"faces":{"east":{"uv":[0.0,0.0,2.5,0.0],"rotation":0,"texture":"#0","tintindex":0},"south":{"uv":[0.0,0.0,2.875,0.0],"rotation":0,"texture":"#0","tintindex":0},"north":{"uv":[0.0,0.0,2.875,0.0],"rotation":0,"texture":"#0","tintindex":0},"west":{"uv":[0.0,0.0,2.5,0.0],"rotation":0,"texture":"#0","tintindex":0},"up":{"uv":[2.875,2.5,0.0,0.0],"rotation":0,"texture":"#0","tintindex":0},"down":{"uv":[2.875,0.0,0.0,2.5],"rotation":0,"texture":"#0","tintindex":0}}}],"display":{"head":{"translation":[0.0,-6.4,0.0],"scale":[4.0,4.0,4.0]}}}{"textures":{"0":"item/mobs/zahar/zahar_abomination"},"elements":[{"from":[2.2857141,2.8571424,5.142857],"to":[14.285715,12.0,13.714286],"rotation":{"angle":-22.5,"axis":"x","origin":[10.0,9.142858,9.714286]},"faces":{"east":{"uv":[4.1875,4.0625,5.125,5.0625],"rotation":0,"texture":"#0","tintindex":0},"south":{"uv":[2.875,1.0,4.1875,2.0],"rotation":0,"texture":"#0","tintindex":0},"north":{"uv":[2.875,0.0,4.1875,1.0],"rotation":0,"texture":"#0","tintindex":0},"west":{"uv":[2.875,4.9375,3.8125,5.9375],"rotation":0,"texture":"#0","tintindex":0},"up":{"uv":[4.1875,4.9375,2.875,4.0],"rotation":0,"texture":"#0","tintindex":0},"down":{"uv":[5.4375,2.0,4.125,2.9375],"rotation":0,"texture":"#0","tintindex":0}}},{"from":[6.857143,5.142857,-0.57142925],"to":[18.285715,9.714286,8.571428],"rotation":{"angle":0.0,"axis":"y","origin":[8.0,5.142857,8.0]},"faces":{"east":{"uv":[6.375,5.1875,7.375,5.6875],"rotation":0,"texture":"#0","tintindex":0},"south":{"uv":[6.0,0.8125,7.25,1.3125],"rotation":0,"texture":"#0","tintindex":0},"north":{"uv":[5.8125,3.5,7.0625,4.0],"rotation":0,"texture":"#0","tintindex":0},"west":{"uv":[5.9375,6.8125,6.9375,7.3125],"rotation":0,"texture":"#0","tintindex":0},"up":{"uv":[4.125,3.0,2.875,2.0],"rotation":0,"texture":"#0","tintindex":0},"down":{"uv":[4.125,3.0,2.875,4.0],"rotation":0,"texture":"#0","tintindex":0}}},{"from":[0.0,5.142857,7.428571],"to":[4.5714283,8.0,13.142858],"rotation":{"angle":0.0,"axis":"y","origin":[8.0,5.142857,8.0]},"faces":{"east":{"uv":[7.875,4.4375,8.5,4.75],"rotation":0,"texture":"#0","tintindex":0},"south":{"uv":[8.25,1.625,8.75,1.9375],"rotation":0,"texture":"#0","tintindex":0},"north":{"uv":[8.1875,5.8125,8.6875,6.125],"rotation":0,"texture":"#0","tintindex":0},"west":{"uv":[7.875,4.75,8.5,5.0625],"rotation":0,"texture":"#0","tintindex":0},"up":{"uv":[1.0625,8.125,0.5625,7.5],"rotation":0,"texture":"#0","tintindex":0},"down":{"uv":[1.5625,7.5,1.0625,8.125],"rotation":0,"texture":"#0","tintindex":0}}},{"from":[-4.5714293,5.2,-3.4285717],"to":[21.714287,5.2,19.428572],"rotation":{"angle":0.0,"axis":"y","origin":[8.0,5.142857,8.0]},"faces":{"east":{"uv":[0.0,0.0,2.5,0.0],"rotation":0,"texture":"#0","tintindex":0},"south":{"uv":[0.0,0.0,2.875,0.0],"rotation":0,"texture":"#0","tintindex":0},"north":{"uv":[0.0,0.0,2.875,0.0],"rotation":0,"texture":"#0","tintindex":0},"west":{"uv":[0.0,0.0,2.5,0.0],"rotation":0,"texture":"#0","tintindex":0},"up":{"uv":[2.875,2.5,0.0,0.0],"rotation":0,"texture":"#0","tintindex":0},"down":{"uv":[2.875,0.0,0.0,2.5],"rotation":0,"texture":"#0","tintindex":0}}}],"display":{"head":{"translation":[0.0,-6.4,0.0],"scale":[4.0,4.0,4.0]}}}