{"textures":{"0":"item/mobs/zahar/zahar_abomination"},"elements":[{"from":[6.0,8.0,6.285714],"to":[10.0,12.0,9.714286],"rotation":{"angle":0.0,"axis":"y","origin":[5.428571,3.7142854,7.142857]},"faces":{"east":{"uv":[8.0625,2.4375,8.4375,2.875],"rotation":0,"texture":"#0","tintindex":0},"south":{"uv":[5.9375,7.875,6.375,8.3125],"rotation":0,"texture":"#0","tintindex":0},"north":{"uv":[5.5,7.875,5.9375,8.3125],"rotation":0,"texture":"#0","tintindex":0},"west":{"uv":[3.125,8.0625,3.5,8.5],"rotation":0,"texture":"#0","tintindex":0},"up":{"uv":[3.9375,8.4375,3.5,8.0625],"rotation":0,"texture":"#0","tintindex":0},"down":{"uv":[4.375,8.0625,3.9375,8.4375],"rotation":0,"texture":"#0","tintindex":0}}},{"from":[7.714286,10.857143,9.142858],"to":[11.142858,13.714286,9.142858],"rotation":{"angle":22.5,"axis":"x","origin":[9.428572,12.285715,9.142858]},"faces":{"east":{"uv":[0.0,0.0,0.0,0.3125],"rotation":0,"texture":"#0","tintindex":0},"south":{"uv":[8.5,0.0,8.875,0.3125],"rotation":0,"texture":"#0","tintindex":0},"north":{"uv":[8.4375,5.0625,8.8125,5.375],"rotation":0,"texture":"#0","tintindex":0},"west":{"uv":[0.0,0.0,0.0,0.3125],"rotation":0,"texture":"#0","tintindex":0},"up":{"uv":[0.375,0.0,0.0,0.0],"rotation":0,"texture":"#0","tintindex":0},"down":{"uv":[0.375,0.0,0.0,0.0],"rotation":0,"texture":"#0","tintindex":0}}}],"display":{"head":{"translation":[0.0,-6.4,0.0],"scale":[4.0,4.0,4.0]}}}{"textures":{"0":"item/mobs/zahar/zahar_abomination"},"elements":[{"from":[6.0,8.0,6.285714],"to":[10.0,12.0,9.714286],"rotation":{"angle":0.0,"axis":"y","origin":[5.428571,3.7142854,7.142857]},"faces":{"east":{"uv":[8.0625,2.4375,8.4375,2.875],"rotation":0,"texture":"#0","tintindex":0},"south":{"uv":[5.9375,7.875,6.375,8.3125],"rotation":0,"texture":"#0","tintindex":0},"north":{"uv":[5.5,7.875,5.9375,8.3125],"rotation":0,"texture":"#0","tintindex":0},"west":{"uv":[3.125,8.0625,3.5,8.5],"rotation":0,"texture":"#0","tintindex":0},"up":{"uv":[3.9375,8.4375,3.5,8.0625],"rotation":0,"texture":"#0","tintindex":0},"down":{"uv":[4.375,8.0625,3.9375,8.4375],"rotation":0,"texture":"#0","tintindex":0}}},{"from":[7.714286,10.857143,9.142858],"to":[11.142858,13.714286,9.142858],"rotation":{"angle":22.5,"axis":"x","origin":[9.428572,12.285715,9.142858]},"faces":{"east":{"uv":[0.0,0.0,0.0,0.3125],"rotation":0,"texture":"#0","tintindex":0},"south":{"uv":[8.5,0.0,8.875,0.3125],"rotation":0,"texture":"#0","tintindex":0},"north":{"uv":[8.4375,5.0625,8.8125,5.375],"rotation":0,"texture":"#0","tintindex":0},"west":{"uv":[0.0,0.0,0.0,0.3125],"rotation":0,"texture":"#0","tintindex":0},"up":{"uv":[0.375,0.0,0.0,0.0],"rotation":0,"texture":"#0","tintindex":0},"down":{"uv":[0.375,0.0,0.0,0.0],"rotation":0,"texture":"#0","tintindex":0}}}],"display":{"head":{"translation":[0.0,-6.4,0.0],"scale":[4.0,4.0,4.0]}}}{"textures":{"0":"item/mobs/zahar/zahar_abomination"},"elements":[{"from":[6.0,8.0,6.285714],"to":[10.0,12.0,9.714286],"rotation":{"angle":0.0,"axis":"y","origin":[5.428571,3.7142854,7.142857]},"faces":{"east":{"uv":[8.0625,2.4375,8.4375,2.875],"rotation":0,"texture":"#0","tintindex":0},"south":{"uv":[5.9375,7.875,6.375,8.3125],"rotation":0,"texture":"#0","tintindex":0},"north":{"uv":[5.5,7.875,5.9375,8.3125],"rotation":0,"texture":"#0","tintindex":0},"west":{"uv":[3.125,8.0625,3.5,8.5],"rotation":0,"texture":"#0","tintindex":0},"up":{"uv":[3.9375,8.4375,3.5,8.0625],"rotation":0,"texture":"#0","tintindex":0},"down":{"uv":[4.375,8.0625,3.9375,8.4375],"rotation":0,"texture":"#0","tintindex":0}}},{"from":[7.714286,10.857143,9.142858],"to":[11.142858,13.714286,9.142858],"rotation":{"angle":22.5,"axis":"x","origin":[9.428572,12.285715,9.142858]},"faces":{"east":{"uv":[0.0,0.0,0.0,0.3125],"rotation":0,"texture":"#0","tintindex":0},"south":{"uv":[8.5,0.0,8.875,0.3125],"rotation":0,"texture":"#0","tintindex":0},"north":{"uv":[8.4375,5.0625,8.8125,5.375],"rotation":0,"texture":"#0","tintindex":0},"west":{"uv":[0.0,0.0,0.0,0.3125],"rotation":0,"texture":"#0","tintindex":0},"up":{"uv":[0.375,0.0,0.0,0.0],"rotation":0,"texture":"#0","tintindex":0},"down":{"uv":[0.375,0.0,0.0,0.0],"rotation":0,"texture":"#0","tintindex":0}}}],"display":{"head":{"translation":[0.0,-6.4,0.0],"scale":[4.0,4.0,4.0]}}}{"textures":{"0":"item/mobs/zahar/zahar_abomination"},"elements":[{"from":[6.0,8.0,6.285714],"to":[10.0,12.0,9.714286],"rotation":{"angle":0.0,"axis":"y","origin":[5.428571,3.7142854,7.142857]},"faces":{"east":{"uv":[8.0625,2.4375,8.4375,2.875],"rotation":0,"texture":"#0","tintindex":0},"south":{"uv":[5.9375,7.875,6.375,8.3125],"rotation":0,"texture":"#0","tintindex":0},"north":{"uv":[5.5,7.875,5.9375,8.3125],"rotation":0,"texture":"#0","tintindex":0},"west":{"uv":[3.125,8.0625,3.5,8.5],"rotation":0,"texture":"#0","tintindex":0},"up":{"uv":[3.9375,8.4375,3.5,8.0625],"rotation":0,"texture":"#0","tintindex":0},"down":{"uv":[4.375,8.0625,3.9375,8.4375],"rotation":0,"texture":"#0","tintindex":0}}},{"from":[7.714286,10.857143,9.142858],"to":[11.142858,13.714286,9.142858],"rotation":{"angle":22.5,"axis":"x","origin":[9.428572,12.285715,9.142858]},"faces":{"east":{"uv":[0.0,0.0,0.0,0.3125],"rotation":0,"texture":"#0","tintindex":0},"south":{"uv":[8.5,0.0,8.875,0.3125],"rotation":0,"texture":"#0","tintindex":0},"north":{"uv":[8.4375,5.0625,8.8125,5.375],"rotation":0,"texture":"#0","tintindex":0},"west":{"uv":[0.0,0.0,0.0,0.3125],"rotation":0,"texture":"#0","tintindex":0},"up":{"uv":[0.375,0.0,0.0,0.0],"rotation":0,"texture":"#0","tintindex":0},"down":{"uv":[0.375,0.0,0.0,0.0],"rotation":0,"texture":"#0","tintindex":0}}}],"display":{"head":{"translation":[0.0,-6.4,0.0],"scale":[4.0,4.0,4.0]}}}{"textures":{"0":"item/mobs/zahar/zahar_abomination"},"elements":[{"from":[6.0,8.0,6.285714],"to":[10.0,12.0,9.714286],"rotation":{"angle":0.0,"axis":"y","origin":[5.428571,3.7142854,7.142857]},"faces":{"east":{"uv":[8.0625,2.4375,8.4375,2.875],"rotation":0,"texture":"#0","tintindex":0},"south":{"uv":[5.9375,7.875,6.375,8.3125],"rotation":0,"texture":"#0","tintindex":0},"north":{"uv":[5.5,7.875,5.9375,8.3125],"rotation":0,"texture":"#0","tintindex":0},"west":{"uv":[3.125,8.0625,3.5,8.5],"rotation":0,"texture":"#0","tintindex":0},"up":{"uv":[3.9375,8.4375,3.5,8.0625],"rotation":0,"texture":"#0","tintindex":0},"down":{"uv":[4.375,8.0625,3.9375,8.4375],"rotation":0,"texture":"#0","tintindex":0}}},{"from":[7.714286,10.857143,9.142858],"to":[11.142858,13.714286,9.142858],"rotation":{"angle":22.5,"axis":"x","origin":[9.428572,12.285715,9.142858]},"faces":{"east":{"uv":[0.0,0.0,0.0,0.3125],"rotation":0,"texture":"#0","tintindex":0},"south":{"uv":[8.5,0.0,8.875,0.3125],"rotation":0,"texture":"#0","tintindex":0},"north":{"uv":[8.4375,5.0625,8.8125,5.375],"rotation":0,"texture":"#0","tintindex":0},"west":{"uv":[0.0,0.0,0.0,0.3125],"rotation":0,"texture":"#0","tintindex":0},"up":{"uv":[0.375,0.0,0.0,0.0],"rotation":0,"texture":"#0","tintindex":0},"down":{"uv":[0.375,0.0,0.0,0.0],"rotation":0,"texture":"#0","tintindex":0}}}],"display":{"head":{"translation":[0.0,-6.4,0.0],"scale":[4.0,4.0,4.0]}}}{"textures":{"0":"item/mobs/zahar/zahar_abomination"},"elements":[{"from":[6.0,8.0,6.285714],"to":[10.0,12.0,9.714286],"rotation":{"angle":0.0,"axis":"y","origin":[5.428571,3.7142854,7.142857]},"faces":{"east":{"uv":[8.0625,2.4375,8.4375,2.875],"rotation":0,"texture":"#0","tintindex":0},"south":{"uv":[5.9375,7.875,6.375,8.3125],"rotation":0,"texture":"#0","tintindex":0},"north":{"uv":[5.5,7.875,5.9375,8.3125],"rotation":0,"texture":"#0","tintindex":0},"west":{"uv":[3.125,8.0625,3.5,8.5],"rotation":0,"texture":"#0","tintindex":0},"up":{"uv":[3.9375,8.4375,3.5,8.0625],"rotation":0,"texture":"#0","tintindex":0},"down":{"uv":[4.375,8.0625,3.9375,8.4375],"rotation":0,"texture":"#0","tintindex":0}}},{"from":[7.714286,10.857143,9.142858],"to":[11.142858,13.714286,9.142858],"rotation":{"angle":22.5,"axis":"x","origin":[9.428572,12.285715,9.142858]},"faces":{"east":{"uv":[0.0,0.0,0.0,0.3125],"rotation":0,"texture":"#0","tintindex":0},"south":{"uv":[8.5,0.0,8.875,0.3125],"rotation":0,"texture":"#0","tintindex":0},"north":{"uv":[8.4375,5.0625,8.8125,5.375],"rotation":0,"texture":"#0","tintindex":0},"west":{"uv":[0.0,0.0,0.0,0.3125],"rotation":0,"texture":"#0","tintindex":0},"up":{"uv":[0.375,0.0,0.0,0.0],"rotation":0,"texture":"#0","tintindex":0},"down":{"uv":[0.375,0.0,0.0,0.0],"rotation":0,"texture":"#0","tintindex":0}}}],"display":{"head":{"translation":[0.0,-6.4,0.0],"scale":[4.0,4.0,4.0]}}}{"textures":{"0":"item/mobs/zahar/zahar_abomination"},"elements":[{"from":[6.0,8.0,6.285714],"to":[10.0,12.0,9.714286],"rotation":{"angle":0.0,"axis":"y","origin":[5.428571,3.7142854,7.142857]},"faces":{"east":{"uv":[8.0625,2.4375,8.4375,2.875],"rotation":0,"texture":"#0","tintindex":0},"south":{"uv":[5.9375,7.875,6.375,8.3125],"rotation":0,"texture":"#0","tintindex":0},"north":{"uv":[5.5,7.875,5.9375,8.3125],"rotation":0,"texture":"#0","tintindex":0},"west":{"uv":[3.125,8.0625,3.5,8.5],"rotation":0,"texture":"#0","tintindex":0},"up":{"uv":[3.9375,8.4375,3.5,8.0625],"rotation":0,"texture":"#0","tintindex":0},"down":{"uv":[4.375,8.0625,3.9375,8.4375],"rotation":0,"texture":"#0","tintindex":0}}},{"from":[7.714286,10.857143,9.142858],"to":[11.142858,13.714286,9.142858],"rotation":{"angle":22.5,"axis":"x","origin":[9.428572,12.285715,9.142858]},"faces":{"east":{"uv":[0.0,0.0,0.0,0.3125],"rotation":0,"texture":"#0","tintindex":0},"south":{"uv":[8.5,0.0,8.875,0.3125],"rotation":0,"texture":"#0","tintindex":0},"north":{"uv":[8.4375,5.0625,8.8125,5.375],"rotation":0,"texture":"#0","tintindex":0},"west":{"uv":[0.0,0.0,0.0,0.3125],"rotation":0,"texture":"#0","tintindex":0},"up":{"uv":[0.375,0.0,0.0,0.0],"rotation":0,"texture":"#0","tintindex":0},"down":{"uv":[0.375,0.0,0.0,0.0],"rotation":0,"texture":"#0","tintindex":0}}}],"display":{"head":{"translation":[0.0,-6.4,0.0],"scale":[4.0,4.0,4.0]}}}{"textures":{"0":"item/mobs/zahar/zahar_abomination"},"elements":[{"from":[6.0,8.0,6.285714],"to":[10.0,12.0,9.714286],"rotation":{"angle":0.0,"axis":"y","origin":[5.428571,3.7142854,7.142857]},"faces":{"east":{"uv":[8.0625,2.4375,8.4375,2.875],"rotation":0,"texture":"#0","tintindex":0},"south":{"uv":[5.9375,7.875,6.375,8.3125],"rotation":0,"texture":"#0","tintindex":0},"north":{"uv":[5.5,7.875,5.9375,8.3125],"rotation":0,"texture":"#0","tintindex":0},"west":{"uv":[3.125,8.0625,3.5,8.5],"rotation":0,"texture":"#0","tintindex":0},"up":{"uv":[3.9375,8.4375,3.5,8.0625],"rotation":0,"texture":"#0","tintindex":0},"down":{"uv":[4.375,8.0625,3.9375,8.4375],"rotation":0,"texture":"#0","tintindex":0}}},{"from":[7.714286,10.857143,9.142858],"to":[11.142858,13.714286,9.142858],"rotation":{"angle":22.5,"axis":"x","origin":[9.428572,12.285715,9.142858]},"faces":{"east":{"uv":[0.0,0.0,0.0,0.3125],"rotation":0,"texture":"#0","tintindex":0},"south":{"uv":[8.5,0.0,8.875,0.3125],"rotation":0,"texture":"#0","tintindex":0},"north":{"uv":[8.4375,5.0625,8.8125,5.375],"rotation":0,"texture":"#0","tintindex":0},"west":{"uv":[0.0,0.0,0.0,0.3125],"rotation":0,"texture":"#0","tintindex":0},"up":{"uv":[0.375,0.0,0.0,0.0],"rotation":0,"texture":"#0","tintindex":0},"down":{"uv":[0.375,0.0,0.0,0.0],"rotation":0,"texture":"#0","tintindex":0}}}],"display":{"head":{"translation":[0.0,-6.4,0.0],"scale":[4.0,4.0,4.0]}}}