{
	"credit": "Made by Aiden (feignedmars4438 on discord)",
	"texture_size": [32, 32],
	"textures": {
		"0": "item/attachments/laser",
		"particle": "item/attachment/laser"
	},
	"elements": [
		{
			"from": [5.5, 0, 3.81072],
			"to": [10.5, 4, 12.31072],
			"rotation": {"angle": 0, "axis": "y", "origin": [7.5, 0, 3.81072]},
			"faces": {
				"north": {"uv": [2, 6.5, 4.5, 8.5], "texture": "#0"},
				"east": {"uv": [0, 4.5, 4.25, 6.5], "texture": "#0"},
				"south": {"uv": [4.5, 6.5, 7, 8.5], "texture": "#0"},
				"west": {"uv": [4.5, 4.5, 8.75, 6.5], "texture": "#0"},
				"up": {"uv": [2.5, 4.25, 0, 0], "texture": "#0"},
				"down": {"uv": [5, 0, 2.5, 4.25], "texture": "#0"}
			}
		},
		{
			"from": [6, 1.25, 12.31072],
			"to": [6.2, 2.75, 12.56072],
			"rotation": {"angle": 0, "axis": "y", "origin": [7.5, 0, 3.81072]},
			"faces": {
				"north": {"uv": [13, 6.5, 13.25, 7.25], "texture": "#0"},
				"east": {"uv": [13, 7.5, 13.25, 8.25], "texture": "#0"},
				"south": {"uv": [13, 8.5, 13.25, 9.25], "texture": "#0"},
				"west": {"uv": [12, 13, 12.25, 13.75], "texture": "#0"},
				"up": {"uv": [4.25, 14.25, 4, 14], "texture": "#0"},
				"down": {"uv": [14.25, 4, 14, 4.25], "texture": "#0"}
			}
		},
		{
			"from": [6.2, 2.55, 12.31072],
			"to": [9.8, 2.75, 12.56072],
			"rotation": {"angle": 0, "axis": "y", "origin": [7.5, 0, 3.81072]},
			"faces": {
				"north": {"uv": [10, 6, 11.75, 6.25], "texture": "#0"},
				"east": {"uv": [5, 14, 5.25, 14.25], "texture": "#0"},
				"south": {"uv": [10.5, 7, 12.25, 7.25], "texture": "#0"},
				"west": {"uv": [14, 5, 14.25, 5.25], "texture": "#0"},
				"up": {"uv": [12.25, 7.75, 10.5, 7.5], "texture": "#0"},
				"down": {"uv": [12.25, 8, 10.5, 8.25], "texture": "#0"}
			}
		},
		{
			"from": [6.2, 1.25, 12.31072],
			"to": [9.8, 1.45, 12.56072],
			"rotation": {"angle": 0, "axis": "y", "origin": [7.5, 0, 3.81072]},
			"faces": {
				"north": {"uv": [10.5, 8.5, 12.25, 8.75], "texture": "#0"},
				"east": {"uv": [5.5, 14, 5.75, 14.25], "texture": "#0"},
				"south": {"uv": [10.5, 9, 12.25, 9.25], "texture": "#0"},
				"west": {"uv": [14, 5.5, 14.25, 5.75], "texture": "#0"},
				"up": {"uv": [12.25, 9.75, 10.5, 9.5], "texture": "#0"},
				"down": {"uv": [12.25, 10, 10.5, 10.25], "texture": "#0"}
			}
		},
		{
			"from": [7, 1.65, 12.31072],
			"to": [9, 2.35, 12.46072],
			"rotation": {"angle": 0, "axis": "y", "origin": [7.5, 0, 3.81072]},
			"faces": {
				"north": {"uv": [13, 3, 14, 3.25], "texture": "#0"},
				"east": {"uv": [6, 14, 6.25, 14.25], "texture": "#0"},
				"south": {"uv": [13, 3.5, 14, 3.75], "texture": "#0"},
				"west": {"uv": [14, 6, 14.25, 6.25], "texture": "#0"},
				"up": {"uv": [14, 4.25, 13, 4], "texture": "#0"},
				"down": {"uv": [14, 4.5, 13, 4.75], "texture": "#0"}
			}
		},
		{
			"from": [7.75, 1.725, 12.31072],
			"to": [8.25, 2.275, 13.21072],
			"rotation": {"angle": -45, "axis": "y", "origin": [8, 2, 12.26072]},
			"faces": {
				"north": {"uv": [6.5, 14, 6.75, 14.25], "texture": "#0"},
				"east": {"uv": [13.5, 10, 14, 10.25], "texture": "#0"},
				"south": {"uv": [14, 6.5, 14.25, 6.75], "texture": "#0"},
				"west": {"uv": [10.5, 13.5, 11, 13.75], "texture": "#0"},
				"up": {"uv": [13.75, 11, 13.5, 10.5], "texture": "#0"},
				"down": {"uv": [11.25, 13.5, 11, 14], "texture": "#0"}
			}
		},
		{
			"from": [9.8, 1.25, 12.31072],
			"to": [10, 2.75, 12.56072],
			"rotation": {"angle": 0, "axis": "y", "origin": [8.5, 0, 3.81072]},
			"faces": {
				"north": {"uv": [12.5, 13, 12.75, 13.75], "texture": "#0"},
				"east": {"uv": [13, 12.5, 13.25, 13.25], "texture": "#0"},
				"south": {"uv": [0, 13.5, 0.25, 14.25], "texture": "#0"},
				"west": {"uv": [0.5, 13.5, 0.75, 14.25], "texture": "#0"},
				"up": {"uv": [4.75, 14.25, 4.5, 14], "texture": "#0"},
				"down": {"uv": [14.25, 4.5, 14, 4.75], "texture": "#0"}
			}
		},
		{
			"from": [9.29289, 3.5, 3.81072],
			"to": [10.29289, 4.5, 12.31072],
			"rotation": {"angle": 45, "axis": "z", "origin": [9.79289, 4, 4.31072]},
			"faces": {
				"north": {"uv": [6.5, 10.5, 7, 11], "texture": "#0"},
				"east": {"uv": [7, 0, 11.25, 0.5], "texture": "#0"},
				"south": {"uv": [1.5, 11, 2, 11.5], "texture": "#0"},
				"west": {"uv": [7, 0.5, 11.25, 1], "texture": "#0"},
				"up": {"uv": [7.5, 10.75, 7, 6.5], "texture": "#0"},
				"down": {"uv": [8, 6.5, 7.5, 10.75], "texture": "#0"}
			}
		},
		{
			"from": [5.70711, 3.5, 3.81072],
			"to": [6.70711, 4.5, 12.31072],
			"rotation": {"angle": -45, "axis": "z", "origin": [6.20711, 4, 4.31072]},
			"faces": {
				"north": {"uv": [1.5, 11.5, 2, 12], "texture": "#0"},
				"east": {"uv": [7, 1, 11.25, 1.5], "texture": "#0"},
				"south": {"uv": [1.5, 12, 2, 12.5], "texture": "#0"},
				"west": {"uv": [7, 1.5, 11.25, 2], "texture": "#0"},
				"up": {"uv": [8.5, 10.75, 8, 6.5], "texture": "#0"},
				"down": {"uv": [2.5, 8.5, 2, 12.75], "texture": "#0"}
			}
		},
		{
			"from": [6.20711, 3.70711, 3.81072],
			"to": [9.79211, 4.70711, 12.31072],
			"rotation": {"angle": 0, "axis": "z", "origin": [6.70711, 4.20711, 4.31072]},
			"faces": {
				"north": {"uv": [4.5, 8.5, 6.25, 9], "texture": "#0"},
				"east": {"uv": [7, 2, 11.25, 2.5], "texture": "#0"},
				"south": {"uv": [8.5, 7, 10.25, 7.5], "texture": "#0"},
				"west": {"uv": [7, 2.5, 11.25, 3], "texture": "#0"},
				"up": {"uv": [6.75, 4.25, 5, 0], "texture": "#0"},
				"down": {"uv": [1.75, 6.5, 0, 10.75], "texture": "#0"}
			}
		},
		{
			"from": [9.20711, 4.70711, 3.81072],
			"to": [9.79211, 5.20711, 12.31072],
			"rotation": {"angle": 0, "axis": "z", "origin": [6.70711, 4.20711, 4.31072]},
			"faces": {
				"north": {"uv": [13.5, 11, 13.75, 11.25], "texture": "#0"},
				"east": {"uv": [7, 3, 11.25, 3.25], "texture": "#0"},
				"south": {"uv": [11.5, 13.5, 11.75, 13.75], "texture": "#0"},
				"west": {"uv": [7, 3.5, 11.25, 3.75], "texture": "#0"},
				"up": {"uv": [2.75, 12.75, 2.5, 8.5], "texture": "#0"},
				"down": {"uv": [3.25, 8.5, 3, 12.75], "texture": "#0"}
			}
		},
		{
			"from": [6.20711, 4.70711, 7.81072],
			"to": [9.29211, 4.95711, 8.31072],
			"rotation": {"angle": 0, "axis": "z", "origin": [6.70711, 4.20711, 4.31072]},
			"faces": {
				"north": {"uv": [10.5, 10.5, 12, 10.75], "texture": "#0"},
				"east": {"uv": [13.5, 12.5, 13.75, 12.75], "texture": "#0"},
				"south": {"uv": [0, 11, 1.5, 11.25], "texture": "#0"},
				"west": {"uv": [13, 13.5, 13.25, 13.75], "texture": "#0"},
				"up": {"uv": [12.5, 4.75, 11, 4.5], "texture": "#0"},
				"down": {"uv": [12.5, 5, 11, 5.25], "texture": "#0"}
			}
		},
		{
			"from": [6.20711, 4.70711, 8.81072],
			"to": [9.29211, 4.95711, 9.31072],
			"rotation": {"angle": 0, "axis": "z", "origin": [6.70711, 4.20711, 4.31072]},
			"faces": {
				"north": {"uv": [5.5, 11, 7, 11.25], "texture": "#0"},
				"east": {"uv": [13.5, 13, 13.75, 13.25], "texture": "#0"},
				"south": {"uv": [11, 5.5, 12.5, 5.75], "texture": "#0"},
				"west": {"uv": [13.5, 13.5, 13.75, 13.75], "texture": "#0"},
				"up": {"uv": [8.5, 11.25, 7, 11], "texture": "#0"},
				"down": {"uv": [10, 11, 8.5, 11.25], "texture": "#0"}
			}
		},
		{
			"from": [6.20711, 4.70711, 9.81072],
			"to": [9.29211, 4.95711, 10.31072],
			"rotation": {"angle": 0, "axis": "z", "origin": [6.70711, 4.20711, 4.31072]},
			"faces": {
				"north": {"uv": [10, 11, 11.5, 11.25], "texture": "#0"},
				"east": {"uv": [14, 0, 14.25, 0.25], "texture": "#0"},
				"south": {"uv": [0, 11.5, 1.5, 11.75], "texture": "#0"},
				"west": {"uv": [14, 0.5, 14.25, 0.75], "texture": "#0"},
				"up": {"uv": [13, 0.25, 11.5, 0], "texture": "#0"},
				"down": {"uv": [13, 0.5, 11.5, 0.75], "texture": "#0"}
			}
		},
		{
			"from": [6.20711, 4.70711, 10.81072],
			"to": [9.29211, 4.95711, 11.31072],
			"rotation": {"angle": 0, "axis": "z", "origin": [6.70711, 4.20711, 4.31072]},
			"faces": {
				"north": {"uv": [11.5, 1, 13, 1.25], "texture": "#0"},
				"east": {"uv": [1, 14, 1.25, 14.25], "texture": "#0"},
				"south": {"uv": [11.5, 1.5, 13, 1.75], "texture": "#0"},
				"west": {"uv": [14, 1, 14.25, 1.25], "texture": "#0"},
				"up": {"uv": [13, 2.25, 11.5, 2], "texture": "#0"},
				"down": {"uv": [13, 2.5, 11.5, 2.75], "texture": "#0"}
			}
		},
		{
			"from": [6.75711, 4.70711, 11.81072],
			"to": [9.24211, 4.95711, 12.31072],
			"rotation": {"angle": 0, "axis": "z", "origin": [6.70711, 4.20711, 4.31072]},
			"faces": {
				"north": {"uv": [11.5, 3, 13, 3.25], "texture": "#0"},
				"east": {"uv": [1.5, 14, 1.75, 14.25], "texture": "#0"},
				"south": {"uv": [11.5, 3.5, 13, 3.75], "texture": "#0"},
				"west": {"uv": [14, 1.5, 14.25, 1.75], "texture": "#0"},
				"up": {"uv": [13, 4.25, 11.5, 4], "texture": "#0"},
				"down": {"uv": [6, 11.5, 4.5, 11.75], "texture": "#0"}
			}
		},
		{
			"from": [6.20711, 4.70711, 6.81072],
			"to": [9.29211, 4.95711, 7.31072],
			"rotation": {"angle": 0, "axis": "z", "origin": [6.70711, 4.20711, 4.31072]},
			"faces": {
				"north": {"uv": [6, 11.5, 7.5, 11.75], "texture": "#0"},
				"east": {"uv": [2, 14, 2.25, 14.25], "texture": "#0"},
				"south": {"uv": [7.5, 11.5, 9, 11.75], "texture": "#0"},
				"west": {"uv": [14, 2, 14.25, 2.25], "texture": "#0"},
				"up": {"uv": [10.5, 11.75, 9, 11.5], "texture": "#0"},
				"down": {"uv": [12, 11.5, 10.5, 11.75], "texture": "#0"}
			}
		},
		{
			"from": [6.20711, 4.70711, 5.81072],
			"to": [9.29211, 4.95711, 6.31072],
			"rotation": {"angle": 0, "axis": "z", "origin": [6.70711, 4.20711, 4.31072]},
			"faces": {
				"north": {"uv": [11.5, 11, 13, 11.25], "texture": "#0"},
				"east": {"uv": [2.5, 14, 2.75, 14.25], "texture": "#0"},
				"south": {"uv": [0, 12, 1.5, 12.25], "texture": "#0"},
				"west": {"uv": [14, 2.5, 14.25, 2.75], "texture": "#0"},
				"up": {"uv": [6, 12.25, 4.5, 12], "texture": "#0"},
				"down": {"uv": [7.5, 12, 6, 12.25], "texture": "#0"}
			}
		},
		{
			"from": [6.20711, 4.70711, 4.81072],
			"to": [9.29211, 4.95711, 5.31072],
			"rotation": {"angle": 0, "axis": "z", "origin": [6.70711, 4.20711, 4.31072]},
			"faces": {
				"north": {"uv": [12, 6, 13.5, 6.25], "texture": "#0"},
				"east": {"uv": [3, 14, 3.25, 14.25], "texture": "#0"},
				"south": {"uv": [7.5, 12, 9, 12.25], "texture": "#0"},
				"west": {"uv": [14, 3, 14.25, 3.25], "texture": "#0"},
				"up": {"uv": [10.5, 12.25, 9, 12], "texture": "#0"},
				"down": {"uv": [12, 12, 10.5, 12.25], "texture": "#0"}
			}
		},
		{
			"from": [6.78211, 4.70711, 3.81072],
			"to": [9.21711, 4.95711, 4.31072],
			"rotation": {"angle": 0, "axis": "z", "origin": [6.70711, 4.20711, 4.31072]},
			"faces": {
				"north": {"uv": [12, 10.5, 13.5, 10.75], "texture": "#0"},
				"east": {"uv": [3.5, 14, 3.75, 14.25], "texture": "#0"},
				"south": {"uv": [12, 11.5, 13.5, 11.75], "texture": "#0"},
				"west": {"uv": [14, 3.5, 14.25, 3.75], "texture": "#0"},
				"up": {"uv": [13.5, 12.25, 12, 12], "texture": "#0"},
				"down": {"uv": [1.5, 12.5, 0, 12.75], "texture": "#0"}
			}
		},
		{
			"from": [6.20789, 4.70711, 3.81072],
			"to": [6.79289, 5.20711, 12.31072],
			"rotation": {"angle": 0, "axis": "z", "origin": [9.29289, 4.20711, 4.31072]},
			"faces": {
				"north": {"uv": [13.5, 11.5, 13.75, 11.75], "texture": "#0"},
				"east": {"uv": [7, 4, 11.25, 4.25], "texture": "#0"},
				"south": {"uv": [13.5, 12, 13.75, 12.25], "texture": "#0"},
				"west": {"uv": [8.5, 6.5, 12.75, 6.75], "texture": "#0"},
				"up": {"uv": [3.75, 12.75, 3.5, 8.5], "texture": "#0"},
				"down": {"uv": [4.25, 8.5, 4, 12.75], "texture": "#0"}
			}
		},
		{
			"name": "hexadecagon",
			"from": [7.70163, 1.5, 3.31072],
			"to": [8.29837, 2.5, 5.31072],
			"rotation": {"angle": -45, "axis": "z", "origin": [8, 3, 4.31072]},
			"faces": {
				"north": {"uv": [13, 5, 13.25, 5.5], "texture": "#0"},
				"east": {"uv": [8.5, 7.5, 9.5, 8], "texture": "#0"},
				"south": {"uv": [13, 9.5, 13.25, 10], "texture": "#0"},
				"west": {"uv": [8.5, 8, 9.5, 8.5], "texture": "#0"},
				"up": {"uv": [1.75, 13.5, 1.5, 12.5], "texture": "#0"},
				"down": {"uv": [4.75, 12.5, 4.5, 13.5], "texture": "#0"}
			}
		},
		{
			"name": "hexadecagon",
			"from": [7.70163, 1.5, 3.31072],
			"to": [8.29837, 2.5, 5.31072],
			"rotation": {"angle": -22.5, "axis": "z", "origin": [8, 3, 4.31072]},
			"faces": {
				"north": {"uv": [13, 11, 13.25, 11.5], "texture": "#0"},
				"east": {"uv": [8.5, 8.5, 9.5, 9], "texture": "#0"},
				"south": {"uv": [1, 13.5, 1.25, 14], "texture": "#0"},
				"west": {"uv": [4.5, 9, 5.5, 9.5], "texture": "#0"},
				"up": {"uv": [12.75, 5.5, 12.5, 4.5], "texture": "#0"},
				"down": {"uv": [5.25, 12.5, 5, 13.5], "texture": "#0"}
			}
		},
		{
			"name": "hexadecagon",
			"from": [7.70163, 1.5, 3.31072],
			"to": [8.29837, 2.5, 5.31072],
			"rotation": {"angle": 0, "axis": "z", "origin": [8, 3, 4.31072]},
			"faces": {
				"north": {"uv": [1.5, 13.5, 1.75, 14], "texture": "#0"},
				"east": {"uv": [9, 4.5, 10, 5], "texture": "#0"},
				"south": {"uv": [2, 13.5, 2.25, 14], "texture": "#0"},
				"west": {"uv": [9, 5, 10, 5.5], "texture": "#0"},
				"up": {"uv": [5.75, 13.5, 5.5, 12.5], "texture": "#0"},
				"down": {"uv": [6.25, 12.5, 6, 13.5], "texture": "#0"}
			}
		},
		{
			"name": "hexadecagon",
			"from": [7.70163, 1.5, 3.31072],
			"to": [8.29837, 2.5, 5.31072],
			"rotation": {"angle": 22.5, "axis": "z", "origin": [8, 3, 4.31072]},
			"faces": {
				"north": {"uv": [2.5, 13.5, 2.75, 14], "texture": "#0"},
				"east": {"uv": [5.5, 9, 6.5, 9.5], "texture": "#0"},
				"south": {"uv": [3, 13.5, 3.25, 14], "texture": "#0"},
				"west": {"uv": [9, 5.5, 10, 6], "texture": "#0"},
				"up": {"uv": [6.75, 13.5, 6.5, 12.5], "texture": "#0"},
				"down": {"uv": [7.25, 12.5, 7, 13.5], "texture": "#0"}
			}
		},
		{
			"name": "hexadecagon",
			"from": [7.70163, 1.5, 3.31072],
			"to": [8.29837, 2.5, 5.31072],
			"rotation": {"angle": 45, "axis": "z", "origin": [8, 3, 4.31072]},
			"faces": {
				"north": {"uv": [3.5, 13.5, 3.75, 14], "texture": "#0"},
				"east": {"uv": [9, 6, 10, 6.5], "texture": "#0"},
				"south": {"uv": [4, 13.5, 4.25, 14], "texture": "#0"},
				"west": {"uv": [8.5, 9, 9.5, 9.5], "texture": "#0"},
				"up": {"uv": [12.75, 8, 12.5, 7], "texture": "#0"},
				"down": {"uv": [7.75, 12.5, 7.5, 13.5], "texture": "#0"}
			}
		},
		{
			"name": "hexadecagon",
			"from": [7.70163, 3.5, 3.31072],
			"to": [8.29837, 4.5, 5.31072],
			"rotation": {"angle": -45, "axis": "z", "origin": [8, 3, 4.31072]},
			"faces": {
				"north": {"uv": [4.5, 13.5, 4.75, 14], "texture": "#0"},
				"east": {"uv": [4.5, 9.5, 5.5, 10], "texture": "#0"},
				"south": {"uv": [5, 13.5, 5.25, 14], "texture": "#0"},
				"west": {"uv": [5.5, 9.5, 6.5, 10], "texture": "#0"},
				"up": {"uv": [8.25, 13.5, 8, 12.5], "texture": "#0"},
				"down": {"uv": [12.75, 8, 12.5, 9], "texture": "#0"}
			}
		},
		{
			"name": "hexadecagon",
			"from": [7.70163, 3.5, 3.31072],
			"to": [8.29837, 4.5, 5.31072],
			"rotation": {"angle": -22.5, "axis": "z", "origin": [8, 3, 4.31072]},
			"faces": {
				"north": {"uv": [13.5, 5, 13.75, 5.5], "texture": "#0"},
				"east": {"uv": [9.5, 7.5, 10.5, 8], "texture": "#0"},
				"south": {"uv": [5.5, 13.5, 5.75, 14], "texture": "#0"},
				"west": {"uv": [9.5, 8, 10.5, 8.5], "texture": "#0"},
				"up": {"uv": [8.75, 13.5, 8.5, 12.5], "texture": "#0"},
				"down": {"uv": [9.25, 12.5, 9, 13.5], "texture": "#0"}
			}
		},
		{
			"name": "hexadecagon",
			"from": [7.70163, 3.5, 3.31072],
			"to": [8.29837, 4.5, 5.31072],
			"rotation": {"angle": 0, "axis": "z", "origin": [8, 3, 4.31072]},
			"faces": {
				"north": {"uv": [13.5, 5.5, 13.75, 6], "texture": "#0"},
				"east": {"uv": [8.5, 9.5, 9.5, 10], "texture": "#0"},
				"south": {"uv": [6, 13.5, 6.25, 14], "texture": "#0"},
				"west": {"uv": [9.5, 8.5, 10.5, 9], "texture": "#0"},
				"up": {"uv": [12.75, 10, 12.5, 9], "texture": "#0"},
				"down": {"uv": [9.75, 12.5, 9.5, 13.5], "texture": "#0"}
			}
		},
		{
			"name": "hexadecagon",
			"from": [7.70163, 3.5, 3.31072],
			"to": [8.29837, 4.5, 5.31072],
			"rotation": {"angle": 22.5, "axis": "z", "origin": [8, 3, 4.31072]},
			"faces": {
				"north": {"uv": [13.5, 6, 13.75, 6.5], "texture": "#0"},
				"east": {"uv": [9.5, 9, 10.5, 9.5], "texture": "#0"},
				"south": {"uv": [6.5, 13.5, 6.75, 14], "texture": "#0"},
				"west": {"uv": [9.5, 9.5, 10.5, 10], "texture": "#0"},
				"up": {"uv": [10.25, 13.5, 10, 12.5], "texture": "#0"},
				"down": {"uv": [10.75, 12.5, 10.5, 13.5], "texture": "#0"}
			}
		},
		{
			"name": "hexadecagon",
			"from": [7.70163, 3.5, 3.31072],
			"to": [8.29837, 4.5, 5.31072],
			"rotation": {"angle": 45, "axis": "z", "origin": [8, 3, 4.31072]},
			"faces": {
				"north": {"uv": [13.5, 6.5, 13.75, 7], "texture": "#0"},
				"east": {"uv": [4.5, 10, 5.5, 10.5], "texture": "#0"},
				"south": {"uv": [7, 13.5, 7.25, 14], "texture": "#0"},
				"west": {"uv": [10, 4.5, 11, 5], "texture": "#0"},
				"up": {"uv": [11.25, 13.5, 11, 12.5], "texture": "#0"},
				"down": {"uv": [11.75, 12.5, 11.5, 13.5], "texture": "#0"}
			}
		},
		{
			"name": "hexadecagon",
			"from": [6.5, 2.70163, 3.31072],
			"to": [7.5, 3.29837, 5.31072],
			"rotation": {"angle": -22.5, "axis": "z", "origin": [8, 3, 4.31072]},
			"faces": {
				"north": {"uv": [13.5, 7, 14, 7.25], "texture": "#0"},
				"east": {"uv": [12.5, 5.5, 13.5, 5.75], "texture": "#0"},
				"south": {"uv": [7.5, 13.5, 8, 13.75], "texture": "#0"},
				"west": {"uv": [12.5, 10, 13.5, 10.25], "texture": "#0"},
				"up": {"uv": [7, 9.5, 6.5, 8.5], "texture": "#0"},
				"down": {"uv": [7, 9.5, 6.5, 10.5], "texture": "#0"}
			}
		},
		{
			"name": "hexadecagon",
			"from": [6.5, 2.70163, 3.31072],
			"to": [7.5, 3.29837, 5.31072],
			"rotation": {"angle": 0, "axis": "z", "origin": [8, 3, 4.31072]},
			"faces": {
				"north": {"uv": [13.5, 7.5, 14, 7.75], "texture": "#0"},
				"east": {"uv": [12, 12.5, 13, 12.75], "texture": "#0"},
				"south": {"uv": [8, 13.5, 8.5, 13.75], "texture": "#0"},
				"west": {"uv": [0, 13, 1, 13.25], "texture": "#0"},
				"up": {"uv": [10.5, 6, 10, 5], "texture": "#0"},
				"down": {"uv": [6, 10, 5.5, 11], "texture": "#0"}
			}
		},
		{
			"name": "hexadecagon",
			"from": [7.5, 2.45163, 3.38572],
			"to": [8.5, 3.54837, 3.38572],
			"rotation": {"angle": 0, "axis": "z", "origin": [8, 3, 4.31072]},
			"faces": {
				"north": {"uv": [1, 13, 1.5, 13.5], "texture": "#0"},
				"east": {"uv": [0, 0, 0, 0.5], "texture": "#0"},
				"south": {"uv": [4, 13, 4.5, 13.5], "texture": "#0"},
				"west": {"uv": [0, 0, 0, 0.5], "texture": "#0"},
				"up": {"uv": [0.5, 0, 0, 0], "texture": "#0"},
				"down": {"uv": [0.5, 0, 0, 0], "texture": "#0"}
			}
		},
		{
			"name": "hexadecagon",
			"from": [6.5, 2.70163, 3.31072],
			"to": [7.5, 3.29837, 5.31072],
			"rotation": {"angle": 22.5, "axis": "z", "origin": [8, 3, 4.31072]},
			"faces": {
				"north": {"uv": [13.5, 8, 14, 8.25], "texture": "#0"},
				"east": {"uv": [13, 0, 14, 0.25], "texture": "#0"},
				"south": {"uv": [8.5, 13.5, 9, 13.75], "texture": "#0"},
				"west": {"uv": [13, 0.5, 14, 0.75], "texture": "#0"},
				"up": {"uv": [6.5, 11, 6, 10], "texture": "#0"},
				"down": {"uv": [9, 10, 8.5, 11], "texture": "#0"}
			}
		},
		{
			"name": "hexadecagon",
			"from": [8.5, 2.70163, 3.31072],
			"to": [9.5, 3.29837, 5.31072],
			"rotation": {"angle": -22.5, "axis": "z", "origin": [8, 3, 4.31072]},
			"faces": {
				"north": {"uv": [13.5, 8.5, 14, 8.75], "texture": "#0"},
				"east": {"uv": [13, 1, 14, 1.25], "texture": "#0"},
				"south": {"uv": [9, 13.5, 9.5, 13.75], "texture": "#0"},
				"west": {"uv": [13, 1.5, 14, 1.75], "texture": "#0"},
				"up": {"uv": [9.5, 11, 9, 10], "texture": "#0"},
				"down": {"uv": [10, 10, 9.5, 11], "texture": "#0"}
			}
		},
		{
			"name": "hexadecagon",
			"from": [8.5, 2.70163, 3.31072],
			"to": [9.5, 3.29837, 5.31072],
			"rotation": {"angle": 0, "axis": "z", "origin": [8, 3, 4.31072]},
			"faces": {
				"north": {"uv": [13.5, 9, 14, 9.25], "texture": "#0"},
				"east": {"uv": [2, 13, 3, 13.25], "texture": "#0"},
				"south": {"uv": [9.5, 13.5, 10, 13.75], "texture": "#0"},
				"west": {"uv": [13, 2, 14, 2.25], "texture": "#0"},
				"up": {"uv": [10.5, 11, 10, 10], "texture": "#0"},
				"down": {"uv": [5, 10.5, 4.5, 11.5], "texture": "#0"}
			}
		},
		{
			"name": "hexadecagon",
			"from": [8.5, 2.70163, 3.31072],
			"to": [9.5, 3.29837, 5.31072],
			"rotation": {"angle": 22.5, "axis": "z", "origin": [8, 3, 4.31072]},
			"faces": {
				"north": {"uv": [13.5, 9.5, 14, 9.75], "texture": "#0"},
				"east": {"uv": [13, 2.5, 14, 2.75], "texture": "#0"},
				"south": {"uv": [10, 13.5, 10.5, 13.75], "texture": "#0"},
				"west": {"uv": [3, 13, 4, 13.25], "texture": "#0"},
				"up": {"uv": [5.5, 11.5, 5, 10.5], "texture": "#0"},
				"down": {"uv": [11, 5, 10.5, 6], "texture": "#0"}
			}
		}
	],
	"display": {
		"thirdperson_righthand": {
			"rotation": [64, 64, 0],
			"translation": [-1, 1, 1.75],
			"scale": [0.27, 0.27, 0.27]
		},
		"thirdperson_lefthand": {
			"rotation": [64, 64, 0],
			"translation": [-1, 1, 1.75],
			"scale": [0.27, 0.27, 0.27]
		},
		"firstperson_righthand": {
			"rotation": [0, 2, 0],
			"translation": [0.5, 4.25, 0],
			"scale": [0.55, 0.55, 0.55]
		},
		"firstperson_lefthand": {
			"rotation": [0, 2, 0],
			"translation": [0.5, 4.25, 0],
			"scale": [0.55, 0.55, 0.55]
		},
		"ground": {
			"translation": [0, 2.25, 0],
			"scale": [0.45, 0.45, 0.45]
		},
		"gui": {
			"rotation": [30, 225, 0],
			"translation": [0, 4.5, 0],
			"scale": [0.91, 0.91, 0.91]
		},
		"head": {
			"translation": [0, 20, -5.75],
			"scale": [4, 4, 4]
		},
		"fixed": {
			"rotation": [0, 90, 0],
			"translation": [0, 4.75, -1],
			"scale": [0.78, 0.78, 0.78]
		}
	},
	"groups": [
		0,
		1,
		2,
		3,
		4,
		5,
		6,
		7,
		8,
		9,
		10,
		11,
		12,
		13,
		14,
		15,
		16,
		17,
		18,
		19,
		20,
		{
			"name": "hexadecagon",
			"origin": [8, 8, 8],
			"color": 0,
			"children": [21, 22, 23, 24, 25, 26, 27, 28, 29, 30, 31, 32, 33, 34, 35, 36, 37]
		}
	]
}