{"textures":{"0":"item/mobs/zahar/zahar_circle"},"elements":[{"from":[1.1428566,10.285714,1.1428566],"to":[14.857143,10.285714,14.857143],"rotation":{"angle":0.0,"axis":"y","origin":[8.0,8.0,8.0]},"faces":{"east":{"uv":[0.0,0.0,6.0,0.0],"rotation":0,"texture":"#0","tintindex":0},"south":{"uv":[0.0,0.0,6.0,0.0],"rotation":0,"texture":"#0","tintindex":0},"north":{"uv":[0.0,0.0,6.0,0.0],"rotation":0,"texture":"#0","tintindex":0},"west":{"uv":[0.0,0.0,6.0,0.0],"rotation":0,"texture":"#0","tintindex":0},"up":{"uv":[14.5,15.5,8.5,9.5],"rotation":0,"texture":"#0","tintindex":0},"down":{"uv":[14.5,9.5,8.5,15.5],"rotation":0,"texture":"#0","tintindex":0}}}],"display":{"head":{"translation":[0.0,-6.4,0.0],"scale":[4.0,4.0,4.0]}}}{"textures":{"0":"item/mobs/zahar/zahar_circle"},"elements":[{"from":[1.1428566,10.285714,1.1428566],"to":[14.857143,10.285714,14.857143],"rotation":{"angle":0.0,"axis":"y","origin":[8.0,8.0,8.0]},"faces":{"east":{"uv":[0.0,0.0,6.0,0.0],"rotation":0,"texture":"#0","tintindex":0},"south":{"uv":[0.0,0.0,6.0,0.0],"rotation":0,"texture":"#0","tintindex":0},"north":{"uv":[0.0,0.0,6.0,0.0],"rotation":0,"texture":"#0","tintindex":0},"west":{"uv":[0.0,0.0,6.0,0.0],"rotation":0,"texture":"#0","tintindex":0},"up":{"uv":[14.5,15.5,8.5,9.5],"rotation":0,"texture":"#0","tintindex":0},"down":{"uv":[14.5,9.5,8.5,15.5],"rotation":0,"texture":"#0","tintindex":0}}}],"display":{"head":{"translation":[0.0,-6.4,0.0],"scale":[4.0,4.0,4.0]}}}{"textures":{"0":"item/mobs/zahar/zahar_circle"},"elements":[{"from":[1.1428566,10.285714,1.1428566],"to":[14.857143,10.285714,14.857143],"rotation":{"angle":0.0,"axis":"y","origin":[8.0,8.0,8.0]},"faces":{"east":{"uv":[0.0,0.0,6.0,0.0],"rotation":0,"texture":"#0","tintindex":0},"south":{"uv":[0.0,0.0,6.0,0.0],"rotation":0,"texture":"#0","tintindex":0},"north":{"uv":[0.0,0.0,6.0,0.0],"rotation":0,"texture":"#0","tintindex":0},"west":{"uv":[0.0,0.0,6.0,0.0],"rotation":0,"texture":"#0","tintindex":0},"up":{"uv":[14.5,15.5,8.5,9.5],"rotation":0,"texture":"#0","tintindex":0},"down":{"uv":[14.5,9.5,8.5,15.5],"rotation":0,"texture":"#0","tintindex":0}}}],"display":{"head":{"translation":[0.0,-6.4,0.0],"scale":[4.0,4.0,4.0]}}}{"textures":{"0":"item/mobs/zahar/zahar_circle"},"elements":[{"from":[1.1428566,10.285714,1.1428566],"to":[14.857143,10.285714,14.857143],"rotation":{"angle":0.0,"axis":"y","origin":[8.0,8.0,8.0]},"faces":{"east":{"uv":[0.0,0.0,6.0,0.0],"rotation":0,"texture":"#0","tintindex":0},"south":{"uv":[0.0,0.0,6.0,0.0],"rotation":0,"texture":"#0","tintindex":0},"north":{"uv":[0.0,0.0,6.0,0.0],"rotation":0,"texture":"#0","tintindex":0},"west":{"uv":[0.0,0.0,6.0,0.0],"rotation":0,"texture":"#0","tintindex":0},"up":{"uv":[14.5,15.5,8.5,9.5],"rotation":0,"texture":"#0","tintindex":0},"down":{"uv":[14.5,9.5,8.5,15.5],"rotation":0,"texture":"#0","tintindex":0}}}],"display":{"head":{"translation":[0.0,-6.4,0.0],"scale":[4.0,4.0,4.0]}}}{"textures":{"0":"item/mobs/zahar/zahar_circle"},"elements":[{"from":[1.1428566,10.285714,1.1428566],"to":[14.857143,10.285714,14.857143],"rotation":{"angle":0.0,"axis":"y","origin":[8.0,8.0,8.0]},"faces":{"east":{"uv":[0.0,0.0,6.0,0.0],"rotation":0,"texture":"#0","tintindex":0},"south":{"uv":[0.0,0.0,6.0,0.0],"rotation":0,"texture":"#0","tintindex":0},"north":{"uv":[0.0,0.0,6.0,0.0],"rotation":0,"texture":"#0","tintindex":0},"west":{"uv":[0.0,0.0,6.0,0.0],"rotation":0,"texture":"#0","tintindex":0},"up":{"uv":[14.5,15.5,8.5,9.5],"rotation":0,"texture":"#0","tintindex":0},"down":{"uv":[14.5,9.5,8.5,15.5],"rotation":0,"texture":"#0","tintindex":0}}}],"display":{"head":{"translation":[0.0,-6.4,0.0],"scale":[4.0,4.0,4.0]}}}{"textures":{"0":"item/mobs/zahar/zahar_circle"},"elements":[{"from":[1.1428566,10.285714,1.1428566],"to":[14.857143,10.285714,14.857143],"rotation":{"angle":0.0,"axis":"y","origin":[8.0,8.0,8.0]},"faces":{"east":{"uv":[0.0,0.0,6.0,0.0],"rotation":0,"texture":"#0","tintindex":0},"south":{"uv":[0.0,0.0,6.0,0.0],"rotation":0,"texture":"#0","tintindex":0},"north":{"uv":[0.0,0.0,6.0,0.0],"rotation":0,"texture":"#0","tintindex":0},"west":{"uv":[0.0,0.0,6.0,0.0],"rotation":0,"texture":"#0","tintindex":0},"up":{"uv":[14.5,15.5,8.5,9.5],"rotation":0,"texture":"#0","tintindex":0},"down":{"uv":[14.5,9.5,8.5,15.5],"rotation":0,"texture":"#0","tintindex":0}}}],"display":{"head":{"translation":[0.0,-6.4,0.0],"scale":[4.0,4.0,4.0]}}}{"textures":{"0":"item/mobs/zahar/zahar_circle"},"elements":[{"from":[1.1428566,10.285714,1.1428566],"to":[14.857143,10.285714,14.857143],"rotation":{"angle":0.0,"axis":"y","origin":[8.0,8.0,8.0]},"faces":{"east":{"uv":[0.0,0.0,6.0,0.0],"rotation":0,"texture":"#0","tintindex":0},"south":{"uv":[0.0,0.0,6.0,0.0],"rotation":0,"texture":"#0","tintindex":0},"north":{"uv":[0.0,0.0,6.0,0.0],"rotation":0,"texture":"#0","tintindex":0},"west":{"uv":[0.0,0.0,6.0,0.0],"rotation":0,"texture":"#0","tintindex":0},"up":{"uv":[14.5,15.5,8.5,9.5],"rotation":0,"texture":"#0","tintindex":0},"down":{"uv":[14.5,9.5,8.5,15.5],"rotation":0,"texture":"#0","tintindex":0}}}],"display":{"head":{"translation":[0.0,-6.4,0.0],"scale":[4.0,4.0,4.0]}}}{"textures":{"0":"item/mobs/zahar/zahar_circle"},"elements":[{"from":[1.1428566,10.285714,1.1428566],"to":[14.857143,10.285714,14.857143],"rotation":{"angle":0.0,"axis":"y","origin":[8.0,8.0,8.0]},"faces":{"east":{"uv":[0.0,0.0,6.0,0.0],"rotation":0,"texture":"#0","tintindex":0},"south":{"uv":[0.0,0.0,6.0,0.0],"rotation":0,"texture":"#0","tintindex":0},"north":{"uv":[0.0,0.0,6.0,0.0],"rotation":0,"texture":"#0","tintindex":0},"west":{"uv":[0.0,0.0,6.0,0.0],"rotation":0,"texture":"#0","tintindex":0},"up":{"uv":[14.5,15.5,8.5,9.5],"rotation":0,"texture":"#0","tintindex":0},"down":{"uv":[14.5,9.5,8.5,15.5],"rotation":0,"texture":"#0","tintindex":0}}}],"display":{"head":{"translation":[0.0,-6.4,0.0],"scale":[4.0,4.0,4.0]}}}