{
	"credit": "Made with Blockbench",
	"texture_size": [64, 64],
	"textures": {
		"0": "item/throwable/airdrop_throwable/airdrop_throwable",
		"particle": "item/throwable/airdrop_throwable/airdrop_throwable"
	},
	"elements": [
		{
			"from": [5, 1, 5],
			"to": [11, 15, 11],
			"faces": {
				"north": {"uv": [3.5, 0, 5, 3.5], "texture": "#0"},
				"east": {"uv": [3.5, 3.5, 5, 7], "texture": "#0"},
				"south": {"uv": [5, 0, 6.5, 3.5], "texture": "#0"},
				"west": {"uv": [5, 3.5, 6.5, 7], "texture": "#0"},
				"up": {"uv": [8, 5, 6.5, 3.5], "texture": "#0"},
				"down": {"uv": [8, 5, 6.5, 6.5], "texture": "#0"}
			}
		},
		{
			"from": [4.6, 1, 4.6],
			"to": [11.4, 14.4, 11.4],
			"faces": {
				"north": {"uv": [0, 0, 1.75, 3.25], "texture": "#0"},
				"east": {"uv": [1.75, 0, 3.5, 3.25], "texture": "#0"},
				"south": {"uv": [0, 3.25, 1.75, 6.5], "texture": "#0"},
				"west": {"uv": [1.75, 3.25, 3.5, 6.5], "texture": "#0"},
				"up": {"uv": [3.5, 8.25, 1.75, 6.5], "texture": "#0"},
				"down": {"uv": [8.25, 1.75, 6.5, 3.5], "texture": "#0"}
			}
		},
		{
			"from": [7, 15, 8.6],
			"to": [9, 18, 10],
			"faces": {
				"north": {"uv": [3.5, 7.5, 4, 8.25], "texture": "#0"},
				"east": {"uv": [8, 3.5, 8.25, 4.25], "texture": "#0"},
				"south": {"uv": [4, 7.5, 4.5, 8.25], "texture": "#0"},
				"west": {"uv": [8, 4.25, 8.25, 5], "texture": "#0"},
				"up": {"uv": [8, 8.25, 7.5, 8], "texture": "#0"},
				"down": {"uv": [8.5, 8, 8, 8.25], "texture": "#0"}
			}
		},
		{
			"from": [7, 15, 6.5],
			"to": [9, 17.5, 8.6],
			"faces": {
				"north": {"uv": [4.5, 7.5, 5, 8.25], "texture": "#0"},
				"east": {"uv": [5, 7.5, 5.5, 8.25], "texture": "#0"},
				"south": {"uv": [5.5, 7.5, 6, 8.25], "texture": "#0"},
				"west": {"uv": [6, 7.5, 6.5, 8.25], "texture": "#0"},
				"up": {"uv": [7, 8, 6.5, 7.5], "texture": "#0"},
				"down": {"uv": [8, 6.5, 7.5, 7], "texture": "#0"}
			}
		},
		{
			"from": [6, 15, 6.6],
			"to": [10, 16.5, 8],
			"faces": {
				"north": {"uv": [6.5, 6.5, 7.5, 7], "texture": "#0"},
				"east": {"uv": [0, 8.25, 0.25, 8.75], "texture": "#0"},
				"south": {"uv": [3.5, 7, 4.5, 7.5], "texture": "#0"},
				"west": {"uv": [8.25, 0, 8.5, 0.5], "texture": "#0"},
				"up": {"uv": [8, 7.75, 7, 7.5], "texture": "#0"},
				"down": {"uv": [8, 7.75, 7, 8], "texture": "#0"}
			}
		},
		{
			"from": [7.7, 18, 8.6],
			"to": [8.3, 18.4, 12],
			"faces": {
				"north": {"uv": [0.25, 8.25, 0.5, 8.5], "texture": "#0"},
				"east": {"uv": [8, 5, 8.75, 5.25], "texture": "#0"},
				"south": {"uv": [0.5, 8.25, 0.75, 8.5], "texture": "#0"},
				"west": {"uv": [8, 5.25, 8.75, 5.5], "texture": "#0"},
				"up": {"uv": [8.25, 6.25, 8, 5.5], "texture": "#0"},
				"down": {"uv": [8.25, 6.25, 8, 7], "texture": "#0"}
			}
		},
		{
			"from": [7.7, 15.6, 8.1],
			"to": [8.3, 16, 11.5],
			"faces": {
				"north": {"uv": [8.25, 2, 8.5, 2.25], "texture": "#0"},
				"east": {"uv": [6.5, 8, 7.25, 8.25], "texture": "#0"},
				"south": {"uv": [2.25, 8.25, 2.5, 8.5], "texture": "#0"},
				"west": {"uv": [8, 7, 8.75, 7.25], "texture": "#0"},
				"up": {"uv": [7.5, 8.75, 7.25, 8], "texture": "#0"},
				"down": {"uv": [8.25, 7.25, 8, 8], "texture": "#0"}
			}
		},
		{
			"from": [7.7, 16.7, 11.7],
			"to": [8.3, 18, 12.1],
			"faces": {
				"north": {"uv": [8.25, 0.5, 8.5, 0.75], "texture": "#0"},
				"east": {"uv": [0.75, 8.25, 1, 8.5], "texture": "#0"},
				"south": {"uv": [8.25, 0.75, 8.5, 1], "texture": "#0"},
				"west": {"uv": [1, 8.25, 1.25, 8.5], "texture": "#0"},
				"up": {"uv": [8.5, 1.25, 8.25, 1], "texture": "#0"},
				"down": {"uv": [1.5, 8.25, 1.25, 8.5], "texture": "#0"}
			}
		},
		{
			"from": [7.7, 18.9, 4.3],
			"to": [8.3, 20.2, 4.7],
			"rotation": {"angle": 22.5, "axis": "x", "origin": [0, 0, 0]},
			"faces": {
				"north": {"uv": [8.25, 1.25, 8.5, 1.5], "texture": "#0"},
				"east": {"uv": [1.5, 8.25, 1.75, 8.5], "texture": "#0"},
				"south": {"uv": [8.25, 1.5, 8.5, 1.75], "texture": "#0"},
				"west": {"uv": [1.75, 8.25, 2, 8.5], "texture": "#0"},
				"up": {"uv": [8.5, 2, 8.25, 1.75], "texture": "#0"},
				"down": {"uv": [2.25, 8.25, 2, 8.5], "texture": "#0"}
			}
		},
		{
			"from": [4.4, 0, 4.4],
			"to": [11.6, 1, 11.6],
			"faces": {
				"north": {"uv": [4.5, 7, 6.25, 7.25], "texture": "#0"},
				"east": {"uv": [6.25, 7, 8, 7.25], "texture": "#0"},
				"south": {"uv": [4.5, 7.25, 6.25, 7.5], "texture": "#0"},
				"west": {"uv": [6.25, 7.25, 8, 7.5], "texture": "#0"},
				"up": {"uv": [1.75, 8.25, 0, 6.5], "texture": "#0"},
				"down": {"uv": [8.25, 0, 6.5, 1.75], "texture": "#0"}
			}
		}
	],
	"gui_light": "front",
	"display": {
		"thirdperson_righthand": {
			"scale": [0.4, 0.4, 0.4]
		},
		"firstperson_righthand": {
			"translation": [0, 1.5, 0],
			"scale": [0.4, 0.4, 0.4]
		},
		"firstperson_lefthand": {
			"translation": [0, 1.5, 0],
			"scale": [0.4, 0.4, 0.4]
		},
		"ground": {
			"translation": [0, 0.5, 0],
			"scale": [0.5, 0.5, 0.5]
		},
		"gui": {
			"rotation": [0, -44, 0],
			"translation": [0, -0.5, 0],
			"scale": [0.7, 0.7, 0.7]
		}
	}
}