{
	"credit": "Made with Blockbench",
	"texture_size": [64, 64],
	"textures": {
		"0": "item/throwable/molotov/molotov",
		"particle": "item/throwable/molotov/molotov"
	},
	"elements": [
		{
			"from": [5, 0, 5],
			"to": [11, 2, 11],
			"faces": {
				"north": {"uv": [5.25, 3, 6.75, 3.5], "texture": "#0"},
				"east": {"uv": [2.5, 6.5, 4, 7], "texture": "#0"},
				"south": {"uv": [6.5, 3.5, 8, 4], "texture": "#0"},
				"west": {"uv": [4, 6.5, 5.5, 7], "texture": "#0"},
				"up": {"uv": [5, 5, 3.5, 3.5], "texture": "#0"},
				"down": {"uv": [5, 5, 3.5, 6.5], "texture": "#0"}
			}
		},
		{
			"from": [4.8, 2, 4.8],
			"to": [11.2, 3, 11.2],
			"faces": {
				"north": {"uv": [6.75, 3.25, 8.25, 3.5], "texture": "#0"},
				"east": {"uv": [4.25, 7, 5.75, 7.25], "texture": "#0"},
				"south": {"uv": [5.75, 7, 7.25, 7.25], "texture": "#0"},
				"west": {"uv": [7, 6.5, 8.5, 6.75], "texture": "#0"},
				"up": {"uv": [6.5, 5, 5, 3.5], "texture": "#0"},
				"down": {"uv": [6.5, 5, 5, 6.5], "texture": "#0"}
			}
		},
		{
			"from": [4.5, 2.9, 4.5],
			"to": [11.5, 13.9, 11.5],
			"faces": {
				"north": {"uv": [0, 0, 1.75, 2.75], "texture": "#0"},
				"east": {"uv": [1.75, 0, 3.5, 2.75], "texture": "#0"},
				"south": {"uv": [0, 2.75, 1.75, 5.5], "texture": "#0"},
				"west": {"uv": [1.75, 2.75, 3.5, 5.5], "texture": "#0"},
				"up": {"uv": [5.25, 1.75, 3.5, 0], "texture": "#0"},
				"down": {"uv": [5.25, 1.75, 3.5, 3.5], "texture": "#0"}
			}
		},
		{
			"from": [4.9, 12.9, 4.9],
			"to": [11.1, 14.9, 11.1],
			"faces": {
				"north": {"uv": [6.5, 4, 8, 4.5], "texture": "#0"},
				"east": {"uv": [6.5, 4.5, 8, 5], "texture": "#0"},
				"south": {"uv": [6.5, 5, 8, 5.5], "texture": "#0"},
				"west": {"uv": [5.5, 6.5, 7, 7], "texture": "#0"},
				"up": {"uv": [6.75, 1.5, 5.25, 0], "texture": "#0"},
				"down": {"uv": [6.75, 1.5, 5.25, 3], "texture": "#0"}
			}
		},
		{
			"from": [5.4, 14.9, 5.4],
			"to": [10.6, 16.9, 10.6],
			"faces": {
				"north": {"uv": [0.75, 6.75, 2, 7.25], "texture": "#0"},
				"east": {"uv": [6.75, 1, 8, 1.5], "texture": "#0"},
				"south": {"uv": [6.75, 1.5, 8, 2], "texture": "#0"},
				"west": {"uv": [6.75, 2, 8, 2.5], "texture": "#0"},
				"up": {"uv": [1.25, 6.75, 0, 5.5], "texture": "#0"},
				"down": {"uv": [2.5, 5.5, 1.25, 6.75], "texture": "#0"}
			}
		},
		{
			"from": [6.5, 16.9, 6.5],
			"to": [9.5, 20.9, 9.5],
			"faces": {
				"north": {"uv": [2.5, 5.5, 3.25, 6.5], "texture": "#0"},
				"east": {"uv": [6.5, 5.5, 7.25, 6.5], "texture": "#0"},
				"south": {"uv": [0, 6.75, 0.75, 7.75], "texture": "#0"},
				"west": {"uv": [6.75, 0, 7.5, 1], "texture": "#0"},
				"up": {"uv": [7.5, 3.25, 6.75, 2.5], "texture": "#0"},
				"down": {"uv": [2.75, 7, 2, 7.75], "texture": "#0"}
			}
		},
		{
			"from": [6.4, 20.9, 6.4],
			"to": [9.6, 23.4, 9.6],
			"faces": {
				"north": {"uv": [0.75, 7.25, 1.5, 7.75], "texture": "#0"},
				"east": {"uv": [4.25, 7.25, 5, 7.75], "texture": "#0"},
				"south": {"uv": [5, 7.25, 5.75, 7.75], "texture": "#0"},
				"west": {"uv": [7.25, 5.5, 8, 6], "texture": "#0"},
				"up": {"uv": [3.5, 7.75, 2.75, 7], "texture": "#0"},
				"down": {"uv": [4.25, 7, 3.5, 7.75], "texture": "#0"}
			}
		},
		{
			"from": [8.36846, 20.91196, 7],
			"to": [9.46846, 23.21196, 9],
			"rotation": {"angle": -22.5, "axis": "z", "origin": [12.02468, 25.08352, 7.925]},
			"faces": {
				"north": {"uv": [3.25, 5.5, 3.5, 6], "texture": "#0"},
				"east": {"uv": [1.5, 7.25, 2, 7.75], "texture": "#0"},
				"south": {"uv": [3.25, 6, 3.5, 6.5], "texture": "#0"},
				"west": {"uv": [6.5, 7.25, 7, 7.75], "texture": "#0"},
				"up": {"uv": [2, 8.25, 1.75, 7.75], "texture": "#0"},
				"down": {"uv": [2.25, 7.75, 2, 8.25], "texture": "#0"}
			}
		},
		{
			"from": [8.36846, 22.91196, 7],
			"to": [9.46846, 25.21196, 9],
			"rotation": {"angle": -22.5, "axis": "z", "origin": [12.02468, 25.08352, 7.925]},
			"faces": {
				"north": {"uv": [2.25, 7.75, 2.5, 8.25], "texture": "#0"},
				"east": {"uv": [7.25, 6.75, 7.75, 7.25], "texture": "#0"},
				"south": {"uv": [2.5, 7.75, 2.75, 8.25], "texture": "#0"},
				"west": {"uv": [7, 7.25, 7.5, 7.75], "texture": "#0"},
				"up": {"uv": [3, 8.25, 2.75, 7.75], "texture": "#0"},
				"down": {"uv": [3.25, 7.75, 3, 8.25], "texture": "#0"}
			}
		},
		{
			"from": [9.64082, 26.79252, 7],
			"to": [12.14082, 27.69252, 9],
			"rotation": {"angle": 22.5, "axis": "z", "origin": [12.02468, 25.08352, 7.925]},
			"faces": {
				"north": {"uv": [2, 6.75, 2.5, 7], "texture": "#0"},
				"east": {"uv": [3.25, 7.75, 3.75, 8], "texture": "#0"},
				"south": {"uv": [3.75, 7.75, 4.25, 8], "texture": "#0"},
				"west": {"uv": [4.25, 7.75, 4.75, 8], "texture": "#0"},
				"up": {"uv": [8, 0.5, 7.5, 0], "texture": "#0"},
				"down": {"uv": [8, 0.5, 7.5, 1], "texture": "#0"}
			}
		},
		{
			"from": [10.16049, 26.11404, 6.9],
			"to": [12.66049, 27.01404, 9.1],
			"rotation": {"angle": -22.5, "axis": "z", "origin": [12.02468, 25.08352, 7.925]},
			"faces": {
				"north": {"uv": [4.75, 7.75, 5.25, 8], "texture": "#0"},
				"east": {"uv": [5.25, 7.75, 5.75, 8], "texture": "#0"},
				"south": {"uv": [5.75, 7.75, 6.25, 8], "texture": "#0"},
				"west": {"uv": [6.25, 7.75, 6.75, 8], "texture": "#0"},
				"up": {"uv": [8, 3, 7.5, 2.5], "texture": "#0"},
				"down": {"uv": [8, 7.25, 7.5, 7.75], "texture": "#0"}
			}
		},
		{
			"from": [12.56049, 26.11404, 6.9],
			"to": [15.06049, 27.01404, 8.8],
			"rotation": {"angle": -22.5, "axis": "z", "origin": [12.02468, 25.08352, 7.925]},
			"faces": {
				"north": {"uv": [6.75, 7.75, 7.25, 8], "texture": "#0"},
				"east": {"uv": [7.75, 6.75, 8.25, 7], "texture": "#0"},
				"south": {"uv": [7.75, 7, 8.25, 7.25], "texture": "#0"},
				"west": {"uv": [7.25, 7.75, 7.75, 8], "texture": "#0"},
				"up": {"uv": [0.5, 8.25, 0, 7.75], "texture": "#0"},
				"down": {"uv": [1, 7.75, 0.5, 8.25], "texture": "#0"}
			}
		},
		{
			"from": [13.94463, 27.1573, 7.1],
			"to": [16.44463, 28.0573, 8.8],
			"rotation": {"angle": -45, "axis": "z", "origin": [12.02468, 25.08352, 7.925]},
			"faces": {
				"north": {"uv": [7.5, 3, 8.25, 3.25], "texture": "#0"},
				"east": {"uv": [7.75, 7.75, 8.25, 8], "texture": "#0"},
				"south": {"uv": [1, 7.75, 1.75, 8], "texture": "#0"},
				"west": {"uv": [8, 0, 8.5, 0.25], "texture": "#0"},
				"up": {"uv": [6.5, 7.75, 5.75, 7.25], "texture": "#0"},
				"down": {"uv": [8, 6, 7.25, 6.5], "texture": "#0"}
			}
		}
	],
	"gui_light": "front",
	"display": {
		"thirdperson_righthand": {
			"scale": [0.3, 0.3, 0.3]
		},
		"thirdperson_lefthand": {
			"scale": [0.3, 0.3, 0.3]
		},
		"firstperson_righthand": {
			"rotation": [-14, 0, 0],
			"scale": [0.3, 0.3, 0.3]
		},
		"firstperson_lefthand": {
			"rotation": [-14, 0, 0],
			"scale": [0.3, 0.3, 0.3]
		},
		"ground": {
			"scale": [0.35, 0.35, 0.35]
		},
		"gui": {
			"translation": [0, -2.5, 0],
			"scale": [0.45, 0.45, 0.45]
		}
	}
}