{
	"credit": "Made with Blockbench",
	"texture_size": [128, 128],
	"textures": {
		"0": "item/machines/mixing_table/texture",
		"particle": "item/machines/mixing_table/texture"
	},
	"elements": [
		{
			"from": [3.5, 0, 0.875],
			"to": [4.5, 9.75, 1.875],
			"rotation": {"angle": 0, "axis": "y", "origin": [3.5, 0, -0.125]},
			"faces": {
				"north": {"uv": [5.875, 6, 6, 7.25], "texture": "#0"},
				"east": {"uv": [6, 6, 6.125, 7.25], "texture": "#0"},
				"south": {"uv": [0, 6.125, 0.125, 7.375], "texture": "#0"},
				"west": {"uv": [0.125, 6.125, 0.25, 7.375], "texture": "#0"},
				"up": {"uv": [2.75, 6.5, 2.625, 6.375], "texture": "#0"},
				"down": {"uv": [8, 0.125, 7.875, 0.25], "texture": "#0"}
			}
		},
		{
			"from": [22.5, 0, 0.875],
			"to": [23.5, 9.75, 1.875],
			"rotation": {"angle": 0, "axis": "y", "origin": [3.5, 0, -0.125]},
			"faces": {
				"north": {"uv": [0.75, 6.125, 0.875, 7.375], "texture": "#0"},
				"east": {"uv": [0.875, 6.125, 1, 7.375], "texture": "#0"},
				"south": {"uv": [1, 6.125, 1.125, 7.375], "texture": "#0"},
				"west": {"uv": [1.125, 6.125, 1.25, 7.375], "texture": "#0"},
				"up": {"uv": [8, 0.5, 7.875, 0.375], "texture": "#0"},
				"down": {"uv": [8, 0.5, 7.875, 0.625], "texture": "#0"}
			}
		},
		{
			"from": [22.5, 4.375, 1.5],
			"to": [23.5, 5.375, 14.25],
			"rotation": {"angle": 0, "axis": "y", "origin": [18, 4.875, 1.375]},
			"faces": {
				"north": {"uv": [7.375, 7.875, 7.5, 8], "texture": "#0"},
				"east": {"uv": [5.875, 5.5, 7.5, 5.625], "texture": "#0"},
				"south": {"uv": [7.5, 7.875, 7.625, 8], "texture": "#0"},
				"west": {"uv": [5.875, 5.625, 7.5, 5.75], "texture": "#0"},
				"up": {"uv": [1.875, 7.625, 1.75, 6], "texture": "#0"},
				"down": {"uv": [2, 6, 1.875, 7.625], "texture": "#0"}
			}
		},
		{
			"from": [3.5, 4.375, 1.5],
			"to": [4.5, 5.375, 14.25],
			"rotation": {"angle": 0, "axis": "y", "origin": [18, 4.875, 1.375]},
			"faces": {
				"north": {"uv": [7.75, 7.875, 7.875, 8], "texture": "#0"},
				"east": {"uv": [5.875, 5.75, 7.5, 5.875], "texture": "#0"},
				"south": {"uv": [7.875, 7.75, 8, 7.875], "texture": "#0"},
				"west": {"uv": [6, 0, 7.625, 0.125], "texture": "#0"},
				"up": {"uv": [2.125, 7.625, 2, 6], "texture": "#0"},
				"down": {"uv": [2.25, 6, 2.125, 7.625], "texture": "#0"}
			}
		},
		{
			"from": [4.125, 4.375, 13.875],
			"to": [22.875, 5.375, 14.875],
			"rotation": {"angle": 0, "axis": "y", "origin": [18, 4.875, 1.375]},
			"faces": {
				"north": {"uv": [5.125, 3.25, 7.5, 3.375], "texture": "#0"},
				"east": {"uv": [7.875, 7.5, 8, 7.625], "texture": "#0"},
				"south": {"uv": [4.75, 5.375, 7.125, 5.5], "texture": "#0"},
				"west": {"uv": [7.625, 7.875, 7.75, 8], "texture": "#0"},
				"up": {"uv": [7.875, 3.625, 5.5, 3.5], "texture": "#0"},
				"down": {"uv": [7.875, 3.625, 5.5, 3.75], "texture": "#0"}
			}
		},
		{
			"from": [3.5, 0, 13.875],
			"to": [4.5, 9.75, 14.875],
			"rotation": {"angle": 0, "axis": "y", "origin": [3.5, 0, -0.125]},
			"faces": {
				"north": {"uv": [0.25, 6.125, 0.375, 7.375], "texture": "#0"},
				"east": {"uv": [0.375, 6.125, 0.5, 7.375], "texture": "#0"},
				"south": {"uv": [0.5, 6.125, 0.625, 7.375], "texture": "#0"},
				"west": {"uv": [0.625, 6.125, 0.75, 7.375], "texture": "#0"},
				"up": {"uv": [0.375, 8, 0.25, 7.875], "texture": "#0"},
				"down": {"uv": [8, 0.25, 7.875, 0.375], "texture": "#0"}
			}
		},
		{
			"from": [22.5, 0, 13.875],
			"to": [23.5, 9.75, 14.875],
			"rotation": {"angle": 0, "axis": "y", "origin": [3.5, 0, -0.125]},
			"faces": {
				"north": {"uv": [6.125, 6, 6.25, 7.25], "texture": "#0"},
				"east": {"uv": [3.5, 6.25, 3.625, 7.5], "texture": "#0"},
				"south": {"uv": [3.625, 6.25, 3.75, 7.5], "texture": "#0"},
				"west": {"uv": [3.75, 6.25, 3.875, 7.5], "texture": "#0"},
				"up": {"uv": [8, 0.75, 7.875, 0.625], "texture": "#0"},
				"down": {"uv": [8, 0.75, 7.875, 0.875], "texture": "#0"}
			}
		},
		{
			"from": [2.5, 9.5, -0.125],
			"to": [16.5, 10, 15.875],
			"rotation": {"angle": 0, "axis": "y", "origin": [3.5, 0, -0.125]},
			"faces": {
				"north": {"uv": [5.75, 3, 7.5, 3.125], "texture": "#0"},
				"east": {"uv": [5.5, 3.75, 7.5, 3.875], "texture": "#0"},
				"south": {"uv": [5.25, 5.875, 7, 6], "texture": "#0"},
				"west": {"uv": [5.5, 3.875, 7.5, 4], "texture": "#0"},
				"up": {"uv": [1.75, 2, 0, 0], "texture": "#0"},
				"down": {"uv": [3.5, 0, 1.75, 2], "texture": "#0"}
			}
		},
		{
			"from": [21.5, 9.5, -0.125],
			"to": [24.5, 10, 15.875],
			"rotation": {"angle": 0, "axis": "y", "origin": [3.5, 0, -0.125]},
			"faces": {
				"north": {"uv": [7.625, 7.625, 8, 7.75], "texture": "#0"},
				"east": {"uv": [5.5, 4, 7.5, 4.125], "texture": "#0"},
				"south": {"uv": [0, 7.75, 0.375, 7.875], "texture": "#0"},
				"west": {"uv": [5.5, 4.125, 7.5, 4.25], "texture": "#0"},
				"up": {"uv": [1.625, 6.75, 1.25, 4.75], "texture": "#0"},
				"down": {"uv": [5.125, 1.375, 4.75, 3.375], "texture": "#0"}
			}
		},
		{
			"from": [16.5, 9.5, 11.875],
			"to": [21.5, 10, 15.875],
			"rotation": {"angle": 0, "axis": "y", "origin": [3.5, 0, -0.125]},
			"faces": {
				"north": {"uv": [7.5, 4, 8.125, 4.125], "texture": "#0"},
				"east": {"uv": [4.75, 7.625, 5.25, 7.75], "texture": "#0"},
				"south": {"uv": [7.5, 4.125, 8.125, 4.25], "texture": "#0"},
				"west": {"uv": [5.25, 7.625, 5.75, 7.75], "texture": "#0"},
				"up": {"uv": [4.125, 5.875, 3.5, 5.375], "texture": "#0"},
				"down": {"uv": [4.75, 5.375, 4.125, 5.875], "texture": "#0"}
			}
		},
		{
			"from": [16.5, 6, 6.875],
			"to": [21.5, 6.25, 11.875],
			"rotation": {"angle": 0, "axis": "y", "origin": [3.5, 0, -0.125]},
			"faces": {
				"north": {"uv": [6.625, 7.5, 7.25, 7.625], "texture": "#0"},
				"east": {"uv": [7.25, 7.5, 7.875, 7.625], "texture": "#0"},
				"south": {"uv": [0, 7.625, 0.625, 7.75], "texture": "#0"},
				"west": {"uv": [7.625, 0, 8.25, 0.125], "texture": "#0"},
				"up": {"uv": [3.5, 5.375, 2.875, 4.75], "texture": "#0"},
				"down": {"uv": [5.75, 1.875, 5.125, 2.5], "texture": "#0"}
			}
		},
		{
			"from": [16.5, 9.5, -0.125],
			"to": [21.5, 10, 6.875],
			"rotation": {"angle": 0, "axis": "y", "origin": [3.5, 0, -0.125]},
			"faces": {
				"north": {"uv": [4.75, 7.5, 5.375, 7.625], "texture": "#0"},
				"east": {"uv": [2.625, 6.875, 3.5, 7], "texture": "#0"},
				"south": {"uv": [5.375, 7.5, 6, 7.625], "texture": "#0"},
				"west": {"uv": [2.625, 7, 3.5, 7.125], "texture": "#0"},
				"up": {"uv": [2.25, 5.625, 1.625, 4.75], "texture": "#0"},
				"down": {"uv": [2.875, 4.75, 2.25, 5.625], "texture": "#0"}
			}
		},
		{
			"from": [16.5, 6.25, 6.625],
			"to": [21.5, 9.5, 6.875],
			"rotation": {"angle": 0, "axis": "y", "origin": [14, 8.75, 6.75]},
			"faces": {
				"north": {"uv": [5.5, 4.75, 6.125, 5.125], "texture": "#0"},
				"east": {"uv": [3.375, 6.5, 3.5, 6.875], "texture": "#0"},
				"south": {"uv": [5.25, 5.5, 5.875, 5.875], "texture": "#0"},
				"west": {"uv": [3.875, 7.125, 4, 7.5], "texture": "#0"},
				"up": {"uv": [8.125, 5.625, 7.5, 5.5], "texture": "#0"},
				"down": {"uv": [8.125, 5.625, 7.5, 5.75], "texture": "#0"}
			}
		},
		{
			"from": [21.5, 6.25, 6.875],
			"to": [21.75, 9.5, 11.875],
			"rotation": {"angle": 0, "axis": "y", "origin": [14, 8.75, 6.75]},
			"faces": {
				"north": {"uv": [1.5, 7.75, 1.625, 8.125], "texture": "#0"},
				"east": {"uv": [5.75, 1.875, 6.375, 2.25], "texture": "#0"},
				"south": {"uv": [1.625, 7.75, 1.75, 8.125], "texture": "#0"},
				"west": {"uv": [5.75, 2.25, 6.375, 2.625], "texture": "#0"},
				"up": {"uv": [1.625, 7.75, 1.5, 7.125], "texture": "#0"},
				"down": {"uv": [4.125, 7.125, 4, 7.75], "texture": "#0"}
			}
		},
		{
			"from": [16.25, 6.25, 6.875],
			"to": [16.5, 9.5, 11.875],
			"rotation": {"angle": 0, "axis": "y", "origin": [14, 8.75, 6.75]},
			"faces": {
				"north": {"uv": [1.75, 7.75, 1.875, 8.125], "texture": "#0"},
				"east": {"uv": [5.75, 2.625, 6.375, 3], "texture": "#0"},
				"south": {"uv": [1.875, 7.75, 2, 8.125], "texture": "#0"},
				"west": {"uv": [3.5, 5.875, 4.125, 6.25], "texture": "#0"},
				"up": {"uv": [1.125, 8, 1, 7.375], "texture": "#0"},
				"down": {"uv": [1.25, 7.375, 1.125, 8], "texture": "#0"}
			}
		},
		{
			"from": [16.5, 6.25, 11.875],
			"to": [21.5, 9.5, 12.125],
			"rotation": {"angle": 0, "axis": "y", "origin": [3.5, 0, -0.125]},
			"faces": {
				"north": {"uv": [1.625, 5.625, 2.25, 6], "texture": "#0"},
				"east": {"uv": [0.375, 7.75, 0.5, 8.125], "texture": "#0"},
				"south": {"uv": [2.25, 5.625, 2.875, 6], "texture": "#0"},
				"west": {"uv": [0.5, 7.75, 0.625, 8.125], "texture": "#0"},
				"up": {"uv": [8.125, 5.875, 7.5, 5.75], "texture": "#0"},
				"down": {"uv": [6.625, 7.5, 6, 7.625], "texture": "#0"}
			}
		},
		{
			"from": [2.5, 10, 15.375],
			"to": [24.5, 12, 15.875],
			"rotation": {"angle": 0, "axis": "y", "origin": [3.5, 0, -0.125]},
			"faces": {
				"north": {"uv": [5.125, 1.375, 7.875, 1.625], "texture": "#0"},
				"east": {"uv": [5.5, 7.75, 5.625, 8], "texture": "#0"},
				"south": {"uv": [5.125, 1.625, 7.875, 1.875], "texture": "#0"},
				"west": {"uv": [5.625, 7.75, 5.75, 8], "texture": "#0"},
				"up": {"uv": [7.5, 3.5, 4.75, 3.375], "texture": "#0"},
				"down": {"uv": [7.875, 3.125, 5.125, 3.25], "texture": "#0"}
			}
		},
		{
			"from": [18.5, 10, 12.875],
			"to": [19.5, 14, 13.625],
			"rotation": {"angle": 0, "axis": "y", "origin": [3.5, 0, -0.125]},
			"faces": {
				"north": {"uv": [4.75, 6.875, 4.875, 7.375], "texture": "#0"},
				"east": {"uv": [4.875, 6.875, 5, 7.375], "texture": "#0"},
				"south": {"uv": [5, 6.875, 5.125, 7.375], "texture": "#0"},
				"west": {"uv": [0.625, 7.625, 0.75, 8.125], "texture": "#0"},
				"up": {"uv": [8, 1, 7.875, 0.875], "texture": "#0"},
				"down": {"uv": [8, 1, 7.875, 1.125], "texture": "#0"}
			}
		},
		{
			"from": [18.5, 13.875, 9.625],
			"to": [19.5, 14.625, 13.625],
			"rotation": {"angle": 0, "axis": "y", "origin": [14, 15, 13.25]},
			"faces": {
				"north": {"uv": [7.875, 1.125, 8, 1.25], "texture": "#0"},
				"east": {"uv": [5.75, 7.625, 6.25, 7.75], "texture": "#0"},
				"south": {"uv": [7.875, 1.375, 8, 1.5], "texture": "#0"},
				"west": {"uv": [6.25, 7.625, 6.75, 7.75], "texture": "#0"},
				"up": {"uv": [0.875, 8.125, 0.75, 7.625], "texture": "#0"},
				"down": {"uv": [1, 7.625, 0.875, 8.125], "texture": "#0"}
			}
		},
		{
			"from": [18.5, 13.375, 9.625],
			"to": [19.5, 13.875, 10.375],
			"rotation": {"angle": 0, "axis": "y", "origin": [14, 15, 13.25]},
			"faces": {
				"north": {"uv": [7.875, 1.5, 8, 1.625], "texture": "#0"},
				"east": {"uv": [7.875, 1.625, 8, 1.75], "texture": "#0"},
				"south": {"uv": [7.875, 1.75, 8, 1.875], "texture": "#0"},
				"west": {"uv": [7.875, 2.25, 8, 2.375], "texture": "#0"},
				"up": {"uv": [8, 2.5, 7.875, 2.375], "texture": "#0"},
				"down": {"uv": [8, 2.5, 7.875, 2.625], "texture": "#0"}
			}
		},
		{
			"from": [1.5, 0, 0.875],
			"to": [2.5, 11, 14.875],
			"rotation": {"angle": 0, "axis": "y", "origin": [3.5, 0, -0.125]},
			"faces": {
				"north": {"uv": [5.125, 6, 5.25, 7.375], "texture": "#0"},
				"east": {"uv": [0, 2, 1.75, 3.375], "texture": "#0"},
				"south": {"uv": [5.25, 6, 5.375, 7.375], "texture": "#0"},
				"west": {"uv": [1.75, 2, 3.5, 3.375], "texture": "#0"},
				"up": {"uv": [4.25, 7.625, 4.125, 5.875], "texture": "#0"},
				"down": {"uv": [4.375, 5.875, 4.25, 7.625], "texture": "#0"}
			}
		},
		{
			"from": [-7.5, 0, 0.875],
			"to": [-6.5, 11, 14.875],
			"rotation": {"angle": 0, "axis": "y", "origin": [3.5, 0, -0.125]},
			"faces": {
				"north": {"uv": [5.375, 6, 5.5, 7.375], "texture": "#0"},
				"east": {"uv": [0, 3.375, 1.75, 4.75], "texture": "#0"},
				"south": {"uv": [5.5, 6, 5.625, 7.375], "texture": "#0"},
				"west": {"uv": [1.75, 3.375, 3.5, 4.75], "texture": "#0"},
				"up": {"uv": [4.5, 7.625, 4.375, 5.875], "texture": "#0"},
				"down": {"uv": [4.625, 5.875, 4.5, 7.625], "texture": "#0"}
			}
		},
		{
			"from": [-7.5, 0, 14.875],
			"to": [2.5, 13.5, 15.875],
			"rotation": {"angle": 0, "axis": "y", "origin": [3.5, 0, -0.125]},
			"faces": {
				"north": {"uv": [3.5, 0, 4.75, 1.75], "texture": "#0"},
				"east": {"uv": [4.625, 5.875, 4.75, 7.625], "texture": "#0"},
				"south": {"uv": [3.5, 1.75, 4.75, 3.5], "texture": "#0"},
				"west": {"uv": [1.625, 6, 1.75, 7.75], "texture": "#0"},
				"up": {"uv": [7.25, 1.375, 6, 1.25], "texture": "#0"},
				"down": {"uv": [7.375, 4.75, 6.125, 4.875], "texture": "#0"}
			}
		},
		{
			"from": [-7.5, 0, -0.125],
			"to": [2.5, 11, 0.875],
			"rotation": {"angle": 0, "axis": "y", "origin": [3.5, 0, -0.125]},
			"faces": {
				"north": {"uv": [0, 4.75, 1.25, 6.125], "texture": "#0"},
				"east": {"uv": [5.625, 6, 5.75, 7.375], "texture": "#0"},
				"south": {"uv": [4.75, 0, 6, 1.375], "texture": "#0"},
				"west": {"uv": [5.75, 6, 5.875, 7.375], "texture": "#0"},
				"up": {"uv": [7.375, 5, 6.125, 4.875], "texture": "#0"},
				"down": {"uv": [7.375, 5, 6.125, 5.125], "texture": "#0"}
			}
		},
		{
			"from": [-6.5, 7.5, 0.875],
			"to": [1.5, 8, 15.375],
			"rotation": {"angle": 0, "axis": "y", "origin": [3.5, 0, -0.125]},
			"faces": {
				"north": {"uv": [7.5, 3, 8.5, 3.125], "texture": "#0"},
				"east": {"uv": [5.5, 5.125, 7.375, 5.25], "texture": "#0"},
				"south": {"uv": [7.5, 3.25, 8.5, 3.375], "texture": "#0"},
				"west": {"uv": [5.5, 5.25, 7.375, 5.375], "texture": "#0"},
				"up": {"uv": [4.5, 5.375, 3.5, 3.5], "texture": "#0"},
				"down": {"uv": [5.5, 3.5, 4.5, 5.375], "texture": "#0"}
			}
		},
		{
			"from": [-6.5, 9.5, 1.875],
			"to": [1.5, 10, 2.375],
			"rotation": {"angle": 0, "axis": "y", "origin": [3.5, 0, -0.125]},
			"faces": {
				"north": {"uv": [6.375, 4.625, 7.375, 4.75], "texture": "#0"},
				"east": {"uv": [7.875, 2.625, 8, 2.75], "texture": "#0"},
				"south": {"uv": [6.75, 2.25, 7.75, 2.375], "texture": "#0"},
				"west": {"uv": [7.875, 2.75, 8, 2.875], "texture": "#0"},
				"up": {"uv": [7.75, 2.5, 6.75, 2.375], "texture": "#0"},
				"down": {"uv": [7.75, 2.5, 6.75, 2.625], "texture": "#0"}
			}
		},
		{
			"from": [-6.5, 9.5, 2.875],
			"to": [1.5, 10, 3.375],
			"rotation": {"angle": 0, "axis": "y", "origin": [3.5, 0, -0.125]},
			"faces": {
				"north": {"uv": [6.75, 4.375, 7.75, 4.5], "texture": "#0"},
				"east": {"uv": [3.125, 7.875, 3.25, 8], "texture": "#0"},
				"south": {"uv": [6.75, 4.5, 7.75, 4.625], "texture": "#0"},
				"west": {"uv": [7.875, 3.125, 8, 3.25], "texture": "#0"},
				"up": {"uv": [7.25, 6.875, 6.25, 6.75], "texture": "#0"},
				"down": {"uv": [7.875, 0.125, 6.875, 0.25], "texture": "#0"}
			}
		},
		{
			"from": [-6.5, 9.5, 3.875],
			"to": [1.5, 10, 4.375],
			"rotation": {"angle": 0, "axis": "y", "origin": [3.5, 0, -0.125]},
			"faces": {
				"north": {"uv": [6.25, 7, 7.25, 7.125], "texture": "#0"},
				"east": {"uv": [4.125, 7.875, 4.25, 8], "texture": "#0"},
				"south": {"uv": [7, 6.25, 8, 6.375], "texture": "#0"},
				"west": {"uv": [4.25, 7.875, 4.375, 8], "texture": "#0"},
				"up": {"uv": [8, 6.5, 7, 6.375], "texture": "#0"},
				"down": {"uv": [8, 6.5, 7, 6.625], "texture": "#0"}
			}
		},
		{
			"from": [-6.5, 9.5, 4.875],
			"to": [1.5, 10, 5.375],
			"rotation": {"angle": 0, "axis": "y", "origin": [3.5, 0, -0.125]},
			"faces": {
				"north": {"uv": [6.25, 6.875, 7.25, 7], "texture": "#0"},
				"east": {"uv": [3.75, 7.875, 3.875, 8], "texture": "#0"},
				"south": {"uv": [7, 5.875, 8, 6], "texture": "#0"},
				"west": {"uv": [4, 7.875, 4.125, 8], "texture": "#0"},
				"up": {"uv": [8, 6.125, 7, 6], "texture": "#0"},
				"down": {"uv": [8, 6.125, 7, 6.25], "texture": "#0"}
			}
		},
		{
			"from": [-6.5, 9.5, 5.875],
			"to": [1.5, 10, 6.375],
			"rotation": {"angle": 0, "axis": "y", "origin": [3.5, 0, -0.125]},
			"faces": {
				"north": {"uv": [6.875, 0.75, 7.875, 0.875], "texture": "#0"},
				"east": {"uv": [3.625, 7.875, 3.75, 8], "texture": "#0"},
				"south": {"uv": [6.875, 0.875, 7.875, 1], "texture": "#0"},
				"west": {"uv": [7.875, 3.625, 8, 3.75], "texture": "#0"},
				"up": {"uv": [7.875, 1.125, 6.875, 1], "texture": "#0"},
				"down": {"uv": [7.875, 1.125, 6.875, 1.25], "texture": "#0"}
			}
		},
		{
			"from": [-6.5, 9.5, 6.875],
			"to": [1.5, 10, 7.375],
			"rotation": {"angle": 0, "axis": "y", "origin": [3.5, 0, -0.125]},
			"faces": {
				"north": {"uv": [6.875, 0.25, 7.875, 0.375], "texture": "#0"},
				"east": {"uv": [3.25, 7.875, 3.375, 8], "texture": "#0"},
				"south": {"uv": [6.875, 0.375, 7.875, 0.5], "texture": "#0"},
				"west": {"uv": [7.875, 3.5, 8, 3.625], "texture": "#0"},
				"up": {"uv": [7.875, 0.625, 6.875, 0.5], "texture": "#0"},
				"down": {"uv": [7.875, 0.625, 6.875, 0.75], "texture": "#0"}
			}
		},
		{
			"from": [-6.5, 9.5, 7.875],
			"to": [1.5, 10, 8.375],
			"rotation": {"angle": 0, "axis": "y", "origin": [3.5, 0, -0.125]},
			"faces": {
				"north": {"uv": [7.25, 6.875, 8.25, 7], "texture": "#0"},
				"east": {"uv": [5.125, 7.875, 5.25, 8], "texture": "#0"},
				"south": {"uv": [7.25, 7, 8.25, 7.125], "texture": "#0"},
				"west": {"uv": [5.25, 7.875, 5.375, 8], "texture": "#0"},
				"up": {"uv": [8.25, 7.25, 7.25, 7.125], "texture": "#0"},
				"down": {"uv": [1, 7.375, 0, 7.5], "texture": "#0"}
			}
		},
		{
			"from": [-6.5, 9.5, 8.875],
			"to": [1.5, 10, 9.375],
			"rotation": {"angle": 0, "axis": "y", "origin": [3.5, 0, -0.125]},
			"faces": {
				"north": {"uv": [2.25, 7.25, 3.25, 7.375], "texture": "#0"},
				"east": {"uv": [4.875, 7.875, 5, 8], "texture": "#0"},
				"south": {"uv": [5.875, 7.25, 6.875, 7.375], "texture": "#0"},
				"west": {"uv": [5, 7.875, 5.125, 8], "texture": "#0"},
				"up": {"uv": [8.25, 6.875, 7.25, 6.75], "texture": "#0"},
				"down": {"uv": [7.875, 7.25, 6.875, 7.375], "texture": "#0"}
			}
		},
		{
			"from": [-6.5, 9.5, 9.875],
			"to": [1.5, 10, 10.375],
			"rotation": {"angle": 0, "axis": "y", "origin": [3.5, 0, -0.125]},
			"faces": {
				"north": {"uv": [2.25, 7.125, 3.25, 7.25], "texture": "#0"},
				"east": {"uv": [4.625, 7.875, 4.75, 8], "texture": "#0"},
				"south": {"uv": [7.125, 5.375, 8.125, 5.5], "texture": "#0"},
				"west": {"uv": [4.75, 7.875, 4.875, 8], "texture": "#0"},
				"up": {"uv": [7.25, 7.25, 6.25, 7.125], "texture": "#0"},
				"down": {"uv": [8.25, 1.25, 7.25, 1.375], "texture": "#0"}
			}
		},
		{
			"from": [-6.5, 9.5, 10.875],
			"to": [1.5, 10, 11.375],
			"rotation": {"angle": 0, "axis": "y", "origin": [3.5, 0, -0.125]},
			"faces": {
				"north": {"uv": [7, 6.625, 8, 6.75], "texture": "#0"},
				"east": {"uv": [4.375, 7.875, 4.5, 8], "texture": "#0"},
				"south": {"uv": [7.125, 1.875, 8.125, 2], "texture": "#0"},
				"west": {"uv": [4.5, 7.875, 4.625, 8], "texture": "#0"},
				"up": {"uv": [8.125, 2.125, 7.125, 2], "texture": "#0"},
				"down": {"uv": [8.125, 2.125, 7.125, 2.25], "texture": "#0"}
			}
		},
		{
			"from": [-6.5, 9.5, 11.875],
			"to": [1.5, 10, 12.375],
			"rotation": {"angle": 0, "axis": "y", "origin": [3.5, 0, -0.125]},
			"faces": {
				"north": {"uv": [7.375, 4.875, 8.375, 5], "texture": "#0"},
				"east": {"uv": [5.875, 7.875, 6, 8], "texture": "#0"},
				"south": {"uv": [7.375, 5, 8.375, 5.125], "texture": "#0"},
				"west": {"uv": [6, 7.875, 6.125, 8], "texture": "#0"},
				"up": {"uv": [8.375, 5.25, 7.375, 5.125], "texture": "#0"},
				"down": {"uv": [8.375, 5.25, 7.375, 5.375], "texture": "#0"}
			}
		},
		{
			"from": [-6.5, 9.5, 12.875],
			"to": [1.5, 10, 13.375],
			"rotation": {"angle": 0, "axis": "y", "origin": [3.5, 0, -0.125]},
			"faces": {
				"north": {"uv": [2.25, 7.375, 3.25, 7.5], "texture": "#0"},
				"east": {"uv": [5.375, 7.875, 5.5, 8], "texture": "#0"},
				"south": {"uv": [7.375, 4.625, 8.375, 4.75], "texture": "#0"},
				"west": {"uv": [5.75, 7.875, 5.875, 8], "texture": "#0"},
				"up": {"uv": [5.75, 7.5, 4.75, 7.375], "texture": "#0"},
				"down": {"uv": [8.375, 4.75, 7.375, 4.875], "texture": "#0"}
			}
		},
		{
			"from": [-6.5, 9.5, 13.875],
			"to": [1.5, 10, 14.375],
			"rotation": {"angle": 0, "axis": "y", "origin": [3.5, 0, -0.125]},
			"faces": {
				"north": {"uv": [5.75, 7.375, 6.75, 7.5], "texture": "#0"},
				"east": {"uv": [6.125, 7.875, 6.25, 8], "texture": "#0"},
				"south": {"uv": [6.75, 7.375, 7.75, 7.5], "texture": "#0"},
				"west": {"uv": [6.25, 7.875, 6.375, 8], "texture": "#0"},
				"up": {"uv": [1, 7.625, 0, 7.5], "texture": "#0"},
				"down": {"uv": [3.25, 7.5, 2.25, 7.625], "texture": "#0"}
			}
		},
		{
			"from": [-4.5, 10, 9.875],
			"to": [-0.5, 13, 13.875],
			"rotation": {"angle": 0, "axis": "y", "origin": [3.5, 0, -0.125]},
			"faces": {
				"north": {"uv": [6, 0.125, 6.5, 0.5], "texture": "#0"},
				"east": {"uv": [6, 0.5, 6.5, 0.875], "texture": "#0"},
				"south": {"uv": [6, 0.875, 6.5, 1.25], "texture": "#0"},
				"west": {"uv": [2.25, 6, 2.75, 6.375], "texture": "#0"},
				"up": {"uv": [6, 4.75, 5.5, 4.25], "texture": "#0"},
				"down": {"uv": [5.25, 5.5, 4.75, 6], "texture": "#0"}
			}
		},
		{
			"from": [-4.75, 12.25, 9.625],
			"to": [-0.25, 13.25, 14.125],
			"rotation": {"angle": 0, "axis": "y", "origin": [3.5, 0, -0.125]},
			"faces": {
				"north": {"uv": [1.75, 7.625, 2.375, 7.75], "texture": "#0"},
				"east": {"uv": [2.375, 7.625, 3, 7.75], "texture": "#0"},
				"south": {"uv": [3, 7.625, 3.625, 7.75], "texture": "#0"},
				"west": {"uv": [4.125, 7.625, 4.75, 7.75], "texture": "#0"},
				"up": {"uv": [5.75, 3.125, 5.125, 2.5], "texture": "#0"},
				"down": {"uv": [3.5, 5.375, 2.875, 6], "texture": "#0"}
			}
		},
		{
			"from": [3.5, 10, 10.625],
			"to": [6.5, 14, 13.625],
			"rotation": {"angle": 0, "axis": "y", "origin": [3.5, 0, -0.125]},
			"faces": {
				"north": {"uv": [2.75, 6, 3.125, 6.5], "texture": "#0"},
				"east": {"uv": [3.125, 6, 3.5, 6.5], "texture": "#0"},
				"south": {"uv": [6, 4.25, 6.375, 4.75], "texture": "#0"},
				"west": {"uv": [4.75, 6, 5.125, 6.5], "texture": "#0"},
				"up": {"uv": [6.625, 6.375, 6.25, 6], "texture": "#0"},
				"down": {"uv": [6.75, 1.875, 6.375, 2.25], "texture": "#0"}
			}
		},
		{
			"from": [14, 10, 3.625],
			"to": [14.5, 12.5, 6.625],
			"rotation": {"angle": 0, "axis": "y", "origin": [9.25, 10.75, 5.125]},
			"faces": {
				"north": {"uv": [2, 7.75, 2.125, 8.125], "texture": "#0"},
				"east": {"uv": [6.5, 0.5, 6.875, 0.875], "texture": "#0"},
				"south": {"uv": [2.125, 7.75, 2.25, 8.125], "texture": "#0"},
				"west": {"uv": [6.5, 0.875, 6.875, 1.25], "texture": "#0"},
				"up": {"uv": [2.375, 8.125, 2.25, 7.75], "texture": "#0"},
				"down": {"uv": [7.875, 2.25, 7.75, 2.625], "texture": "#0"}
			}
		},
		{
			"from": [10.5, 10, 3.625],
			"to": [11, 12.5, 6.625],
			"rotation": {"angle": 0, "axis": "y", "origin": [7.5, 10.75, 3.375]},
			"faces": {
				"north": {"uv": [2.375, 7.75, 2.5, 8.125], "texture": "#0"},
				"east": {"uv": [2.625, 6.5, 3, 6.875], "texture": "#0"},
				"south": {"uv": [2.5, 7.75, 2.625, 8.125], "texture": "#0"},
				"west": {"uv": [3, 6.5, 3.375, 6.875], "texture": "#0"},
				"up": {"uv": [2.75, 8.125, 2.625, 7.75], "texture": "#0"},
				"down": {"uv": [7.875, 2.625, 7.75, 3], "texture": "#0"}
			}
		},
		{
			"from": [11, 10, 6.625],
			"to": [14, 12.5, 7.125],
			"rotation": {"angle": 0, "axis": "y", "origin": [5.75, 10.75, 5.125]},
			"faces": {
				"north": {"uv": [6.625, 6.375, 7, 6.75], "texture": "#0"},
				"east": {"uv": [3.375, 7.75, 3.5, 8.125], "texture": "#0"},
				"south": {"uv": [1.25, 6.75, 1.625, 7.125], "texture": "#0"},
				"west": {"uv": [3.5, 7.75, 3.625, 8.125], "texture": "#0"},
				"up": {"uv": [8.125, 4.375, 7.75, 4.25], "texture": "#0"},
				"down": {"uv": [4.75, 7.75, 4.375, 7.875], "texture": "#0"}
			}
		},
		{
			"from": [11, 10, 3.125],
			"to": [14, 12.5, 3.625],
			"rotation": {"angle": 0, "axis": "y", "origin": [9.25, 10.75, 5.125]},
			"faces": {
				"north": {"uv": [4.75, 6.5, 5.125, 6.875], "texture": "#0"},
				"east": {"uv": [2.75, 7.75, 2.875, 8.125], "texture": "#0"},
				"south": {"uv": [6.625, 6, 7, 6.375], "texture": "#0"},
				"west": {"uv": [2.875, 7.75, 3, 8.125], "texture": "#0"},
				"up": {"uv": [3.375, 7.875, 3, 7.75], "texture": "#0"},
				"down": {"uv": [4.375, 7.75, 4, 7.875], "texture": "#0"}
			}
		},
		{
			"from": [11, 10, 3.625],
			"to": [14, 10.5, 6.625],
			"rotation": {"angle": 0, "axis": "y", "origin": [7.5, 11.25, 3.375]},
			"faces": {
				"north": {"uv": [7.75, 4.375, 8.125, 4.5], "texture": "#0"},
				"east": {"uv": [7.75, 4.5, 8.125, 4.625], "texture": "#0"},
				"south": {"uv": [4.75, 7.75, 5.125, 7.875], "texture": "#0"},
				"west": {"uv": [5.125, 7.75, 5.5, 7.875], "texture": "#0"},
				"up": {"uv": [7.125, 2.25, 6.75, 1.875], "texture": "#0"},
				"down": {"uv": [2.625, 6.75, 2.25, 7.125], "texture": "#0"}
			}
		},
		{
			"from": [-3, 13, 5.125],
			"to": [-1, 14, 7.125],
			"rotation": {"angle": 0, "axis": "y", "origin": [3.5, 0, -0.125]},
			"faces": {
				"north": {"uv": [6.5, 7.75, 6.75, 7.875], "texture": "#0"},
				"east": {"uv": [7.75, 7.375, 8, 7.5], "texture": "#0"},
				"south": {"uv": [7.625, 7.75, 7.875, 7.875], "texture": "#0"},
				"west": {"uv": [0, 7.875, 0.25, 8], "texture": "#0"},
				"up": {"uv": [7.375, 7.875, 7.125, 7.625], "texture": "#0"},
				"down": {"uv": [7.625, 7.625, 7.375, 7.875], "texture": "#0"}
			}
		},
		{
			"from": [-3.5, 10, 4.625],
			"to": [-0.5, 13, 7.625],
			"rotation": {"angle": 0, "axis": "y", "origin": [3.5, 0, -0.125]},
			"faces": {
				"north": {"uv": [2.25, 6.375, 2.625, 6.75], "texture": "#0"},
				"east": {"uv": [6.375, 2.25, 6.75, 2.625], "texture": "#0"},
				"south": {"uv": [6.375, 2.625, 6.75, 3], "texture": "#0"},
				"west": {"uv": [6.375, 4.25, 6.75, 4.625], "texture": "#0"},
				"up": {"uv": [6.625, 6.75, 6.25, 6.375], "texture": "#0"},
				"down": {"uv": [6.875, 0.125, 6.5, 0.5], "texture": "#0"}
			}
		},
		{
			"from": [4, 14, 11.125],
			"to": [6, 15, 13.125],
			"rotation": {"angle": 0, "axis": "y", "origin": [3.5, 0, -0.125]},
			"faces": {
				"north": {"uv": [3.25, 7.375, 3.5, 7.5], "texture": "#0"},
				"east": {"uv": [5.75, 7.75, 6, 7.875], "texture": "#0"},
				"south": {"uv": [6, 7.75, 6.25, 7.875], "texture": "#0"},
				"west": {"uv": [6.25, 7.75, 6.5, 7.875], "texture": "#0"},
				"up": {"uv": [3.5, 7.375, 3.25, 7.125], "texture": "#0"},
				"down": {"uv": [3.875, 7.625, 3.625, 7.875], "texture": "#0"}
			}
		},
		{
			"from": [4.5, 14, 11.625],
			"to": [5.5, 18, 12.625],
			"rotation": {"angle": 0, "axis": "y", "origin": [3.5, 0, -0.125]},
			"faces": {
				"north": {"uv": [3.875, 7.625, 4, 8.125], "texture": "#0"},
				"east": {"uv": [6.75, 7.625, 6.875, 8.125], "texture": "#0"},
				"south": {"uv": [6.875, 7.625, 7, 8.125], "texture": "#0"},
				"west": {"uv": [7, 7.625, 7.125, 8.125], "texture": "#0"},
				"up": {"uv": [6.5, 8, 6.375, 7.875], "texture": "#0"},
				"down": {"uv": [6.625, 7.875, 6.5, 8], "texture": "#0"}
			}
		},
		{
			"from": [-1.75, 17, 11.625],
			"to": [4.5, 18, 12.625],
			"rotation": {"angle": 0, "axis": "y", "origin": [0, 16, 12.125]},
			"faces": {
				"north": {"uv": [3.25, 7.5, 4, 7.625], "texture": "#0"},
				"east": {"uv": [6.625, 7.875, 6.75, 8], "texture": "#0"},
				"south": {"uv": [7.5, 3.375, 8.25, 3.5], "texture": "#0"},
				"west": {"uv": [7.125, 7.875, 7.25, 8], "texture": "#0"},
				"up": {"uv": [8.25, 3.875, 7.5, 3.75], "texture": "#0"},
				"down": {"uv": [8.25, 3.875, 7.5, 4], "texture": "#0"}
			}
		},
		{
			"from": [-2.75, 11, 11.625],
			"to": [-1.75, 18, 12.625],
			"rotation": {"angle": 0, "axis": "y", "origin": [-4, 17.5, 12.125]},
			"faces": {
				"north": {"uv": [3.875, 6.25, 4, 7.125], "texture": "#0"},
				"east": {"uv": [4, 6.25, 4.125, 7.125], "texture": "#0"},
				"south": {"uv": [1.25, 7.125, 1.375, 8], "texture": "#0"},
				"west": {"uv": [1.375, 7.125, 1.5, 8], "texture": "#0"},
				"up": {"uv": [7.375, 8, 7.25, 7.875], "texture": "#0"},
				"down": {"uv": [8, 7.25, 7.875, 7.375], "texture": "#0"}
			}
		}
	],
	"display": {
		"thirdperson_righthand": {
			"rotation": [75, 45, 0],
			"translation": [0, 2.5, 0],
			"scale": [0.375, 0.375, 0.375]
		},
		"thirdperson_lefthand": {
			"rotation": [75, 45, 0],
			"translation": [0, 2.5, 0],
			"scale": [0.375, 0.375, 0.375]
		},
		"firstperson_righthand": {
			"rotation": [0, 45, 0],
			"scale": [0.4, 0.4, 0.4]
		},
		"firstperson_lefthand": {
			"rotation": [0, 45, 0],
			"scale": [0.4, 0.4, 0.4]
		},
		"ground": {
			"translation": [0, 0.5, 0],
			"scale": [0.48, 0.48, 0.48]
		},
		"gui": {
			"rotation": [30, 225, 0],
			"scale": [0.39, 0.39, 0.39]
		},
		"head": {
			"rotation": [0, 180, 0],
			"translation": [0, 13, 7]
		},
		"fixed": {
			"rotation": [-90, 180, 0],
			"translation": [0, 0, -19.25],
			"scale": [2.4, 2.4, 2.4]
		}
	}
}