{
	"credit": "Made with Blockbench",
	"textures": {
		"0": "item/machines/vending_machine/texture",
		"1": "item/machines/vending_machine/glass",
		"particle": "item/machines/vending_machine/texture"
	},
	"elements": [
		{
			"from": [14.5, 0, 0.25],
			"to": [16, 1.15, 1.75],
			"faces": {
				"north": {"uv": [8, 5.875, 8.25, 6], "texture": "#0"},
				"east": {"uv": [8.25, 5.875, 8.5, 6], "texture": "#0"},
				"south": {"uv": [9, 3.375, 9.25, 3.5], "texture": "#0"},
				"west": {"uv": [10.5, 4.625, 10.75, 4.75], "texture": "#0"},
				"up": {"uv": [9.5, 1.75, 9.25, 1.5], "texture": "#0"},
				"down": {"uv": [8.75, 9.875, 8.5, 10.125], "texture": "#0"}
			}
		},
		{
			"from": [0, 0, 0.25],
			"to": [1.5, 1.15, 1.75],
			"faces": {
				"north": {"uv": [10.5, 9.875, 10.75, 10], "texture": "#0"},
				"east": {"uv": [10, 10.5, 10.25, 10.625], "texture": "#0"},
				"south": {"uv": [10.25, 10.5, 10.5, 10.625], "texture": "#0"},
				"west": {"uv": [10.5, 10.5, 10.75, 10.625], "texture": "#0"},
				"up": {"uv": [8.75, 10.375, 8.5, 10.125], "texture": "#0"},
				"down": {"uv": [8.625, 10.375, 8.375, 10.625], "texture": "#0"}
			}
		},
		{
			"from": [0, 0, 14.5],
			"to": [1.5, 1.15, 16],
			"faces": {
				"north": {"uv": [10.625, 1.5, 10.875, 1.625], "texture": "#0"},
				"east": {"uv": [10.625, 1.625, 10.875, 1.75], "texture": "#0"},
				"south": {"uv": [10.625, 1.75, 10.875, 1.875], "texture": "#0"},
				"west": {"uv": [10.625, 1.875, 10.875, 2], "texture": "#0"},
				"up": {"uv": [8.875, 10.625, 8.625, 10.375], "texture": "#0"},
				"down": {"uv": [10.75, 4.125, 10.5, 4.375], "texture": "#0"}
			}
		},
		{
			"from": [14.5, 0, 14.5],
			"to": [16, 1.15, 16],
			"faces": {
				"north": {"uv": [10.625, 2, 10.875, 2.125], "texture": "#0"},
				"east": {"uv": [10.625, 2.125, 10.875, 2.25], "texture": "#0"},
				"south": {"uv": [10.625, 2.25, 10.875, 2.375], "texture": "#0"},
				"west": {"uv": [10.625, 2.375, 10.875, 2.5], "texture": "#0"},
				"up": {"uv": [10.75, 4.625, 10.5, 4.375], "texture": "#0"},
				"down": {"uv": [7, 10.5, 6.75, 10.75], "texture": "#0"}
			}
		},
		{
			"from": [0, 1.15, 0.25],
			"to": [16, 1.35, 16],
			"faces": {
				"north": {"uv": [9.75, 5.75, 11.75, 5.875], "texture": "#0"},
				"east": {"uv": [9.75, 5.875, 11.75, 6], "texture": "#0"},
				"south": {"uv": [9.75, 6, 11.75, 6.125], "texture": "#0"},
				"west": {"uv": [9.75, 6.125, 11.75, 6.25], "texture": "#0"},
				"up": {"uv": [2, 2, 0, 0], "texture": "#0"},
				"down": {"uv": [2.1875, 2, 0, 4.0625], "texture": "#0"}
			}
		},
		{
			"from": [3.575, 4.15, 1],
			"to": [15.85, 4.35, 16.975],
			"rotation": {"angle": -22.5, "axis": "x", "origin": [8, 1.25, 8]},
			"faces": {
				"north": {"uv": [5.75, 3.875, 7.25, 4], "texture": "#0"},
				"east": {"uv": [9.75, 6.25, 11.75, 6.375], "texture": "#0"},
				"south": {"uv": [9.75, 8.25, 11.25, 8.375], "texture": "#0"},
				"west": {"uv": [9.75, 6.375, 11.75, 6.5], "texture": "#0"},
				"up": {"uv": [8.5, 8, 7, 6], "texture": "#0"},
				"down": {"uv": [8.75, 3.875, 7.25, 5.875], "texture": "#0"}
			}
		},
		{
			"from": [3.575, 8.15, 2.725],
			"to": [15.85, 8.35, 15.75],
			"faces": {
				"north": {"uv": [9.875, 3.5, 11.375, 3.625], "texture": "#0"},
				"east": {"uv": [9.75, 8, 11.375, 8.125], "texture": "#0"},
				"south": {"uv": [9.875, 3.625, 11.375, 3.75], "texture": "#0"},
				"west": {"uv": [9.75, 8.125, 11.375, 8.25], "texture": "#0"},
				"up": {"uv": [7.75, 9.625, 6.25, 8], "texture": "#0"},
				"down": {"uv": [9.25, 8, 7.75, 9.625], "texture": "#0"}
			}
		},
		{
			"from": [3.575, 16.15, 2.725],
			"to": [15.85, 16.35, 15.65],
			"faces": {
				"north": {"uv": [9.875, 3.25, 11.375, 3.375], "texture": "#0"},
				"east": {"uv": [9.75, 7.75, 11.375, 7.875], "texture": "#0"},
				"south": {"uv": [9.875, 3.375, 11.375, 3.5], "texture": "#0"},
				"west": {"uv": [9.75, 7.875, 11.375, 8], "texture": "#0"},
				"up": {"uv": [6.25, 9.375, 4.75, 7.75], "texture": "#0"},
				"down": {"uv": [1.5, 7.875, 0, 9.5], "texture": "#0"}
			}
		},
		{
			"from": [3.575, 24.15, 2.725],
			"to": [15.85, 24.35, 15.775],
			"faces": {
				"north": {"uv": [9.75, 8.375, 11.25, 8.5], "texture": "#0"},
				"east": {"uv": [9.75, 7.25, 11.375, 7.375], "texture": "#0"},
				"south": {"uv": [9.75, 8.5, 11.25, 8.625], "texture": "#0"},
				"west": {"uv": [9.75, 7.375, 11.375, 7.5], "texture": "#0"},
				"up": {"uv": [3.25, 9.375, 1.75, 7.75], "texture": "#0"},
				"down": {"uv": [4.75, 7.75, 3.25, 9.375], "texture": "#0"}
			}
		},
		{
			"from": [0.25, 1.35, 14],
			"to": [15.75, 17.35, 16],
			"faces": {
				"north": {"uv": [2, 0, 4, 2], "texture": "#0"},
				"east": {"uv": [0.125, 11.8125, 1.25, 15.3125], "texture": "#0"},
				"south": {"uv": [1.9375, 2.1875, 3.9375, 4.1875], "texture": "#0"},
				"west": {"uv": [9.25, 6.75, 9.5, 8.75], "texture": "#0"},
				"up": {"uv": [11.25, 0.25, 9.25, 0], "texture": "#0"},
				"down": {"uv": [11.25, 0.25, 9.25, 0.5], "texture": "#0"}
			}
		},
		{
			"from": [14.425, 1.35, 0.25],
			"to": [16, 31.35, 16],
			"rotation": {"angle": 0, "axis": "y", "origin": [8, 9.35, 15]},
			"faces": {
				"north": {"uv": [9.25, 8.75, 9.5, 10.75], "texture": "#0"},
				"east": {"uv": [11.8125, 5.625, 15.8125, 12.5], "texture": "#0"},
				"south": {"uv": [1.75, 9.375, 2, 11.375], "texture": "#0"},
				"west": {"uv": [4, 2, 5.75, 4], "texture": "#0"},
				"up": {"uv": [3.25, 11.125, 3, 9.375], "texture": "#0"},
				"down": {"uv": [3.5, 9.375, 3.25, 11.125], "texture": "#0"}
			}
		},
		{
			"from": [0, 1.35, 0.25],
			"to": [1.575, 31.35, 16],
			"rotation": {"angle": 0, "axis": "y", "origin": [8, 9.35, 15]},
			"faces": {
				"north": {"uv": [2, 9.375, 2.25, 11.375], "texture": "#0"},
				"east": {"uv": [3.75, 4, 5.5, 6], "texture": "#0"},
				"south": {"uv": [2.25, 9.375, 2.5, 11.375], "texture": "#0"},
				"west": {"uv": [11.8125, 5.5625, 15.75, 12.25], "texture": "#0"},
				"up": {"uv": [9.625, 5.125, 9.375, 3.375], "texture": "#0"},
				"down": {"uv": [3.75, 9.375, 3.5, 11.125], "texture": "#0"}
			}
		},
		{
			"from": [-0.01, 30.475, 14],
			"to": [15.99, 31.35, 16],
			"faces": {
				"north": {"uv": [9.75, 6.5, 11.75, 6.625], "texture": "#0"},
				"east": {"uv": [10.625, 2.5, 10.875, 2.625], "texture": "#0"},
				"south": {"uv": [9.75, 6.625, 11.75, 6.75], "texture": "#0"},
				"west": {"uv": [10.625, 2.625, 10.875, 2.75], "texture": "#0"},
				"up": {"uv": [11.25, 0.75, 9.25, 0.5], "texture": "#0"},
				"down": {"uv": [11.25, 0.75, 9.25, 1], "texture": "#0"}
			}
		},
		{
			"from": [4.85, 27.825, 14],
			"to": [11.1, 30.45, 16],
			"faces": {
				"north": {"uv": [7.5, 3.5, 8.25, 3.875], "texture": "#0"},
				"east": {"uv": [8.25, 3.5, 8.5, 3.875], "texture": "#0"},
				"south": {"uv": [8.5, 7.5, 9.25, 7.875], "texture": "#0"},
				"west": {"uv": [8.5, 3.5, 8.75, 3.875], "texture": "#0"},
				"up": {"uv": [7, 8, 6.25, 7.75], "texture": "#0"},
				"down": {"uv": [8.875, 9.625, 8.125, 9.875], "texture": "#0"}
			}
		},
		{
			"from": [4.85, 26.4, 14],
			"to": [11.1, 27.8, 16],
			"faces": {
				"north": {"uv": [7.25, 5.875, 8, 6], "texture": "#0"},
				"east": {"uv": [10.625, 2.75, 10.875, 2.875], "texture": "#0"},
				"south": {"uv": [8.5, 7.875, 9.25, 8], "texture": "#0"},
				"west": {"uv": [10.625, 2.875, 10.875, 3], "texture": "#0"},
				"up": {"uv": [10.5, 8.875, 9.75, 8.625], "texture": "#0"},
				"down": {"uv": [10.5, 8.875, 9.75, 9.125], "texture": "#0"}
			}
		},
		{
			"from": [4.85, 21.325, 14],
			"to": [11.1, 22.725, 16],
			"faces": {
				"north": {"uv": [7.75, 9.875, 8.5, 10], "texture": "#0"},
				"east": {"uv": [10.625, 3, 10.875, 3.125], "texture": "#0"},
				"south": {"uv": [9.75, 9.875, 10.5, 10], "texture": "#0"},
				"west": {"uv": [10.625, 3.125, 10.875, 3.25], "texture": "#0"},
				"up": {"uv": [10.5, 9.375, 9.75, 9.125], "texture": "#0"},
				"down": {"uv": [10.5, 9.375, 9.75, 9.625], "texture": "#0"}
			}
		},
		{
			"from": [4.85, 19.525, 14],
			"to": [11.1, 20.925, 16],
			"faces": {
				"north": {"uv": [7.75, 10, 8.5, 10.125], "texture": "#0"},
				"east": {"uv": [8.375, 10.625, 8.625, 10.75], "texture": "#0"},
				"south": {"uv": [9.5, 10, 10.25, 10.125], "texture": "#0"},
				"west": {"uv": [8.625, 10.625, 8.875, 10.75], "texture": "#0"},
				"up": {"uv": [10.5, 9.875, 9.75, 9.625], "texture": "#0"},
				"down": {"uv": [10.625, 1.5, 9.875, 1.75], "texture": "#0"}
			}
		},
		{
			"from": [4.85, 17.7, 14],
			"to": [11.1, 19.1, 16],
			"faces": {
				"north": {"uv": [7.75, 10.125, 8.5, 10.25], "texture": "#0"},
				"east": {"uv": [10.625, 8.625, 10.875, 8.75], "texture": "#0"},
				"south": {"uv": [9.5, 10.125, 10.25, 10.25], "texture": "#0"},
				"west": {"uv": [10.625, 8.75, 10.875, 8.875], "texture": "#0"},
				"up": {"uv": [10.625, 2, 9.875, 1.75], "texture": "#0"},
				"down": {"uv": [10.625, 2, 9.875, 2.25], "texture": "#0"}
			}
		},
		{
			"from": [4.85, 23.075, 14],
			"to": [11.1, 24.475, 16],
			"faces": {
				"north": {"uv": [7.75, 10.25, 8.5, 10.375], "texture": "#0"},
				"east": {"uv": [8.875, 10.625, 9.125, 10.75], "texture": "#0"},
				"south": {"uv": [9.5, 10.25, 10.25, 10.375], "texture": "#0"},
				"west": {"uv": [10.625, 8.875, 10.875, 9], "texture": "#0"},
				"up": {"uv": [10.625, 2.5, 9.875, 2.25], "texture": "#0"},
				"down": {"uv": [10.625, 2.5, 9.875, 2.75], "texture": "#0"}
			}
		},
		{
			"from": [4.85, 24.775, 14],
			"to": [11.1, 26.175, 16],
			"faces": {
				"north": {"uv": [10.25, 10, 11, 10.125], "texture": "#0"},
				"east": {"uv": [10.625, 9, 10.875, 9.125], "texture": "#0"},
				"south": {"uv": [10.25, 10.125, 11, 10.25], "texture": "#0"},
				"west": {"uv": [10, 10.625, 10.25, 10.75], "texture": "#0"},
				"up": {"uv": [10.625, 3, 9.875, 2.75], "texture": "#0"},
				"down": {"uv": [10.625, 3, 9.875, 3.25], "texture": "#0"}
			}
		},
		{
			"from": [0.21053, 17.31447, 14],
			"to": [4.86053, 30.48947, 16],
			"rotation": {"angle": 0, "axis": "y", "origin": [11.53553, 23.61447, 15]},
			"faces": {
				"north": {"uv": [8.5, 5.875, 9.125, 7.5], "texture": "#0"},
				"east": {"uv": [0.5, 9.5, 0.75, 11.125], "texture": "#0"},
				"south": {"uv": [8.75, 3.5, 9.375, 5.125], "texture": "#0"},
				"west": {"uv": [0.75, 9.5, 1, 11.125], "texture": "#0"},
				"up": {"uv": [10.5, 4.25, 9.875, 4], "texture": "#0"},
				"down": {"uv": [10.5, 4.25, 9.875, 4.5], "texture": "#0"}
			}
		},
		{
			"from": [11.08553, 17.31447, 14],
			"to": [15.73553, 30.48947, 16],
			"rotation": {"angle": 0, "axis": "y", "origin": [11.53553, 23.61447, 15]},
			"faces": {
				"north": {"uv": [9, 1.75, 9.625, 3.375], "texture": "#0"},
				"east": {"uv": [2.75, 11.4375, 3.3125, 15.625], "texture": "#0"},
				"south": {"uv": [9.125, 5.125, 9.75, 6.75], "texture": "#0"},
				"west": {"uv": [1.25, 9.5, 1.5, 11.125], "texture": "#0"},
				"up": {"uv": [10.5, 4.75, 9.875, 4.5], "texture": "#0"},
				"down": {"uv": [7.375, 9.875, 6.75, 10.125], "texture": "#0"}
			}
		},
		{
			"from": [1.575, 1.35, 0.25],
			"to": [14.425, 3.35, 1],
			"faces": {
				"north": {"uv": [9.25, 1, 10.875, 1.25], "texture": "#0"},
				"east": {"uv": [7.375, 1.75, 7.5, 2], "texture": "#0"},
				"south": {"uv": [9.25, 1.25, 10.875, 1.5], "texture": "#0"},
				"west": {"uv": [9, 5.625, 9.125, 5.875], "texture": "#0"},
				"up": {"uv": [11.375, 7.625, 9.75, 7.5], "texture": "#0"},
				"down": {"uv": [11.375, 7.625, 9.75, 7.75], "texture": "#0"}
			}
		},
		{
			"from": [1.55, 18.825, 0.25],
			"to": [3.725, 31.375, 2],
			"faces": {
				"north": {"uv": [9.5, 6.75, 9.75, 8.375], "texture": "#0"},
				"east": {"uv": [9.5, 8.375, 9.75, 10], "texture": "#0"},
				"south": {"uv": [9.625, 1.5, 9.875, 3.125], "texture": "#0"},
				"west": {"uv": [9.625, 3.125, 9.875, 4.75], "texture": "#0"},
				"up": {"uv": [9.75, 10.75, 9.5, 10.5], "texture": "#0"},
				"down": {"uv": [10.75, 9.625, 10.5, 9.875], "texture": "#0"}
			}
		},
		{
			"from": [1.55, 3.325, 0.25],
			"to": [3.725, 16.9, 14.075],
			"rotation": {"angle": 0, "axis": "y", "origin": [2.6375, 9.6, 1.125]},
			"faces": {
				"north": {"uv": [5.25, 9.375, 5.5, 11.125], "texture": "#0"},
				"east": {"uv": [3.5, 6, 5.25, 7.75], "texture": "#0"},
				"south": {"uv": [5.5, 9.375, 5.75, 11.125], "texture": "#0"},
				"west": {"uv": [5.25, 6, 7, 7.75], "texture": "#0"},
				"up": {"uv": [6, 11.125, 5.75, 9.375], "texture": "#0"},
				"down": {"uv": [6.25, 9.375, 6, 11.125], "texture": "#0"}
			}
		},
		{
			"from": [1.55, 16.775, 2.025],
			"to": [3.725, 30.9, 14.075],
			"rotation": {"angle": 0, "axis": "y", "origin": [2.6375, 9.6, 1.125]},
			"faces": {
				"north": {"uv": [0, 9.5, 0.25, 11.25], "texture": "#0"},
				"east": {"uv": [7.5, 1.75, 9, 3.5], "texture": "#0"},
				"south": {"uv": [0.25, 9.5, 0.5, 11.25], "texture": "#0"},
				"west": {"uv": [7.75, 0, 9.25, 1.75], "texture": "#0"},
				"up": {"uv": [6.5, 11.125, 6.25, 9.625], "texture": "#0"},
				"down": {"uv": [6.75, 9.625, 6.5, 11.125], "texture": "#0"}
			}
		},
		{
			"from": [2.625, 16.9, 0.25],
			"to": [3.725, 19.375, 2],
			"faces": {
				"north": {"uv": [9.125, 7.25, 9.25, 7.5], "texture": "#0"},
				"east": {"uv": [7, 10.5, 7.25, 10.75], "texture": "#0"},
				"south": {"uv": [9.5, 1.5, 9.625, 1.75], "texture": "#0"},
				"west": {"uv": [7.75, 10.5, 8, 10.75], "texture": "#0"},
				"up": {"uv": [9.25, 10.875, 9.125, 10.625], "texture": "#0"},
				"down": {"uv": [10.375, 10.625, 10.25, 10.875], "texture": "#0"}
			}
		},
		{
			"from": [1.55, 16.825, 0.25],
			"to": [2.375, 19.375, 2],
			"faces": {
				"north": {"uv": [9.75, 10.5, 9.875, 10.875], "texture": "#0"},
				"east": {"uv": [8.75, 5.125, 9, 5.5], "texture": "#0"},
				"south": {"uv": [9.875, 10.5, 10, 10.875], "texture": "#0"},
				"west": {"uv": [8.75, 5.5, 9, 5.875], "texture": "#0"},
				"up": {"uv": [10.5, 10.875, 10.375, 10.625], "texture": "#0"},
				"down": {"uv": [10.625, 10.625, 10.5, 10.875], "texture": "#0"}
			}
		},
		{
			"from": [6.575, 3.35, 0.25],
			"to": [11.575, 3.825, 0.85],
			"faces": {
				"north": {"uv": [6.75, 10.125, 7.375, 10.25], "texture": "#0"},
				"east": {"uv": [9.25, 3.375, 9.375, 3.5], "texture": "#0"},
				"south": {"uv": [6.75, 10.25, 7.375, 10.375], "texture": "#0"},
				"west": {"uv": [9.625, 5, 9.75, 5.125], "texture": "#0"},
				"up": {"uv": [10.875, 10.375, 10.25, 10.25], "texture": "#0"},
				"down": {"uv": [7.375, 10.375, 6.75, 10.5], "texture": "#0"}
			}
		},
		{
			"from": [6.575, 6.39414, 0.25],
			"to": [11.575, 6.86914, 0.85],
			"rotation": {"angle": 0, "axis": "y", "origin": [0, 0.04414, 0]},
			"faces": {
				"north": {"uv": [7.75, 10.375, 8.375, 10.5], "texture": "#0"},
				"east": {"uv": [10.75, 4.625, 10.875, 4.75], "texture": "#0"},
				"south": {"uv": [9.5, 10.375, 10.125, 10.5], "texture": "#0"},
				"west": {"uv": [9, 10.75, 9.125, 10.875], "texture": "#0"},
				"up": {"uv": [10.75, 10.5, 10.125, 10.375], "texture": "#0"},
				"down": {"uv": [11.125, 4, 10.5, 4.125], "texture": "#0"}
			}
		},
		{
			"from": [11.45747, 3.46586, 0.25],
			"to": [12.15747, 3.94086, 0.85],
			"rotation": {"angle": 22.5, "axis": "z", "origin": [11.80747, 3.70336, 0.55]},
			"faces": {
				"north": {"uv": [10.75, 9.125, 10.875, 9.25], "texture": "#0"},
				"east": {"uv": [9.25, 10.75, 9.375, 10.875], "texture": "#0"},
				"south": {"uv": [10.75, 9.25, 10.875, 9.375], "texture": "#0"},
				"west": {"uv": [9.375, 10.75, 9.5, 10.875], "texture": "#0"},
				"up": {"uv": [10.875, 9.5, 10.75, 9.375], "texture": "#0"},
				"down": {"uv": [9.625, 10.75, 9.5, 10.875], "texture": "#0"}
			}
		},
		{
			"from": [11.95126, 3.7958, 0.25],
			"to": [12.65126, 4.2708, 0.85],
			"rotation": {"angle": 45, "axis": "z", "origin": [12.30126, 4.0333, 0.55]},
			"faces": {
				"north": {"uv": [10.75, 9.5, 10.875, 9.625], "texture": "#0"},
				"east": {"uv": [9.625, 10.75, 9.75, 10.875], "texture": "#0"},
				"south": {"uv": [10.75, 9.625, 10.875, 9.75], "texture": "#0"},
				"west": {"uv": [10.75, 9.75, 10.875, 9.875], "texture": "#0"},
				"up": {"uv": [10.875, 10, 10.75, 9.875], "texture": "#0"},
				"down": {"uv": [10.125, 10.75, 10, 10.875], "texture": "#0"}
			}
		},
		{
			"from": [12.39371, 4.1771, 0.25],
			"to": [12.86871, 4.8771, 0.85],
			"rotation": {"angle": -22.5, "axis": "z", "origin": [12.63121, 4.5271, 0.55]},
			"faces": {
				"north": {"uv": [10.125, 10.75, 10.25, 10.875], "texture": "#0"},
				"east": {"uv": [10.75, 10.375, 10.875, 10.5], "texture": "#0"},
				"south": {"uv": [10.75, 10.5, 10.875, 10.625], "texture": "#0"},
				"west": {"uv": [10.75, 10.625, 10.875, 10.75], "texture": "#0"},
				"up": {"uv": [10.875, 10.875, 10.75, 10.75], "texture": "#0"},
				"down": {"uv": [11, 1, 10.875, 1.125], "texture": "#0"}
			}
		},
		{
			"from": [12.50957, 4.75957, 0.25],
			"to": [12.98457, 5.45957, 0.85],
			"rotation": {"angle": 0, "axis": "y", "origin": [12.74707, 5.10957, 0.55]},
			"faces": {
				"north": {"uv": [10.875, 1.125, 11, 1.25], "texture": "#0"},
				"east": {"uv": [10.875, 1.25, 11, 1.375], "texture": "#0"},
				"south": {"uv": [10.875, 1.375, 11, 1.5], "texture": "#0"},
				"west": {"uv": [1.5, 10.875, 1.625, 11], "texture": "#0"},
				"up": {"uv": [11, 1.625, 10.875, 1.5], "texture": "#0"},
				"down": {"uv": [1.75, 10.875, 1.625, 11], "texture": "#0"}
			}
		},
		{
			"from": [12.39371, 5.34204, 0.25],
			"to": [12.86871, 6.04204, 0.85],
			"rotation": {"angle": 22.5, "axis": "z", "origin": [12.63121, 5.69204, 0.55]},
			"faces": {
				"north": {"uv": [10.875, 1.625, 11, 1.75], "texture": "#0"},
				"east": {"uv": [10.875, 1.75, 11, 1.875], "texture": "#0"},
				"south": {"uv": [10.875, 1.875, 11, 2], "texture": "#0"},
				"west": {"uv": [10.875, 2, 11, 2.125], "texture": "#0"},
				"up": {"uv": [11, 2.25, 10.875, 2.125], "texture": "#0"},
				"down": {"uv": [11, 2.25, 10.875, 2.375], "texture": "#0"}
			}
		},
		{
			"from": [12.06376, 5.83583, 0.25],
			"to": [12.53876, 6.53583, 0.85],
			"rotation": {"angle": 45, "axis": "z", "origin": [12.30126, 6.18583, 0.55]},
			"faces": {
				"north": {"uv": [10.875, 2.375, 11, 2.5], "texture": "#0"},
				"east": {"uv": [10.875, 2.5, 11, 2.625], "texture": "#0"},
				"south": {"uv": [10.875, 2.625, 11, 2.75], "texture": "#0"},
				"west": {"uv": [10.875, 2.75, 11, 2.875], "texture": "#0"},
				"up": {"uv": [11, 3, 10.875, 2.875], "texture": "#0"},
				"down": {"uv": [11, 3, 10.875, 3.125], "texture": "#0"}
			}
		},
		{
			"from": [11.45747, 6.27828, 0.25],
			"to": [12.15747, 6.75328, 0.85],
			"rotation": {"angle": -22.5, "axis": "z", "origin": [11.80747, 6.51578, 0.55]},
			"faces": {
				"north": {"uv": [10.875, 3.125, 11, 3.25], "texture": "#0"},
				"east": {"uv": [10.875, 4.125, 11, 4.25], "texture": "#0"},
				"south": {"uv": [10.875, 4.25, 11, 4.375], "texture": "#0"},
				"west": {"uv": [10.875, 4.375, 11, 4.5], "texture": "#0"},
				"up": {"uv": [11, 4.625, 10.875, 4.5], "texture": "#0"},
				"down": {"uv": [11, 4.625, 10.875, 4.75], "texture": "#0"}
			}
		},
		{
			"from": [6.00395, 3.52326, 0.25],
			"to": [6.70395, 3.99826, 0.85],
			"rotation": {"angle": -22.5, "axis": "z", "origin": [6.20395, 3.76076, 0.55]},
			"faces": {
				"north": {"uv": [7.375, 10.875, 7.5, 11], "texture": "#0"},
				"east": {"uv": [7.5, 10.875, 7.625, 11], "texture": "#0"},
				"south": {"uv": [7.625, 10.875, 7.75, 11], "texture": "#0"},
				"west": {"uv": [10.875, 8.625, 11, 8.75], "texture": "#0"},
				"up": {"uv": [11, 8.875, 10.875, 8.75], "texture": "#0"},
				"down": {"uv": [11, 8.875, 10.875, 9], "texture": "#0"}
			}
		},
		{
			"from": [5.54267, 3.90187, 0.25],
			"to": [6.24267, 4.37687, 0.85],
			"rotation": {"angle": -45, "axis": "z", "origin": [5.74267, 4.13937, 0.55]},
			"faces": {
				"north": {"uv": [9, 10.875, 9.125, 11], "texture": "#0"},
				"east": {"uv": [10.875, 9, 11, 9.125], "texture": "#0"},
				"south": {"uv": [9.125, 10.875, 9.25, 11], "texture": "#0"},
				"west": {"uv": [10.875, 9.125, 11, 9.25], "texture": "#0"},
				"up": {"uv": [9.375, 11, 9.25, 10.875], "texture": "#0"},
				"down": {"uv": [11, 9.25, 10.875, 9.375], "texture": "#0"}
			}
		},
		{
			"from": [5.22389, 4.16568, 0.25],
			"to": [5.69889, 4.86568, 0.85],
			"rotation": {"angle": 22.5, "axis": "z", "origin": [5.46139, 4.66568, 0.55]},
			"faces": {
				"north": {"uv": [9.375, 10.875, 9.5, 11], "texture": "#0"},
				"east": {"uv": [10.875, 9.375, 11, 9.5], "texture": "#0"},
				"south": {"uv": [9.5, 10.875, 9.625, 11], "texture": "#0"},
				"west": {"uv": [10.875, 9.5, 11, 9.625], "texture": "#0"},
				"up": {"uv": [9.75, 11, 9.625, 10.875], "texture": "#0"},
				"down": {"uv": [11, 9.625, 10.875, 9.75], "texture": "#0"}
			}
		},
		{
			"from": [5.16543, 4.75957, 0.25],
			"to": [5.64043, 5.45957, 0.85],
			"rotation": {"angle": 0, "axis": "y", "origin": [5.40293, 5.25957, 0.55]},
			"faces": {
				"north": {"uv": [9.75, 10.875, 9.875, 11], "texture": "#0"},
				"east": {"uv": [10.875, 9.75, 11, 9.875], "texture": "#0"},
				"south": {"uv": [9.875, 10.875, 10, 11], "texture": "#0"},
				"west": {"uv": [10.875, 9.875, 11, 10], "texture": "#0"},
				"up": {"uv": [10.125, 11, 10, 10.875], "texture": "#0"},
				"down": {"uv": [10.25, 10.875, 10.125, 11], "texture": "#0"}
			}
		},
		{
			"from": [5.33869, 5.33062, 0.25],
			"to": [5.81369, 6.03062, 0.85],
			"rotation": {"angle": -22.5, "axis": "z", "origin": [5.57619, 5.83062, 0.55]},
			"faces": {
				"north": {"uv": [10.25, 10.875, 10.375, 11], "texture": "#0"},
				"east": {"uv": [10.875, 10.25, 11, 10.375], "texture": "#0"},
				"south": {"uv": [10.375, 10.875, 10.5, 11], "texture": "#0"},
				"west": {"uv": [10.875, 10.375, 11, 10.5], "texture": "#0"},
				"up": {"uv": [10.625, 11, 10.5, 10.875], "texture": "#0"},
				"down": {"uv": [11, 10.5, 10.875, 10.625], "texture": "#0"}
			}
		},
		{
			"from": [5.7173, 5.7919, 0.25],
			"to": [6.1923, 6.4919, 0.85],
			"rotation": {"angle": -45, "axis": "z", "origin": [5.9548, 6.2919, 0.55]},
			"faces": {
				"north": {"uv": [10.625, 10.875, 10.75, 11], "texture": "#0"},
				"east": {"uv": [10.875, 10.625, 11, 10.75], "texture": "#0"},
				"south": {"uv": [10.75, 10.875, 10.875, 11], "texture": "#0"},
				"west": {"uv": [10.875, 10.75, 11, 10.875], "texture": "#0"},
				"up": {"uv": [11, 11, 10.875, 10.875], "texture": "#0"},
				"down": {"uv": [11.125, 1, 11, 1.125], "texture": "#0"}
			}
		},
		{
			"from": [5.98111, 6.33568, 0.25],
			"to": [6.68111, 6.81068, 0.85],
			"rotation": {"angle": 22.5, "axis": "z", "origin": [6.48111, 6.57318, 0.55]},
			"faces": {
				"north": {"uv": [11, 1.125, 11.125, 1.25], "texture": "#0"},
				"east": {"uv": [11, 1.25, 11.125, 1.375], "texture": "#0"},
				"south": {"uv": [11, 1.375, 11.125, 1.5], "texture": "#0"},
				"west": {"uv": [1.5, 11, 1.625, 11.125], "texture": "#0"},
				"up": {"uv": [11.125, 1.625, 11, 1.5], "texture": "#0"},
				"down": {"uv": [1.75, 11, 1.625, 11.125], "texture": "#0"}
			}
		},
		{
			"from": [2.425, 23.5, 0],
			"to": [3.325, 24.5, 0.25],
			"faces": {
				"north": {"uv": [11.125, 8.625, 11.25, 8.75], "texture": "#0"},
				"east": {"uv": [8.75, 11.125, 8.875, 11.25], "texture": "#0"},
				"south": {"uv": [11.125, 8.75, 11.25, 8.875], "texture": "#0"},
				"west": {"uv": [8.875, 11.125, 9, 11.25], "texture": "#0"},
				"up": {"uv": [11.25, 9, 11.125, 8.875], "texture": "#0"},
				"down": {"uv": [9.125, 11.125, 9, 11.25], "texture": "#0"}
			}
		},
		{
			"from": [1.425, 23.5, 0],
			"to": [2.325, 24.5, 0.25],
			"faces": {
				"north": {"uv": [11.125, 9, 11.25, 9.125], "texture": "#0"},
				"east": {"uv": [9.125, 11.125, 9.25, 11.25], "texture": "#0"},
				"south": {"uv": [11.125, 9.125, 11.25, 9.25], "texture": "#0"},
				"west": {"uv": [9.25, 11.125, 9.375, 11.25], "texture": "#0"},
				"up": {"uv": [11.25, 9.375, 11.125, 9.25], "texture": "#0"},
				"down": {"uv": [9.5, 11.125, 9.375, 11.25], "texture": "#0"}
			}
		},
		{
			"from": [0.425, 23.5, 0],
			"to": [1.325, 24.5, 0.25],
			"faces": {
				"north": {"uv": [11, 1.625, 11.125, 1.75], "texture": "#0"},
				"east": {"uv": [11, 1.75, 11.125, 1.875], "texture": "#0"},
				"south": {"uv": [11, 1.875, 11.125, 2], "texture": "#0"},
				"west": {"uv": [11, 2, 11.125, 2.125], "texture": "#0"},
				"up": {"uv": [11.125, 2.25, 11, 2.125], "texture": "#0"},
				"down": {"uv": [11.125, 2.25, 11, 2.375], "texture": "#0"}
			}
		},
		{
			"from": [2.425, 22.4, 0],
			"to": [3.325, 23.4, 0.25],
			"faces": {
				"north": {"uv": [11.125, 9.375, 11.25, 9.5], "texture": "#0"},
				"east": {"uv": [9.5, 11.125, 9.625, 11.25], "texture": "#0"},
				"south": {"uv": [11.125, 9.5, 11.25, 9.625], "texture": "#0"},
				"west": {"uv": [9.625, 11.125, 9.75, 11.25], "texture": "#0"},
				"up": {"uv": [11.25, 9.75, 11.125, 9.625], "texture": "#0"},
				"down": {"uv": [9.875, 11.125, 9.75, 11.25], "texture": "#0"}
			}
		},
		{
			"from": [1.425, 22.4, 0],
			"to": [2.325, 23.4, 0.25],
			"faces": {
				"north": {"uv": [11.125, 9.75, 11.25, 9.875], "texture": "#0"},
				"east": {"uv": [9.875, 11.125, 10, 11.25], "texture": "#0"},
				"south": {"uv": [11.125, 9.875, 11.25, 10], "texture": "#0"},
				"west": {"uv": [10, 11.125, 10.125, 11.25], "texture": "#0"},
				"up": {"uv": [11.25, 10.125, 11.125, 10], "texture": "#0"},
				"down": {"uv": [10.25, 11.125, 10.125, 11.25], "texture": "#0"}
			}
		},
		{
			"from": [0.425, 22.4, 0],
			"to": [1.325, 23.4, 0.25],
			"faces": {
				"north": {"uv": [11, 2.375, 11.125, 2.5], "texture": "#0"},
				"east": {"uv": [11, 2.5, 11.125, 2.625], "texture": "#0"},
				"south": {"uv": [11, 2.625, 11.125, 2.75], "texture": "#0"},
				"west": {"uv": [11, 2.75, 11.125, 2.875], "texture": "#0"},
				"up": {"uv": [11.125, 3, 11, 2.875], "texture": "#0"},
				"down": {"uv": [11.125, 3, 11, 3.125], "texture": "#0"}
			}
		},
		{
			"from": [2.425, 21.275, 0],
			"to": [3.325, 22.275, 0.25],
			"faces": {
				"north": {"uv": [11.125, 10.125, 11.25, 10.25], "texture": "#0"},
				"east": {"uv": [10.25, 11.125, 10.375, 11.25], "texture": "#0"},
				"south": {"uv": [11.125, 10.25, 11.25, 10.375], "texture": "#0"},
				"west": {"uv": [10.375, 11.125, 10.5, 11.25], "texture": "#0"},
				"up": {"uv": [11.25, 10.5, 11.125, 10.375], "texture": "#0"},
				"down": {"uv": [10.625, 11.125, 10.5, 11.25], "texture": "#0"}
			}
		},
		{
			"from": [1.425, 21.275, 0],
			"to": [2.325, 22.275, 0.25],
			"faces": {
				"north": {"uv": [11.125, 10.5, 11.25, 10.625], "texture": "#0"},
				"east": {"uv": [10.625, 11.125, 10.75, 11.25], "texture": "#0"},
				"south": {"uv": [11.125, 10.625, 11.25, 10.75], "texture": "#0"},
				"west": {"uv": [10.75, 11.125, 10.875, 11.25], "texture": "#0"},
				"up": {"uv": [11.25, 10.875, 11.125, 10.75], "texture": "#0"},
				"down": {"uv": [11, 11.125, 10.875, 11.25], "texture": "#0"}
			}
		},
		{
			"from": [1.425, 20.2, 0],
			"to": [2.325, 21.2, 0.25],
			"faces": {
				"north": {"uv": [11, 3.125, 11.125, 3.25], "texture": "#0"},
				"east": {"uv": [11, 4.125, 11.125, 4.25], "texture": "#0"},
				"south": {"uv": [11, 4.25, 11.125, 4.375], "texture": "#0"},
				"west": {"uv": [11, 4.375, 11.125, 4.5], "texture": "#0"},
				"up": {"uv": [11.125, 4.625, 11, 4.5], "texture": "#0"},
				"down": {"uv": [11.125, 4.625, 11, 4.75], "texture": "#0"}
			}
		},
		{
			"from": [1.35, 17.325, 0],
			"to": [2.05, 18.125, 0.25],
			"faces": {
				"north": {"uv": [11, 4.75, 11.125, 4.875], "texture": "#0"},
				"east": {"uv": [11, 4.875, 11.125, 5], "texture": "#0"},
				"south": {"uv": [6.75, 11, 6.875, 11.125], "texture": "#0"},
				"west": {"uv": [6.875, 11, 7, 11.125], "texture": "#0"},
				"up": {"uv": [7.125, 11.125, 7, 11], "texture": "#0"},
				"down": {"uv": [7.25, 11, 7.125, 11.125], "texture": "#0"}
			}
		},
		{
			"from": [0.425, 21.275, 0],
			"to": [1.325, 22.275, 0.25],
			"faces": {
				"north": {"uv": [7.25, 11, 7.375, 11.125], "texture": "#0"},
				"east": {"uv": [7.375, 11, 7.5, 11.125], "texture": "#0"},
				"south": {"uv": [7.5, 11, 7.625, 11.125], "texture": "#0"},
				"west": {"uv": [7.625, 11, 7.75, 11.125], "texture": "#0"},
				"up": {"uv": [7.875, 11.125, 7.75, 11], "texture": "#0"},
				"down": {"uv": [8, 11, 7.875, 11.125], "texture": "#0"}
			}
		},
		{
			"from": [3.725, 6.86914, 0.25],
			"to": [14.425, 8.41914, 1],
			"rotation": {"angle": 0, "axis": "y", "origin": [2.575, -0.13086, 0]},
			"faces": {
				"north": {"uv": [6, 1.75, 7.375, 2], "texture": "#0"},
				"east": {"uv": [10.625, 10.625, 10.75, 10.875], "texture": "#0"},
				"south": {"uv": [9.625, 4.75, 11, 5], "texture": "#0"},
				"west": {"uv": [10.75, 4.125, 10.875, 4.375], "texture": "#0"},
				"up": {"uv": [11.25, 3.875, 9.875, 3.75], "texture": "#0"},
				"down": {"uv": [11.25, 3.875, 9.875, 4], "texture": "#0"}
			}
		},
		{
			"from": [13, 3.375, 0.25],
			"to": [14.425, 6.875, 1.1],
			"faces": {
				"north": {"uv": [9, 5.125, 9.125, 5.625], "texture": "#0"},
				"east": {"uv": [9.125, 6.75, 9.25, 7.25], "texture": "#0"},
				"south": {"uv": [8.75, 9.875, 8.875, 10.375], "texture": "#0"},
				"west": {"uv": [7.25, 10.5, 7.375, 11], "texture": "#0"},
				"up": {"uv": [8.125, 11.125, 8, 11], "texture": "#0"},
				"down": {"uv": [8.25, 11, 8.125, 11.125], "texture": "#0"}
			}
		},
		{
			"from": [12.64332, 3.044, 0.25],
			"to": [13.31832, 4.544, 0.85],
			"rotation": {"angle": -22.5, "axis": "z", "origin": [13.35582, 3.794, 1.125]},
			"faces": {
				"north": {"uv": [8.25, 11, 8.375, 11.125], "texture": "#0"},
				"east": {"uv": [8.375, 11, 8.5, 11.125], "texture": "#0"},
				"south": {"uv": [8.5, 11, 8.625, 11.125], "texture": "#0"},
				"west": {"uv": [8.625, 11, 8.75, 11.125], "texture": "#0"},
				"up": {"uv": [11.125, 8.75, 11, 8.625], "texture": "#0"},
				"down": {"uv": [8.875, 11, 8.75, 11.125], "texture": "#0"}
			}
		},
		{
			"from": [12.64332, 5.67514, 0.25],
			"to": [13.31832, 7.17514, 1.1],
			"rotation": {"angle": 22.5, "axis": "z", "origin": [13.35582, 6.42514, 1.125]},
			"faces": {
				"north": {"uv": [10.75, 4.375, 10.875, 4.625], "texture": "#0"},
				"east": {"uv": [6.75, 10.75, 6.875, 11], "texture": "#0"},
				"south": {"uv": [6.875, 10.75, 7, 11], "texture": "#0"},
				"west": {"uv": [7, 10.75, 7.125, 11], "texture": "#0"},
				"up": {"uv": [11.125, 8.875, 11, 8.75], "texture": "#0"},
				"down": {"uv": [9, 11, 8.875, 11.125], "texture": "#0"}
			}
		},
		{
			"from": [4.49699, 3.92661, 0.25],
			"to": [5.17199, 5.42661, 0.8],
			"rotation": {"angle": 22.5, "axis": "z", "origin": [4.83449, 4.67661, 1.125]},
			"faces": {
				"north": {"uv": [7.125, 10.75, 7.25, 11], "texture": "#0"},
				"east": {"uv": [7.75, 10.75, 7.875, 11], "texture": "#0"},
				"south": {"uv": [7.875, 10.75, 8, 11], "texture": "#0"},
				"west": {"uv": [8.375, 10.75, 8.5, 11], "texture": "#0"},
				"up": {"uv": [11.125, 9, 11, 8.875], "texture": "#0"},
				"down": {"uv": [9.125, 11, 9, 11.125], "texture": "#0"}
			}
		},
		{
			"from": [4.80313, 5.53163, 0.25],
			"to": [5.47813, 7.03163, 0.85],
			"rotation": {"angle": -22.5, "axis": "z", "origin": [5.14063, 6.28163, 1.125]},
			"faces": {
				"north": {"uv": [8.5, 10.75, 8.625, 11], "texture": "#0"},
				"east": {"uv": [8.625, 10.75, 8.75, 11], "texture": "#0"},
				"south": {"uv": [8.75, 10.75, 8.875, 11], "texture": "#0"},
				"west": {"uv": [8.875, 10.75, 9, 11], "texture": "#0"},
				"up": {"uv": [11.125, 9.125, 11, 9], "texture": "#0"},
				"down": {"uv": [9.25, 11, 9.125, 11.125], "texture": "#0"}
			}
		},
		{
			"from": [12.64332, 2.769, 0.25],
			"to": [13.31832, 3.544, 0.85],
			"rotation": {"angle": -45, "axis": "z", "origin": [13.35582, 3.794, 1.125]},
			"faces": {
				"north": {"uv": [11, 9.125, 11.125, 9.25], "texture": "#0"},
				"east": {"uv": [9.25, 11, 9.375, 11.125], "texture": "#0"},
				"south": {"uv": [11, 9.25, 11.125, 9.375], "texture": "#0"},
				"west": {"uv": [9.375, 11, 9.5, 11.125], "texture": "#0"},
				"up": {"uv": [11.125, 9.5, 11, 9.375], "texture": "#0"},
				"down": {"uv": [9.625, 11, 9.5, 11.125], "texture": "#0"}
			}
		},
		{
			"from": [11.78322, 6.30988, 0.25],
			"to": [12.45822, 7.08488, 1.125],
			"rotation": {"angle": 45, "axis": "z", "origin": [12.49572, 7.33488, 1.125]},
			"faces": {
				"north": {"uv": [11, 9.5, 11.125, 9.625], "texture": "#0"},
				"east": {"uv": [9.625, 11, 9.75, 11.125], "texture": "#0"},
				"south": {"uv": [11, 9.625, 11.125, 9.75], "texture": "#0"},
				"west": {"uv": [9.75, 11, 9.875, 11.125], "texture": "#0"},
				"up": {"uv": [11.125, 9.875, 11, 9.75], "texture": "#0"},
				"down": {"uv": [10, 11, 9.875, 11.125], "texture": "#0"}
			}
		},
		{
			"from": [4.75313, 3.19502, 0.25],
			"to": [5.75313, 3.97002, 0.85],
			"rotation": {"angle": -45, "axis": "z", "origin": [5.41563, 3.58252, 1.125]},
			"faces": {
				"north": {"uv": [11, 9.875, 11.125, 10], "texture": "#0"},
				"east": {"uv": [10, 11, 10.125, 11.125], "texture": "#0"},
				"south": {"uv": [11, 10, 11.125, 10.125], "texture": "#0"},
				"west": {"uv": [10.125, 11, 10.25, 11.125], "texture": "#0"},
				"up": {"uv": [11.125, 10.25, 11, 10.125], "texture": "#0"},
				"down": {"uv": [10.375, 11, 10.25, 11.125], "texture": "#0"}
			}
		},
		{
			"from": [5.13116, 6.23144, 0.25],
			"to": [5.80616, 7.00644, 0.85],
			"rotation": {"angle": -45, "axis": "z", "origin": [5.46866, 6.61894, 1.125]},
			"faces": {
				"north": {"uv": [11, 10.25, 11.125, 10.375], "texture": "#0"},
				"east": {"uv": [10.375, 11, 10.5, 11.125], "texture": "#0"},
				"south": {"uv": [11, 10.375, 11.125, 10.5], "texture": "#0"},
				"west": {"uv": [10.5, 11, 10.625, 11.125], "texture": "#0"},
				"up": {"uv": [11.125, 10.625, 11, 10.5], "texture": "#0"},
				"down": {"uv": [10.75, 11, 10.625, 11.125], "texture": "#0"}
			}
		},
		{
			"from": [11.77535, 3.44279, 0.25],
			"to": [12.47535, 3.76779, 0.85],
			"rotation": {"angle": 22.5, "axis": "z", "origin": [12.72535, 3.05529, 1.125]},
			"faces": {
				"north": {"uv": [11, 10.625, 11.125, 10.75], "texture": "#0"},
				"east": {"uv": [10.75, 11, 10.875, 11.125], "texture": "#0"},
				"south": {"uv": [11, 10.75, 11.125, 10.875], "texture": "#0"},
				"west": {"uv": [10.875, 11, 11, 11.125], "texture": "#0"},
				"up": {"uv": [11.125, 11, 11, 10.875], "texture": "#0"},
				"down": {"uv": [11.125, 11, 11, 11.125], "texture": "#0"}
			}
		},
		{
			"from": [11.86669, 6.91057, 0.25],
			"to": [12.56669, 7.23557, 1.175],
			"rotation": {"angle": -22.5, "axis": "z", "origin": [11.61669, 7.62307, 1.125]},
			"faces": {
				"north": {"uv": [0.5, 11.125, 0.625, 11.25], "texture": "#0"},
				"east": {"uv": [0.625, 11.125, 0.75, 11.25], "texture": "#0"},
				"south": {"uv": [0.75, 11.125, 0.875, 11.25], "texture": "#0"},
				"west": {"uv": [0.875, 11.125, 1, 11.25], "texture": "#0"},
				"up": {"uv": [1.125, 11.25, 1, 11.125], "texture": "#0"},
				"down": {"uv": [11.25, 1, 11.125, 1.125], "texture": "#0"}
			}
		},
		{
			"from": [5.58946, 3.14631, 0.25],
			"to": [6.53946, 3.49631, 0.85],
			"rotation": {"angle": -22.5, "axis": "z", "origin": [6.18946, 3.33381, 1.125]},
			"faces": {
				"north": {"uv": [1.125, 11.125, 1.25, 11.25], "texture": "#0"},
				"east": {"uv": [11.125, 1.125, 11.25, 1.25], "texture": "#0"},
				"south": {"uv": [1.25, 11.125, 1.375, 11.25], "texture": "#0"},
				"west": {"uv": [11.125, 1.25, 11.25, 1.375], "texture": "#0"},
				"up": {"uv": [1.5, 11.25, 1.375, 11.125], "texture": "#0"},
				"down": {"uv": [11.25, 1.375, 11.125, 1.5], "texture": "#0"}
			}
		},
		{
			"from": [5.83946, 6.72283, 0.25],
			"to": [6.78946, 7.07283, 0.9],
			"rotation": {"angle": 22.5, "axis": "z", "origin": [6.18946, 6.88533, 1.125]},
			"faces": {
				"north": {"uv": [1.5, 11.125, 1.625, 11.25], "texture": "#0"},
				"east": {"uv": [11.125, 1.5, 11.25, 1.625], "texture": "#0"},
				"south": {"uv": [1.625, 11.125, 1.75, 11.25], "texture": "#0"},
				"west": {"uv": [11.125, 1.625, 11.25, 1.75], "texture": "#0"},
				"up": {"uv": [11.25, 1.875, 11.125, 1.75], "texture": "#0"},
				"down": {"uv": [11.25, 1.875, 11.125, 2], "texture": "#0"}
			}
		},
		{
			"from": [3.75, 3.375, 0.25],
			"to": [5.175, 6.875, 0.85],
			"faces": {
				"north": {"uv": [8, 10.5, 8.125, 11], "texture": "#0"},
				"east": {"uv": [8.125, 10.5, 8.25, 11], "texture": "#0"},
				"south": {"uv": [8.25, 10.5, 8.375, 11], "texture": "#0"},
				"west": {"uv": [10.5, 8.625, 10.625, 9.125], "texture": "#0"},
				"up": {"uv": [11.25, 2.125, 11.125, 2], "texture": "#0"},
				"down": {"uv": [11.25, 2.125, 11.125, 2.25], "texture": "#0"}
			}
		},
		{
			"from": [-0.025, 31.35, 0.25],
			"to": [16, 32, 16],
			"faces": {
				"north": {"uv": [9.75, 6.75, 11.75, 6.875], "texture": "#0"},
				"east": {"uv": [9.75, 6.875, 11.75, 7], "texture": "#0"},
				"south": {"uv": [9.75, 7, 11.75, 7.125], "texture": "#0"},
				"west": {"uv": [9.75, 7.125, 11.75, 7.25], "texture": "#0"},
				"up": {"uv": [2, 6, 0, 4], "texture": "#0"},
				"down": {"uv": [6, 0, 4, 2], "texture": "#0"}
			}
		},
		{
			"from": [3.725, 29.775, 0.25],
			"to": [14.425, 31.35, 2],
			"faces": {
				"north": {"uv": [6.75, 9.625, 8.125, 9.875], "texture": "#0"},
				"east": {"uv": [10.5, 9.125, 10.75, 9.375], "texture": "#0"},
				"south": {"uv": [9.75, 5, 11.125, 5.25], "texture": "#0"},
				"west": {"uv": [10.5, 9.375, 10.75, 9.625], "texture": "#0"},
				"up": {"uv": [11.125, 5.5, 9.75, 5.25], "texture": "#0"},
				"down": {"uv": [11.125, 5.5, 9.75, 5.75], "texture": "#0"}
			}
		},
		{
			"from": [0, 16.775, 0],
			"to": [0.2, 24.525, 0.25],
			"faces": {
				"north": {"uv": [8.875, 9.625, 9, 10.625], "texture": "#0"},
				"east": {"uv": [9, 9.625, 9.125, 10.625], "texture": "#0"},
				"south": {"uv": [9.125, 9.625, 9.25, 10.625], "texture": "#0"},
				"west": {"uv": [1.5, 9.875, 1.625, 10.875], "texture": "#0"},
				"up": {"uv": [11.25, 2.375, 11.125, 2.25], "texture": "#0"},
				"down": {"uv": [11.25, 2.375, 11.125, 2.5], "texture": "#0"}
			}
		},
		{
			"from": [0.82707, 15.37564, 0],
			"to": [1.57707, 15.57564, 0.25],
			"rotation": {"angle": -22.5, "axis": "z", "origin": [1.20207, 15.47564, 0.125]},
			"faces": {
				"north": {"uv": [11.125, 2.5, 11.25, 2.625], "texture": "#0"},
				"east": {"uv": [11.125, 2.625, 11.25, 2.75], "texture": "#0"},
				"south": {"uv": [11.125, 2.75, 11.25, 2.875], "texture": "#0"},
				"west": {"uv": [11.125, 2.875, 11.25, 3], "texture": "#0"},
				"up": {"uv": [3.125, 11.25, 3, 11.125], "texture": "#0"},
				"down": {"uv": [11.25, 3, 11.125, 3.125], "texture": "#0"}
			}
		},
		{
			"from": [1.51025, 15.23975, 0],
			"to": [2.26025, 15.43975, 0.25],
			"rotation": {"angle": 0, "axis": "y", "origin": [1.88525, 15.33975, 0.125]},
			"faces": {
				"north": {"uv": [3.125, 11.125, 3.25, 11.25], "texture": "#0"},
				"east": {"uv": [11.125, 3.125, 11.25, 3.25], "texture": "#0"},
				"south": {"uv": [3.25, 11.125, 3.375, 11.25], "texture": "#0"},
				"west": {"uv": [3.375, 11.125, 3.5, 11.25], "texture": "#0"},
				"up": {"uv": [3.625, 11.25, 3.5, 11.125], "texture": "#0"},
				"down": {"uv": [3.75, 11.125, 3.625, 11.25], "texture": "#0"}
			}
		},
		{
			"from": [2.19344, 15.37564, 0],
			"to": [2.94344, 15.57564, 0.25],
			"rotation": {"angle": 22.5, "axis": "z", "origin": [2.56844, 15.47564, 0.125]},
			"faces": {
				"north": {"uv": [3.75, 11.125, 3.875, 11.25], "texture": "#0"},
				"east": {"uv": [3.875, 11.125, 4, 11.25], "texture": "#0"},
				"south": {"uv": [4, 11.125, 4.125, 11.25], "texture": "#0"},
				"west": {"uv": [11.125, 4, 11.25, 4.125], "texture": "#0"},
				"up": {"uv": [4.25, 11.25, 4.125, 11.125], "texture": "#0"},
				"down": {"uv": [11.25, 4.125, 11.125, 4.25], "texture": "#0"}
			}
		},
		{
			"from": [2.77262, 15.76264, 0],
			"to": [3.52262, 15.96264, 0.25],
			"rotation": {"angle": 45, "axis": "z", "origin": [3.14762, 15.86264, 0.125]},
			"faces": {
				"north": {"uv": [4.25, 11.125, 4.375, 11.25], "texture": "#0"},
				"east": {"uv": [11.125, 4.25, 11.25, 4.375], "texture": "#0"},
				"south": {"uv": [4.375, 11.125, 4.5, 11.25], "texture": "#0"},
				"west": {"uv": [11.125, 4.375, 11.25, 4.5], "texture": "#0"},
				"up": {"uv": [4.625, 11.25, 4.5, 11.125], "texture": "#0"},
				"down": {"uv": [11.25, 4.5, 11.125, 4.625], "texture": "#0"}
			}
		},
		{
			"from": [3.43461, 16.06681, 0],
			"to": [3.63461, 16.61681, 0.25],
			"rotation": {"angle": -22.5, "axis": "z", "origin": [3.53461, 16.44181, 0.125]},
			"faces": {
				"north": {"uv": [4.625, 11.125, 4.75, 11.25], "texture": "#0"},
				"east": {"uv": [11.125, 4.625, 11.25, 4.75], "texture": "#0"},
				"south": {"uv": [4.75, 11.125, 4.875, 11.25], "texture": "#0"},
				"west": {"uv": [11.125, 4.75, 11.25, 4.875], "texture": "#0"},
				"up": {"uv": [5, 11.25, 4.875, 11.125], "texture": "#0"},
				"down": {"uv": [11.25, 4.875, 11.125, 5], "texture": "#0"}
			}
		},
		{
			"from": [0.13589, 16.06681, 0],
			"to": [0.33589, 16.81681, 0.25],
			"rotation": {"angle": 22.5, "axis": "z", "origin": [0.23589, 16.44181, 0.125]},
			"faces": {
				"north": {"uv": [5, 11.125, 5.125, 11.25], "texture": "#0"},
				"east": {"uv": [11.125, 5, 11.25, 5.125], "texture": "#0"},
				"south": {"uv": [5.125, 11.125, 5.25, 11.25], "texture": "#0"},
				"west": {"uv": [11.125, 5.125, 11.25, 5.25], "texture": "#0"},
				"up": {"uv": [5.375, 11.25, 5.25, 11.125], "texture": "#0"},
				"down": {"uv": [11.25, 5.25, 11.125, 5.375], "texture": "#0"}
			}
		},
		{
			"from": [0.52289, 15.48764, 0],
			"to": [0.72289, 16.23764, 0.25],
			"rotation": {"angle": 45, "axis": "z", "origin": [0.62289, 15.86264, 0.125]},
			"faces": {
				"north": {"uv": [5.375, 11.125, 5.5, 11.25], "texture": "#0"},
				"east": {"uv": [11.125, 5.375, 11.25, 5.5], "texture": "#0"},
				"south": {"uv": [5.5, 11.125, 5.625, 11.25], "texture": "#0"},
				"west": {"uv": [11.125, 5.5, 11.25, 5.625], "texture": "#0"},
				"up": {"uv": [5.75, 11.25, 5.625, 11.125], "texture": "#0"},
				"down": {"uv": [11.25, 5.625, 11.125, 5.75], "texture": "#0"}
			}
		},
		{
			"from": [0.12638, 24.41035, 0],
			"to": [0.32638, 25.16035, 0.25],
			"rotation": {"angle": -22.5, "axis": "z", "origin": [0.35138, 24.78535, 1]},
			"faces": {
				"north": {"uv": [5.75, 11.125, 5.875, 11.25], "texture": "#0"},
				"east": {"uv": [5.875, 11.125, 6, 11.25], "texture": "#0"},
				"south": {"uv": [6, 11.125, 6.125, 11.25], "texture": "#0"},
				"west": {"uv": [6.125, 11.125, 6.25, 11.25], "texture": "#0"},
				"up": {"uv": [6.375, 11.25, 6.25, 11.125], "texture": "#0"},
				"down": {"uv": [6.5, 11.125, 6.375, 11.25], "texture": "#0"}
			}
		},
		{
			"from": [0.48628, 24.94898, 0],
			"to": [0.68628, 25.69898, 0.35],
			"rotation": {"angle": -45, "axis": "z", "origin": [0.71128, 25.32398, 1]},
			"faces": {
				"north": {"uv": [6.5, 11.125, 6.625, 11.25], "texture": "#0"},
				"east": {"uv": [6.625, 11.125, 6.75, 11.25], "texture": "#0"},
				"south": {"uv": [6.75, 11.125, 6.875, 11.25], "texture": "#0"},
				"west": {"uv": [6.875, 11.125, 7, 11.25], "texture": "#0"},
				"up": {"uv": [7.125, 11.25, 7, 11.125], "texture": "#0"},
				"down": {"uv": [7.25, 11.125, 7.125, 11.25], "texture": "#0"}
			}
		},
		{
			"from": [0.8749, 25.70887, 0],
			"to": [1.6249, 25.90887, 0.25],
			"rotation": {"angle": 22.5, "axis": "z", "origin": [1.2499, 25.68387, 1]},
			"faces": {
				"north": {"uv": [7.25, 11.125, 7.375, 11.25], "texture": "#0"},
				"east": {"uv": [7.375, 11.125, 7.5, 11.25], "texture": "#0"},
				"south": {"uv": [7.5, 11.125, 7.625, 11.25], "texture": "#0"},
				"west": {"uv": [7.625, 11.125, 7.75, 11.25], "texture": "#0"},
				"up": {"uv": [7.875, 11.25, 7.75, 11.125], "texture": "#0"},
				"down": {"uv": [8, 11.125, 7.875, 11.25], "texture": "#0"}
			}
		},
		{
			"from": [1.51025, 25.83525, 0],
			"to": [2.26025, 26.03525, 0.275],
			"rotation": {"angle": 0, "axis": "y", "origin": [1.88525, 25.81025, 1]},
			"faces": {
				"north": {"uv": [8, 11.125, 8.125, 11.25], "texture": "#0"},
				"east": {"uv": [8.125, 11.125, 8.25, 11.25], "texture": "#0"},
				"south": {"uv": [8.25, 11.125, 8.375, 11.25], "texture": "#0"},
				"west": {"uv": [8.375, 11.125, 8.5, 11.25], "texture": "#0"},
				"up": {"uv": [8.625, 11.25, 8.5, 11.125], "texture": "#0"},
				"down": {"uv": [8.75, 11.125, 8.625, 11.25], "texture": "#0"}
			}
		},
		{
			"from": [2.1456, 25.70887, 0],
			"to": [2.8956, 25.90887, 0.35],
			"rotation": {"angle": -22.5, "axis": "z", "origin": [2.5206, 25.68387, 1]},
			"faces": {
				"north": {"uv": [11.125, 10.875, 11.25, 11], "texture": "#0"},
				"east": {"uv": [11, 11.125, 11.125, 11.25], "texture": "#0"},
				"south": {"uv": [11.125, 11, 11.25, 11.125], "texture": "#0"},
				"west": {"uv": [11.125, 11.125, 11.25, 11.25], "texture": "#0"},
				"up": {"uv": [0.125, 11.375, 0, 11.25], "texture": "#0"},
				"down": {"uv": [11.375, 0, 11.25, 0.125], "texture": "#0"}
			}
		},
		{
			"from": [2.68423, 25.34898, 0],
			"to": [3.43423, 25.54898, 0.325],
			"rotation": {"angle": -45, "axis": "z", "origin": [3.05923, 25.32398, 1]},
			"faces": {
				"north": {"uv": [0.125, 11.25, 0.25, 11.375], "texture": "#0"},
				"east": {"uv": [11.25, 0.125, 11.375, 0.25], "texture": "#0"},
				"south": {"uv": [0.25, 11.25, 0.375, 11.375], "texture": "#0"},
				"west": {"uv": [11.25, 0.25, 11.375, 0.375], "texture": "#0"},
				"up": {"uv": [0.5, 11.375, 0.375, 11.25], "texture": "#0"},
				"down": {"uv": [11.375, 0.375, 11.25, 0.5], "texture": "#0"}
			}
		},
		{
			"from": [3.44413, 24.61035, 0],
			"to": [3.64413, 25.16035, 0.525],
			"rotation": {"angle": 22.5, "axis": "z", "origin": [3.41913, 24.78535, 1]},
			"faces": {
				"north": {"uv": [0.5, 11.25, 0.625, 11.375], "texture": "#0"},
				"east": {"uv": [11.25, 0.5, 11.375, 0.625], "texture": "#0"},
				"south": {"uv": [0.625, 11.25, 0.75, 11.375], "texture": "#0"},
				"west": {"uv": [11.25, 0.625, 11.375, 0.75], "texture": "#0"},
				"up": {"uv": [0.875, 11.375, 0.75, 11.25], "texture": "#0"},
				"down": {"uv": [11.375, 0.75, 11.25, 0.875], "texture": "#0"}
			}
		},
		{
			"from": [3.49397, 16.58478, 0],
			"to": [3.69397, 24.70978, 0.275],
			"rotation": {"angle": 0, "axis": "y", "origin": [3.46897, 24.33478, 1]},
			"faces": {
				"north": {"uv": [1.625, 9.875, 1.75, 10.875], "texture": "#0"},
				"east": {"uv": [7.375, 9.875, 7.5, 10.875], "texture": "#0"},
				"south": {"uv": [7.5, 9.875, 7.625, 10.875], "texture": "#0"},
				"west": {"uv": [7.625, 9.875, 7.75, 10.875], "texture": "#0"},
				"up": {"uv": [1, 11.375, 0.875, 11.25], "texture": "#0"},
				"down": {"uv": [11.375, 0.875, 11.25, 1], "texture": "#0"}
			}
		},
		{
			"from": [3.6, 8.5, 0.3],
			"to": [15, 31, 0.7],
			"faces": {
				"north": {"uv": [0.25, 0.25, 0.75, 0.75], "texture": "#1"},
				"east": {"uv": [1.25, 0.25, 1.75, 0.75], "texture": "#1"},
				"south": {"uv": [2.25, 0.25, 2.75, 0.75], "texture": "#1"},
				"west": {"uv": [3.25, 0.25, 3.75, 0.75], "texture": "#1"},
				"up": {"uv": [4.25, 0.25, 4.75, 0.75], "texture": "#1"},
				"down": {"uv": [5.25, 0.25, 5.75, 0.75], "texture": "#1"}
			}
		}
	],
	"display": {
		"thirdperson_righthand": {
			"rotation": [75, 45, 0],
			"translation": [0, 2.5, 0],
			"scale": [0.375, 0.375, 0.375]
		},
		"thirdperson_lefthand": {
			"rotation": [75, 45, 0],
			"translation": [0, 2.5, 0],
			"scale": [0.375, 0.375, 0.375]
		},
		"firstperson_righthand": {
			"rotation": [0, 99, 0],
			"translation": [0, 0.5, 0],
			"scale": [0.27, 0.27, 0.27]
		},
		"firstperson_lefthand": {
			"rotation": [0, 99, 0],
			"translation": [0, 0.5, 0],
			"scale": [0.27, 0.27, 0.27]
		},
		"ground": {
			"scale": [0.4, 0.4, 0.4]
		},
		"gui": {
			"rotation": [30, 225, 0],
			"translation": [0, -2.5, 0],
			"scale": [0.37, 0.37, 0.37]
		},
		"head": {
			"rotation": [91, 0, 0],
			"translation": [0, 0, -4],
			"scale": [0.84, 0.46, 0.87]
		},
		"fixed": {
			"rotation": [-90, 180, 0],
			"translation": [0, 0, -15.5],
			"scale": [2.02, 2.02, 2.02]
		}
	}
}