{"textures":{"0":"item/mobs/scorpion/scorpion_baby"},"elements":[{"from":[6.5714283,7.6273775,7.945549],"to":[9.428572,9.913092,10.802692],"rotation":{"angle":-22.5,"axis":"x","origin":[8.0,7.6702347,9.659835]},"faces":{"east":{"uv":[0.0,7.0,1.25,8.0],"rotation":0,"texture":"#0","tintindex":0},"south":{"uv":[7.0,0.0,8.25,1.0],"rotation":0,"texture":"#0","tintindex":0},"north":{"uv":[1.5,6.75,2.75,7.75],"rotation":0,"texture":"#0","tintindex":0},"west":{"uv":[7.0,2.75,8.25,3.75],"rotation":0,"texture":"#0","tintindex":0},"up":{"uv":[4.25,6.75,3.0,5.5],"rotation":0,"texture":"#0","tintindex":0},"down":{"uv":[6.75,3.5,5.5,4.75],"rotation":0,"texture":"#0","tintindex":0}}},{"from":[6.857143,8.241974,9.328859],"to":[9.142858,11.099117,11.043144],"rotation":{"angle":22.5,"axis":"x","origin":[8.285714,9.670546,11.6145735]},"faces":{"east":{"uv":[7.25,7.0,8.0,8.25],"rotation":0,"texture":"#0","tintindex":0},"south":{"uv":[7.0,4.0,8.0,5.25],"rotation":0,"texture":"#0","tintindex":0},"north":{"uv":[3.0,7.0,4.0,8.25],"rotation":0,"texture":"#0","tintindex":0},"west":{"uv":[7.5,1.25,8.25,2.5],"rotation":0,"texture":"#0","tintindex":0},"up":{"uv":[6.5,8.5,5.5,7.75],"rotation":0,"texture":"#0","tintindex":0},"down":{"uv":[2.5,8.0,1.5,8.75],"rotation":0,"texture":"#0","tintindex":0}}}],"display":{"head":{"translation":[0.0,-6.4,0.0],"scale":[4.0,4.0,4.0]}}}