{
	"credit": "Made with Blockbench",
	"textures": {
		"0": "item/misc/keycode/keycode_8",
		"particle": "item/misc/keycode/keycode_8"
	},
	"elements": [
		{
			"from": [0, 0, 0],
			"to": [16, 16, 0.01],
			"faces": {
				"north": {"uv": [0, 0, 16, 16], "texture": "#0"},
				"east": {"uv": [0, 0, 0.01, 16], "texture": "#missing"},
				"south": {"uv": [0, 0, 16, 16], "texture": "#0"},
				"west": {"uv": [0, 0, 0.01, 16], "texture": "#0"},
				"up": {"uv": [0, 0, 16, 0.01], "texture": "#0"},
				"down": {"uv": [0, 0, 16, 0.01], "texture": "#0"}
			}
		}
	],
	"gui_light": "front",
	"display": {}
}