{
	"credit": "Made with Blockbench",
	"textures": {
		"0": "item/misc/money/player_money",
		"particle": "item/misc/money/player_money"
	},
	"elements": [
		{
			"from": [3.5, 8, 3],
			"to": [7.5, 8.5, 17],
			"rotation": {"angle": 0, "axis": "y", "origin": [11.5, 16, 16]},
			"faces": {
				"north": {"uv": [5, 13, 9, 13], "texture": "#0"},
				"east": {"uv": [2, 14, 16, 14], "texture": "#0"},
				"south": {"uv": [3, 13, 7, 13], "texture": "#0"},
				"west": {"uv": [1, 13, 15, 13], "texture": "#0"},
				"up": {"uv": [0, 13, 16, 16], "texture": "#0"},
				"down": {"uv": [0, 0, 4, 13], "texture": "#0"}
			}
		},
		{
			"from": [3.5, 2.5, 3],
			"to": [7.5, 3, 17],
			"rotation": {"angle": 0, "axis": "y", "origin": [11.5, 10.5, 16]},
			"faces": {
				"north": {"uv": [5, 13, 9, 13], "texture": "#0"},
				"east": {"uv": [1, 14, 15, 14], "texture": "#0"},
				"south": {"uv": [2, 14, 6, 14], "texture": "#0"},
				"west": {"uv": [0, 13, 14, 13], "texture": "#0"},
				"up": {"uv": [0, 0, 4, 13], "texture": "#0"},
				"down": {"uv": [0, 13, 16, 16], "texture": "#0"}
			}
		},
		{
			"from": [3.5, 3, 3],
			"to": [7.5, 8, 4],
			"rotation": {"angle": 0, "axis": "y", "origin": [11.5, 11, 16]},
			"faces": {
				"north": {"uv": [0, 13, 4, 16], "texture": "#0"},
				"east": {"uv": [0, 13, 1, 16], "texture": "#0"},
				"south": {"uv": [0, 0, 4, 5], "texture": "#0"},
				"west": {"uv": [0, 13, 1, 16], "texture": "#0"},
				"up": {"uv": [0, 0, 4, 1], "texture": "#0"},
				"down": {"uv": [0, 0, 4, 1], "texture": "#0"}
			}
		},
		{
			"from": [3.5, 3, 16],
			"to": [7.5, 8, 17],
			"rotation": {"angle": 0, "axis": "y", "origin": [11.5, 11, 29]},
			"faces": {
				"north": {"uv": [0, 0, 4, 5], "texture": "#0"},
				"east": {"uv": [0, 12, 1, 16], "texture": "#0"},
				"south": {"uv": [0, 13, 4, 16], "texture": "#0"},
				"west": {"uv": [0, 13, 1, 16], "texture": "#0"},
				"up": {"uv": [0, 0, 4, 1], "texture": "#0"},
				"down": {"uv": [0, 0, 4, 1], "texture": "#0"}
			}
		},
		{
			"from": [-5.95, 3, 4],
			"to": [17.05, 3.5, 16],
			"rotation": {"angle": 0, "axis": "y", "origin": [10.5, 11, 23.5]},
			"faces": {
				"north": {"uv": [0, 0, 16, 0.5], "texture": "#0"},
				"east": {"uv": [0, 0, 12, 0.5], "texture": "#0"},
				"south": {"uv": [0, 0, 16, 0.5], "texture": "#0"},
				"west": {"uv": [0, 0, 12, 0.5], "texture": "#0"},
				"up": {"uv": [0, 0, 16, 12], "texture": "#0"},
				"down": {"uv": [0, 0, 16, 13], "texture": "#0"}
			}
		},
		{
			"from": [-5.975, 3.5, 3.8],
			"to": [17.025, 4, 15.8],
			"rotation": {"angle": 0, "axis": "y", "origin": [11, 11.5, 23]},
			"faces": {
				"north": {"uv": [0, 0, 16, 0.5], "texture": "#0"},
				"east": {"uv": [0, 0, 12, 0.5], "texture": "#0"},
				"south": {"uv": [0, 0, 16, 0.5], "texture": "#0"},
				"west": {"uv": [0, 0, 12, 0.5], "texture": "#0"},
				"up": {"uv": [0, 0, 16, 12], "texture": "#0"},
				"down": {"uv": [0, 0, 16, 12], "texture": "#0"}
			}
		},
		{
			"from": [-6.075, 4, 3.925],
			"to": [16.925, 4.5, 15.925],
			"rotation": {"angle": 0, "axis": "y", "origin": [10.5, 12, 24]},
			"faces": {
				"north": {"uv": [0, 0, 16, 0.5], "texture": "#0"},
				"east": {"uv": [0, 0, 12, 0.5], "texture": "#0"},
				"south": {"uv": [0, 0, 16, 0.5], "texture": "#0"},
				"west": {"uv": [0, 0, 12, 0.5], "texture": "#0"},
				"up": {"uv": [0, 0, 16, 12], "texture": "#0"},
				"down": {"uv": [0, 0, 16, 12], "texture": "#0"}
			}
		},
		{
			"from": [-5.95, 4.5, 4],
			"to": [17.05, 5, 16],
			"rotation": {"angle": 0, "axis": "y", "origin": [11.5, 12.5, 24]},
			"faces": {
				"north": {"uv": [0, 0, 16, 0.5], "texture": "#0"},
				"east": {"uv": [0, 0, 12, 0.5], "texture": "#0"},
				"south": {"uv": [0, 0, 16, 0.5], "texture": "#0"},
				"west": {"uv": [0, 0, 12, 0.5], "texture": "#0"},
				"up": {"uv": [0, 0, 16, 12], "texture": "#0"},
				"down": {"uv": [0, 0, 16, 12], "texture": "#0"}
			}
		},
		{
			"from": [-6.075, 5, 4],
			"to": [16.925, 5.5, 16],
			"rotation": {"angle": 0, "axis": "y", "origin": [9.5, 13, 23.5]},
			"faces": {
				"north": {"uv": [0, 0, 16, 0.5], "texture": "#0"},
				"east": {"uv": [0, 0, 12, 0.5], "texture": "#0"},
				"south": {"uv": [0, 0, 16, 0.5], "texture": "#0"},
				"west": {"uv": [0, 0, 12, 0.5], "texture": "#0"},
				"up": {"uv": [0, 0, 16, 12], "texture": "#0"},
				"down": {"uv": [0, 0, 16, 12], "texture": "#0"}
			}
		},
		{
			"from": [-6, 5.5, 3.95],
			"to": [17, 6, 15.95],
			"rotation": {"angle": 0, "axis": "y", "origin": [11, 13.5, 23]},
			"faces": {
				"north": {"uv": [0, 0, 16, 0.5], "texture": "#0"},
				"east": {"uv": [0, 0, 12, 0.5], "texture": "#0"},
				"south": {"uv": [0, 0, 16, 0.5], "texture": "#0"},
				"west": {"uv": [0, 0, 12, 0.5], "texture": "#0"},
				"up": {"uv": [0, 0, 16, 12], "texture": "#0"},
				"down": {"uv": [0, 0, 16, 12], "texture": "#0"}
			}
		},
		{
			"from": [-6, 6, 4],
			"to": [17, 6.5, 16],
			"rotation": {"angle": 0, "axis": "y", "origin": [10, 14, 23.5]},
			"faces": {
				"north": {"uv": [0, 0, 16, 0.5], "texture": "#0"},
				"east": {"uv": [0, 0, 12, 0.5], "texture": "#0"},
				"south": {"uv": [0, 0, 16, 0.5], "texture": "#0"},
				"west": {"uv": [0, 0, 12, 0.5], "texture": "#0"},
				"up": {"uv": [0, 0, 16, 12], "texture": "#0"},
				"down": {"uv": [0, 0, 16, 12], "texture": "#0"}
			}
		},
		{
			"from": [-6, 6.5, 3.85],
			"to": [17, 7, 15.85],
			"rotation": {"angle": 0, "axis": "y", "origin": [11, 14.5, 23]},
			"faces": {
				"north": {"uv": [0, 0, 16, 0.5], "texture": "#0"},
				"east": {"uv": [0, 0, 12, 0.5], "texture": "#0"},
				"south": {"uv": [0, 0, 16, 0.5], "texture": "#0"},
				"west": {"uv": [0, 0, 12, 0.5], "texture": "#0"},
				"up": {"uv": [0, 0, 16, 12], "texture": "#0"},
				"down": {"uv": [0, 0, 16, 12], "texture": "#0"}
			}
		},
		{
			"from": [-6, 7, 4],
			"to": [17, 7.5, 16],
			"rotation": {"angle": 0, "axis": "y", "origin": [11, 15, 23.5]},
			"faces": {
				"north": {"uv": [0, 0, 16, 0.5], "texture": "#0"},
				"east": {"uv": [0, 0, 12, 0.5], "texture": "#0"},
				"south": {"uv": [0, 0, 16, 0.5], "texture": "#0"},
				"west": {"uv": [0, 0, 12, 0.5], "texture": "#0"},
				"up": {"uv": [0, 0, 16, 12], "texture": "#0"},
				"down": {"uv": [0, 0, 16, 12], "texture": "#0"}
			}
		},
		{
			"from": [-6, 7.5, 4],
			"to": [17, 8, 16],
			"rotation": {"angle": 0, "axis": "y", "origin": [11, 15.5, 24]},
			"faces": {
				"north": {"uv": [0, 0, 16, 0.5], "texture": "#0"},
				"east": {"uv": [0, 0, 12, 0.5], "texture": "#0"},
				"south": {"uv": [0, 0, 16, 0.5], "texture": "#0"},
				"west": {"uv": [0, 0, 12, 0.5], "texture": "#0"},
				"up": {"uv": [0, 0, 16, 13], "texture": "#0"},
				"down": {"uv": [0, 0, 16, 12], "texture": "#0"}
			}
		}
	],
	"display": {
		"thirdperson_righthand": {
			"translation": [1, 0.75, 0],
			"scale": [0.23, 0.23, 0.23]
		},
		"thirdperson_lefthand": {
			"translation": [-0.75, 1, 0],
			"scale": [0.22, 0.22, 0.22]
		},
		"firstperson_righthand": {
			"rotation": [-10, 28, 0],
			"translation": [0, 3.75, 1],
			"scale": [0.33, 0.33, 0.33]
		},
		"firstperson_lefthand": {
			"rotation": [-2, -49, 0],
			"translation": [1.25, 2.25, 0],
			"scale": [0.53, 0.53, 0.53]
		},
		"ground": {
			"translation": [0, 3.25, 0],
			"scale": [0.29, 0.29, 0.29]
		},
		"gui": {
			"rotation": [18, 31, 17],
			"translation": [0.5, 1.75, 0],
			"scale": [0.54, 0.54, 0.54]
		},
		"head": {
			"translation": [3, 10, -1.75],
			"scale": [0.78, 0.78, 0.78]
		},
		"fixed": {
			"translation": [1.5, 0, -2],
			"scale": [0.52, 0.52, 0.52]
		}
	},
	"groups": [
		0,
		1,
		2,
		3,
		{
			"name": "paper",
			"origin": [8, 8, 8],
			"color": 0,
			"children": [4, 5, 6, 7, 8, 9, 10, 11, 12, 13]
		}
	]
}