{
	"credit": "Made with Blockbench",
	"texture_size": [32, 32],
	"textures": {
		"0": "item/misc/money/gold",
		"particle": "item/misc/money/gold"
	},
	"elements": [
		{
			"name": "hexadecagon",
			"from": [7.5, 0, 7.90054],
			"to": [8.5, 0.125, 8.09946],
			"rotation": {"angle": 45, "axis": "y", "origin": [8, 8, 8]},
			"faces": {
				"north": {"uv": [6, 6, 10, 11], "rotation": 270, "texture": "#0"},
				"east": {"uv": [0, 0, 0.0625, 0.09946], "rotation": 270, "texture": "#0"},
				"south": {"uv": [0, 0, 0.5, 0.5], "rotation": 270, "texture": "#0"},
				"west": {"uv": [0, 0, 0.5, 0.5], "rotation": 90, "texture": "#0"},
				"up": {"uv": [0, 0, 0.5, 0.5], "rotation": 180, "texture": "#0"},
				"down": {"uv": [0, 0, 0.5, 0.5], "texture": "#0"}
			}
		},
		{
			"name": "hexadecagon",
			"from": [7.5, 0, 7.90054],
			"to": [8.5, 0.125, 8.09946],
			"rotation": {"angle": 22.5, "axis": "y", "origin": [8, 8, 8]},
			"faces": {
				"north": {"uv": [6, 6, 10, 11], "rotation": 270, "texture": "#0"},
				"east": {"uv": [0, 0, 0.0625, 0.09946], "rotation": 270, "texture": "#0"},
				"south": {"uv": [0, 0, 0.5, 0.5], "rotation": 270, "texture": "#0"},
				"west": {"uv": [0, 0, 0.5, 0.5], "rotation": 90, "texture": "#0"},
				"up": {"uv": [0, 0, 0.5, 0.5], "rotation": 180, "texture": "#0"},
				"down": {"uv": [0, 0, 0.5, 0.5], "texture": "#0"}
			}
		},
		{
			"name": "hexadecagon",
			"from": [7.5, 0, 7.90054],
			"to": [8.5, 0.125, 8.09946],
			"rotation": {"angle": 0, "axis": "x", "origin": [8, 8, 8]},
			"faces": {
				"north": {"uv": [6, 6, 10, 11], "rotation": 270, "texture": "#0"},
				"east": {"uv": [0, 0, 0.0625, 0.09946], "rotation": 270, "texture": "#0"},
				"south": {"uv": [0, 0, 0.5, 0.5], "rotation": 270, "texture": "#0"},
				"west": {"uv": [0, 0, 0.5, 0.5], "rotation": 90, "texture": "#0"},
				"up": {"uv": [0, 0, 0.5, 0.5], "rotation": 180, "texture": "#0"},
				"down": {"uv": [0, 0, 0.5, 0.5], "texture": "#0"}
			}
		},
		{
			"name": "hexadecagon",
			"from": [7.5, 0, 7.90054],
			"to": [8.5, 0.125, 8.09946],
			"rotation": {"angle": -22.5, "axis": "y", "origin": [8, 8, 8]},
			"faces": {
				"north": {"uv": [6, 6, 10, 11], "rotation": 270, "texture": "#0"},
				"east": {"uv": [0, 0, 0.0625, 0.09946], "rotation": 270, "texture": "#0"},
				"south": {"uv": [0, 0, 0.5, 0.5], "rotation": 270, "texture": "#0"},
				"west": {"uv": [0, 0, 0.5, 0.5], "rotation": 90, "texture": "#0"},
				"up": {"uv": [0, 0, 0.5, 0.5], "rotation": 180, "texture": "#0"},
				"down": {"uv": [0, 0, 0.5, 0.5], "texture": "#0"}
			}
		},
		{
			"name": "hexadecagon",
			"from": [7.5, 0, 7.90054],
			"to": [8.5, 0.125, 8.09946],
			"rotation": {"angle": -45, "axis": "y", "origin": [8, 8, 8]},
			"faces": {
				"north": {"uv": [6, 6, 10, 11], "rotation": 270, "texture": "#0"},
				"east": {"uv": [0, 0, 0.0625, 0.09946], "rotation": 270, "texture": "#0"},
				"south": {"uv": [0, 0, 0.5, 0.5], "rotation": 270, "texture": "#0"},
				"west": {"uv": [0, 0, 0.5, 0.5], "rotation": 90, "texture": "#0"},
				"up": {"uv": [0, 0, 0.5, 0.5], "rotation": 180, "texture": "#0"},
				"down": {"uv": [0, 0, 0.5, 0.5], "texture": "#0"}
			}
		},
		{
			"name": "hexadecagon",
			"from": [7.90054, 0, 7.5],
			"to": [8.09946, 0.125, 8.5],
			"rotation": {"angle": 22.5, "axis": "y", "origin": [8, 8, 8]},
			"faces": {
				"north": {"uv": [6, 6, 10, 11], "rotation": 270, "texture": "#0"},
				"east": {"uv": [0, 0, 0.0625, 0.5], "rotation": 270, "texture": "#0"},
				"south": {"uv": [0, 0, 0.5, 0.5], "rotation": 270, "texture": "#0"},
				"west": {"uv": [0, 0, 0.5, 0.5], "rotation": 90, "texture": "#0"},
				"up": {"uv": [0, 0, 0.5, 0.5], "rotation": 180, "texture": "#0"},
				"down": {"uv": [0, 0, 0.5, 0.5], "texture": "#0"}
			}
		},
		{
			"name": "hexadecagon",
			"from": [7.90054, 0, 7.5],
			"to": [8.09946, 0.125, 8.5],
			"rotation": {"angle": 0, "axis": "x", "origin": [8, 8, 8]},
			"faces": {
				"north": {"uv": [6, 6, 10, 11], "rotation": 270, "texture": "#0"},
				"east": {"uv": [0, 0, 0.0625, 0.5], "rotation": 270, "texture": "#0"},
				"south": {"uv": [0, 0, 0.5, 0.5], "rotation": 270, "texture": "#0"},
				"west": {"uv": [0, 0, 0.5, 0.5], "rotation": 90, "texture": "#0"},
				"up": {"uv": [0, 0, 0.5, 0.5], "rotation": 180, "texture": "#0"},
				"down": {"uv": [0, 0, 0.5, 0.5], "texture": "#0"}
			}
		},
		{
			"name": "hexadecagon",
			"from": [7.90054, 0, 7.5],
			"to": [8.09946, 0.125, 8.5],
			"rotation": {"angle": -22.5, "axis": "y", "origin": [8, 8, 8]},
			"faces": {
				"north": {"uv": [6, 6, 10, 11], "rotation": 270, "texture": "#0"},
				"east": {"uv": [0, 0, 0.0625, 0.5], "rotation": 270, "texture": "#0"},
				"south": {"uv": [0, 0, 0.5, 0.5], "rotation": 270, "texture": "#0"},
				"west": {"uv": [0, 0, 0.5, 0.5], "rotation": 90, "texture": "#0"},
				"up": {"uv": [0, 0, 0.5, 0.5], "rotation": 180, "texture": "#0"},
				"down": {"uv": [0, 0, 0.5, 0.5], "texture": "#0"}
			}
		},
		{
			"name": "hexadecagon",
			"from": [7.35, 0.125, 7.90054],
			"to": [8.35, 0.25, 8.09946],
			"rotation": {"angle": 45, "axis": "y", "origin": [7.85, 8.125, 8]},
			"faces": {
				"north": {"uv": [6, 6, 10, 11], "rotation": 270, "texture": "#0"},
				"east": {"uv": [0, 0, 0.0625, 0.09946], "rotation": 270, "texture": "#0"},
				"south": {"uv": [0, 0, 0.5, 0.5], "rotation": 270, "texture": "#0"},
				"west": {"uv": [0, 0, 0.5, 0.5], "rotation": 90, "texture": "#0"},
				"up": {"uv": [0, 0, 0.5, 0.5], "rotation": 180, "texture": "#0"},
				"down": {"uv": [0, 0, 0.5, 0.5], "texture": "#0"}
			}
		},
		{
			"name": "hexadecagon",
			"from": [7.35, 0.125, 7.90054],
			"to": [8.35, 0.25, 8.09946],
			"rotation": {"angle": 22.5, "axis": "y", "origin": [7.85, 8.125, 8]},
			"faces": {
				"north": {"uv": [6, 6, 10, 11], "rotation": 270, "texture": "#0"},
				"east": {"uv": [0, 0, 0.0625, 0.09946], "rotation": 270, "texture": "#0"},
				"south": {"uv": [0, 0, 0.5, 0.5], "rotation": 270, "texture": "#0"},
				"west": {"uv": [0, 0, 0.5, 0.5], "rotation": 90, "texture": "#0"},
				"up": {"uv": [0, 0, 0.5, 0.5], "rotation": 180, "texture": "#0"},
				"down": {"uv": [0, 0, 0.5, 0.5], "texture": "#0"}
			}
		},
		{
			"name": "hexadecagon",
			"from": [7.35, 0.125, 7.90054],
			"to": [8.35, 0.25, 8.09946],
			"rotation": {"angle": 0, "axis": "x", "origin": [7.85, 8.125, 8]},
			"faces": {
				"north": {"uv": [6, 6, 10, 11], "rotation": 270, "texture": "#0"},
				"east": {"uv": [0, 0, 0.0625, 0.09946], "rotation": 270, "texture": "#0"},
				"south": {"uv": [0, 0, 0.5, 0.5], "rotation": 270, "texture": "#0"},
				"west": {"uv": [0, 0, 0.5, 0.5], "rotation": 90, "texture": "#0"},
				"up": {"uv": [0, 0, 0.5, 0.5], "rotation": 180, "texture": "#0"},
				"down": {"uv": [0, 0, 0.5, 0.5], "texture": "#0"}
			}
		},
		{
			"name": "hexadecagon",
			"from": [7.35, 0.125, 7.90054],
			"to": [8.35, 0.25, 8.09946],
			"rotation": {"angle": -22.5, "axis": "y", "origin": [7.85, 8.125, 8]},
			"faces": {
				"north": {"uv": [6, 6, 10, 11], "rotation": 270, "texture": "#0"},
				"east": {"uv": [0, 0, 0.0625, 0.09946], "rotation": 270, "texture": "#0"},
				"south": {"uv": [0, 0, 0.5, 0.5], "rotation": 270, "texture": "#0"},
				"west": {"uv": [0, 0, 0.5, 0.5], "rotation": 90, "texture": "#0"},
				"up": {"uv": [0, 0, 0.5, 0.5], "rotation": 180, "texture": "#0"},
				"down": {"uv": [0, 0, 0.5, 0.5], "texture": "#0"}
			}
		},
		{
			"name": "hexadecagon",
			"from": [7.35, 0.125, 7.90054],
			"to": [8.35, 0.25, 8.09946],
			"rotation": {"angle": -45, "axis": "y", "origin": [7.85, 8.125, 8]},
			"faces": {
				"north": {"uv": [6, 6, 10, 11], "rotation": 270, "texture": "#0"},
				"east": {"uv": [0, 0, 0.0625, 0.09946], "rotation": 270, "texture": "#0"},
				"south": {"uv": [0, 0, 0.5, 0.5], "rotation": 270, "texture": "#0"},
				"west": {"uv": [0, 0, 0.5, 0.5], "rotation": 90, "texture": "#0"},
				"up": {"uv": [0, 0, 0.5, 0.5], "rotation": 180, "texture": "#0"},
				"down": {"uv": [0, 0, 0.5, 0.5], "texture": "#0"}
			}
		},
		{
			"name": "hexadecagon",
			"from": [7.75054, 0.125, 7.5],
			"to": [7.94946, 0.25, 8.5],
			"rotation": {"angle": 22.5, "axis": "y", "origin": [7.85, 8.125, 8]},
			"faces": {
				"north": {"uv": [5, 5, 9, 10], "rotation": 270, "texture": "#0"},
				"east": {"uv": [5, 7, 5.0625, 7.5], "rotation": 270, "texture": "#0"},
				"south": {"uv": [4, 5, 10.5, 10.5], "rotation": 270, "texture": "#0"},
				"west": {"uv": [5, 5, 9.5, 9.5], "rotation": 90, "texture": "#0"},
				"up": {"uv": [0, 0, 0.5, 0.5], "rotation": 180, "texture": "#0"},
				"down": {"uv": [0, 0, 0.5, 0.5], "texture": "#0"}
			}
		},
		{
			"name": "hexadecagon",
			"from": [7.75054, 0.125, 7.5],
			"to": [7.94946, 0.25, 8.5],
			"rotation": {"angle": 0, "axis": "x", "origin": [7.85, 8.125, 8]},
			"faces": {
				"north": {"uv": [5, 5, 9, 10], "rotation": 270, "texture": "#0"},
				"east": {"uv": [5, 7, 5.0625, 7.5], "rotation": 270, "texture": "#0"},
				"south": {"uv": [4, 5, 10.5, 10.5], "rotation": 270, "texture": "#0"},
				"west": {"uv": [5, 5, 9.5, 9.5], "rotation": 90, "texture": "#0"},
				"up": {"uv": [0, 0, 0.5, 0.5], "rotation": 180, "texture": "#0"},
				"down": {"uv": [0, 0, 0.5, 0.5], "texture": "#0"}
			}
		},
		{
			"name": "hexadecagon",
			"from": [7.75054, 0.125, 7.5],
			"to": [7.94946, 0.25, 8.5],
			"rotation": {"angle": -22.5, "axis": "y", "origin": [7.85, 8.125, 8]},
			"faces": {
				"north": {"uv": [5, 5, 9, 10], "rotation": 270, "texture": "#0"},
				"east": {"uv": [5, 7, 5.0625, 7.5], "rotation": 270, "texture": "#0"},
				"south": {"uv": [4, 5, 10.5, 10.5], "rotation": 270, "texture": "#0"},
				"west": {"uv": [5, 5, 9.5, 9.5], "rotation": 90, "texture": "#0"},
				"up": {"uv": [0, 0, 0.5, 0.5], "rotation": 180, "texture": "#0"},
				"down": {"uv": [0, 0, 0.5, 0.5], "texture": "#0"}
			}
		},
		{
			"name": "hexadecagon",
			"from": [7.425, 0.25, 7.90054],
			"to": [8.425, 0.375, 8.09946],
			"rotation": {"angle": 45, "axis": "y", "origin": [7.925, 8.25, 8]},
			"faces": {
				"north": {"uv": [5, 5, 9, 10], "rotation": 270, "texture": "#0"},
				"east": {"uv": [5, 7, 5.0625, 7.09946], "rotation": 270, "texture": "#0"},
				"south": {"uv": [4, 5, 10.5, 10.5], "rotation": 270, "texture": "#0"},
				"west": {"uv": [5, 5, 9.5, 9.5], "rotation": 90, "texture": "#0"},
				"up": {"uv": [0, 0, 0.5, 0.5], "rotation": 180, "texture": "#0"},
				"down": {"uv": [0, 0, 0.5, 0.5], "texture": "#0"}
			}
		},
		{
			"name": "hexadecagon",
			"from": [7.425, 0.25, 7.90054],
			"to": [8.425, 0.375, 8.09946],
			"rotation": {"angle": 22.5, "axis": "y", "origin": [7.925, 8.25, 8]},
			"faces": {
				"north": {"uv": [5, 5, 9, 10], "rotation": 270, "texture": "#0"},
				"east": {"uv": [5, 7, 5.0625, 7.09946], "rotation": 270, "texture": "#0"},
				"south": {"uv": [4, 5, 10.5, 10.5], "rotation": 270, "texture": "#0"},
				"west": {"uv": [5, 5, 9.5, 9.5], "rotation": 90, "texture": "#0"},
				"up": {"uv": [0, 0, 0.5, 0.5], "rotation": 180, "texture": "#0"},
				"down": {"uv": [0, 0, 0.5, 0.5], "texture": "#0"}
			}
		},
		{
			"name": "hexadecagon",
			"from": [7.425, 0.25, 7.90054],
			"to": [8.425, 0.375, 8.09946],
			"rotation": {"angle": 0, "axis": "x", "origin": [7.925, 8.25, 8]},
			"faces": {
				"north": {"uv": [5, 5, 9, 10], "rotation": 270, "texture": "#0"},
				"east": {"uv": [5, 7, 5.0625, 7.09946], "rotation": 270, "texture": "#0"},
				"south": {"uv": [4, 5, 10.5, 10.5], "rotation": 270, "texture": "#0"},
				"west": {"uv": [5, 5, 9.5, 9.5], "rotation": 90, "texture": "#0"},
				"up": {"uv": [0, 0, 0.5, 0.5], "rotation": 180, "texture": "#0"},
				"down": {"uv": [0, 0, 0.5, 0.5], "texture": "#0"}
			}
		},
		{
			"name": "hexadecagon",
			"from": [7.425, 0.25, 7.90054],
			"to": [8.425, 0.375, 8.09946],
			"rotation": {"angle": -22.5, "axis": "y", "origin": [7.925, 8.25, 8]},
			"faces": {
				"north": {"uv": [5, 5, 9, 10], "rotation": 270, "texture": "#0"},
				"east": {"uv": [5, 7, 5.0625, 7.09946], "rotation": 270, "texture": "#0"},
				"south": {"uv": [4, 5, 10.5, 10.5], "rotation": 270, "texture": "#0"},
				"west": {"uv": [5, 5, 9.5, 9.5], "rotation": 90, "texture": "#0"},
				"up": {"uv": [0, 0, 0.5, 0.5], "rotation": 180, "texture": "#0"},
				"down": {"uv": [0, 0, 0.5, 0.5], "texture": "#0"}
			}
		},
		{
			"name": "hexadecagon",
			"from": [7.425, 0.25, 7.90054],
			"to": [8.425, 0.375, 8.09946],
			"rotation": {"angle": -45, "axis": "y", "origin": [7.925, 8.25, 8]},
			"faces": {
				"north": {"uv": [5, 5, 9, 10], "rotation": 270, "texture": "#0"},
				"east": {"uv": [5, 7, 5.0625, 7.09946], "rotation": 270, "texture": "#0"},
				"south": {"uv": [4, 5, 10.5, 10.5], "rotation": 270, "texture": "#0"},
				"west": {"uv": [5, 5, 9.5, 9.5], "rotation": 90, "texture": "#0"},
				"up": {"uv": [0, 0, 0.5, 0.5], "rotation": 180, "texture": "#0"},
				"down": {"uv": [0, 0, 0.5, 0.5], "texture": "#0"}
			}
		},
		{
			"name": "hexadecagon",
			"from": [7.82554, 0.25, 7.5],
			"to": [8.02446, 0.375, 8.5],
			"rotation": {"angle": 22.5, "axis": "y", "origin": [7.925, 8.25, 8]},
			"faces": {
				"north": {"uv": [5, 5, 9, 10], "rotation": 270, "texture": "#0"},
				"east": {"uv": [5, 7, 5.0625, 7.5], "rotation": 270, "texture": "#0"},
				"south": {"uv": [4, 5, 10.5, 10.5], "rotation": 270, "texture": "#0"},
				"west": {"uv": [5, 5, 9.5, 9.5], "rotation": 90, "texture": "#0"},
				"up": {"uv": [0, 0, 0.5, 0.5], "rotation": 180, "texture": "#0"},
				"down": {"uv": [0, 0, 0.5, 0.5], "texture": "#0"}
			}
		},
		{
			"name": "hexadecagon",
			"from": [7.82554, 0.25, 7.5],
			"to": [8.02446, 0.375, 8.5],
			"rotation": {"angle": 0, "axis": "x", "origin": [7.925, 8.25, 8]},
			"faces": {
				"north": {"uv": [5, 5, 9, 10], "rotation": 270, "texture": "#0"},
				"east": {"uv": [5, 7, 5.0625, 7.5], "rotation": 270, "texture": "#0"},
				"south": {"uv": [4, 5, 10.5, 10.5], "rotation": 270, "texture": "#0"},
				"west": {"uv": [5, 5, 9.5, 9.5], "rotation": 90, "texture": "#0"},
				"up": {"uv": [0, 0, 0.5, 0.5], "rotation": 180, "texture": "#0"},
				"down": {"uv": [0, 0, 0.5, 0.5], "texture": "#0"}
			}
		},
		{
			"name": "hexadecagon",
			"from": [7.82554, 0.25, 7.5],
			"to": [8.02446, 0.375, 8.5],
			"rotation": {"angle": -22.5, "axis": "y", "origin": [7.925, 8.25, 8]},
			"faces": {
				"north": {"uv": [5, 5, 9, 10], "rotation": 270, "texture": "#0"},
				"east": {"uv": [5, 7, 5.0625, 7.5], "rotation": 270, "texture": "#0"},
				"south": {"uv": [4, 5, 10.5, 10.5], "rotation": 270, "texture": "#0"},
				"west": {"uv": [5, 5, 9.5, 9.5], "rotation": 90, "texture": "#0"},
				"up": {"uv": [0, 0, 0.5, 0.5], "rotation": 180, "texture": "#0"},
				"down": {"uv": [0, 0, 0.5, 0.5], "texture": "#0"}
			}
		},
		{
			"name": "hexadecagon",
			"from": [7.375, 0.375, 7.90054],
			"to": [8.375, 0.5, 8.09946],
			"rotation": {"angle": 45, "axis": "y", "origin": [7.875, 8.375, 8]},
			"faces": {
				"north": {"uv": [5, 5, 9, 10], "rotation": 270, "texture": "#0"},
				"east": {"uv": [5, 7, 5.0625, 7.09946], "rotation": 270, "texture": "#0"},
				"south": {"uv": [4, 5, 10.5, 10.5], "rotation": 270, "texture": "#0"},
				"west": {"uv": [5, 5, 9.5, 9.5], "rotation": 90, "texture": "#0"},
				"up": {"uv": [0, 0, 0.5, 0.5], "rotation": 180, "texture": "#0"},
				"down": {"uv": [0, 0, 0.5, 0.5], "texture": "#0"}
			}
		},
		{
			"name": "hexadecagon",
			"from": [7.375, 0.375, 7.90054],
			"to": [8.375, 0.5, 8.09946],
			"rotation": {"angle": 22.5, "axis": "y", "origin": [7.875, 8.375, 8]},
			"faces": {
				"north": {"uv": [5, 5, 9, 10], "rotation": 270, "texture": "#0"},
				"east": {"uv": [5, 7, 5.0625, 7.09946], "rotation": 270, "texture": "#0"},
				"south": {"uv": [4, 5, 10.5, 10.5], "rotation": 270, "texture": "#0"},
				"west": {"uv": [5, 5, 9.5, 9.5], "rotation": 90, "texture": "#0"},
				"up": {"uv": [0, 0, 0.5, 0.5], "rotation": 180, "texture": "#0"},
				"down": {"uv": [0, 0, 0.5, 0.5], "texture": "#0"}
			}
		},
		{
			"name": "hexadecagon",
			"from": [7.375, 0.375, 7.90054],
			"to": [8.375, 0.5, 8.09946],
			"rotation": {"angle": 0, "axis": "x", "origin": [7.875, 8.375, 8]},
			"faces": {
				"north": {"uv": [5, 5, 9, 10], "rotation": 270, "texture": "#0"},
				"east": {"uv": [5, 7, 5.0625, 7.09946], "rotation": 270, "texture": "#0"},
				"south": {"uv": [4, 5, 10.5, 10.5], "rotation": 270, "texture": "#0"},
				"west": {"uv": [5, 5, 9.5, 9.5], "rotation": 90, "texture": "#0"},
				"up": {"uv": [0, 0, 0.5, 0.5], "rotation": 180, "texture": "#0"},
				"down": {"uv": [0, 0, 0.5, 0.5], "texture": "#0"}
			}
		},
		{
			"name": "hexadecagon",
			"from": [7.375, 0.375, 7.90054],
			"to": [8.375, 0.5, 8.09946],
			"rotation": {"angle": -22.5, "axis": "y", "origin": [7.875, 8.375, 8]},
			"faces": {
				"north": {"uv": [5, 5, 9, 10], "rotation": 270, "texture": "#0"},
				"east": {"uv": [5, 7, 5.0625, 7.09946], "rotation": 270, "texture": "#0"},
				"south": {"uv": [4, 5, 10.5, 10.5], "rotation": 270, "texture": "#0"},
				"west": {"uv": [5, 5, 9.5, 9.5], "rotation": 90, "texture": "#0"},
				"up": {"uv": [0, 0, 0.5, 0.5], "rotation": 180, "texture": "#0"},
				"down": {"uv": [0, 0, 0.5, 0.5], "texture": "#0"}
			}
		},
		{
			"name": "hexadecagon",
			"from": [7.375, 0.375, 7.90054],
			"to": [8.375, 0.5, 8.09946],
			"rotation": {"angle": -45, "axis": "y", "origin": [7.875, 8.375, 8]},
			"faces": {
				"north": {"uv": [5, 5, 9, 10], "rotation": 270, "texture": "#0"},
				"east": {"uv": [5, 7, 5.0625, 7.09946], "rotation": 270, "texture": "#0"},
				"south": {"uv": [4, 5, 10.5, 10.5], "rotation": 270, "texture": "#0"},
				"west": {"uv": [5, 5, 9.5, 9.5], "rotation": 90, "texture": "#0"},
				"up": {"uv": [0, 0, 0.5, 0.5], "rotation": 180, "texture": "#0"},
				"down": {"uv": [0, 0, 0.5, 0.5], "texture": "#0"}
			}
		},
		{
			"name": "hexadecagon",
			"from": [7.77554, 0.375, 7.5],
			"to": [7.97446, 0.5, 8.5],
			"rotation": {"angle": 22.5, "axis": "y", "origin": [7.875, 8.375, 8]},
			"faces": {
				"north": {"uv": [5, 5, 9, 10], "rotation": 270, "texture": "#0"},
				"east": {"uv": [5, 7, 5.0625, 7.5], "rotation": 270, "texture": "#0"},
				"south": {"uv": [4, 5, 10.5, 10.5], "rotation": 270, "texture": "#0"},
				"west": {"uv": [5, 5, 9.5, 9.5], "rotation": 90, "texture": "#0"},
				"up": {"uv": [0, 0, 0.5, 0.5], "rotation": 180, "texture": "#0"},
				"down": {"uv": [0, 0, 0.5, 0.5], "texture": "#0"}
			}
		},
		{
			"name": "hexadecagon",
			"from": [7.77554, 0.375, 7.5],
			"to": [7.97446, 0.5, 8.5],
			"rotation": {"angle": 0, "axis": "x", "origin": [7.875, 8.375, 8]},
			"faces": {
				"north": {"uv": [5, 5, 9, 10], "rotation": 270, "texture": "#0"},
				"east": {"uv": [5, 7, 5.0625, 7.5], "rotation": 270, "texture": "#0"},
				"south": {"uv": [4, 5, 10.5, 10.5], "rotation": 270, "texture": "#0"},
				"west": {"uv": [5, 5, 9.5, 9.5], "rotation": 90, "texture": "#0"},
				"up": {"uv": [0, 0, 0.5, 0.5], "rotation": 180, "texture": "#0"},
				"down": {"uv": [0, 0, 0.5, 0.5], "texture": "#0"}
			}
		},
		{
			"name": "hexadecagon",
			"from": [7.77554, 0.375, 7.5],
			"to": [7.97446, 0.5, 8.5],
			"rotation": {"angle": -22.5, "axis": "y", "origin": [7.875, 8.375, 8]},
			"faces": {
				"north": {"uv": [5, 5, 9, 10], "rotation": 270, "texture": "#0"},
				"east": {"uv": [5, 7, 5.0625, 7.5], "rotation": 270, "texture": "#0"},
				"south": {"uv": [4, 5, 10.5, 10.5], "rotation": 270, "texture": "#0"},
				"west": {"uv": [5, 5, 9.5, 9.5], "rotation": 90, "texture": "#0"},
				"up": {"uv": [0, 0, 0.5, 0.5], "rotation": 180, "texture": "#0"},
				"down": {"uv": [0, 0, 0.5, 0.5], "texture": "#0"}
			}
		},
		{
			"name": "hexadecagon",
			"from": [7.5, 0.5, 7.90054],
			"to": [8.5, 0.625, 8.09946],
			"rotation": {"angle": 45, "axis": "y", "origin": [8, 8.5, 8]},
			"faces": {
				"north": {"uv": [6, 6, 10, 11], "rotation": 270, "texture": "#0"},
				"east": {"uv": [0, 0, 0.0625, 0.09946], "rotation": 270, "texture": "#0"},
				"south": {"uv": [0, 0, 0.5, 0.5], "rotation": 270, "texture": "#0"},
				"west": {"uv": [0, 0, 0.5, 0.5], "rotation": 90, "texture": "#0"},
				"up": {"uv": [0, 0, 0.5, 0.5], "rotation": 180, "texture": "#0"},
				"down": {"uv": [0, 0, 0.5, 0.5], "texture": "#0"}
			}
		},
		{
			"name": "hexadecagon",
			"from": [7.5, 0.5, 7.90054],
			"to": [8.5, 0.625, 8.09946],
			"rotation": {"angle": 22.5, "axis": "y", "origin": [8, 8.5, 8]},
			"faces": {
				"north": {"uv": [6, 6, 10, 11], "rotation": 270, "texture": "#0"},
				"east": {"uv": [0, 0, 0.0625, 0.09946], "rotation": 270, "texture": "#0"},
				"south": {"uv": [0, 0, 0.5, 0.5], "rotation": 270, "texture": "#0"},
				"west": {"uv": [0, 0, 0.5, 0.5], "rotation": 90, "texture": "#0"},
				"up": {"uv": [0, 0, 0.5, 0.5], "rotation": 180, "texture": "#0"},
				"down": {"uv": [0, 0, 0.5, 0.5], "texture": "#0"}
			}
		},
		{
			"name": "hexadecagon",
			"from": [7.5, 0.5, 7.90054],
			"to": [8.5, 0.625, 8.09946],
			"rotation": {"angle": 0, "axis": "x", "origin": [8, 8.5, 8]},
			"faces": {
				"north": {"uv": [6, 6, 10, 11], "rotation": 270, "texture": "#0"},
				"east": {"uv": [0, 0, 0.0625, 0.09946], "rotation": 270, "texture": "#0"},
				"south": {"uv": [0, 0, 0.5, 0.5], "rotation": 270, "texture": "#0"},
				"west": {"uv": [0, 0, 0.5, 0.5], "rotation": 90, "texture": "#0"},
				"up": {"uv": [0, 0, 0.5, 0.5], "rotation": 180, "texture": "#0"},
				"down": {"uv": [0, 0, 0.5, 0.5], "texture": "#0"}
			}
		},
		{
			"name": "hexadecagon",
			"from": [7.5, 0.5, 7.90054],
			"to": [8.5, 0.625, 8.09946],
			"rotation": {"angle": -22.5, "axis": "y", "origin": [8, 8.5, 8]},
			"faces": {
				"north": {"uv": [6, 6, 10, 11], "rotation": 270, "texture": "#0"},
				"east": {"uv": [0, 0, 0.0625, 0.09946], "rotation": 270, "texture": "#0"},
				"south": {"uv": [0, 0, 0.5, 0.5], "rotation": 270, "texture": "#0"},
				"west": {"uv": [0, 0, 0.5, 0.5], "rotation": 90, "texture": "#0"},
				"up": {"uv": [0, 0, 0.5, 0.5], "rotation": 180, "texture": "#0"},
				"down": {"uv": [0, 0, 0.5, 0.5], "texture": "#0"}
			}
		},
		{
			"name": "hexadecagon",
			"from": [7.5, 0.5, 7.90054],
			"to": [8.5, 0.625, 8.09946],
			"rotation": {"angle": -45, "axis": "y", "origin": [8, 8.5, 8]},
			"faces": {
				"north": {"uv": [6, 6, 10, 11], "rotation": 270, "texture": "#0"},
				"east": {"uv": [0, 0, 0.0625, 0.09946], "rotation": 270, "texture": "#0"},
				"south": {"uv": [0, 0, 0.5, 0.5], "rotation": 270, "texture": "#0"},
				"west": {"uv": [0, 0, 0.5, 0.5], "rotation": 90, "texture": "#0"},
				"up": {"uv": [0, 0, 0.5, 0.5], "rotation": 180, "texture": "#0"},
				"down": {"uv": [0, 0, 0.5, 0.5], "texture": "#0"}
			}
		},
		{
			"name": "hexadecagon",
			"from": [7.90054, 0.5, 7.5],
			"to": [8.09946, 0.625, 8.5],
			"rotation": {"angle": 22.5, "axis": "y", "origin": [8, 8.5, 8]},
			"faces": {
				"north": {"uv": [6, 6, 10, 11], "rotation": 270, "texture": "#0"},
				"east": {"uv": [0, 0, 0.0625, 0.5], "rotation": 270, "texture": "#0"},
				"south": {"uv": [0, 0, 0.5, 0.5], "rotation": 270, "texture": "#0"},
				"west": {"uv": [0, 0, 0.5, 0.5], "rotation": 90, "texture": "#0"},
				"up": {"uv": [0, 0, 0.5, 0.5], "rotation": 180, "texture": "#0"},
				"down": {"uv": [0, 0, 0.5, 0.5], "texture": "#0"}
			}
		},
		{
			"name": "hexadecagon",
			"from": [7.90054, 0.5, 7.5],
			"to": [8.09946, 0.625, 8.5],
			"rotation": {"angle": 0, "axis": "x", "origin": [8, 8.5, 8]},
			"faces": {
				"north": {"uv": [6, 6, 10, 11], "rotation": 270, "texture": "#0"},
				"east": {"uv": [0, 0, 0.0625, 0.5], "rotation": 270, "texture": "#0"},
				"south": {"uv": [0, 0, 0.5, 0.5], "rotation": 270, "texture": "#0"},
				"west": {"uv": [0, 0, 0.5, 0.5], "rotation": 90, "texture": "#0"},
				"up": {"uv": [0, 0, 0.5, 0.5], "rotation": 180, "texture": "#0"},
				"down": {"uv": [0, 0, 0.5, 0.5], "texture": "#0"}
			}
		},
		{
			"name": "hexadecagon",
			"from": [7.90054, 0.5, 7.5],
			"to": [8.09946, 0.625, 8.5],
			"rotation": {"angle": -22.5, "axis": "y", "origin": [8, 8.5, 8]},
			"faces": {
				"north": {"uv": [6, 6, 10, 11], "rotation": 270, "texture": "#0"},
				"east": {"uv": [0, 0, 0.0625, 0.5], "rotation": 270, "texture": "#0"},
				"south": {"uv": [0, 0, 0.5, 0.5], "rotation": 270, "texture": "#0"},
				"west": {"uv": [0, 0, 0.5, 0.5], "rotation": 90, "texture": "#0"},
				"up": {"uv": [0, 0, 0.5, 0.5], "rotation": 180, "texture": "#0"},
				"down": {"uv": [0, 0, 0.5, 0.5], "texture": "#0"}
			}
		},
		{
			"name": "hexadecagon",
			"from": [7.35, 0.625, 7.90054],
			"to": [8.35, 0.75, 8.09946],
			"rotation": {"angle": 45, "axis": "y", "origin": [7.85, 8.625, 8]},
			"faces": {
				"north": {"uv": [6, 6, 10, 11], "rotation": 270, "texture": "#0"},
				"east": {"uv": [0, 0, 0.0625, 0.09946], "rotation": 270, "texture": "#0"},
				"south": {"uv": [0, 0, 0.5, 0.5], "rotation": 270, "texture": "#0"},
				"west": {"uv": [0, 0, 0.5, 0.5], "rotation": 90, "texture": "#0"},
				"up": {"uv": [0, 0, 0.5, 0.5], "rotation": 180, "texture": "#0"},
				"down": {"uv": [0, 0, 0.5, 0.5], "texture": "#0"}
			}
		},
		{
			"name": "hexadecagon",
			"from": [7.35, 0.625, 7.90054],
			"to": [8.35, 0.75, 8.09946],
			"rotation": {"angle": 22.5, "axis": "y", "origin": [7.85, 8.625, 8]},
			"faces": {
				"north": {"uv": [6, 6, 10, 11], "rotation": 270, "texture": "#0"},
				"east": {"uv": [0, 0, 0.0625, 0.09946], "rotation": 270, "texture": "#0"},
				"south": {"uv": [0, 0, 0.5, 0.5], "rotation": 270, "texture": "#0"},
				"west": {"uv": [0, 0, 0.5, 0.5], "rotation": 90, "texture": "#0"},
				"up": {"uv": [0, 0, 0.5, 0.5], "rotation": 180, "texture": "#0"},
				"down": {"uv": [0, 0, 0.5, 0.5], "texture": "#0"}
			}
		},
		{
			"name": "hexadecagon",
			"from": [7.35, 0.625, 7.90054],
			"to": [8.35, 0.75, 8.09946],
			"rotation": {"angle": 0, "axis": "x", "origin": [7.85, 8.625, 8]},
			"faces": {
				"north": {"uv": [6, 6, 10, 11], "rotation": 270, "texture": "#0"},
				"east": {"uv": [0, 0, 0.0625, 0.09946], "rotation": 270, "texture": "#0"},
				"south": {"uv": [0, 0, 0.5, 0.5], "rotation": 270, "texture": "#0"},
				"west": {"uv": [0, 0, 0.5, 0.5], "rotation": 90, "texture": "#0"},
				"up": {"uv": [0, 0, 0.5, 0.5], "rotation": 180, "texture": "#0"},
				"down": {"uv": [0, 0, 0.5, 0.5], "texture": "#0"}
			}
		},
		{
			"name": "hexadecagon",
			"from": [7.35, 0.625, 7.90054],
			"to": [8.35, 0.75, 8.09946],
			"rotation": {"angle": -22.5, "axis": "y", "origin": [7.85, 8.625, 8]},
			"faces": {
				"north": {"uv": [6, 6, 10, 11], "rotation": 270, "texture": "#0"},
				"east": {"uv": [0, 0, 0.0625, 0.09946], "rotation": 270, "texture": "#0"},
				"south": {"uv": [0, 0, 0.5, 0.5], "rotation": 270, "texture": "#0"},
				"west": {"uv": [0, 0, 0.5, 0.5], "rotation": 90, "texture": "#0"},
				"up": {"uv": [0, 0, 0.5, 0.5], "rotation": 180, "texture": "#0"},
				"down": {"uv": [0, 0, 0.5, 0.5], "texture": "#0"}
			}
		},
		{
			"name": "hexadecagon",
			"from": [7.35, 0.625, 7.90054],
			"to": [8.35, 0.75, 8.09946],
			"rotation": {"angle": -45, "axis": "y", "origin": [7.85, 8.625, 8]},
			"faces": {
				"north": {"uv": [6, 6, 10, 11], "rotation": 270, "texture": "#0"},
				"east": {"uv": [0, 0, 0.0625, 0.09946], "rotation": 270, "texture": "#0"},
				"south": {"uv": [0, 0, 0.5, 0.5], "rotation": 270, "texture": "#0"},
				"west": {"uv": [0, 0, 0.5, 0.5], "rotation": 90, "texture": "#0"},
				"up": {"uv": [0, 0, 0.5, 0.5], "rotation": 180, "texture": "#0"},
				"down": {"uv": [0, 0, 0.5, 0.5], "texture": "#0"}
			}
		},
		{
			"name": "hexadecagon",
			"from": [7.75054, 0.625, 7.5],
			"to": [7.94946, 0.75, 8.5],
			"rotation": {"angle": 22.5, "axis": "y", "origin": [7.85, 8.625, 8]},
			"faces": {
				"north": {"uv": [5, 5, 9, 10], "rotation": 270, "texture": "#0"},
				"east": {"uv": [5, 7, 5.0625, 7.5], "rotation": 270, "texture": "#0"},
				"south": {"uv": [4, 5, 10.5, 10.5], "rotation": 270, "texture": "#0"},
				"west": {"uv": [5, 5, 9.5, 9.5], "rotation": 90, "texture": "#0"},
				"up": {"uv": [0, 0, 0.5, 0.5], "rotation": 180, "texture": "#0"},
				"down": {"uv": [0, 0, 0.5, 0.5], "texture": "#0"}
			}
		},
		{
			"name": "hexadecagon",
			"from": [7.75054, 0.625, 7.5],
			"to": [7.94946, 0.75, 8.5],
			"rotation": {"angle": 0, "axis": "x", "origin": [7.85, 8.625, 8]},
			"faces": {
				"north": {"uv": [5, 5, 9, 10], "rotation": 270, "texture": "#0"},
				"east": {"uv": [5, 7, 5.0625, 7.5], "rotation": 270, "texture": "#0"},
				"south": {"uv": [4, 5, 10.5, 10.5], "rotation": 270, "texture": "#0"},
				"west": {"uv": [5, 5, 9.5, 9.5], "rotation": 90, "texture": "#0"},
				"up": {"uv": [0, 0, 0.5, 0.5], "rotation": 180, "texture": "#0"},
				"down": {"uv": [0, 0, 0.5, 0.5], "texture": "#0"}
			}
		},
		{
			"name": "hexadecagon",
			"from": [7.75054, 0.625, 7.5],
			"to": [7.94946, 0.75, 8.5],
			"rotation": {"angle": -22.5, "axis": "y", "origin": [7.85, 8.625, 8]},
			"faces": {
				"north": {"uv": [5, 5, 9, 10], "rotation": 270, "texture": "#0"},
				"east": {"uv": [5, 7, 5.0625, 7.5], "rotation": 270, "texture": "#0"},
				"south": {"uv": [4, 5, 10.5, 10.5], "rotation": 270, "texture": "#0"},
				"west": {"uv": [5, 5, 9.5, 9.5], "rotation": 90, "texture": "#0"},
				"up": {"uv": [0, 0, 0.5, 0.5], "rotation": 180, "texture": "#0"},
				"down": {"uv": [0, 0, 0.5, 0.5], "texture": "#0"}
			}
		},
		{
			"name": "hexadecagon",
			"from": [7.425, 0.75, 7.90054],
			"to": [8.425, 0.875, 8.09946],
			"rotation": {"angle": 45, "axis": "y", "origin": [7.925, 8.75, 8]},
			"faces": {
				"north": {"uv": [5, 5, 9, 10], "rotation": 270, "texture": "#0"},
				"east": {"uv": [5, 7, 5.0625, 7.09946], "rotation": 270, "texture": "#0"},
				"south": {"uv": [4, 5, 10.5, 10.5], "rotation": 270, "texture": "#0"},
				"west": {"uv": [5, 5, 9.5, 9.5], "rotation": 90, "texture": "#0"},
				"up": {"uv": [0, 0, 0.5, 0.5], "rotation": 180, "texture": "#0"},
				"down": {"uv": [0, 0, 0.5, 0.5], "texture": "#0"}
			}
		},
		{
			"name": "hexadecagon",
			"from": [7.425, 0.75, 7.90054],
			"to": [8.425, 0.875, 8.09946],
			"rotation": {"angle": 22.5, "axis": "y", "origin": [7.925, 8.75, 8]},
			"faces": {
				"north": {"uv": [5, 5, 9, 10], "rotation": 270, "texture": "#0"},
				"east": {"uv": [5, 7, 5.0625, 7.09946], "rotation": 270, "texture": "#0"},
				"south": {"uv": [4, 5, 10.5, 10.5], "rotation": 270, "texture": "#0"},
				"west": {"uv": [5, 5, 9.5, 9.5], "rotation": 90, "texture": "#0"},
				"up": {"uv": [0, 0, 0.5, 0.5], "rotation": 180, "texture": "#0"},
				"down": {"uv": [0, 0, 0.5, 0.5], "texture": "#0"}
			}
		},
		{
			"name": "hexadecagon",
			"from": [7.425, 0.75, 7.90054],
			"to": [8.425, 0.875, 8.09946],
			"rotation": {"angle": 0, "axis": "x", "origin": [7.925, 8.75, 8]},
			"faces": {
				"north": {"uv": [5, 5, 9, 10], "rotation": 270, "texture": "#0"},
				"east": {"uv": [5, 7, 5.0625, 7.09946], "rotation": 270, "texture": "#0"},
				"south": {"uv": [4, 5, 10.5, 10.5], "rotation": 270, "texture": "#0"},
				"west": {"uv": [5, 5, 9.5, 9.5], "rotation": 90, "texture": "#0"},
				"up": {"uv": [0, 0, 0.5, 0.5], "rotation": 180, "texture": "#0"},
				"down": {"uv": [0, 0, 0.5, 0.5], "texture": "#0"}
			}
		},
		{
			"name": "hexadecagon",
			"from": [7.425, 0.75, 7.90054],
			"to": [8.425, 0.875, 8.09946],
			"rotation": {"angle": -22.5, "axis": "y", "origin": [7.925, 8.75, 8]},
			"faces": {
				"north": {"uv": [5, 5, 9, 10], "rotation": 270, "texture": "#0"},
				"east": {"uv": [5, 7, 5.0625, 7.09946], "rotation": 270, "texture": "#0"},
				"south": {"uv": [4, 5, 10.5, 10.5], "rotation": 270, "texture": "#0"},
				"west": {"uv": [5, 5, 9.5, 9.5], "rotation": 90, "texture": "#0"},
				"up": {"uv": [0, 0, 0.5, 0.5], "rotation": 180, "texture": "#0"},
				"down": {"uv": [0, 0, 0.5, 0.5], "texture": "#0"}
			}
		},
		{
			"name": "hexadecagon",
			"from": [7.425, 0.75, 7.90054],
			"to": [8.425, 0.875, 8.09946],
			"rotation": {"angle": -45, "axis": "y", "origin": [7.925, 8.75, 8]},
			"faces": {
				"north": {"uv": [5, 5, 9, 10], "rotation": 270, "texture": "#0"},
				"east": {"uv": [5, 7, 5.0625, 7.09946], "rotation": 270, "texture": "#0"},
				"south": {"uv": [4, 5, 10.5, 10.5], "rotation": 270, "texture": "#0"},
				"west": {"uv": [5, 5, 9.5, 9.5], "rotation": 90, "texture": "#0"},
				"up": {"uv": [0, 0, 0.5, 0.5], "rotation": 180, "texture": "#0"},
				"down": {"uv": [0, 0, 0.5, 0.5], "texture": "#0"}
			}
		},
		{
			"name": "hexadecagon",
			"from": [7.82554, 0.75, 7.5],
			"to": [8.02446, 0.875, 8.5],
			"rotation": {"angle": 22.5, "axis": "y", "origin": [7.925, 8.75, 8]},
			"faces": {
				"north": {"uv": [5, 5, 9, 10], "rotation": 270, "texture": "#0"},
				"east": {"uv": [5, 7, 5.0625, 7.5], "rotation": 270, "texture": "#0"},
				"south": {"uv": [4, 5, 10.5, 10.5], "rotation": 270, "texture": "#0"},
				"west": {"uv": [5, 5, 9.5, 9.5], "rotation": 90, "texture": "#0"},
				"up": {"uv": [0, 0, 0.5, 0.5], "rotation": 180, "texture": "#0"},
				"down": {"uv": [0, 0, 0.5, 0.5], "texture": "#0"}
			}
		},
		{
			"name": "hexadecagon",
			"from": [7.82554, 0.75, 7.5],
			"to": [8.02446, 0.875, 8.5],
			"rotation": {"angle": 0, "axis": "x", "origin": [7.925, 8.75, 8]},
			"faces": {
				"north": {"uv": [5, 5, 9, 10], "rotation": 270, "texture": "#0"},
				"east": {"uv": [5, 7, 5.0625, 7.5], "rotation": 270, "texture": "#0"},
				"south": {"uv": [4, 5, 10.5, 10.5], "rotation": 270, "texture": "#0"},
				"west": {"uv": [5, 5, 9.5, 9.5], "rotation": 90, "texture": "#0"},
				"up": {"uv": [0, 0, 0.5, 0.5], "rotation": 180, "texture": "#0"},
				"down": {"uv": [0, 0, 0.5, 0.5], "texture": "#0"}
			}
		},
		{
			"name": "hexadecagon",
			"from": [7.82554, 0.75, 7.5],
			"to": [8.02446, 0.875, 8.5],
			"rotation": {"angle": -22.5, "axis": "y", "origin": [7.925, 8.75, 8]},
			"faces": {
				"north": {"uv": [5, 5, 9, 10], "rotation": 270, "texture": "#0"},
				"east": {"uv": [5, 7, 5.0625, 7.5], "rotation": 270, "texture": "#0"},
				"south": {"uv": [4, 5, 10.5, 10.5], "rotation": 270, "texture": "#0"},
				"west": {"uv": [5, 5, 9.5, 9.5], "rotation": 90, "texture": "#0"},
				"up": {"uv": [0, 0, 0.5, 0.5], "rotation": 180, "texture": "#0"},
				"down": {"uv": [0, 0, 0.5, 0.5], "texture": "#0"}
			}
		},
		{
			"name": "hexadecagon",
			"from": [7.375, 0.875, 7.90054],
			"to": [8.375, 1, 8.09946],
			"rotation": {"angle": 45, "axis": "y", "origin": [7.875, 8.875, 8]},
			"faces": {
				"north": {"uv": [5, 5, 9, 10], "rotation": 270, "texture": "#0"},
				"east": {"uv": [5, 7, 5.0625, 7.09946], "rotation": 270, "texture": "#0"},
				"south": {"uv": [4, 5, 10.5, 10.5], "rotation": 270, "texture": "#0"},
				"west": {"uv": [5, 5, 9.5, 9.5], "rotation": 90, "texture": "#0"},
				"up": {"uv": [0, 0, 0.5, 0.5], "rotation": 180, "texture": "#0"},
				"down": {"uv": [0, 0, 0.5, 0.5], "texture": "#0"}
			}
		},
		{
			"name": "hexadecagon",
			"from": [7.375, 0.875, 7.90054],
			"to": [8.375, 1, 8.09946],
			"rotation": {"angle": 22.5, "axis": "y", "origin": [7.875, 8.875, 8]},
			"faces": {
				"north": {"uv": [5, 5, 9, 10], "rotation": 270, "texture": "#0"},
				"east": {"uv": [5, 7, 5.0625, 7.09946], "rotation": 270, "texture": "#0"},
				"south": {"uv": [4, 5, 10.5, 10.5], "rotation": 270, "texture": "#0"},
				"west": {"uv": [5, 5, 9.5, 9.5], "rotation": 90, "texture": "#0"},
				"up": {"uv": [0, 0, 0.5, 0.5], "rotation": 180, "texture": "#0"},
				"down": {"uv": [0, 0, 0.5, 0.5], "texture": "#0"}
			}
		},
		{
			"name": "hexadecagon",
			"from": [7.375, 0.875, 7.90054],
			"to": [8.375, 1, 8.09946],
			"rotation": {"angle": 0, "axis": "x", "origin": [7.875, 8.875, 8]},
			"faces": {
				"north": {"uv": [5, 5, 9, 10], "rotation": 270, "texture": "#0"},
				"east": {"uv": [5, 7, 5.0625, 7.09946], "rotation": 270, "texture": "#0"},
				"south": {"uv": [4, 5, 10.5, 10.5], "rotation": 270, "texture": "#0"},
				"west": {"uv": [5, 5, 9.5, 9.5], "rotation": 90, "texture": "#0"},
				"up": {"uv": [0, 0, 0.5, 0.5], "rotation": 180, "texture": "#0"},
				"down": {"uv": [0, 0, 0.5, 0.5], "texture": "#0"}
			}
		},
		{
			"name": "hexadecagon",
			"from": [7.375, 0.875, 7.90054],
			"to": [8.375, 1, 8.09946],
			"rotation": {"angle": -22.5, "axis": "y", "origin": [7.875, 8.875, 8]},
			"faces": {
				"north": {"uv": [5, 5, 9, 10], "rotation": 270, "texture": "#0"},
				"east": {"uv": [5, 7, 5.0625, 7.09946], "rotation": 270, "texture": "#0"},
				"south": {"uv": [4, 5, 10.5, 10.5], "rotation": 270, "texture": "#0"},
				"west": {"uv": [5, 5, 9.5, 9.5], "rotation": 90, "texture": "#0"},
				"up": {"uv": [0, 0, 0.5, 0.5], "rotation": 180, "texture": "#0"},
				"down": {"uv": [0, 0, 0.5, 0.5], "texture": "#0"}
			}
		},
		{
			"name": "hexadecagon",
			"from": [7.375, 0.875, 7.90054],
			"to": [8.375, 1, 8.09946],
			"rotation": {"angle": -45, "axis": "y", "origin": [7.875, 8.875, 8]},
			"faces": {
				"north": {"uv": [5, 5, 9, 10], "rotation": 270, "texture": "#0"},
				"east": {"uv": [5, 7, 5.0625, 7.09946], "rotation": 270, "texture": "#0"},
				"south": {"uv": [4, 5, 10.5, 10.5], "rotation": 270, "texture": "#0"},
				"west": {"uv": [5, 5, 9.5, 9.5], "rotation": 90, "texture": "#0"},
				"up": {"uv": [0, 0, 0.5, 0.5], "rotation": 180, "texture": "#0"},
				"down": {"uv": [0, 0, 0.5, 0.5], "texture": "#0"}
			}
		},
		{
			"name": "hexadecagon",
			"from": [7.77554, 0.875, 7.5],
			"to": [7.97446, 1, 8.5],
			"rotation": {"angle": 22.5, "axis": "y", "origin": [7.875, 8.875, 8]},
			"faces": {
				"north": {"uv": [5, 5, 9, 10], "rotation": 270, "texture": "#0"},
				"east": {"uv": [5, 7, 5.0625, 7.5], "rotation": 270, "texture": "#0"},
				"south": {"uv": [4, 5, 10.5, 10.5], "rotation": 270, "texture": "#0"},
				"west": {"uv": [5, 5, 9.5, 9.5], "rotation": 90, "texture": "#0"},
				"up": {"uv": [0, 0, 0.5, 0.5], "rotation": 180, "texture": "#0"},
				"down": {"uv": [0, 0, 0.5, 0.5], "texture": "#0"}
			}
		},
		{
			"name": "hexadecagon",
			"from": [7.77554, 0.875, 7.5],
			"to": [7.97446, 1, 8.5],
			"rotation": {"angle": 0, "axis": "x", "origin": [7.875, 8.875, 8]},
			"faces": {
				"north": {"uv": [5, 5, 9, 10], "rotation": 270, "texture": "#0"},
				"east": {"uv": [5, 7, 5.0625, 7.5], "rotation": 270, "texture": "#0"},
				"south": {"uv": [4, 5, 10.5, 10.5], "rotation": 270, "texture": "#0"},
				"west": {"uv": [5, 5, 9.5, 9.5], "rotation": 90, "texture": "#0"},
				"up": {"uv": [0, 0, 0.5, 0.5], "rotation": 180, "texture": "#0"},
				"down": {"uv": [0, 0, 0.5, 0.5], "texture": "#0"}
			}
		},
		{
			"name": "hexadecagon",
			"from": [7.77554, 0.875, 7.5],
			"to": [7.97446, 1, 8.5],
			"rotation": {"angle": -22.5, "axis": "y", "origin": [7.875, 8.875, 8]},
			"faces": {
				"north": {"uv": [5, 5, 9, 10], "rotation": 270, "texture": "#0"},
				"east": {"uv": [5, 7, 5.0625, 7.5], "rotation": 270, "texture": "#0"},
				"south": {"uv": [4, 5, 10.5, 10.5], "rotation": 270, "texture": "#0"},
				"west": {"uv": [5, 5, 9.5, 9.5], "rotation": 90, "texture": "#0"},
				"up": {"uv": [0, 0, 0.5, 0.5], "rotation": 180, "texture": "#0"},
				"down": {"uv": [0, 0, 0.5, 0.5], "texture": "#0"}
			}
		}
	],
	"gui_light": "front",
	"display": {
		"thirdperson_righthand": {
			"translation": [0, 15.5, 0],
			"scale": [2, 2, 2]
		},
		"thirdperson_lefthand": {
			"translation": [0, 15.75, 0],
			"scale": [2, 2, 2]
		},
		"firstperson_righthand": {
			"translation": [0, 31, 0],
			"scale": [4, 4, 4]
		},
		"firstperson_lefthand": {
			"translation": [0, 32, 0],
			"scale": [4, 4, 4]
		},
		"ground": {
			"translation": [0, 27.25, 0],
			"scale": [3.52, 3.52, 3.52]
		},
		"gui": {
			"rotation": [27.5, 0, 0],
			"translation": [0, 26.75, 0],
			"scale": [4, 4, 4]
		}
	},
	"groups": [
		{
			"name": "hexadecagon",
			"origin": [8, 8, 8],
			"color": 0,
			"children": [
				0,
				1,
				2,
				3,
				4,
				5,
				6,
				7,
				8,
				9,
				10,
				11,
				12,
				13,
				14,
				15,
				16,
				17,
				18,
				19,
				20,
				21,
				22,
				23,
				24,
				25,
				26,
				27,
				28,
				29,
				30,
				31,
				32,
				33,
				34,
				35,
				36,
				37,
				38,
				39,
				40,
				41,
				42,
				43,
				44,
				45,
				46,
				47,
				48,
				49,
				50,
				51,
				52,
				53,
				54,
				55,
				56,
				57,
				58,
				59,
				60,
				61,
				62,
				63
			]
		}
	]
}