{
	"credit": "Made with Blockbench",
	"texture_size": [64, 64],
	"textures": {
		"0": "item/misc/money/bag/bag",
		"particle": "item/misc/money/bag/bag"
	},
	"elements": [
		{
			"from": [4, 0, 5],
			"to": [12, 6, 11],
			"faces": {
				"north": {"uv": [2, 0, 4, 1.5], "texture": "#0"},
				"east": {"uv": [6, 1.5, 7.5, 3], "texture": "#0"},
				"south": {"uv": [2, 1.5, 4, 3], "texture": "#0"},
				"west": {"uv": [1.75, 6, 3.25, 7.5], "texture": "#0"},
				"up": {"uv": [4, 4.5, 2, 3], "texture": "#0"},
				"down": {"uv": [2, 3.5, 0, 5], "texture": "#0"}
			}
		},
		{
			"from": [4, 0, 4],
			"to": [12, 6, 5],
			"faces": {
				"north": {"uv": [4, 0, 6, 1.5], "texture": "#0"},
				"east": {"uv": [1.75, 8.25, 2, 9.75], "texture": "#0"},
				"south": {"uv": [4, 1.5, 6, 3], "texture": "#0"},
				"west": {"uv": [2, 8.25, 2.25, 9.75], "texture": "#0"},
				"up": {"uv": [8, 4.5, 6, 4.25], "texture": "#0"},
				"down": {"uv": [9.5, 1.5, 7.5, 1.75], "texture": "#0"}
			}
		},
		{
			"from": [3, 0, 5],
			"to": [4, 6, 12],
			"faces": {
				"north": {"uv": [1.25, 8.25, 1.5, 9.75], "texture": "#0"},
				"east": {"uv": [4, 4.5, 5.75, 6], "texture": "#0"},
				"south": {"uv": [1.5, 8.25, 1.75, 9.75], "texture": "#0"},
				"west": {"uv": [0, 5, 1.75, 6.5], "texture": "#0"},
				"up": {"uv": [1.25, 9.75, 1, 8], "texture": "#0"},
				"down": {"uv": [4.25, 8, 4, 9.75], "texture": "#0"}
			}
		},
		{
			"from": [12, 0, 5],
			"to": [13, 6, 12],
			"faces": {
				"north": {"uv": [2.25, 8.25, 2.5, 9.75], "texture": "#0"},
				"east": {"uv": [5.75, 4.5, 7.5, 6], "texture": "#0"},
				"south": {"uv": [8.25, 7, 8.5, 8.5], "texture": "#0"},
				"west": {"uv": [6, 0, 7.75, 1.5], "texture": "#0"},
				"up": {"uv": [4.5, 9.75, 4.25, 8], "texture": "#0"},
				"down": {"uv": [8.25, 7, 8, 8.75], "texture": "#0"}
			}
		},
		{
			"from": [4, 0, 11],
			"to": [12, 6, 12],
			"faces": {
				"north": {"uv": [4, 3, 6, 4.5], "texture": "#0"},
				"east": {"uv": [2.5, 8.5, 2.75, 10], "texture": "#0"},
				"south": {"uv": [2, 4.5, 4, 6], "texture": "#0"},
				"west": {"uv": [2.75, 8.5, 3, 10], "texture": "#0"},
				"up": {"uv": [9.5, 2, 7.5, 1.75], "texture": "#0"},
				"down": {"uv": [9.5, 2, 7.5, 2.25], "texture": "#0"}
			}
		},
		{
			"from": [4, 6, 5],
			"to": [12, 7, 12],
			"faces": {
				"north": {"uv": [7.5, 2.25, 9.5, 2.5], "texture": "#0"},
				"east": {"uv": [8, 5.25, 9.75, 5.5], "texture": "#0"},
				"south": {"uv": [7.5, 2.5, 9.5, 2.75], "texture": "#0"},
				"west": {"uv": [8.25, 0, 10, 0.25], "texture": "#0"},
				"up": {"uv": [2, 1.75, 0, 0], "texture": "#0"},
				"down": {"uv": [2, 1.75, 0, 3.5], "texture": "#0"}
			}
		},
		{
			"from": [4, 7, 7],
			"to": [5, 10, 12],
			"faces": {
				"north": {"uv": [1.75, 5, 2, 5.75], "texture": "#0"},
				"east": {"uv": [6.25, 6.75, 7.5, 7.5], "texture": "#0"},
				"south": {"uv": [1.5, 6.5, 1.75, 7.25], "texture": "#0"},
				"west": {"uv": [0, 7.25, 1.25, 8], "texture": "#0"},
				"up": {"uv": [8.75, 4, 8.5, 2.75], "texture": "#0"},
				"down": {"uv": [3.25, 8.5, 3, 9.75], "texture": "#0"}
			}
		},
		{
			"from": [11, 7, 7],
			"to": [12, 10, 12],
			"faces": {
				"north": {"uv": [3.75, 8.5, 4, 9.25], "texture": "#0"},
				"east": {"uv": [3.25, 7.25, 4.5, 8], "texture": "#0"},
				"south": {"uv": [0, 9, 0.25, 9.75], "texture": "#0"},
				"west": {"uv": [1.25, 7.5, 2.5, 8.25], "texture": "#0"},
				"up": {"uv": [3.5, 9.75, 3.25, 8.5], "texture": "#0"},
				"down": {"uv": [3.75, 8.5, 3.5, 9.75], "texture": "#0"}
			}
		},
		{
			"from": [5, 7, 6],
			"to": [11, 10, 7],
			"faces": {
				"north": {"uv": [4.75, 6, 6.25, 6.75], "texture": "#0"},
				"east": {"uv": [0.25, 9, 0.5, 9.75], "texture": "#0"},
				"south": {"uv": [6.25, 6, 7.75, 6.75], "texture": "#0"},
				"west": {"uv": [0.5, 9, 0.75, 9.75], "texture": "#0"},
				"up": {"uv": [9.75, 0.5, 8.25, 0.25], "texture": "#0"},
				"down": {"uv": [9.75, 0.5, 8.25, 0.75], "texture": "#0"}
			}
		},
		{
			"from": [5, 7, 11],
			"to": [11, 10, 12],
			"faces": {
				"north": {"uv": [0, 6.5, 1.5, 7.25], "texture": "#0"},
				"east": {"uv": [0.75, 9, 1, 9.75], "texture": "#0"},
				"south": {"uv": [4.75, 6.75, 6.25, 7.5], "texture": "#0"},
				"west": {"uv": [9, 4.25, 9.25, 5], "texture": "#0"},
				"up": {"uv": [9.75, 1, 8.25, 0.75], "texture": "#0"},
				"down": {"uv": [9.75, 5.5, 8.25, 5.75], "texture": "#0"}
			}
		},
		{
			"from": [5, 8, 7],
			"to": [11, 9, 12],
			"faces": {
				"north": {"uv": [8.25, 5.75, 9.75, 6], "texture": "#0"},
				"east": {"uv": [8.25, 6.25, 9.5, 6.5], "texture": "#0"},
				"south": {"uv": [8.25, 6, 9.75, 6.25], "texture": "#0"},
				"west": {"uv": [8.5, 4, 9.75, 4.25], "texture": "#0"},
				"up": {"uv": [7.5, 4.25, 6, 3], "texture": "#0"},
				"down": {"uv": [4.75, 6, 3.25, 7.25], "texture": "#0"}
			}
		},
		{
			"from": [7, 4, 3.5],
			"to": [9, 5, 4.5],
			"faces": {
				"north": {"uv": [1.25, 7.25, 1.75, 7.5], "texture": "#0"},
				"east": {"uv": [1.75, 5.75, 2, 6], "texture": "#0"},
				"south": {"uv": [4.5, 9, 5, 9.25], "texture": "#0"},
				"west": {"uv": [4.5, 7.25, 4.75, 7.5], "texture": "#0"},
				"up": {"uv": [5.5, 9.25, 5, 9], "texture": "#0"},
				"down": {"uv": [9.5, 5, 9, 5.25], "texture": "#0"}
			}
		},
		{
			"from": [5, 11.925, 2],
			"to": [7, 12.2, 5.975],
			"rotation": {"angle": 22.5, "axis": "x", "origin": [0, 0, 0]},
			"faces": {
				"north": {"uv": [5.5, 9, 6, 9.25], "texture": "#0"},
				"east": {"uv": [4.5, 8.5, 5.5, 8.75], "texture": "#0"},
				"south": {"uv": [6, 9, 6.5, 9.25], "texture": "#0"},
				"west": {"uv": [5.5, 8.5, 6.5, 8.75], "texture": "#0"},
				"up": {"uv": [3, 8.5, 2.5, 7.5], "texture": "#0"},
				"down": {"uv": [8, 2.75, 7.5, 3.75], "texture": "#0"}
			}
		},
		{
			"from": [7.325, 11.9, 2],
			"to": [9.325, 12.175, 5.975],
			"rotation": {"angle": 22.5, "axis": "x", "origin": [0, 0, 0]},
			"faces": {
				"north": {"uv": [6.5, 9, 7, 9.25], "texture": "#0"},
				"east": {"uv": [6.5, 8.5, 7.5, 8.75], "texture": "#0"},
				"south": {"uv": [9, 6.5, 9.5, 6.75], "texture": "#0"},
				"west": {"uv": [8.5, 7, 9.5, 7.25], "texture": "#0"},
				"up": {"uv": [5, 8.5, 4.5, 7.5], "texture": "#0"},
				"down": {"uv": [8, 4.5, 7.5, 5.5], "texture": "#0"}
			}
		},
		{
			"from": [8.95, 12.2, 2],
			"to": [10.95, 12.475, 5.975],
			"rotation": {"angle": 22.5, "axis": "x", "origin": [0, 0, 0]},
			"faces": {
				"north": {"uv": [9, 6.75, 9.5, 7], "texture": "#0"},
				"east": {"uv": [8.5, 7.25, 9.5, 7.5], "texture": "#0"},
				"south": {"uv": [7, 9, 7.5, 9.25], "texture": "#0"},
				"west": {"uv": [8.5, 7.5, 9.5, 7.75], "texture": "#0"},
				"up": {"uv": [5.5, 8.5, 5, 7.5], "texture": "#0"},
				"down": {"uv": [6, 7.5, 5.5, 8.5], "texture": "#0"}
			}
		},
		{
			"from": [6.325, 12.2, 2],
			"to": [8.325, 12.475, 5.975],
			"rotation": {"angle": 22.5, "axis": "x", "origin": [0, 0, 0]},
			"faces": {
				"north": {"uv": [7.5, 9, 8, 9.25], "texture": "#0"},
				"east": {"uv": [8.5, 7.75, 9.5, 8], "texture": "#0"},
				"south": {"uv": [8, 9, 8.5, 9.25], "texture": "#0"},
				"west": {"uv": [8.5, 8, 9.5, 8.25], "texture": "#0"},
				"up": {"uv": [6.5, 8.5, 6, 7.5], "texture": "#0"},
				"down": {"uv": [7, 7.5, 6.5, 8.5], "texture": "#0"}
			}
		},
		{
			"from": [5.325, 12.45, 2],
			"to": [7.325, 12.725, 5.975],
			"rotation": {"angle": 22.5, "axis": "x", "origin": [0, 0, 0]},
			"faces": {
				"north": {"uv": [8.5, 9, 9, 9.25], "texture": "#0"},
				"east": {"uv": [8.25, 8.5, 9.25, 8.75], "texture": "#0"},
				"south": {"uv": [9, 9, 9.5, 9.25], "texture": "#0"},
				"west": {"uv": [8.5, 8.25, 9.5, 8.5], "texture": "#0"},
				"up": {"uv": [8, 7.75, 7.5, 6.75], "texture": "#0"},
				"down": {"uv": [7.5, 7.5, 7, 8.5], "texture": "#0"}
			}
		},
		{
			"from": [8.375, 12.45, 2],
			"to": [10.375, 12.725, 5.975],
			"rotation": {"angle": 22.5, "axis": "x", "origin": [0, 0, 0]},
			"faces": {
				"north": {"uv": [9.25, 4.25, 9.75, 4.5], "texture": "#0"},
				"east": {"uv": [8.75, 1, 9.75, 1.25], "texture": "#0"},
				"south": {"uv": [4.5, 9.25, 5, 9.5], "texture": "#0"},
				"west": {"uv": [8.75, 1.25, 9.75, 1.5], "texture": "#0"},
				"up": {"uv": [8.25, 1, 7.75, 0], "texture": "#0"},
				"down": {"uv": [8.25, 5.5, 7.75, 6.5], "texture": "#0"}
			}
		},
		{
			"from": [8.85, 12.7, 2],
			"to": [10.85, 12.975, 5.975],
			"rotation": {"angle": 22.5, "axis": "x", "origin": [0, 0, 0]},
			"faces": {
				"north": {"uv": [9.25, 4.5, 9.75, 4.75], "texture": "#0"},
				"east": {"uv": [8.75, 2.75, 9.75, 3], "texture": "#0"},
				"south": {"uv": [9.25, 4.75, 9.75, 5], "texture": "#0"},
				"west": {"uv": [8.75, 3, 9.75, 3.25], "texture": "#0"},
				"up": {"uv": [8, 8.75, 7.5, 7.75], "texture": "#0"},
				"down": {"uv": [0.5, 8, 0, 9], "texture": "#0"}
			}
		},
		{
			"from": [5.8, 12.7, 2],
			"to": [7.8, 12.975, 5.975],
			"rotation": {"angle": 22.5, "axis": "x", "origin": [0, 0, 0]},
			"faces": {
				"north": {"uv": [5, 9.25, 5.5, 9.5], "texture": "#0"},
				"east": {"uv": [8.75, 3.25, 9.75, 3.5], "texture": "#0"},
				"south": {"uv": [5.5, 9.25, 6, 9.5], "texture": "#0"},
				"west": {"uv": [8.75, 3.5, 9.75, 3.75], "texture": "#0"},
				"up": {"uv": [1, 9, 0.5, 8], "texture": "#0"},
				"down": {"uv": [8.5, 2.75, 8, 3.75], "texture": "#0"}
			}
		},
		{
			"from": [5.95, 0.15, 1.375],
			"to": [9.925, 0.425, 3.375],
			"faces": {
				"north": {"uv": [8.75, 3.75, 9.75, 4], "texture": "#0"},
				"east": {"uv": [6, 9.25, 6.5, 9.5], "texture": "#0"},
				"south": {"uv": [4.5, 8.75, 5.5, 9], "texture": "#0"},
				"west": {"uv": [6.5, 9.25, 7, 9.5], "texture": "#0"},
				"up": {"uv": [8.5, 4.25, 7.5, 3.75], "texture": "#0"},
				"down": {"uv": [8.75, 1, 7.75, 1.5], "texture": "#0"}
			}
		},
		{
			"from": [4.45, 0.4, 1.375],
			"to": [8.425, 0.675, 3.375],
			"faces": {
				"north": {"uv": [5.5, 8.75, 6.5, 9], "texture": "#0"},
				"east": {"uv": [7, 9.25, 7.5, 9.5], "texture": "#0"},
				"south": {"uv": [6.5, 8.75, 7.5, 9], "texture": "#0"},
				"west": {"uv": [7.5, 9.25, 8, 9.5], "texture": "#0"},
				"up": {"uv": [4, 8.5, 3, 8], "texture": "#0"},
				"down": {"uv": [9, 4.25, 8, 4.75], "texture": "#0"}
			}
		},
		{
			"from": [5.45, 0.65, 1.375],
			"to": [9.425, 0.925, 3.375],
			"faces": {
				"north": {"uv": [7.5, 8.75, 8.5, 9], "texture": "#0"},
				"east": {"uv": [8, 9.25, 8.5, 9.5], "texture": "#0"},
				"south": {"uv": [8.5, 8.75, 9.5, 9], "texture": "#0"},
				"west": {"uv": [8.5, 9.25, 9, 9.5], "texture": "#0"},
				"up": {"uv": [9, 5.25, 8, 4.75], "texture": "#0"},
				"down": {"uv": [9, 6.5, 8, 7], "texture": "#0"}
			}
		}
	],
	"gui_light": "front",
	"display": {
		"thirdperson_righthand": {
			"rotation": [0, 180, 0],
			"translation": [-0.5, 2.75, 0],
			"scale": [0.6, 0.6, 0.6]
		},
		"thirdperson_lefthand": {
			"rotation": [0, 180, 0],
			"translation": [0, 3.25, 0],
			"scale": [0.6, 0.6, 0.6]
		},
		"firstperson_righthand": {
			"rotation": [0, 180, 0],
			"translation": [0, 4.5, -0.5],
			"scale": [0.7, 0.7, 0.7]
		},
		"firstperson_lefthand": {
			"rotation": [0, 180, 0],
			"translation": [0, 5, 0],
			"scale": [0.7, 0.7, 0.7]
		},
		"ground": {
			"translation": [0, 5.75, 0],
			"scale": [0.85, 0.85, 0.85]
		},
		"gui": {
			"rotation": [14, 142, 0],
			"translation": [0, 2.5, 0],
			"scale": [0.9, 0.9, 0.9]
		},
		"head": {
			"translation": [0, 14.25, 0]
		},
		"fixed": {
			"translation": [0, 2.5, 0]
		}
	}
}