{
	"credit": "Made by Aiden (feignedmars4438 on discord)",
	"texture_size": [128, 128],
	"textures": {
		"1": "item/machines/fabricator/texture",
		"2": "item/machines/fabricator/stripped_spruce_log",
		"particle": "item/machines/fabricator/stripped_spruce_log"
	},
	"elements": [
		{
			"from": [19.2, 0, -0.8],
			"to": [23.2, 3.2, 3.2],
			"rotation": {"angle": 0, "axis": "y", "origin": [8, 12.355, 7.6]},
			"faces": {
				"north": {"uv": [10.30828, 0, 11.08627, 0.70669], "texture": "#2"},
				"east": {"uv": [10.30828, 0.70669, 11.08627, 1.41337], "texture": "#2"},
				"south": {"uv": [10.11379, 11.54254, 10.89177, 12.24922], "texture": "#2"},
				"west": {"uv": [10.11379, 12.24922, 10.89177, 12.95591], "texture": "#2"},
				"up": {"uv": [4.6679, 12.95591, 3.88992, 12.01366], "rotation": 180, "texture": "#2"},
				"down": {"uv": [5.44588, 12.01366, 4.6679, 12.95591], "rotation": 180, "texture": "#2"}
			}
		},
		{
			"from": [20.2, 3.5, 2.4],
			"to": [22.2, 4.5, 12.8],
			"rotation": {"angle": 0, "axis": "y", "origin": [8, 12.355, 7.6]},
			"faces": {
				"north": {"uv": [5.05689, 13.6626, 5.44588, 13.89816], "texture": "#2"},
				"east": {"uv": [10.69727, 8.00911, 12.73948, 8.24467], "texture": "#2"},
				"south": {"uv": [5.64038, 7.53798, 6.02937, 7.77355], "texture": "#2"},
				"west": {"uv": [10.69727, 7.77355, 12.73948, 8.00911], "texture": "#2"},
				"up": {"uv": [9.72479, 12.60257, 9.3358, 10.12917], "rotation": 180, "texture": "#2"},
				"down": {"uv": [10.11379, 10.12917, 9.72479, 12.60257], "rotation": 180, "texture": "#2"}
			}
		},
		{
			"from": [-7.2, 0, 12],
			"to": [-3.2, 3.2, 16],
			"rotation": {"angle": 0, "axis": "y", "origin": [8, 12.355, 7.6]},
			"faces": {
				"north": {"uv": [10.30828, 2.82674, 11.08627, 3.53343], "texture": "#2"},
				"east": {"uv": [10.30828, 3.53343, 11.08627, 4.24012], "texture": "#2"},
				"south": {"uv": [10.30828, 1.41337, 11.08627, 2.12006], "texture": "#2"},
				"west": {"uv": [10.30828, 2.12006, 11.08627, 2.82674], "texture": "#2"},
				"up": {"uv": [6.22387, 12.95591, 5.44588, 12.01366], "rotation": 180, "texture": "#2"},
				"down": {"uv": [7.00185, 12.01366, 6.22387, 12.95591], "rotation": 180, "texture": "#2"}
			}
		},
		{
			"from": [-6.4, 3.2, 12.8],
			"to": [-4, 12.6, 15.2],
			"rotation": {"angle": 0, "axis": "y", "origin": [8, 12.355, 7.6]},
			"faces": {
				"north": {"uv": [1.16698, 9.65804, 1.65322, 11.89588], "texture": "#2"},
				"east": {"uv": [1.75046, 9.65804, 2.2367, 11.89588], "texture": "#2"},
				"south": {"uv": [0, 9.65804, 0.48624, 11.89588], "texture": "#2"},
				"west": {"uv": [0.58349, 9.65804, 1.06973, 11.89588], "texture": "#2"},
				"up": {"uv": [11.37801, 10.95363, 10.89177, 10.36473], "rotation": 180, "texture": "#2"},
				"down": {"uv": [11.37801, 11.54254, 10.89177, 12.13144], "rotation": 180, "texture": "#2"}
			}
		},
		{
			"from": [-6.4, 3.2, 0],
			"to": [-4, 12.6, 2.4],
			"rotation": {"angle": 0, "axis": "y", "origin": [8, 12.355, 7.6]},
			"faces": {
				"north": {"uv": [3.50093, 9.65804, 3.98717, 11.89588], "texture": "#2"},
				"east": {"uv": [4.08441, 9.65804, 4.57065, 11.89588], "texture": "#2"},
				"south": {"uv": [2.33395, 9.65804, 2.82019, 11.89588], "texture": "#2"},
				"west": {"uv": [2.91744, 9.65804, 3.40368, 11.89588], "texture": "#2"},
				"up": {"uv": [11.37801, 12.83813, 10.89177, 12.24922], "rotation": 180, "texture": "#2"},
				"down": {"uv": [10.98902, 13.19147, 10.50278, 13.78038], "rotation": 180, "texture": "#2"}
			}
		},
		{
			"from": [-6.2, 3.5, 2.4],
			"to": [-4.2, 4.5, 12.8],
			"rotation": {"angle": 0, "axis": "y", "origin": [8, 12.355, 7.6]},
			"faces": {
				"north": {"uv": [5.83488, 13.6626, 6.22387, 13.89816], "texture": "#2"},
				"east": {"uv": [10.89177, 10.12917, 12.93398, 10.36473], "texture": "#2"},
				"south": {"uv": [5.44588, 13.6626, 5.83488, 13.89816], "texture": "#2"},
				"west": {"uv": [10.11379, 12.95591, 12.15599, 13.19147], "texture": "#2"},
				"up": {"uv": [0.38899, 14.48706, 0, 12.01366], "rotation": 180, "texture": "#2"},
				"down": {"uv": [0.77798, 12.01366, 0.38899, 14.48706], "rotation": 180, "texture": "#2"}
			}
		},
		{
			"from": [-7.2, 0, -0.8],
			"to": [-3.2, 3.2, 3.2],
			"rotation": {"angle": 0, "axis": "y", "origin": [8, 12.355, 7.6]},
			"faces": {
				"north": {"uv": [4.6679, 12.95591, 5.44588, 13.6626], "texture": "#2"},
				"east": {"uv": [5.44588, 12.95591, 6.22387, 13.6626], "texture": "#2"},
				"south": {"uv": [9.3358, 12.72035, 10.11379, 13.42703], "texture": "#2"},
				"west": {"uv": [3.88992, 12.95591, 4.6679, 13.6626], "texture": "#2"},
				"up": {"uv": [7.77984, 12.95591, 7.00185, 12.01366], "rotation": 180, "texture": "#2"},
				"down": {"uv": [8.55782, 12.01366, 7.77984, 12.95591], "rotation": 180, "texture": "#2"}
			}
		},
		{
			"from": [19.2, 0, 12],
			"to": [23.2, 3.2, 16],
			"rotation": {"angle": 0, "axis": "y", "origin": [8, 12.355, 7.6]},
			"faces": {
				"north": {"uv": [7.77984, 12.95591, 8.55782, 13.6626], "texture": "#2"},
				"east": {"uv": [8.55782, 12.95591, 9.3358, 13.6626], "texture": "#2"},
				"south": {"uv": [6.22387, 12.95591, 7.00185, 13.6626], "texture": "#2"},
				"west": {"uv": [7.00185, 12.95591, 7.77984, 13.6626], "texture": "#2"},
				"up": {"uv": [9.3358, 12.95591, 8.55782, 12.01366], "rotation": 180, "texture": "#2"},
				"down": {"uv": [10.89177, 10.12917, 10.11379, 11.07141], "rotation": 180, "texture": "#2"}
			}
		},
		{
			"from": [20, 3.2, 12.8],
			"to": [22.4, 12.6, 15.2],
			"rotation": {"angle": 0, "axis": "y", "origin": [8, 12.355, 7.6]},
			"faces": {
				"north": {"uv": [5.83488, 9.65804, 6.32112, 11.89588], "texture": "#2"},
				"east": {"uv": [6.41836, 9.65804, 6.9046, 11.89588], "texture": "#2"},
				"south": {"uv": [4.6679, 9.65804, 5.15414, 11.89588], "texture": "#2"},
				"west": {"uv": [5.25139, 9.65804, 5.73763, 11.89588], "texture": "#2"},
				"up": {"uv": [11.57251, 0.58891, 11.08627, 0], "rotation": 180, "texture": "#2"},
				"down": {"uv": [11.57251, 0.70669, 11.08627, 1.29559], "rotation": 180, "texture": "#2"}
			}
		},
		{
			"from": [20, 3.2, 0],
			"to": [22.4, 12.6, 2.4],
			"rotation": {"angle": 0, "axis": "y", "origin": [8, 12.355, 7.6]},
			"faces": {
				"north": {"uv": [8.16883, 9.65804, 8.65507, 11.89588], "texture": "#2"},
				"east": {"uv": [8.75231, 9.65804, 9.23855, 11.89588], "texture": "#2"},
				"south": {"uv": [7.00185, 9.65804, 7.48809, 11.89588], "texture": "#2"},
				"west": {"uv": [7.58534, 9.65804, 8.07158, 11.89588], "texture": "#2"},
				"up": {"uv": [11.57251, 2.00228, 11.08627, 1.41337], "rotation": 180, "texture": "#2"},
				"down": {"uv": [11.57251, 2.12006, 11.08627, 2.70896], "rotation": 180, "texture": "#2"}
			}
		},
		{
			"from": [-4.96, 13.57, 1.12],
			"to": [-2.8, 22.03, 3.28],
			"rotation": {"angle": 0, "axis": "y", "origin": [8, 12.355, 7.6]},
			"faces": {
				"north": {"uv": [3.11193, 12.01366, 3.50093, 14.01594], "texture": "#2"},
				"east": {"uv": [3.50093, 12.01366, 3.88992, 14.01594], "texture": "#2"},
				"south": {"uv": [2.33395, 12.01366, 2.72294, 14.01594], "texture": "#2"},
				"west": {"uv": [2.72294, 12.01366, 3.11193, 14.01594], "texture": "#2"},
				"up": {"uv": [9.72479, 13.89816, 9.3358, 13.42703], "rotation": 180, "texture": "#2"},
				"down": {"uv": [10.11379, 13.42703, 9.72479, 13.89816], "rotation": 180, "texture": "#2"}
			}
		},
		{
			"from": [-4.955, 22.03, 1.12],
			"to": [20.96, 24.19, 3.28],
			"rotation": {"angle": 0, "axis": "y", "origin": [8, 12.355, 7.6]},
			"faces": {
				"north": {"uv": [0, 8.24467, 5.05689, 8.71579], "texture": "#2"},
				"east": {"uv": [11.08627, 8.71579, 11.47526, 9.18692], "texture": "#2"},
				"south": {"uv": [5.64038, 7.77355, 10.69727, 8.24467], "texture": "#2"},
				"west": {"uv": [11.08627, 3.76899, 11.47526, 4.24012], "texture": "#2"},
				"up": {"uv": [10.11379, 8.71579, 5.05689, 8.24467], "rotation": 180, "texture": "#2"},
				"down": {"uv": [5.05689, 8.71579, 0, 9.18692], "rotation": 180, "texture": "#2"}
			}
		},
		{
			"from": [18.8, 13.57, 1.12],
			"to": [20.96, 22.03, 3.28],
			"rotation": {"angle": 0, "axis": "y", "origin": [8, 12.355, 7.6]},
			"faces": {
				"north": {"uv": [1.55597, 12.01366, 1.94496, 14.01594], "texture": "#2"},
				"east": {"uv": [1.94496, 12.01366, 2.33395, 14.01594], "texture": "#2"},
				"south": {"uv": [0.77798, 12.01366, 1.16698, 14.01594], "texture": "#2"},
				"west": {"uv": [1.16698, 12.01366, 1.55597, 14.01594], "texture": "#2"},
				"up": {"uv": [11.47526, 3.29787, 11.08627, 2.82674], "rotation": 180, "texture": "#2"},
				"down": {"uv": [11.47526, 3.29787, 11.08627, 3.76899], "rotation": 180, "texture": "#2"}
			}
		},
		{
			"from": [-3.35, 13.57, 1.62],
			"to": [18.81, 22.03, 2.78],
			"rotation": {"angle": 0, "axis": "y", "origin": [8, 12.355, 7.6]},
			"faces": {
				"north": {"uv": [6.02937, 2.12006, 10.30828, 4.12234], "texture": "#2"},
				"east": {"uv": [10.30828, 13.19147, 10.50278, 15.19375], "texture": "#2"},
				"south": {"uv": [6.02937, 0, 10.30828, 2.00228], "texture": "#2"},
				"west": {"uv": [10.11379, 13.19147, 10.30828, 15.19375], "texture": "#2"},
				"up": {"uv": [13.61471, 9.8936, 9.3358, 9.65804], "rotation": 180, "texture": "#2"},
				"down": {"uv": [13.61471, 9.8936, 9.3358, 10.12917], "rotation": 180, "texture": "#2"}
			}
		},
		{
			"from": [-6.6, 4.5, 9.4],
			"to": [22.56, 5.18, 12.6],
			"rotation": {"angle": 0, "axis": "y", "origin": [8, 12.355, 7.6]},
			"faces": {
				"north": {"uv": [10.11379, 11.30698, 15.75417, 11.42476], "texture": "#2"},
				"east": {"uv": [6.80736, 13.6626, 7.39084, 13.78038], "texture": "#2"},
				"south": {"uv": [10.11379, 11.07141, 15.75417, 11.1892], "texture": "#2"},
				"west": {"uv": [6.22387, 13.6626, 6.80736, 13.78038], "texture": "#2"},
				"up": {"uv": [11.66975, 7.77355, 6.02937, 7.06686], "rotation": 180, "texture": "#2"},
				"down": {"uv": [5.64038, 7.53798, 0, 8.24467], "rotation": 180, "texture": "#2"}
			}
		},
		{
			"from": [-7.04, 4.5, 6],
			"to": [23, 5.3, 9.2],
			"rotation": {"angle": 0, "axis": "y", "origin": [8, 12.355, 7.6]},
			"faces": {
				"north": {"uv": [5.83488, 9.18692, 11.66975, 9.42248], "texture": "#2"},
				"east": {"uv": [11.08627, 13.42703, 11.66975, 13.6626], "texture": "#2"},
				"south": {"uv": [0, 9.18692, 5.83488, 9.42248], "texture": "#2"},
				"west": {"uv": [11.08627, 13.19147, 11.66975, 13.42703], "texture": "#2"},
				"up": {"uv": [11.86425, 4.9468, 6.02937, 4.24012], "rotation": 180, "texture": "#2"},
				"down": {"uv": [11.86425, 4.9468, 6.02937, 5.65349], "rotation": 180, "texture": "#2"}
			}
		},
		{
			"from": [-6.66, 4.5, 2.6],
			"to": [22.62, 5.48, 5.8],
			"rotation": {"angle": 0, "axis": "y", "origin": [8, 12.355, 7.6]},
			"faces": {
				"north": {"uv": [5.83488, 9.42248, 11.57251, 9.65804], "texture": "#2"},
				"east": {"uv": [4.47341, 13.6626, 5.05689, 13.89816], "texture": "#2"},
				"south": {"uv": [0, 9.42248, 5.73763, 9.65804], "texture": "#2"},
				"west": {"uv": [3.88992, 13.6626, 4.47341, 13.89816], "texture": "#2"},
				"up": {"uv": [11.767, 6.36017, 6.02937, 5.65349], "rotation": 180, "texture": "#2"},
				"down": {"uv": [11.767, 6.36017, 6.02937, 7.06686], "rotation": 180, "texture": "#2"}
			}
		},
		{
			"from": [1.5, 5, 3.7],
			"to": [14.5, 6, 10.7],
			"rotation": {"angle": 0, "axis": "y", "origin": [8, 12.355, 7.6]},
			"faces": {
				"north": {"uv": [8.25, 8.75, 11.5, 9], "texture": "#1"},
				"east": {"uv": [9, 8, 10.75, 8.25], "texture": "#1"},
				"south": {"uv": [5, 8.75, 8.25, 9], "texture": "#1"},
				"west": {"uv": [6.5, 9, 8.25, 9.25], "texture": "#1"},
				"up": {"uv": [11, 1.75, 7.75, 0], "rotation": 180, "texture": "#1"},
				"down": {"uv": [11, 1.75, 7.75, 3.5], "rotation": 180, "texture": "#1"}
			}
		},
		{
			"from": [1.5, 6, 9.7],
			"to": [14.5, 10, 10.7],
			"rotation": {"angle": 0, "axis": "y", "origin": [8, 12.355, 7.6]},
			"faces": {
				"north": {"uv": [7.75, 6.5, 11, 7.5], "texture": "#1"},
				"east": {"uv": [2.25, 9.25, 2.5, 10.25], "texture": "#1"},
				"south": {"uv": [7.75, 5.5, 11, 6.5], "texture": "#1"},
				"west": {"uv": [2, 9.25, 2.25, 10.25], "texture": "#1"},
				"up": {"uv": [3.25, 9.25, 0, 9], "rotation": 180, "texture": "#1"},
				"down": {"uv": [6.5, 9, 3.25, 9.25], "rotation": 180, "texture": "#1"}
			}
		},
		{
			"from": [1.5, 6, 4.7],
			"to": [2.5, 10, 9.7],
			"rotation": {"angle": 0, "axis": "y", "origin": [8, 12.355, 7.6]},
			"faces": {
				"north": {"uv": [1.75, 9.25, 2, 10.25], "texture": "#1"},
				"east": {"uv": [1.25, 8, 2.5, 9], "texture": "#1"},
				"south": {"uv": [1.5, 9.25, 1.75, 10.25], "texture": "#1"},
				"west": {"uv": [0, 8, 1.25, 9], "texture": "#1"},
				"up": {"uv": [8.5, 10.25, 8.25, 9], "rotation": 180, "texture": "#1"},
				"down": {"uv": [8.75, 9, 8.5, 10.25], "rotation": 180, "texture": "#1"}
			}
		},
		{
			"from": [13.5, 6, 4.7],
			"to": [14.5, 10, 9.7],
			"rotation": {"angle": 0, "axis": "y", "origin": [8, 12.355, 7.6]},
			"faces": {
				"north": {"uv": [2.75, 9.25, 3, 10.25], "texture": "#1"},
				"east": {"uv": [3.75, 8, 5, 9], "texture": "#1"},
				"south": {"uv": [2.5, 9.25, 2.75, 10.25], "texture": "#1"},
				"west": {"uv": [2.5, 8, 3.75, 9], "texture": "#1"},
				"up": {"uv": [9, 10.25, 8.75, 9], "rotation": 180, "texture": "#1"},
				"down": {"uv": [9.25, 9, 9, 10.25], "rotation": 180, "texture": "#1"}
			}
		},
		{
			"from": [1.5, 6, 3.7],
			"to": [14.5, 10, 4.7],
			"rotation": {"angle": 0, "axis": "y", "origin": [8, 12.355, 7.6]},
			"faces": {
				"north": {"uv": [7.75, 4.5, 11, 5.5], "texture": "#1"},
				"east": {"uv": [1.25, 9.25, 1.5, 10.25], "texture": "#1"},
				"south": {"uv": [7.75, 3.5, 11, 4.5], "texture": "#1"},
				"west": {"uv": [1, 9.25, 1.25, 10.25], "texture": "#1"},
				"up": {"uv": [8.25, 8.75, 5, 8.5], "rotation": 180, "texture": "#1"},
				"down": {"uv": [11.5, 8.5, 8.25, 8.75], "rotation": 180, "texture": "#1"}
			}
		},
		{
			"from": [-7.4, 12.6, 0],
			"to": [23.4, 13.6, 16.2],
			"rotation": {"angle": 0, "axis": "y", "origin": [8, 12.355, 7.6]},
			"faces": {
				"north": {"uv": [5.05689, 8.95136, 11.08627, 9.18692], "texture": "#2"},
				"east": {"uv": [10.11379, 8.48023, 13.22572, 8.71579], "texture": "#2"},
				"south": {"uv": [5.05689, 8.71579, 11.08627, 8.95136], "texture": "#2"},
				"west": {"uv": [10.11379, 8.24467, 13.22572, 8.48023], "texture": "#2"},
				"up": {"uv": [6.02937, 3.76899, 0, 0], "rotation": 180, "texture": "#2"},
				"down": {"uv": [6.02937, 3.76899, 0, 7.53798], "rotation": 180, "texture": "#2"}
			}
		},
		{
			"from": [17.3, 19.34598, 2.58118],
			"to": [17.7, 19.74598, 3.38118],
			"rotation": {"angle": 0, "axis": "y", "origin": [8, 12.355, 7.6]},
			"faces": {
				"north": {"uv": [6, 10.25, 6.125, 10.375], "texture": "#1"},
				"east": {"uv": [3, 9.75, 3.25, 9.875], "texture": "#1"},
				"south": {"uv": [5.75, 10.25, 5.875, 10.375], "texture": "#1"},
				"west": {"uv": [9.5, 9.5, 9.75, 9.625], "texture": "#1"},
				"up": {"uv": [3.375, 10, 3.25, 9.75], "rotation": 180, "texture": "#1"},
				"down": {"uv": [3.625, 9.75, 3.5, 10], "rotation": 180, "texture": "#1"}
			}
		},
		{
			"from": [17.3, 20.4283, 6.37765],
			"to": [17.7, 20.8283, 6.77765],
			"rotation": {"angle": -22.5, "axis": "x", "origin": [8, 12.355, 7.6]},
			"faces": {
				"north": {"uv": [6.75, 10.25, 6.875, 10.375], "texture": "#1"},
				"east": {"uv": [7, 10.25, 7.125, 10.375], "texture": "#1"},
				"south": {"uv": [6.25, 10.25, 6.375, 10.375], "texture": "#1"},
				"west": {"uv": [6.5, 10.25, 6.625, 10.375], "texture": "#1"},
				"up": {"uv": [7.375, 10.375, 7.25, 10.25], "rotation": 180, "texture": "#1"},
				"down": {"uv": [7.625, 10.25, 7.5, 10.375], "rotation": 180, "texture": "#1"}
			}
		},
		{
			"from": [15.3, 19.34598, 2.58118],
			"to": [15.7, 19.74598, 3.38118],
			"rotation": {"angle": 0, "axis": "y", "origin": [8, 12.355, 7.6]},
			"faces": {
				"north": {"uv": [8.75, 10.25, 8.875, 10.375], "texture": "#1"},
				"east": {"uv": [6, 9.75, 6.25, 9.875], "texture": "#1"},
				"south": {"uv": [8.5, 10.25, 8.625, 10.375], "texture": "#1"},
				"west": {"uv": [5.75, 9.75, 6, 9.875], "texture": "#1"},
				"up": {"uv": [6.375, 10, 6.25, 9.75], "rotation": 180, "texture": "#1"},
				"down": {"uv": [6.625, 9.75, 6.5, 10], "rotation": 180, "texture": "#1"}
			}
		},
		{
			"from": [15.3, 20.4283, 6.37765],
			"to": [15.7, 20.8283, 6.77765],
			"rotation": {"angle": -22.5, "axis": "x", "origin": [8, 12.355, 7.6]},
			"faces": {
				"north": {"uv": [9.25, 10.25, 9.375, 10.375], "texture": "#1"},
				"east": {"uv": [10.25, 9.25, 10.375, 9.375], "texture": "#1"},
				"south": {"uv": [9, 10.25, 9.125, 10.375], "texture": "#1"},
				"west": {"uv": [10.25, 9, 10.375, 9.125], "texture": "#1"},
				"up": {"uv": [9.625, 10.375, 9.5, 10.25], "rotation": 180, "texture": "#1"},
				"down": {"uv": [10.375, 9.5, 10.25, 9.625], "rotation": 180, "texture": "#1"}
			}
		},
		{
			"from": [-0.7, 19.34598, 2.58118],
			"to": [-0.3, 19.74598, 3.38118],
			"rotation": {"angle": 0, "axis": "y", "origin": [8, 12.355, 7.6]},
			"faces": {
				"north": {"uv": [8, 10, 8.125, 10.125], "texture": "#1"},
				"east": {"uv": [6.75, 9.5, 7, 9.625], "texture": "#1"},
				"south": {"uv": [7.75, 10, 7.875, 10.125], "texture": "#1"},
				"west": {"uv": [6.5, 9.5, 6.75, 9.625], "texture": "#1"},
				"up": {"uv": [7.125, 9.75, 7, 9.5], "rotation": 180, "texture": "#1"},
				"down": {"uv": [7.375, 9.5, 7.25, 9.75], "rotation": 180, "texture": "#1"}
			}
		},
		{
			"from": [-0.7, 20.4283, 6.37765],
			"to": [-0.3, 20.8283, 6.77765],
			"rotation": {"angle": -22.5, "axis": "x", "origin": [8, 12.355, 7.6]},
			"faces": {
				"north": {"uv": [9.25, 10, 9.375, 10.125], "texture": "#1"},
				"east": {"uv": [10, 9.25, 10.125, 9.375], "texture": "#1"},
				"south": {"uv": [10, 8.25, 10.125, 8.375], "texture": "#1"},
				"west": {"uv": [10, 9, 10.125, 9.125], "texture": "#1"},
				"up": {"uv": [9.625, 10.125, 9.5, 10], "rotation": 180, "texture": "#1"},
				"down": {"uv": [10.125, 9.5, 10, 9.625], "rotation": 180, "texture": "#1"}
			}
		},
		{
			"from": [2.3, 19.44598, 2.58118],
			"to": [2.7, 19.84598, 3.38118],
			"rotation": {"angle": 0, "axis": "y", "origin": [8, 12.355, 7.6]},
			"faces": {
				"north": {"uv": [5.5, 10.25, 5.625, 10.375], "texture": "#1"},
				"east": {"uv": [7.75, 9.5, 8, 9.625], "texture": "#1"},
				"south": {"uv": [5.25, 10.25, 5.375, 10.375], "texture": "#1"},
				"west": {"uv": [7.5, 9.5, 7.75, 9.625], "texture": "#1"},
				"up": {"uv": [8.125, 9.75, 8, 9.5], "rotation": 180, "texture": "#1"},
				"down": {"uv": [9.375, 9.5, 9.25, 9.75], "rotation": 180, "texture": "#1"}
			}
		},
		{
			"from": [2.3, 20.52069, 6.41592],
			"to": [2.7, 20.92069, 6.81592],
			"rotation": {"angle": -22.5, "axis": "x", "origin": [8, 12.355, 7.6]},
			"faces": {
				"north": {"uv": [10, 10, 10.125, 10.125], "texture": "#1"},
				"east": {"uv": [1, 10.25, 1.125, 10.375], "texture": "#1"},
				"south": {"uv": [9.75, 10, 9.875, 10.125], "texture": "#1"},
				"west": {"uv": [10, 9.75, 10.125, 9.875], "texture": "#1"},
				"up": {"uv": [1.375, 10.375, 1.25, 10.25], "rotation": 180, "texture": "#1"},
				"down": {"uv": [1.625, 10.25, 1.5, 10.375], "rotation": 180, "texture": "#1"}
			}
		},
		{
			"from": [1.37125, 19.71, 3.01],
			"to": [1.95125, 20.29, 3.59],
			"rotation": {"angle": 0, "axis": "y", "origin": [8, 12.355, 7.6]},
			"faces": {
				"north": {"uv": [4.25, 10.25, 4.375, 10.375], "texture": "#1"},
				"east": {"uv": [4.5, 10.25, 4.625, 10.375], "texture": "#1"},
				"south": {"uv": [3.75, 10.25, 3.875, 10.375], "texture": "#1"},
				"west": {"uv": [4, 10.25, 4.125, 10.375], "texture": "#1"},
				"up": {"uv": [4.875, 10.375, 4.75, 10.25], "rotation": 180, "texture": "#1"},
				"down": {"uv": [5.125, 10.25, 5, 10.375], "rotation": 180, "texture": "#1"}
			}
		},
		{
			"from": [-0.94875, 19.71, 3.01],
			"to": [-0.65875, 20.29, 3.59],
			"rotation": {"angle": 0, "axis": "y", "origin": [8, 12.355, 7.6]},
			"faces": {
				"north": {"uv": [6.75, 10, 6.875, 10.125], "texture": "#1"},
				"east": {"uv": [7, 10, 7.125, 10.125], "texture": "#1"},
				"south": {"uv": [6.25, 10, 6.375, 10.125], "texture": "#1"},
				"west": {"uv": [6.5, 10, 6.625, 10.125], "texture": "#1"},
				"up": {"uv": [7.375, 10.125, 7.25, 10], "rotation": 180, "texture": "#1"},
				"down": {"uv": [7.625, 10, 7.5, 10.125], "rotation": 180, "texture": "#1"}
			}
		},
		{
			"from": [1.95125, 19.9275, 3.2275],
			"to": [3.98125, 20.0725, 3.3725],
			"rotation": {"angle": 0, "axis": "y", "origin": [8, 12.355, 7.6]},
			"faces": {
				"north": {"uv": [4, 9.5, 4.5, 9.625], "texture": "#1"},
				"east": {"uv": [3.5, 10.25, 3.625, 10.375], "texture": "#1"},
				"south": {"uv": [3.5, 9.5, 4, 9.625], "texture": "#1"},
				"west": {"uv": [3.25, 10.25, 3.375, 10.375], "texture": "#1"},
				"up": {"uv": [5, 9.625, 4.5, 9.5], "rotation": 180, "texture": "#1"},
				"down": {"uv": [5.5, 9.5, 5, 9.625], "rotation": 180, "texture": "#1"}
			}
		},
		{
			"from": [3.98125, 19.8985, 3.271],
			"to": [4.12625, 20.1015, 3.329],
			"rotation": {"angle": 0, "axis": "y", "origin": [8, 12.355, 7.6]},
			"faces": {
				"north": {"uv": [2.25, 10.25, 2.375, 10.375], "texture": "#1"},
				"east": {"uv": [2.5, 10.25, 2.625, 10.375], "texture": "#1"},
				"south": {"uv": [1.75, 10.25, 1.875, 10.375], "texture": "#1"},
				"west": {"uv": [2, 10.25, 2.125, 10.375], "texture": "#1"},
				"up": {"uv": [2.875, 10.375, 2.75, 10.25], "rotation": 180, "texture": "#1"},
				"down": {"uv": [3.125, 10.25, 3, 10.375], "rotation": 180, "texture": "#1"}
			}
		},
		{
			"from": [-0.65875, 19.565, 2.865],
			"to": [1.37125, 20.435, 3.735],
			"rotation": {"angle": 0, "axis": "y", "origin": [8, 12.355, 7.6]},
			"faces": {
				"north": {"uv": [5.75, 9.25, 6.25, 9.5], "texture": "#1"},
				"east": {"uv": [3.25, 9.5, 3.5, 9.75], "texture": "#1"},
				"south": {"uv": [5.25, 9.25, 5.75, 9.5], "texture": "#1"},
				"west": {"uv": [3, 9.5, 3.25, 9.75], "texture": "#1"},
				"up": {"uv": [6.75, 9.5, 6.25, 9.25], "rotation": 180, "texture": "#1"},
				"down": {"uv": [7.25, 9.25, 6.75, 9.5], "rotation": 180, "texture": "#1"}
			}
		},
		{
			"from": [12.90823, 13.585, 12.14863],
			"to": [15.05823, 14.015, 12.57863],
			"rotation": {"angle": 45, "axis": "y", "origin": [8, 12.355, 7.6]},
			"faces": {
				"north": {"uv": [7.75, 9.25, 8.25, 9.375], "texture": "#1"},
				"east": {"uv": [7, 9.75, 7.125, 9.875], "texture": "#1"},
				"south": {"uv": [7.25, 9.25, 7.75, 9.375], "texture": "#1"},
				"west": {"uv": [6.75, 9.75, 6.875, 9.875], "texture": "#1"},
				"up": {"uv": [9.75, 9.125, 9.25, 9], "rotation": 180, "texture": "#1"},
				"down": {"uv": [9.75, 9.25, 9.25, 9.375], "rotation": 180, "texture": "#1"}
			}
		},
		{
			"from": [12.82223, 13.628, 12.19163],
			"to": [12.90823, 13.972, 12.53563],
			"rotation": {"angle": 45, "axis": "y", "origin": [8, 12.355, 7.6]},
			"faces": {
				"north": {"uv": [7.75, 9.75, 7.875, 9.875], "texture": "#1"},
				"east": {"uv": [8, 9.75, 8.125, 9.875], "texture": "#1"},
				"south": {"uv": [7.25, 9.75, 7.375, 9.875], "texture": "#1"},
				"west": {"uv": [7.5, 9.75, 7.625, 9.875], "texture": "#1"},
				"up": {"uv": [9.875, 8.375, 9.75, 8.25], "rotation": 180, "texture": "#1"},
				"down": {"uv": [9.875, 9, 9.75, 9.125], "rotation": 180, "texture": "#1"}
			}
		},
		{
			"from": [12.73623, 13.671, 12.23463],
			"to": [12.82223, 13.929, 12.49263],
			"rotation": {"angle": 45, "axis": "y", "origin": [8, 12.355, 7.6]},
			"faces": {
				"north": {"uv": [9.5, 9.75, 9.625, 9.875], "texture": "#1"},
				"east": {"uv": [9.75, 9.5, 9.875, 9.625], "texture": "#1"},
				"south": {"uv": [9.25, 9.75, 9.375, 9.875], "texture": "#1"},
				"west": {"uv": [9.75, 9.25, 9.875, 9.375], "texture": "#1"},
				"up": {"uv": [9.875, 9.875, 9.75, 9.75], "rotation": 180, "texture": "#1"},
				"down": {"uv": [3.125, 10, 3, 10.125], "rotation": 180, "texture": "#1"}
			}
		},
		{
			"from": [12.65023, 13.714, 12.27763],
			"to": [12.73623, 13.886, 12.44963],
			"rotation": {"angle": 45, "axis": "y", "origin": [8, 12.355, 7.6]},
			"faces": {
				"north": {"uv": [3.75, 10, 3.875, 10.125], "texture": "#1"},
				"east": {"uv": [4, 10, 4.125, 10.125], "texture": "#1"},
				"south": {"uv": [3.25, 10, 3.375, 10.125], "texture": "#1"},
				"west": {"uv": [3.5, 10, 3.625, 10.125], "texture": "#1"},
				"up": {"uv": [4.375, 10.125, 4.25, 10], "rotation": 180, "texture": "#1"},
				"down": {"uv": [4.625, 10, 4.5, 10.125], "rotation": 180, "texture": "#1"}
			}
		},
		{
			"from": [12.47823, 13.757, 12.32063],
			"to": [12.65023, 13.843, 12.40663],
			"rotation": {"angle": 45, "axis": "y", "origin": [8, 12.355, 7.6]},
			"faces": {
				"north": {"uv": [5.25, 10, 5.375, 10.125], "texture": "#1"},
				"east": {"uv": [5.5, 10, 5.625, 10.125], "texture": "#1"},
				"south": {"uv": [4.75, 10, 4.875, 10.125], "texture": "#1"},
				"west": {"uv": [5, 10, 5.125, 10.125], "texture": "#1"},
				"up": {"uv": [5.875, 10.125, 5.75, 10], "rotation": 180, "texture": "#1"},
				"down": {"uv": [6.125, 10, 6, 10.125], "rotation": 180, "texture": "#1"}
			}
		},
		{
			"from": [16.2336, 14.9842, 2.7112],
			"to": [17.0112, 19.6498, 3.4888],
			"rotation": {"angle": 0, "axis": "y", "origin": [8, 12.355, 7.6]},
			"faces": {
				"north": {"uv": [0.5, 9.25, 0.75, 10.375], "texture": "#1"},
				"east": {"uv": [0.75, 9.25, 1, 10.375], "texture": "#1"},
				"south": {"uv": [0, 9.25, 0.25, 10.375], "texture": "#1"},
				"west": {"uv": [0.25, 9.25, 0.5, 10.375], "texture": "#1"},
				"up": {"uv": [6.25, 9.75, 6, 9.5], "rotation": 180, "texture": "#1"},
				"down": {"uv": [6.5, 9.5, 6.25, 9.75], "rotation": 180, "texture": "#1"}
			}
		},
		{
			"from": [15.456, 19.6498, 2.7112],
			"to": [17.7888, 20.4274, 3.4888],
			"rotation": {"angle": 0, "axis": "y", "origin": [8, 12.355, 7.6]},
			"faces": {
				"north": {"uv": [3, 9.25, 3.625, 9.5], "texture": "#1"},
				"east": {"uv": [5.75, 9.5, 6, 9.75], "texture": "#1"},
				"south": {"uv": [9, 8.25, 9.625, 8.5], "texture": "#1"},
				"west": {"uv": [5.5, 9.5, 5.75, 9.75], "texture": "#1"},
				"up": {"uv": [4.375, 9.5, 3.75, 9.25], "rotation": 180, "texture": "#1"},
				"down": {"uv": [5.125, 9.25, 4.5, 9.5], "rotation": 180, "texture": "#1"}
			}
		},
		{
			"from": [17.7888, 20.0386, 3.17776],
			"to": [18.5664, 20.4274, 3.4888],
			"rotation": {"angle": 0, "axis": "y", "origin": [8, 12.355, 7.6]},
			"faces": {
				"north": {"uv": [4, 9.75, 4.25, 9.875], "texture": "#1"},
				"east": {"uv": [8, 10.25, 8.125, 10.375], "texture": "#1"},
				"south": {"uv": [3.75, 9.75, 4, 9.875], "texture": "#1"},
				"west": {"uv": [7.75, 10.25, 7.875, 10.375], "texture": "#1"},
				"up": {"uv": [4.5, 9.875, 4.25, 9.75], "rotation": 180, "texture": "#1"},
				"down": {"uv": [4.75, 9.75, 4.5, 9.875], "rotation": 180, "texture": "#1"}
			}
		},
		{
			"from": [17.7888, 20.0386, 2.7112],
			"to": [18.5664, 20.4274, 3.02224],
			"rotation": {"angle": 0, "axis": "y", "origin": [8, 12.355, 7.6]},
			"faces": {
				"north": {"uv": [5, 9.75, 5.25, 9.875], "texture": "#1"},
				"east": {"uv": [10.25, 8.25, 10.375, 8.375], "texture": "#1"},
				"south": {"uv": [4.75, 9.75, 5, 9.875], "texture": "#1"},
				"west": {"uv": [8.25, 10.25, 8.375, 10.375], "texture": "#1"},
				"up": {"uv": [5.5, 9.875, 5.25, 9.75], "rotation": 180, "texture": "#1"},
				"down": {"uv": [5.75, 9.75, 5.5, 9.875], "rotation": 180, "texture": "#1"}
			}
		}
	],
	"display": {
		"thirdperson_righthand": {
			"rotation": [75, -45, 0],
			"translation": [0, 2.5, 0],
			"scale": [0.375, 0.375, 0.375]
		},
		"thirdperson_lefthand": {
			"rotation": [75, -45, 0],
			"translation": [0, 2.5, 0],
			"scale": [0.375, 0.375, 0.375]
		},
		"firstperson_righthand": {
			"rotation": [0, -69, 0],
			"scale": [0.4, 0.4, 0.4]
		},
		"firstperson_lefthand": {
			"rotation": [0, -69, 0],
			"scale": [0.4, 0.4, 0.4]
		},
		"ground": {
			"translation": [0, -1, 0],
			"scale": [0.29, 0.29, 0.29]
		},
		"gui": {
			"rotation": [30, 45, 0],
			"translation": [0, -1.25, 0],
			"scale": [0.44, 0.44, 0.44]
		},
		"head": {
			"rotation": [0, 180, 0],
			"translation": [0, 10.75, 0],
			"scale": [1.51, 1.51, 1.51]
		},
		"fixed": {
			"rotation": [-90, 0, 0],
			"translation": [0, 0, -19.25],
			"scale": [2.49, 2.49, 2.49]
		}
	}
}