{
	"credit": "Made with Blockbench",
	"textures": {
		"2": "item/meele/iron_tomahawk",
		"particle": "item/meele/diamond_tomahawk"
	},
	"elements": [
		{
			"from": [8, 1.5, 8],
			"to": [8.5, 9.75, 8.5],
			"rotation": {"angle": 0, "axis": "y", "origin": [0, -1, 0]},
			"faces": {
				"north": {"uv": [0, 8, 0.5, 16], "texture": "#2"},
				"east": {"uv": [0, 8, 0.5, 16], "texture": "#2"},
				"south": {"uv": [0, 8, 0.5, 16], "texture": "#2"},
				"west": {"uv": [0, 8, 0.5, 16], "texture": "#2"},
				"up": {"uv": [1.5, 10, 2, 10.5], "texture": "#2"},
				"down": {"uv": [4.5, 10.5, 5, 11], "texture": "#2"}
			}
		},
		{
			"from": [7.75, 0.25, 8],
			"to": [8.75, 1.5, 8.5],
			"rotation": {"angle": 0, "axis": "y", "origin": [0, -1, 0]},
			"faces": {
				"north": {"uv": [3.5, 10, 4.5, 11.25], "texture": "#2"},
				"east": {"uv": [5.5, 12, 6, 13.25], "texture": "#2"},
				"south": {"uv": [2.5, 10.5, 3.5, 11.75], "texture": "#2"},
				"west": {"uv": [2, 10, 2.5, 11.25], "texture": "#2"},
				"up": {"uv": [4, 10.5, 5, 11], "texture": "#2"},
				"down": {"uv": [2, 9.5, 3, 10], "texture": "#2"}
			}
		},
		{
			"from": [8, 0.25, 7.75],
			"to": [8.5, 1.5, 8.75],
			"rotation": {"angle": 0, "axis": "y", "origin": [0, -1, 0]},
			"faces": {
				"north": {"uv": [3.5, 10, 4, 11.25], "texture": "#2"},
				"east": {"uv": [5.5, 12, 6.5, 13.25], "texture": "#2"},
				"south": {"uv": [2.5, 10.5, 3, 11.75], "texture": "#2"},
				"west": {"uv": [2, 10, 3, 11.25], "texture": "#2"},
				"up": {"uv": [4, 10.5, 5, 11], "rotation": 270, "texture": "#2"},
				"down": {"uv": [2, 9.5, 3, 10], "rotation": 90, "texture": "#2"}
			}
		},
		{
			"from": [8, 0, 7.875],
			"to": [8.5, 0.25, 8.625],
			"rotation": {"angle": 0, "axis": "y", "origin": [0, -1, 0]},
			"faces": {
				"north": {"uv": [3.5, 10, 4, 10.25], "texture": "#2"},
				"east": {"uv": [5.5, 12, 6.25, 12.25], "texture": "#2"},
				"south": {"uv": [2.5, 10.5, 3, 10.75], "texture": "#2"},
				"west": {"uv": [2, 10, 2.75, 10.25], "texture": "#2"},
				"up": {"uv": [4, 10.5, 4.5, 11.25], "texture": "#2"},
				"down": {"uv": [2, 9.5, 2.5, 10.25], "texture": "#2"}
			}
		},
		{
			"from": [7.875, 0, 8],
			"to": [8.625, 0.25, 8.5],
			"rotation": {"angle": 0, "axis": "y", "origin": [0, -1, 0]},
			"faces": {
				"north": {"uv": [3.5, 10, 4.25, 10.25], "texture": "#2"},
				"east": {"uv": [5.5, 12, 6, 12.25], "texture": "#2"},
				"south": {"uv": [2.5, 10.5, 3.25, 10.75], "texture": "#2"},
				"west": {"uv": [2, 10, 2.5, 10.25], "texture": "#2"},
				"up": {"uv": [4, 10.5, 4.5, 11.25], "rotation": 270, "texture": "#2"},
				"down": {"uv": [2, 9.5, 2.5, 10.25], "rotation": 90, "texture": "#2"}
			}
		},
		{
			"from": [7.875, 1.75, 7.875],
			"to": [8.625, 2, 8.625],
			"rotation": {"angle": 0, "axis": "y", "origin": [0, -1, 0]},
			"faces": {
				"north": {"uv": [4.5, 10.5, 5.25, 10.75], "texture": "#2"},
				"east": {"uv": [3.5, 11, 4.25, 11.25], "texture": "#2"},
				"south": {"uv": [4, 10, 4.75, 10.25], "texture": "#2"},
				"west": {"uv": [5, 11, 5.75, 11.25], "texture": "#2"},
				"up": {"uv": [3, 10.5, 3.75, 11.25], "texture": "#2"},
				"down": {"uv": [3, 10, 3.75, 10.75], "texture": "#2"}
			}
		},
		{
			"from": [7.875, 2.25, 7.875],
			"to": [8.625, 2.5, 8.625],
			"rotation": {"angle": 0, "axis": "y", "origin": [0, -1, 0]},
			"faces": {
				"north": {"uv": [4.5, 10.5, 5.25, 10.75], "texture": "#2"},
				"east": {"uv": [3.5, 11, 4.25, 11.25], "texture": "#2"},
				"south": {"uv": [4, 10, 4.75, 10.25], "texture": "#2"},
				"west": {"uv": [5, 11, 5.75, 11.25], "texture": "#2"},
				"up": {"uv": [3, 10.5, 3.75, 11.25], "texture": "#2"},
				"down": {"uv": [3, 10, 3.75, 10.75], "texture": "#2"}
			}
		},
		{
			"from": [7.875, 2.75, 7.875],
			"to": [8.625, 3, 8.625],
			"rotation": {"angle": 0, "axis": "y", "origin": [0, -1, 0]},
			"faces": {
				"north": {"uv": [4.5, 10.5, 5.25, 10.75], "texture": "#2"},
				"east": {"uv": [3.5, 11, 4.25, 11.25], "texture": "#2"},
				"south": {"uv": [4, 10, 4.75, 10.25], "texture": "#2"},
				"west": {"uv": [5, 11, 5.75, 11.25], "texture": "#2"},
				"up": {"uv": [3, 10.5, 3.75, 11.25], "texture": "#2"},
				"down": {"uv": [3, 10, 3.75, 10.75], "texture": "#2"}
			}
		},
		{
			"from": [7.875, 3.25, 7.875],
			"to": [8.625, 3.5, 8.625],
			"rotation": {"angle": 0, "axis": "y", "origin": [0, -1, 0]},
			"faces": {
				"north": {"uv": [4.5, 10.5, 5.25, 10.75], "texture": "#2"},
				"east": {"uv": [3.5, 11, 4.25, 11.25], "texture": "#2"},
				"south": {"uv": [4, 10, 4.75, 10.25], "texture": "#2"},
				"west": {"uv": [5, 11, 5.75, 11.25], "texture": "#2"},
				"up": {"uv": [3, 10.5, 3.75, 11.25], "texture": "#2"},
				"down": {"uv": [3, 10, 3.75, 10.75], "texture": "#2"}
			}
		},
		{
			"from": [7.875, 3.75, 7.875],
			"to": [8.625, 4, 8.625],
			"rotation": {"angle": 0, "axis": "y", "origin": [0, -1, 0]},
			"faces": {
				"north": {"uv": [4.5, 10.5, 5.25, 10.75], "texture": "#2"},
				"east": {"uv": [3.5, 11, 4.25, 11.25], "texture": "#2"},
				"south": {"uv": [4, 10, 4.75, 10.25], "texture": "#2"},
				"west": {"uv": [5, 11, 5.75, 11.25], "texture": "#2"},
				"up": {"uv": [3, 10.5, 3.75, 11.25], "texture": "#2"},
				"down": {"uv": [3, 10, 3.75, 10.75], "texture": "#2"}
			}
		},
		{
			"from": [7.875, 4.25, 7.875],
			"to": [8.625, 4.5, 8.625],
			"rotation": {"angle": 0, "axis": "y", "origin": [0, -1, 0]},
			"faces": {
				"north": {"uv": [4.5, 10.5, 5.25, 10.75], "texture": "#2"},
				"east": {"uv": [3.5, 11, 4.25, 11.25], "texture": "#2"},
				"south": {"uv": [4, 10, 4.75, 10.25], "texture": "#2"},
				"west": {"uv": [5, 11, 5.75, 11.25], "texture": "#2"},
				"up": {"uv": [3, 10.5, 3.75, 11.25], "texture": "#2"},
				"down": {"uv": [3, 10, 3.75, 10.75], "texture": "#2"}
			}
		},
		{
			"from": [7.875, 4.75, 7.875],
			"to": [8.625, 5, 8.625],
			"rotation": {"angle": 0, "axis": "y", "origin": [0, -1, 0]},
			"faces": {
				"north": {"uv": [4.5, 10.5, 5.25, 10.75], "texture": "#2"},
				"east": {"uv": [3.5, 11, 4.25, 11.25], "texture": "#2"},
				"south": {"uv": [4, 10, 4.75, 10.25], "texture": "#2"},
				"west": {"uv": [5, 11, 5.75, 11.25], "texture": "#2"},
				"up": {"uv": [3, 10.5, 3.75, 11.25], "texture": "#2"},
				"down": {"uv": [3, 10, 3.75, 10.75], "texture": "#2"}
			}
		},
		{
			"from": [7.875, 5.25, 7.875],
			"to": [8.625, 5.5, 8.625],
			"rotation": {"angle": 0, "axis": "y", "origin": [0, -1, 0]},
			"faces": {
				"north": {"uv": [4.5, 10.5, 5.25, 10.75], "texture": "#2"},
				"east": {"uv": [3.5, 11, 4.25, 11.25], "texture": "#2"},
				"south": {"uv": [4, 10, 4.75, 10.25], "texture": "#2"},
				"west": {"uv": [5, 11, 5.75, 11.25], "texture": "#2"},
				"up": {"uv": [3, 10.5, 3.75, 11.25], "texture": "#2"},
				"down": {"uv": [3, 10, 3.75, 10.75], "texture": "#2"}
			}
		},
		{
			"from": [7.875, 5.75, 7.875],
			"to": [8.625, 6, 8.625],
			"rotation": {"angle": 0, "axis": "y", "origin": [0, -1, 0]},
			"faces": {
				"north": {"uv": [4.5, 10.5, 5.25, 10.75], "texture": "#2"},
				"east": {"uv": [3.5, 11, 4.25, 11.25], "texture": "#2"},
				"south": {"uv": [4, 10, 4.75, 10.25], "texture": "#2"},
				"west": {"uv": [5, 11, 5.75, 11.25], "texture": "#2"},
				"up": {"uv": [3, 10.5, 3.75, 11.25], "texture": "#2"},
				"down": {"uv": [3, 10, 3.75, 10.75], "texture": "#2"}
			}
		},
		{
			"from": [7.875, 6.25, 7.875],
			"to": [8.625, 6.5, 8.625],
			"rotation": {"angle": 0, "axis": "y", "origin": [0, -1, 0]},
			"faces": {
				"north": {"uv": [4.5, 10.5, 5.25, 10.75], "texture": "#2"},
				"east": {"uv": [3.5, 11, 4.25, 11.25], "texture": "#2"},
				"south": {"uv": [4, 10, 4.75, 10.25], "texture": "#2"},
				"west": {"uv": [5, 11, 5.75, 11.25], "texture": "#2"},
				"up": {"uv": [3, 10.5, 3.75, 11.25], "texture": "#2"},
				"down": {"uv": [3, 10, 3.75, 10.75], "texture": "#2"}
			}
		},
		{
			"from": [8.5, 6.75, 8.135],
			"to": [8.5, 7.1, 8.385],
			"rotation": {"angle": 0, "axis": "y", "origin": [0, -1, 0]},
			"faces": {
				"north": {"uv": [10.5, 2.5, 10.5, 2.85], "texture": "#2"},
				"east": {"uv": [10.5, 3, 10.75, 3.35], "texture": "#2"},
				"south": {"uv": [10.5, 3.5, 10.5, 3.85], "texture": "#2"},
				"west": {"uv": [10.5, 3, 10.75, 3.35], "texture": "#2"},
				"up": {"uv": [0, 0, 0, 0.25], "texture": "#2"},
				"down": {"uv": [0, 0, 0, 0.25], "texture": "#2"}
			}
		},
		{
			"from": [8.5, 7.5, 8.135],
			"to": [8.5, 7.85, 8.385],
			"rotation": {"angle": 0, "axis": "y", "origin": [0, -1, 0]},
			"faces": {
				"north": {"uv": [10.5, 2.5, 10.5, 2.85], "texture": "#2"},
				"east": {"uv": [10.5, 3, 10.75, 3.35], "texture": "#2"},
				"south": {"uv": [10.5, 3.5, 10.5, 3.85], "texture": "#2"},
				"west": {"uv": [10.5, 3, 10.75, 3.35], "texture": "#2"},
				"up": {"uv": [0, 0, 0, 0.25], "texture": "#2"},
				"down": {"uv": [0, 0, 0, 0.25], "texture": "#2"}
			}
		},
		{
			"from": [8.5, 8.25, 8.135],
			"to": [8.5, 8.6, 8.385],
			"rotation": {"angle": 0, "axis": "y", "origin": [0, -1, 0]},
			"faces": {
				"north": {"uv": [10.5, 2.5, 10.5, 2.85], "texture": "#2"},
				"east": {"uv": [10.5, 3, 10.75, 3.35], "texture": "#2"},
				"south": {"uv": [10.5, 3.5, 10.5, 3.85], "texture": "#2"},
				"west": {"uv": [10.5, 3, 10.75, 3.35], "texture": "#2"},
				"up": {"uv": [0, 0, 0, 0.25], "texture": "#2"},
				"down": {"uv": [0, 0, 0, 0.25], "texture": "#2"}
			}
		},
		{
			"name": "1",
			"from": [7.5, 9.39506, 8.09],
			"to": [9, 10.39506, 8.39],
			"rotation": {"angle": 0, "axis": "y", "origin": [8.62662, 10.3, 8.15494]},
			"faces": {
				"north": {"uv": [10, 1, 11.5, 2], "rotation": 180, "texture": "#2"},
				"east": {"uv": [10.5, 1, 11.5, 1.3], "rotation": 90, "texture": "#2"},
				"south": {"uv": [10.5, 1, 12, 2], "texture": "#2"},
				"west": {"uv": [10.5, 1.5, 11.5, 1.8], "rotation": 270, "texture": "#2"},
				"up": {"uv": [10.5, 1, 12, 1.3], "texture": "#2"},
				"down": {"uv": [10.5, 1, 12, 1.3], "rotation": 180, "texture": "#2"}
			}
		},
		{
			"name": "2",
			"from": [7.00848, 10.24076, 8.18],
			"to": [10.75848, 10.99076, 8.28],
			"rotation": {"angle": 22.5, "axis": "z", "origin": [8.37662, 10.3, 7.90494]},
			"faces": {
				"north": {"uv": [9.5, 1.5, 13.25, 2.25], "rotation": 180, "texture": "#2"},
				"east": {"uv": [10.5, 1, 11.25, 1.1], "rotation": 90, "texture": "#2"},
				"south": {"uv": [10.5, 1, 14.25, 1.75], "texture": "#2"},
				"west": {"uv": [10.5, 1.5, 11.25, 1.6], "rotation": 270, "texture": "#2"},
				"up": {"uv": [10.5, 1, 14.25, 1.1], "texture": "#2"},
				"down": {"uv": [10.5, 1, 14.25, 1.1], "rotation": 180, "texture": "#2"}
			}
		},
		{
			"name": "3",
			"from": [7.00848, 10.99076, 8.18],
			"to": [10.50848, 11.24076, 8.28],
			"rotation": {"angle": 22.5, "axis": "z", "origin": [8.37662, 10.3, 7.90494]},
			"faces": {
				"north": {"uv": [10, 1, 13.5, 1.25], "rotation": 180, "texture": "#2"},
				"east": {"uv": [10.5, 1, 10.75, 1.1], "rotation": 90, "texture": "#2"},
				"south": {"uv": [10.5, 1, 14, 1.25], "texture": "#2"},
				"west": {"uv": [10.5, 1.5, 10.75, 1.6], "rotation": 270, "texture": "#2"},
				"up": {"uv": [10.5, 1, 14, 1.1], "texture": "#2"},
				"down": {"uv": [10.5, 1, 14, 1.1], "rotation": 180, "texture": "#2"}
			}
		},
		{
			"name": "4",
			"from": [6.87097, 11.13353, 8.18],
			"to": [7.37097, 11.38353, 8.28],
			"rotation": {"angle": 45, "axis": "z", "origin": [8.37662, 10.3, 7.90494]},
			"faces": {
				"north": {"uv": [10, 1, 10.5, 1.25], "rotation": 180, "texture": "#2"},
				"east": {"uv": [10.5, 1, 10.75, 1.1], "rotation": 90, "texture": "#2"},
				"south": {"uv": [10.5, 1, 11, 1.25], "texture": "#2"},
				"west": {"uv": [10.5, 1.5, 10.75, 1.6], "rotation": 270, "texture": "#2"},
				"up": {"uv": [10.5, 1, 11, 1.1], "texture": "#2"},
				"down": {"uv": [10.5, 1, 11, 1.1], "rotation": 180, "texture": "#2"}
			}
		},
		{
			"name": "5",
			"from": [8.18573, 9.9937, 8.18],
			"to": [10.43573, 10.2437, 8.28],
			"rotation": {"angle": -22.5, "axis": "z", "origin": [8.37662, 10.3, 7.90494]},
			"faces": {
				"north": {"uv": [10, 1, 12.25, 1.25], "rotation": 180, "texture": "#2"},
				"east": {"uv": [10.5, 1, 10.75, 1.1], "rotation": 90, "texture": "#2"},
				"south": {"uv": [10.5, 1, 12.75, 1.25], "texture": "#2"},
				"west": {"uv": [10.5, 1.5, 10.75, 1.6], "rotation": 270, "texture": "#2"},
				"up": {"uv": [10.5, 1, 12.75, 1.1], "texture": "#2"},
				"down": {"uv": [10.5, 1, 12.75, 1.1], "rotation": 180, "texture": "#2"}
			}
		},
		{
			"name": "6",
			"from": [10.1, 9.95163, 8.18],
			"to": [10.6, 11.20163, 8.28],
			"rotation": {"angle": 0, "axis": "y", "origin": [8.37662, 10.3, 7.90494]},
			"faces": {
				"north": {"uv": [10, 1, 11.25, 1.5], "rotation": 90, "texture": "#2"},
				"east": {"uv": [10.5, 1, 11.75, 1.1], "rotation": 90, "texture": "#2"},
				"south": {"uv": [10.5, 1, 11.75, 1.5], "rotation": 90, "texture": "#2"},
				"west": {"uv": [10.5, 1.5, 11.75, 1.6], "rotation": 270, "texture": "#2"},
				"up": {"uv": [10.5, 1, 11, 1.1], "texture": "#2"},
				"down": {"uv": [10.5, 1, 11, 1.1], "rotation": 180, "texture": "#2"}
			}
		},
		{
			"name": "8",
			"from": [8.64229, 10.0937, 8.18],
			"to": [10.54229, 10.8437, 8.28],
			"rotation": {"angle": -22.5, "axis": "z", "origin": [8.37662, 10.3, 7.90494]},
			"faces": {
				"north": {"uv": [10, 1, 10.75, 2.9], "rotation": 90, "texture": "#2"},
				"east": {"uv": [10.5, 1, 11.25, 1.1], "rotation": 90, "texture": "#2"},
				"south": {"uv": [10.5, 1, 11.25, 2.9], "rotation": 90, "texture": "#2"},
				"west": {"uv": [10.5, 1.5, 11.25, 1.6], "rotation": 270, "texture": "#2"},
				"up": {"uv": [10.5, 1, 12.4, 1.1], "texture": "#2"},
				"down": {"uv": [10.5, 1, 12.4, 1.1], "rotation": 180, "texture": "#2"}
			}
		},
		{
			"name": "9",
			"from": [6.26332, 11.38353, 8.18],
			"to": [7.51332, 11.63353, 8.28],
			"rotation": {"angle": 45, "axis": "z", "origin": [8.37662, 10.3, 7.90494]},
			"faces": {
				"north": {"uv": [10, 1, 11.25, 1.25], "rotation": 180, "texture": "#2"},
				"east": {"uv": [10.5, 1, 10.75, 1.1], "rotation": 90, "texture": "#2"},
				"south": {"uv": [10.5, 1, 11.75, 1.25], "texture": "#2"},
				"west": {"uv": [10.5, 1.5, 10.75, 1.6], "rotation": 270, "texture": "#2"},
				"up": {"uv": [10.5, 1, 11.75, 1.1], "texture": "#2"},
				"down": {"uv": [10.5, 1, 11.75, 1.1], "rotation": 180, "texture": "#2"}
			}
		},
		{
			"name": "10",
			"from": [6.00848, 10.43424, 8.18],
			"to": [7.25848, 10.60924, 8.28],
			"rotation": {"angle": 22.5, "axis": "z", "origin": [8.37662, 10.3, 7.90494]},
			"faces": {
				"north": {"uv": [10, 1, 11.25, 1.175], "rotation": 180, "texture": "#2"},
				"east": {"uv": [10.5, 1, 10.675, 1.1], "rotation": 270, "texture": "#2"},
				"south": {"uv": [10.5, 1, 11.75, 1.175], "texture": "#2"},
				"west": {"uv": [10.5, 1.5, 10.675, 1.6], "rotation": 90, "texture": "#2"},
				"up": {"uv": [10.5, 1, 11.75, 1.1], "rotation": 180, "texture": "#2"},
				"down": {"uv": [10.5, 1, 11.75, 1.1], "texture": "#2"}
			}
		}
	],
	"gui_light": "front",
	"display": {
		"thirdperson_righthand": {
			"rotation": [0, 90, 0],
			"translation": [0, 4.75, 1.5],
			"scale": [1.5, 1.5, 1.5]
		},
		"thirdperson_lefthand": {
			"rotation": [0, -90, 0],
			"translation": [0.25, 5.25, 2],
			"scale": [1.5, 1.5, 1.5]
		},
		"firstperson_righthand": {
			"rotation": [-180, 89.75, -180],
			"translation": [-3.25, 5.75, 4],
			"scale": [1.25, 1.25, 1.25]
		},
		"firstperson_lefthand": {
			"rotation": [0, 90, 0],
			"translation": [-0.5, 5.75, 2],
			"scale": [-1.5, 1.5, 1.5]
		},
		"ground": {
			"rotation": [90, 0, 0],
			"translation": [0, 0.75, 0],
			"scale": [1.3, 1.3, 1.3]
		},
		"gui": {
			"rotation": [0, 0, 45.5],
			"translation": [-1, 2, -1],
			"scale": [-1.4, 1.3, 1.4]
		},
		"head": {
			"rotation": [0, 0, -72.75],
			"translation": [-5.25, 9.25, 0],
			"scale": [2, 2, 2]
		},
		"fixed": {
			"rotation": [0, 0, 45.5],
			"translation": [-2.5, 1.25, -1],
			"scale": [2, 2, 2]
		}
	},
	"groups": [
		{
			"name": "Tomahawk",
			"origin": [8, 8, 8],
			"color": 0,
			"children": [
				{
					"name": "hand",
					"origin": [8, 8, 8],
					"color": 0,
					"children": [0, 1, 2, 3, 4]
				},
				{
					"name": "hand1",
					"origin": [0, 0, 0],
					"color": 0,
					"children": [5, 6, 7, 8, 9, 10, 11, 12, 13, 14]
				},
				{
					"name": "hand2",
					"origin": [0, 0, 0],
					"color": 0,
					"children": [15, 16, 17]
				},
				{
					"name": "axe",
					"origin": [8, 8, 8],
					"color": 0,
					"children": [18, 19, 20, 21, 22, 23, 24, 25, 26]
				}
			]
		}
	]
}