{
	"credit": "Made by Aiden (feignedmars4438 on discord)",
	"texture_size": [32, 32],
	"textures": {
		"0": "item/rods/apprentice/oak_log",
		"1": "item/rods/apprentice/apprentice",
		"particle": "item/rods/apprentice/oak_log"
	},
	"elements": [
		{
			"from": [7.5, 0, 7.5],
			"to": [8.5, 10, 8.5],
			"rotation": {"angle": 0, "axis": "y", "origin": [7.5, 0, 7.5]},
			"faces": {
				"north": {"uv": [0, 0, 4, 13], "texture": "#0"},
				"east": {"uv": [0, 0, 4, 13], "texture": "#0"},
				"south": {"uv": [0, 0, 4, 13], "texture": "#0"},
				"west": {"uv": [0, 0, 4, 13], "texture": "#0"},
				"up": {"uv": [0, 0, 4, 4], "texture": "#0"},
				"down": {"uv": [0, 0, 4, 4], "texture": "#0"}
			}
		},
		{
			"from": [7.5, 9.42806, 5.62464],
			"to": [8.5, 12.42806, 6.62464],
			"rotation": {"angle": -22.5, "axis": "x", "origin": [8, 14.42806, 6.12464]},
			"faces": {
				"north": {"uv": [0, 0, 4, 6], "texture": "#0"},
				"east": {"uv": [0, 0, 4, 6], "texture": "#0"},
				"south": {"uv": [0, 0, 4, 6], "texture": "#0"},
				"west": {"uv": [0, 0, 4, 6], "texture": "#0"},
				"up": {"uv": [0, 0, 4, 4], "texture": "#0"},
				"down": {"uv": [0, 0, 4, 4], "texture": "#0"}
			}
		},
		{
			"from": [7.525, 12.38896, 6.42807],
			"to": [8.475, 17.38896, 7.42807],
			"rotation": {"angle": 0, "axis": "x", "origin": [8, 12.38896, 6.92807]},
			"faces": {
				"north": {"uv": [0, 0, 4, 8], "texture": "#0"},
				"east": {"uv": [0, 0, 4, 8], "texture": "#0"},
				"south": {"uv": [0, 0, 4, 8], "texture": "#0"},
				"west": {"uv": [0, 0, 4, 8], "texture": "#0"},
				"up": {"uv": [0, 0, 4, 4], "texture": "#0"},
				"down": {"uv": [0, 0, 4, 4], "texture": "#0"}
			}
		},
		{
			"from": [7.5, 12.38896, 5.42807],
			"to": [8.5, 12.38896, 6.42807],
			"rotation": {"angle": 0, "axis": "x", "origin": [8, 12.38896, 6.92807]},
			"faces": {
				"north": {"uv": [0, 0, 0.5, 0], "texture": "#1"},
				"east": {"uv": [0, 0, 0.5, 0], "texture": "#1"},
				"south": {"uv": [0, 0, 0.5, 0], "texture": "#1"},
				"west": {"uv": [0, 0, 0.5, 0], "texture": "#1"},
				"up": {"uv": [6.5, 4, 6, 3.5], "texture": "#1"},
				"down": {"uv": [7, 3.5, 6.5, 4], "texture": "#1"}
			}
		},
		{
			"from": [7.5, 16.98896, 5.32807],
			"to": [8.5, 16.98896, 6.32807],
			"rotation": {"angle": -22.5, "axis": "x", "origin": [8, 17.38896, 5.92807]},
			"faces": {
				"north": {"uv": [0, 0, 0.5, 0], "texture": "#1"},
				"east": {"uv": [0, 0, 0.5, 0], "texture": "#1"},
				"south": {"uv": [0, 0, 0.5, 0], "texture": "#1"},
				"west": {"uv": [0, 0, 0.5, 0], "texture": "#1"},
				"up": {"uv": [6.5, 4, 6, 3.5], "texture": "#1"},
				"down": {"uv": [7, 3.5, 6.5, 4], "texture": "#1"}
			}
		},
		{
			"from": [7.5, 23.87217, 2.22729],
			"to": [8.5, 23.87217, 3.22729],
			"rotation": {"angle": -45, "axis": "x", "origin": [8, 24.37217, 2.92729]},
			"faces": {
				"north": {"uv": [0, 0, 0.5, 0], "texture": "#1"},
				"east": {"uv": [0, 0, 0.5, 0], "texture": "#1"},
				"south": {"uv": [0, 0, 0.5, 0], "texture": "#1"},
				"west": {"uv": [0, 0, 0.5, 0], "texture": "#1"},
				"up": {"uv": [6.5, 4, 6, 3.5], "texture": "#1"},
				"down": {"uv": [7, 3.5, 6.5, 4], "texture": "#1"}
			}
		},
		{
			"from": [7.85, 9.88896, 5.77807],
			"to": [8.15, 12.38896, 6.07807],
			"rotation": {"angle": -22.5, "axis": "x", "origin": [8, 12.38896, 6.92807]},
			"faces": {
				"north": {"uv": [5.5, 6.5, 5.625, 7.75], "texture": "#1"},
				"east": {"uv": [6, 6.5, 6.125, 7.75], "texture": "#1"},
				"south": {"uv": [6.5, 6.5, 6.625, 7.75], "texture": "#1"},
				"west": {"uv": [7, 4.5, 7.125, 5.75], "texture": "#1"},
				"up": {"uv": [3.625, 7.625, 3.5, 7.5], "texture": "#1"},
				"down": {"uv": [1.125, 8.5, 1, 8.625], "texture": "#1"}
			}
		},
		{
			"from": [7.85, 11.94887, 5.86561],
			"to": [8.15, 17.19887, 6.16561],
			"rotation": {"angle": 0, "axis": "x", "origin": [8, 14.44887, 7.01561]},
			"faces": {
				"north": {"uv": [2.5, 4.5, 2.625, 7.125], "texture": "#1"},
				"east": {"uv": [4, 6.5, 4.125, 9.125], "texture": "#1"},
				"south": {"uv": [4.5, 6.5, 4.625, 9.125], "texture": "#1"},
				"west": {"uv": [5, 6.5, 5.125, 9.125], "texture": "#1"},
				"up": {"uv": [8.625, 2.125, 8.5, 2], "texture": "#1"},
				"down": {"uv": [2.625, 8.5, 2.5, 8.625], "texture": "#1"}
			}
		},
		{
			"from": [7.85, 17.33385, 4.8442],
			"to": [8.15, 25.23385, 5.1442],
			"rotation": {"angle": -22.5, "axis": "x", "origin": [8, 19.83385, 5.9942]},
			"faces": {
				"north": {"uv": [3, 3.5, 3.125, 7.5], "texture": "#1"},
				"east": {"uv": [3.5, 3.5, 3.625, 7.5], "texture": "#1"},
				"south": {"uv": [0, 4, 0.125, 8], "texture": "#1"},
				"west": {"uv": [4, 0, 4.125, 4], "texture": "#1"},
				"up": {"uv": [8.625, 1.625, 8.5, 1.5], "texture": "#1"},
				"down": {"uv": [2.125, 8.5, 2, 8.625], "texture": "#1"}
			}
		},
		{
			"from": [7.85, 24.93385, -2.0558],
			"to": [8.15, 25.23385, 5.1442],
			"rotation": {"angle": -22.5, "axis": "x", "origin": [8, 19.83385, 5.9942]},
			"faces": {
				"north": {"uv": [8.5, 1, 8.625, 1.125], "texture": "#1"},
				"east": {"uv": [4, 4, 7.625, 4.125], "texture": "#1"},
				"south": {"uv": [1.5, 8.5, 1.625, 8.625], "texture": "#1"},
				"west": {"uv": [4.5, 0, 8.125, 0.125], "texture": "#1"},
				"up": {"uv": [0.625, 7.625, 0.5, 4], "texture": "#1"},
				"down": {"uv": [1.125, 4, 1, 7.625], "texture": "#1"}
			}
		},
		{
			"from": [8, 23.93385, -4.3558],
			"to": [8, 26.23385, -2.0558],
			"rotation": {"angle": -22.5, "axis": "x", "origin": [8, 19.83385, 5.9942]},
			"faces": {
				"north": {"uv": [0, 0, 0, 1.125], "texture": "#1"},
				"east": {"uv": [1.5, 0, 2.625, 1.125], "texture": "#1"},
				"south": {"uv": [0, 0, 0, 1.125], "texture": "#1"},
				"west": {"uv": [1.5, 1.5, 2.625, 2.625], "texture": "#1"},
				"up": {"uv": [0, 1.125, 0, 0], "texture": "#1"},
				"down": {"uv": [0, 0, 0, 1.125], "texture": "#1"}
			}
		},
		{
			"from": [7.35, 24.43385, 0.9442],
			"to": [8.65, 25.73385, 2.9442],
			"rotation": {"angle": -22.5, "axis": "x", "origin": [8, 19.83385, 5.9942]},
			"faces": {
				"north": {"uv": [4.5, 0.5, 5.125, 1.125], "texture": "#1"},
				"east": {"uv": [0, 3, 1, 3.625], "texture": "#1"},
				"south": {"uv": [1.5, 4.5, 2.125, 5.125], "texture": "#1"},
				"west": {"uv": [3, 0, 4, 0.625], "texture": "#1"},
				"up": {"uv": [1.625, 4, 1, 3], "texture": "#1"},
				"down": {"uv": [3.625, 1, 3, 2], "texture": "#1"}
			}
		},
		{
			"from": [7.55, 17.19761, 6.46613],
			"to": [8.45, 25.19761, 7.46613],
			"rotation": {"angle": -22.5, "axis": "x", "origin": [8, 17.19761, 6.96613]},
			"faces": {
				"north": {"uv": [0, 0, 4, 11], "texture": "#0"},
				"east": {"uv": [0, 0, 4, 11], "texture": "#0"},
				"south": {"uv": [0, 0, 4, 11], "texture": "#0"},
				"west": {"uv": [0, 0, 4, 11], "texture": "#0"},
				"up": {"uv": [0, 0, 4, 4], "texture": "#0"},
				"down": {"uv": [0, 0, 4, 4], "texture": "#0"}
			}
		},
		{
			"from": [7.575, 24.08358, 2.68531],
			"to": [8.425, 26.08358, 3.68531],
			"rotation": {"angle": -45, "axis": "x", "origin": [8, 25.25417, 3.18531]},
			"faces": {
				"north": {"uv": [0, 0, 4, 5], "texture": "#0"},
				"east": {"uv": [0, 0, 4, 5], "texture": "#0"},
				"south": {"uv": [0, 0, 4, 5], "texture": "#0"},
				"west": {"uv": [0, 0, 4, 5], "texture": "#0"},
				"up": {"uv": [0, 0, 4, 4], "texture": "#0"},
				"down": {"uv": [0, 0, 4, 4], "texture": "#0"}
			}
		},
		{
			"from": [7.4, 4.75, 7.4],
			"to": [8.6, 5.25, 8.6],
			"rotation": {"angle": 22.5, "axis": "z", "origin": [8, 5, 8]},
			"faces": {
				"north": {"uv": [7.5, 2, 8.125, 2.25], "texture": "#1"},
				"east": {"uv": [2.5, 7.5, 3.125, 7.75], "texture": "#1"},
				"south": {"uv": [7.5, 2.5, 8.125, 2.75], "texture": "#1"},
				"west": {"uv": [7.5, 3, 8.125, 3.25], "texture": "#1"},
				"up": {"uv": [6.125, 1.125, 5.5, 0.5], "texture": "#1"},
				"down": {"uv": [2.125, 5.5, 1.5, 6.125], "texture": "#1"}
			}
		},
		{
			"from": [7.4, 3.95, 7.4],
			"to": [8.6, 4.45, 8.6],
			"rotation": {"angle": -22.5, "axis": "z", "origin": [8, 4.2, 8]},
			"faces": {
				"north": {"uv": [7.5, 4.5, 8.125, 4.75], "texture": "#1"},
				"east": {"uv": [7.5, 5, 8.125, 5.25], "texture": "#1"},
				"south": {"uv": [7.5, 5.5, 8.125, 5.75], "texture": "#1"},
				"west": {"uv": [7, 7.5, 7.625, 7.75], "texture": "#1"},
				"up": {"uv": [6.125, 2.125, 5.5, 1.5], "texture": "#1"},
				"down": {"uv": [6.125, 2.5, 5.5, 3.125], "texture": "#1"}
			}
		},
		{
			"from": [7.4, 6.75, 7.4],
			"to": [8.6, 7.25, 8.6],
			"rotation": {"angle": -22.5, "axis": "z", "origin": [8, 7, 8]},
			"faces": {
				"north": {"uv": [7, 3.5, 7.625, 3.75], "texture": "#1"},
				"east": {"uv": [7, 6, 7.625, 6.25], "texture": "#1"},
				"south": {"uv": [7, 6.5, 7.625, 6.75], "texture": "#1"},
				"west": {"uv": [7, 7, 7.625, 7.25], "texture": "#1"},
				"up": {"uv": [5.125, 2.125, 4.5, 1.5], "texture": "#1"},
				"down": {"uv": [5.125, 2.5, 4.5, 3.125], "texture": "#1"}
			}
		},
		{
			"from": [7.4, 5.65, 7.4],
			"to": [8.6, 6.15, 8.6],
			"rotation": {"angle": 22.5, "axis": "x", "origin": [8, 5.9, 8]},
			"faces": {
				"north": {"uv": [7.5, 0.5, 8.125, 0.75], "texture": "#1"},
				"east": {"uv": [7.5, 1, 8.125, 1.25], "texture": "#1"},
				"south": {"uv": [1.5, 7.5, 2.125, 7.75], "texture": "#1"},
				"west": {"uv": [7.5, 1.5, 8.125, 1.75], "texture": "#1"},
				"up": {"uv": [4.625, 5.125, 4, 4.5], "texture": "#1"},
				"down": {"uv": [5.625, 4.5, 5, 5.125], "texture": "#1"}
			}
		},
		{
			"from": [7.4, 2.15, 7.4],
			"to": [8.6, 2.65, 8.6],
			"rotation": {"angle": 22.5, "axis": "x", "origin": [8, 2.4, 8]},
			"faces": {
				"north": {"uv": [8, 3.5, 8.625, 3.75], "texture": "#1"},
				"east": {"uv": [8, 4, 8.625, 4.25], "texture": "#1"},
				"south": {"uv": [5.5, 8, 6.125, 8.25], "texture": "#1"},
				"west": {"uv": [8, 6, 8.625, 6.25], "texture": "#1"},
				"up": {"uv": [6.625, 5.125, 6, 4.5], "texture": "#1"},
				"down": {"uv": [6.625, 5.5, 6, 6.125], "texture": "#1"}
			}
		},
		{
			"from": [7.4, 3.25, 7.4],
			"to": [8.6, 3.75, 8.6],
			"rotation": {"angle": -22.5, "axis": "x", "origin": [8, 3.5, 8]},
			"faces": {
				"north": {"uv": [0, 8, 0.625, 8.25], "texture": "#1"},
				"east": {"uv": [1, 8, 1.625, 8.25], "texture": "#1"},
				"south": {"uv": [2, 8, 2.625, 8.25], "texture": "#1"},
				"west": {"uv": [3, 8, 3.625, 8.25], "texture": "#1"},
				"up": {"uv": [4.625, 6.125, 4, 5.5], "texture": "#1"},
				"down": {"uv": [5.625, 5.5, 5, 6.125], "texture": "#1"}
			}
		},
		{
			"from": [7.4, 1.25, 7.4],
			"to": [8.6, 1.75, 8.6],
			"rotation": {"angle": 22.5, "axis": "z", "origin": [8, 1.5, 8]},
			"faces": {
				"north": {"uv": [6.5, 8, 7.125, 8.25], "texture": "#1"},
				"east": {"uv": [8, 6.5, 8.625, 6.75], "texture": "#1"},
				"south": {"uv": [8, 7, 8.625, 7.25], "texture": "#1"},
				"west": {"uv": [7.5, 8, 8.125, 8.25], "texture": "#1"},
				"up": {"uv": [7.125, 1.125, 6.5, 0.5], "texture": "#1"},
				"down": {"uv": [2.125, 6.5, 1.5, 7.125], "texture": "#1"}
			}
		},
		{
			"from": [7.4, 0.45, 7.4],
			"to": [8.6, 0.95, 8.6],
			"rotation": {"angle": -22.5, "axis": "z", "origin": [8, 0.7, 8]},
			"faces": {
				"north": {"uv": [8, 7.5, 8.625, 7.75], "texture": "#1"},
				"east": {"uv": [0, 8.5, 0.625, 8.75], "texture": "#1"},
				"south": {"uv": [8.5, 0, 9.125, 0.25], "texture": "#1"},
				"west": {"uv": [8.5, 0.5, 9.125, 0.75], "texture": "#1"},
				"up": {"uv": [7.125, 2.125, 6.5, 1.5], "texture": "#1"},
				"down": {"uv": [7.125, 2.5, 6.5, 3.125], "texture": "#1"}
			}
		},
		{
			"from": [7, 7, 5.5],
			"to": [7.5, 10, 8.5],
			"rotation": {"angle": -22.5, "axis": "x", "origin": [8, 8.5, 7]},
			"faces": {
				"north": {"uv": [0, 0, 0.5, 3], "texture": "#0"},
				"east": {"uv": [0, 0, 3, 3], "texture": "#0"},
				"south": {"uv": [0, 0, 0.5, 3], "texture": "#0"},
				"west": {"uv": [0, 0, 8, 8], "texture": "#0"},
				"up": {"uv": [0, 0, 0.5, 3], "texture": "#0"},
				"down": {"uv": [0, 0, 0.5, 3], "texture": "#0"}
			}
		},
		{
			"from": [6.25, 8.15, 6.65],
			"to": [7, 8.85, 7.35],
			"rotation": {"angle": -22.5, "axis": "x", "origin": [8, 8.5, 7]},
			"faces": {
				"north": {"uv": [0, 0, 0.75, 0.7], "texture": "#0"},
				"east": {"uv": [0, 0, 0.7, 0.7], "texture": "#0"},
				"south": {"uv": [0, 0, 0.75, 0.7], "texture": "#0"},
				"west": {"uv": [0, 0, 0.7, 0.7], "texture": "#0"},
				"up": {"uv": [0, 0, 0.75, 0.7], "texture": "#0"},
				"down": {"uv": [0, 0, 0.75, 0.7], "texture": "#0"}
			}
		},
		{
			"from": [6.25, 8.85, 6.65],
			"to": [6.75, 10.1, 7.35],
			"rotation": {"angle": -22.5, "axis": "x", "origin": [8, 8.5, 7]},
			"faces": {
				"north": {"uv": [0, 0, 0.5, 1.25], "texture": "#0"},
				"east": {"uv": [0, 0, 0.7, 1.25], "texture": "#0"},
				"south": {"uv": [0, 0, 0.5, 1.25], "texture": "#0"},
				"west": {"uv": [0, 0, 0.7, 1.25], "texture": "#0"},
				"up": {"uv": [0, 0, 0.5, 0.7], "texture": "#0"},
				"down": {"uv": [0, 0, 0.5, 0.7], "texture": "#0"}
			}
		},
		{
			"from": [5.25, 9.6, 6.65],
			"to": [6.25, 10.1, 7.35],
			"rotation": {"angle": -22.5, "axis": "x", "origin": [8, 8.5, 7]},
			"faces": {
				"north": {"uv": [9, 1, 10, 1.5], "texture": "#0"},
				"east": {"uv": [9, 1, 9.7, 1.5], "texture": "#0"},
				"south": {"uv": [9, 1, 10, 1.5], "texture": "#0"},
				"west": {"uv": [9, 1, 9.7, 1.5], "texture": "#0"},
				"up": {"uv": [9, 1, 10, 1.7], "texture": "#0"},
				"down": {"uv": [9, 1, 10, 1.7], "texture": "#0"}
			}
		},
		{
			"from": [7.5, 7.25, 5.75],
			"to": [8.5, 9.75, 8.05],
			"rotation": {"angle": -22.5, "axis": "x", "origin": [8, 8.5, 7]},
			"faces": {
				"north": {"uv": [2, 3, 2.5, 4.25], "texture": "#1"},
				"east": {"uv": [0, 0, 1.125, 1.25], "texture": "#1"},
				"south": {"uv": [3, 2, 3.5, 3.25], "texture": "#1"},
				"west": {"uv": [0, 1.5, 1.125, 2.75], "texture": "#1"},
				"up": {"uv": [3, 4.125, 2.5, 3], "texture": "#1"},
				"down": {"uv": [4, 2, 3.5, 3.125], "texture": "#1"}
			}
		},
		{
			"from": [8.5, 7, 5.5],
			"to": [9, 10, 8.5],
			"rotation": {"angle": -22.5, "axis": "x", "origin": [8, 8.5, 7]},
			"faces": {
				"north": {"uv": [0, 0, 0.5, 3], "texture": "#0"},
				"east": {"uv": [0, 0, 8, 8], "texture": "#0"},
				"south": {"uv": [0, 0, 0.5, 3], "texture": "#0"},
				"west": {"uv": [0, 0, 3, 3], "texture": "#0"},
				"up": {"uv": [0, 0, 0.5, 3], "texture": "#0"},
				"down": {"uv": [0, 0, 0.5, 3], "texture": "#0"}
			}
		}
	],
	"display": {
		"thirdperson_righthand": {
			"translation": [0, 2.25, 1.25]
		},
		"firstperson_righthand": {
			"rotation": [-32, 0, 0],
			"translation": [4.25, 0, 0],
			"scale": [0.78, 0.78, 0.78]
		},
		"firstperson_lefthand": {
			"rotation": [-32, 0, 0],
			"translation": [4.25, 0, 0],
			"scale": [0.78, 0.78, 0.78]
		},
		"ground": {
			"translation": [0, 4, 0],
			"scale": [0.77, 0.77, 0.77]
		},
		"gui": {
			"rotation": [-90, -43, -90],
			"translation": [-4.25, -0.5, -0.5],
			"scale": [0.63, 0.63, 0.63]
		},
		"fixed": {
			"rotation": [-90, -43, -90],
			"translation": [-5, 1, -0.5]
		}
	}
}