{
	"credit": "Made by FeignedMars4438 (Aidennn#0682 on discord)",
	"textures": {
		"0": "item/furniture/camera/stand",
		"particle": "item/furniture/camera/stand"
	},
	"elements": [
		{
			"from": [7, 7.5, 0.5],
			"to": [9, 8.5, 0.75],
			"rotation": {"angle": 0, "axis": "y", "origin": [-0.5, -3.5, 7.5]},
			"faces": {
				"north": {"uv": [2, 6, 4, 7], "texture": "#0"},
				"east": {"uv": [14, 0, 14.25, 1], "texture": "#0"},
				"south": {"uv": [4, 6, 6, 7], "texture": "#0"},
				"west": {"uv": [1, 14, 1.25, 15], "texture": "#0"},
				"up": {"uv": [13, 6.25, 11, 6], "texture": "#0"},
				"down": {"uv": [13, 7, 11, 7.25], "texture": "#0"}
			}
		},
		{
			"from": [7, 7.5, 0.5],
			"to": [9, 9.1, 0.75],
			"rotation": {"angle": 0, "axis": "y", "origin": [-0.5, -3.5, 7.5]},
			"faces": {
				"north": {"uv": [2, 4, 4, 5.5], "texture": "#0"},
				"east": {"uv": [5, 11, 5.25, 12.5], "texture": "#0"},
				"south": {"uv": [4, 4, 6, 5.5], "texture": "#0"},
				"west": {"uv": [11, 10, 11.25, 11.5], "texture": "#0"},
				"up": {"uv": [13, 8.25, 11, 8], "texture": "#0"},
				"down": {"uv": [13, 9, 11, 9.25], "texture": "#0"}
			}
		},
		{
			"from": [7.30656, 6.7088, 0.5],
			"to": [8.30656, 7.9588, 0.75],
			"rotation": {"angle": 22.5, "axis": "z", "origin": [8.30656, 6.9588, 0.625]},
			"faces": {
				"north": {"uv": [5, 7, 6, 8.25], "texture": "#0"},
				"east": {"uv": [13, 8, 13.25, 9.25], "texture": "#0"},
				"south": {"uv": [7, 6, 8, 7.25], "texture": "#0"},
				"west": {"uv": [13, 10, 13.25, 11.25], "texture": "#0"},
				"up": {"uv": [15, 1.25, 14, 1], "texture": "#0"},
				"down": {"uv": [15, 2, 14, 2.25], "texture": "#0"}
			}
		},
		{
			"from": [7.47835, 6.34515, 0.5],
			"to": [8.55335, 7.34515, 0.75],
			"rotation": {"angle": 0, "axis": "z", "origin": [8.47835, 7.34515, 0.625]},
			"faces": {
				"north": {"uv": [11, 0, 12, 1], "texture": "#0"},
				"east": {"uv": [14, 6, 14.25, 7], "texture": "#0"},
				"south": {"uv": [11, 1, 12, 2], "texture": "#0"},
				"west": {"uv": [7, 14, 7.25, 15], "texture": "#0"},
				"up": {"uv": [15, 7.25, 14, 7], "texture": "#0"},
				"down": {"uv": [9, 14, 8, 14.25], "texture": "#0"}
			}
		},
		{
			"from": [7.69344, 6.7088, 0.5],
			"to": [8.69344, 7.9588, 0.75],
			"rotation": {"angle": -22.5, "axis": "z", "origin": [7.69344, 6.9588, 0.625]},
			"faces": {
				"north": {"uv": [8, 0, 9, 1.25], "texture": "#0"},
				"east": {"uv": [13, 12, 13.25, 13.25], "texture": "#0"},
				"south": {"uv": [8, 2, 9, 3.25], "texture": "#0"},
				"west": {"uv": [0, 14, 0.25, 15.25], "texture": "#0"},
				"up": {"uv": [15, 3.25, 14, 3], "texture": "#0"},
				"down": {"uv": [7, 14, 6, 14.25], "texture": "#0"}
			}
		},
		{
			"from": [7.5, 7.5, 0.675],
			"to": [7.6, 8.5, 8],
			"faces": {
				"north": {"uv": [14, 8, 14.25, 9], "texture": "#0"},
				"east": {"uv": [0, 0, 7.25, 1], "texture": "#0"},
				"south": {"uv": [9, 14, 9.25, 15], "texture": "#0"},
				"west": {"uv": [0, 1, 7.25, 2], "texture": "#0"},
				"up": {"uv": [6.25, 11.25, 6, 4], "texture": "#0"},
				"down": {"uv": [2.25, 7, 2, 14.25], "texture": "#0"}
			}
		},
		{
			"from": [8.5, 7.5, 0.675],
			"to": [8.6, 8.5, 8],
			"faces": {
				"north": {"uv": [14, 9, 14.25, 10], "texture": "#0"},
				"east": {"uv": [0, 2, 7.25, 3], "texture": "#0"},
				"south": {"uv": [10, 14, 10.25, 15], "texture": "#0"},
				"west": {"uv": [0, 3, 7.25, 4], "texture": "#0"},
				"up": {"uv": [3.25, 14.25, 3, 7], "texture": "#0"},
				"down": {"uv": [4.25, 7, 4, 14.25], "texture": "#0"}
			}
		},
		{
			"from": [7.6, 8.4, 0.675],
			"to": [8.5, 8.5, 8],
			"rotation": {"angle": 0, "axis": "z", "origin": [8, 8.45, 4]},
			"faces": {
				"north": {"uv": [14, 10, 15, 10.25], "texture": "#0"},
				"east": {"uv": [7, 4, 14.25, 4.25], "texture": "#0"},
				"south": {"uv": [11, 14, 12, 14.25], "texture": "#0"},
				"west": {"uv": [7, 5, 14.25, 5.25], "texture": "#0"},
				"up": {"uv": [1, 11.25, 0, 4], "texture": "#0"},
				"down": {"uv": [2, 4, 1, 11.25], "texture": "#0"}
			}
		},
		{
			"from": [7.6, 7.5, 7.9],
			"to": [8.5, 8.4, 8],
			"rotation": {"angle": 0, "axis": "z", "origin": [8, 8.45, 4]},
			"faces": {
				"north": {"uv": [11, 2, 12, 3], "texture": "#0"},
				"east": {"uv": [14, 11, 14.25, 12], "texture": "#0"},
				"south": {"uv": [11, 3, 12, 4], "texture": "#0"},
				"west": {"uv": [12, 14, 12.25, 15], "texture": "#0"},
				"up": {"uv": [15, 12.25, 14, 12], "texture": "#0"},
				"down": {"uv": [14, 14, 13, 14.25], "texture": "#0"}
			}
		},
		{
			"name": "hexadecagon",
			"from": [7.93436, 8.37, 7.22],
			"to": [8.06564, 9.78, 7.88],
			"rotation": {"angle": -45, "axis": "y", "origin": [8, 8.7, 7.55]},
			"faces": {
				"north": {"uv": [0, 12, 0.25, 13.5], "texture": "#0"},
				"east": {"uv": [8, 6, 8.75, 7.5], "texture": "#0"},
				"south": {"uv": [12, 0, 12.25, 1.5], "texture": "#0"},
				"west": {"uv": [7, 8, 7.75, 9.5], "texture": "#0"},
				"up": {"uv": [14.25, 13.75, 14, 13], "texture": "#0"},
				"down": {"uv": [14.25, 14, 14, 14.75], "texture": "#0"}
			}
		},
		{
			"name": "hexadecagon",
			"from": [7.93436, 8.37, 7.22],
			"to": [8.06564, 9.78, 7.88],
			"rotation": {"angle": -22.5, "axis": "y", "origin": [8, 8.7, 7.55]},
			"faces": {
				"north": {"uv": [1, 12, 1.25, 13.5], "texture": "#0"},
				"east": {"uv": [8, 8, 8.75, 9.5], "texture": "#0"},
				"south": {"uv": [12, 2, 12.25, 3.5], "texture": "#0"},
				"west": {"uv": [9, 0, 9.75, 1.5], "texture": "#0"},
				"up": {"uv": [15.25, 0.75, 15, 0], "texture": "#0"},
				"down": {"uv": [1.25, 15, 1, 15.75], "texture": "#0"}
			}
		},
		{
			"name": "hexadecagon",
			"from": [7.93436, 8.37, 7.22],
			"to": [8.06564, 9.78, 7.88],
			"rotation": {"angle": 0, "axis": "y", "origin": [8, 8.7, 7.55]},
			"faces": {
				"north": {"uv": [6, 12, 6.25, 13.5], "texture": "#0"},
				"east": {"uv": [9, 2, 9.75, 3.5], "texture": "#0"},
				"south": {"uv": [7, 12, 7.25, 13.5], "texture": "#0"},
				"west": {"uv": [5, 9, 5.75, 10.5], "texture": "#0"},
				"up": {"uv": [15.25, 1.75, 15, 1], "texture": "#0"},
				"down": {"uv": [2.25, 15, 2, 15.75], "texture": "#0"}
			}
		},
		{
			"name": "hexadecagon",
			"from": [7.93436, 8.37, 7.22],
			"to": [8.06564, 9.78, 7.88],
			"rotation": {"angle": 22.5, "axis": "y", "origin": [8, 8.7, 7.55]},
			"faces": {
				"north": {"uv": [8, 12, 8.25, 13.5], "texture": "#0"},
				"east": {"uv": [9, 6, 9.75, 7.5], "texture": "#0"},
				"south": {"uv": [9, 12, 9.25, 13.5], "texture": "#0"},
				"west": {"uv": [9, 8, 9.75, 9.5], "texture": "#0"},
				"up": {"uv": [15.25, 2.75, 15, 2], "texture": "#0"},
				"down": {"uv": [3.25, 15, 3, 15.75], "texture": "#0"}
			}
		},
		{
			"name": "hexadecagon",
			"from": [7.93436, 8.37, 7.22],
			"to": [8.06564, 9.78, 7.88],
			"rotation": {"angle": 45, "axis": "y", "origin": [8, 8.7, 7.55]},
			"faces": {
				"north": {"uv": [10, 12, 10.25, 13.5], "texture": "#0"},
				"east": {"uv": [10, 0, 10.75, 1.5], "texture": "#0"},
				"south": {"uv": [12, 10, 12.25, 11.5], "texture": "#0"},
				"west": {"uv": [10, 2, 10.75, 3.5], "texture": "#0"},
				"up": {"uv": [15.25, 3.75, 15, 3], "texture": "#0"},
				"down": {"uv": [4.25, 15, 4, 15.75], "texture": "#0"}
			}
		},
		{
			"name": "hexadecagon",
			"from": [7.67, 8.37, 7.48436],
			"to": [8.33, 9.78, 7.61564],
			"rotation": {"angle": -22.5, "axis": "y", "origin": [8, 8.7, 7.55]},
			"faces": {
				"north": {"uv": [10, 6, 10.75, 7.5], "texture": "#0"},
				"east": {"uv": [11, 12, 11.25, 13.5], "texture": "#0"},
				"south": {"uv": [7, 10, 7.75, 11.5], "texture": "#0"},
				"west": {"uv": [12, 12, 12.25, 13.5], "texture": "#0"},
				"up": {"uv": [15.75, 4.25, 15, 4], "texture": "#0"},
				"down": {"uv": [5.75, 15, 5, 15.25], "texture": "#0"}
			}
		},
		{
			"name": "hexadecagon",
			"from": [7.67, 8.37, 7.48436],
			"to": [8.33, 9.78, 7.61564],
			"rotation": {"angle": 0, "axis": "y", "origin": [8, 8.7, 7.55]},
			"faces": {
				"north": {"uv": [8, 10, 8.75, 11.5], "texture": "#0"},
				"east": {"uv": [13, 0, 13.25, 1.5], "texture": "#0"},
				"south": {"uv": [10, 8, 10.75, 9.5], "texture": "#0"},
				"west": {"uv": [13, 2, 13.25, 3.5], "texture": "#0"},
				"up": {"uv": [15.75, 5.25, 15, 5], "texture": "#0"},
				"down": {"uv": [6.75, 15, 6, 15.25], "texture": "#0"}
			}
		},
		{
			"name": "hexadecagon",
			"from": [7.67, 8.37, 7.48436],
			"to": [8.33, 9.78, 7.61564],
			"rotation": {"angle": 22.5, "axis": "y", "origin": [8, 8.7, 7.55]},
			"faces": {
				"north": {"uv": [9, 10, 9.75, 11.5], "texture": "#0"},
				"east": {"uv": [5, 13, 5.25, 14.5], "texture": "#0"},
				"south": {"uv": [10, 10, 10.75, 11.5], "texture": "#0"},
				"west": {"uv": [13, 6, 13.25, 7.5], "texture": "#0"},
				"up": {"uv": [15.75, 6.25, 15, 6], "texture": "#0"},
				"down": {"uv": [7.75, 15, 7, 15.25], "texture": "#0"}
			}
		}
	],
	"display": {
		"fixed": {
			"rotation": [0, 180, 0],
			"translation": [0, 0, -23.35],
			"scale": [3.08, 3.08, 3.08]
		}
	},
	"groups": [
		0,
		1,
		2,
		3,
		4,
		5,
		6,
		7,
		8,
		{
			"name": "hexadecagon",
			"origin": [16, 16, 16],
			"color": 0,
			"children": [9, 10, 11, 12, 13, 14, 15, 16]
		}
	]
}