{"textures":{"0":"item/mobs/zahar/zahar_metal"},"elements":[{"from":[6.857143,5.428571,6.857143],"to":[9.142858,11.714286,8.571428],"rotation":{"angle":22.5,"axis":"x","origin":[8.0,8.0,8.0]},"faces":{"east":{"uv":[3.25,7.25,4.0,10.0],"rotation":0,"texture":"#0","tintindex":0},"south":{"uv":[6.5,6.25,7.5,9.0],"rotation":0,"texture":"#0","tintindex":0},"north":{"uv":[6.5,3.5,7.5,6.25],"rotation":0,"texture":"#0","tintindex":0},"west":{"uv":[7.5,7.75,8.25,10.5],"rotation":0,"texture":"#0","tintindex":0},"up":{"uv":[9.25,3.25,8.25,2.5],"rotation":0,"texture":"#0","tintindex":0},"down":{"uv":[9.75,3.25,8.75,4.0],"rotation":0,"texture":"#0","tintindex":0}}}],"display":{"head":{"translation":[0.0,-6.4,0.0],"scale":[4.0,4.0,4.0]}}}{"textures":{"0":"item/mobs/zahar/zahar_metal"},"elements":[{"from":[6.857143,5.428571,6.857143],"to":[9.142858,11.714286,8.571428],"rotation":{"angle":22.5,"axis":"x","origin":[8.0,8.0,8.0]},"faces":{"east":{"uv":[3.25,7.25,4.0,10.0],"rotation":0,"texture":"#0","tintindex":0},"south":{"uv":[6.5,6.25,7.5,9.0],"rotation":0,"texture":"#0","tintindex":0},"north":{"uv":[6.5,3.5,7.5,6.25],"rotation":0,"texture":"#0","tintindex":0},"west":{"uv":[7.5,7.75,8.25,10.5],"rotation":0,"texture":"#0","tintindex":0},"up":{"uv":[9.25,3.25,8.25,2.5],"rotation":0,"texture":"#0","tintindex":0},"down":{"uv":[9.75,3.25,8.75,4.0],"rotation":0,"texture":"#0","tintindex":0}}}],"display":{"head":{"translation":[0.0,-6.4,0.0],"scale":[4.0,4.0,4.0]}}}{"textures":{"0":"item/mobs/zahar/zahar_metal"},"elements":[{"from":[6.857143,5.428571,6.857143],"to":[9.142858,11.714286,8.571428],"rotation":{"angle":22.5,"axis":"x","origin":[8.0,8.0,8.0]},"faces":{"east":{"uv":[3.25,7.25,4.0,10.0],"rotation":0,"texture":"#0","tintindex":0},"south":{"uv":[6.5,6.25,7.5,9.0],"rotation":0,"texture":"#0","tintindex":0},"north":{"uv":[6.5,3.5,7.5,6.25],"rotation":0,"texture":"#0","tintindex":0},"west":{"uv":[7.5,7.75,8.25,10.5],"rotation":0,"texture":"#0","tintindex":0},"up":{"uv":[9.25,3.25,8.25,2.5],"rotation":0,"texture":"#0","tintindex":0},"down":{"uv":[9.75,3.25,8.75,4.0],"rotation":0,"texture":"#0","tintindex":0}}}],"display":{"head":{"translation":[0.0,-6.4,0.0],"scale":[4.0,4.0,4.0]}}}{"textures":{"0":"item/mobs/zahar/zahar_metal"},"elements":[{"from":[6.857143,5.428571,6.857143],"to":[9.142858,11.714286,8.571428],"rotation":{"angle":22.5,"axis":"x","origin":[8.0,8.0,8.0]},"faces":{"east":{"uv":[3.25,7.25,4.0,10.0],"rotation":0,"texture":"#0","tintindex":0},"south":{"uv":[6.5,6.25,7.5,9.0],"rotation":0,"texture":"#0","tintindex":0},"north":{"uv":[6.5,3.5,7.5,6.25],"rotation":0,"texture":"#0","tintindex":0},"west":{"uv":[7.5,7.75,8.25,10.5],"rotation":0,"texture":"#0","tintindex":0},"up":{"uv":[9.25,3.25,8.25,2.5],"rotation":0,"texture":"#0","tintindex":0},"down":{"uv":[9.75,3.25,8.75,4.0],"rotation":0,"texture":"#0","tintindex":0}}}],"display":{"head":{"translation":[0.0,-6.4,0.0],"scale":[4.0,4.0,4.0]}}}{"textures":{"0":"item/mobs/zahar/zahar_metal"},"elements":[{"from":[6.857143,5.428571,6.857143],"to":[9.142858,11.714286,8.571428],"rotation":{"angle":22.5,"axis":"x","origin":[8.0,8.0,8.0]},"faces":{"east":{"uv":[3.25,7.25,4.0,10.0],"rotation":0,"texture":"#0","tintindex":0},"south":{"uv":[6.5,6.25,7.5,9.0],"rotation":0,"texture":"#0","tintindex":0},"north":{"uv":[6.5,3.5,7.5,6.25],"rotation":0,"texture":"#0","tintindex":0},"west":{"uv":[7.5,7.75,8.25,10.5],"rotation":0,"texture":"#0","tintindex":0},"up":{"uv":[9.25,3.25,8.25,2.5],"rotation":0,"texture":"#0","tintindex":0},"down":{"uv":[9.75,3.25,8.75,4.0],"rotation":0,"texture":"#0","tintindex":0}}}],"display":{"head":{"translation":[0.0,-6.4,0.0],"scale":[4.0,4.0,4.0]}}}{"textures":{"0":"item/mobs/zahar/zahar_metal"},"elements":[{"from":[6.857143,5.428571,6.857143],"to":[9.142858,11.714286,8.571428],"rotation":{"angle":22.5,"axis":"x","origin":[8.0,8.0,8.0]},"faces":{"east":{"uv":[3.25,7.25,4.0,10.0],"rotation":0,"texture":"#0","tintindex":0},"south":{"uv":[6.5,6.25,7.5,9.0],"rotation":0,"texture":"#0","tintindex":0},"north":{"uv":[6.5,3.5,7.5,6.25],"rotation":0,"texture":"#0","tintindex":0},"west":{"uv":[7.5,7.75,8.25,10.5],"rotation":0,"texture":"#0","tintindex":0},"up":{"uv":[9.25,3.25,8.25,2.5],"rotation":0,"texture":"#0","tintindex":0},"down":{"uv":[9.75,3.25,8.75,4.0],"rotation":0,"texture":"#0","tintindex":0}}}],"display":{"head":{"translation":[0.0,-6.4,0.0],"scale":[4.0,4.0,4.0]}}}{"textures":{"0":"item/mobs/zahar/zahar_metal"},"elements":[{"from":[6.857143,5.428571,6.857143],"to":[9.142858,11.714286,8.571428],"rotation":{"angle":22.5,"axis":"x","origin":[8.0,8.0,8.0]},"faces":{"east":{"uv":[3.25,7.25,4.0,10.0],"rotation":0,"texture":"#0","tintindex":0},"south":{"uv":[6.5,6.25,7.5,9.0],"rotation":0,"texture":"#0","tintindex":0},"north":{"uv":[6.5,3.5,7.5,6.25],"rotation":0,"texture":"#0","tintindex":0},"west":{"uv":[7.5,7.75,8.25,10.5],"rotation":0,"texture":"#0","tintindex":0},"up":{"uv":[9.25,3.25,8.25,2.5],"rotation":0,"texture":"#0","tintindex":0},"down":{"uv":[9.75,3.25,8.75,4.0],"rotation":0,"texture":"#0","tintindex":0}}}],"display":{"head":{"translation":[0.0,-6.4,0.0],"scale":[4.0,4.0,4.0]}}}{"textures":{"0":"item/mobs/zahar/zahar_metal"},"elements":[{"from":[6.857143,5.428571,6.857143],"to":[9.142858,11.714286,8.571428],"rotation":{"angle":22.5,"axis":"x","origin":[8.0,8.0,8.0]},"faces":{"east":{"uv":[3.25,7.25,4.0,10.0],"rotation":0,"texture":"#0","tintindex":0},"south":{"uv":[6.5,6.25,7.5,9.0],"rotation":0,"texture":"#0","tintindex":0},"north":{"uv":[6.5,3.5,7.5,6.25],"rotation":0,"texture":"#0","tintindex":0},"west":{"uv":[7.5,7.75,8.25,10.5],"rotation":0,"texture":"#0","tintindex":0},"up":{"uv":[9.25,3.25,8.25,2.5],"rotation":0,"texture":"#0","tintindex":0},"down":{"uv":[9.75,3.25,8.75,4.0],"rotation":0,"texture":"#0","tintindex":0}}}],"display":{"head":{"translation":[0.0,-6.4,0.0],"scale":[4.0,4.0,4.0]}}}