{
	"credit": "Made with Blockbench",
	"textures": {
		"1": "item/misc/riot_shield/glass",
		"2": "item/misc/riot_shield/texture",
		"particle": "item/misc/riot_shield/texture"
	},
	"elements": [
		{
			"from": [9.5, 0, 6.25],
			"to": [10.5, 15, 7.25],
			"faces": {
				"north": {"uv": [4, 0, 4.25, 3.75], "texture": "#2"},
				"east": {"uv": [4, 3.75, 4.25, 7.5], "texture": "#2"},
				"south": {"uv": [4.25, 0, 4.5, 3.75], "texture": "#2"},
				"west": {"uv": [4.25, 3.75, 4.5, 7.5], "texture": "#2"},
				"up": {"uv": [7.75, 2.25, 7.5, 2], "texture": "#2"},
				"down": {"uv": [7.75, 2.25, 7.5, 2.5], "texture": "#2"}
			}
		},
		{
			"from": [10.5, 0, 6.5],
			"to": [11.5, 15, 7.5],
			"faces": {
				"north": {"uv": [4.5, 0, 4.75, 3.75], "texture": "#2"},
				"east": {"uv": [4.5, 3.75, 4.75, 7.5], "texture": "#2"},
				"south": {"uv": [4.75, 0, 5, 3.75], "texture": "#2"},
				"west": {"uv": [4.75, 3.75, 5, 7.5], "texture": "#2"},
				"up": {"uv": [7.75, 2.75, 7.5, 2.5], "texture": "#2"},
				"down": {"uv": [7.75, 2.75, 7.5, 3], "texture": "#2"}
			}
		},
		{
			"from": [11.5, 0, 6.75],
			"to": [12.5, 15, 7.75],
			"faces": {
				"north": {"uv": [5, 0, 5.25, 3.75], "texture": "#2"},
				"east": {"uv": [1.5, 5, 1.75, 8.75], "texture": "#2"},
				"south": {"uv": [1.75, 5, 2, 8.75], "texture": "#2"},
				"west": {"uv": [2, 5, 2.25, 8.75], "texture": "#2"},
				"up": {"uv": [7.75, 3.25, 7.5, 3], "texture": "#2"},
				"down": {"uv": [7.75, 3.25, 7.5, 3.5], "texture": "#2"}
			}
		},
		{
			"from": [12.5, 0, 7.25],
			"to": [13.5, 15, 8.25],
			"faces": {
				"north": {"uv": [2.25, 5, 2.5, 8.75], "texture": "#2"},
				"east": {"uv": [2.5, 5, 2.75, 8.75], "texture": "#2"},
				"south": {"uv": [2.75, 5, 3, 8.75], "texture": "#2"},
				"west": {"uv": [3, 5, 3.25, 8.75], "texture": "#2"},
				"up": {"uv": [7.75, 3.75, 7.5, 3.5], "texture": "#2"},
				"down": {"uv": [7.75, 3.75, 7.5, 4], "texture": "#2"}
			}
		},
		{
			"from": [6.5, 0, 6],
			"to": [9.5, 15, 7],
			"rotation": {"angle": 0, "axis": "y", "origin": [16, 0, 0]},
			"faces": {
				"north": {"uv": [0, 0, 0.75, 3.75], "texture": "#2"},
				"east": {"uv": [6.75, 0, 7, 3.75], "texture": "#2"},
				"south": {"uv": [0.75, 0, 1.5, 3.75], "texture": "#2"},
				"west": {"uv": [6.75, 3.75, 7, 7.5], "texture": "#2"},
				"up": {"uv": [8.25, 1.75, 7.5, 1.5], "texture": "#2"},
				"down": {"uv": [8.25, 1.75, 7.5, 2], "texture": "#2"}
			}
		},
		{
			"from": [5.5, 0, 6.25],
			"to": [6.5, 15, 7.25],
			"rotation": {"angle": 0, "axis": "y", "origin": [16, 0, 0]},
			"faces": {
				"north": {"uv": [6.25, 0, 6.5, 3.75], "texture": "#2"},
				"east": {"uv": [6.25, 3.75, 6.5, 7.5], "texture": "#2"},
				"south": {"uv": [6.5, 0, 6.75, 3.75], "texture": "#2"},
				"west": {"uv": [6.5, 3.75, 6.75, 7.5], "texture": "#2"},
				"up": {"uv": [5.5, 7.75, 5.25, 7.5], "texture": "#2"},
				"down": {"uv": [7.75, 5.25, 7.5, 5.5], "texture": "#2"}
			}
		},
		{
			"from": [4.5, 0, 6.5],
			"to": [5.5, 15, 7.5],
			"rotation": {"angle": 0, "axis": "y", "origin": [16, 0, 0]},
			"faces": {
				"north": {"uv": [5.75, 0, 6, 3.75], "texture": "#2"},
				"east": {"uv": [5.75, 3.75, 6, 7.5], "texture": "#2"},
				"south": {"uv": [6, 0, 6.25, 3.75], "texture": "#2"},
				"west": {"uv": [6, 3.75, 6.25, 7.5], "texture": "#2"},
				"up": {"uv": [5.25, 7.75, 5, 7.5], "texture": "#2"},
				"down": {"uv": [7.75, 5, 7.5, 5.25], "texture": "#2"}
			}
		},
		{
			"from": [3.5, 0, 6.75],
			"to": [4.5, 15, 7.75],
			"rotation": {"angle": 0, "axis": "y", "origin": [16, 0, 0]},
			"faces": {
				"north": {"uv": [5.25, 0, 5.5, 3.75], "texture": "#2"},
				"east": {"uv": [5.25, 3.75, 5.5, 7.5], "texture": "#2"},
				"south": {"uv": [5.5, 0, 5.75, 3.75], "texture": "#2"},
				"west": {"uv": [5.5, 3.75, 5.75, 7.5], "texture": "#2"},
				"up": {"uv": [4.75, 7.75, 4.5, 7.5], "texture": "#2"},
				"down": {"uv": [5, 7.5, 4.75, 7.75], "texture": "#2"}
			}
		},
		{
			"from": [2.5, 0, 7.25],
			"to": [3.5, 15, 8.25],
			"rotation": {"angle": 0, "axis": "y", "origin": [16, 0, 0]},
			"faces": {
				"north": {"uv": [3.25, 5, 3.5, 8.75], "texture": "#2"},
				"east": {"uv": [3.5, 5, 3.75, 8.75], "texture": "#2"},
				"south": {"uv": [3.75, 5, 4, 8.75], "texture": "#2"},
				"west": {"uv": [5, 3.75, 5.25, 7.5], "texture": "#2"},
				"up": {"uv": [4.5, 7.75, 4.25, 7.5], "texture": "#2"},
				"down": {"uv": [7.75, 4.25, 7.5, 4.5], "texture": "#2"}
			}
		},
		{
			"from": [1.5, 0, 7.75],
			"to": [2.5, 20, 8.75],
			"rotation": {"angle": 0, "axis": "y", "origin": [16, 0, 0]},
			"faces": {
				"north": {"uv": [1.5, 0, 1.75, 5], "texture": "#2"},
				"east": {"uv": [1.75, 0, 2, 5], "texture": "#2"},
				"south": {"uv": [2, 0, 2.25, 5], "texture": "#2"},
				"west": {"uv": [2.25, 0, 2.5, 5], "texture": "#2"},
				"up": {"uv": [4.25, 7.75, 4, 7.5], "texture": "#2"},
				"down": {"uv": [7.75, 4, 7.5, 4.25], "texture": "#2"}
			}
		},
		{
			"from": [1.5, 20, 7.75],
			"to": [2.5, 21, 8.75],
			"rotation": {"angle": 0, "axis": "y", "origin": [16, 0, 0]},
			"faces": {
				"north": {"uv": [5.5, 7.5, 5.75, 7.75], "texture": "#2"},
				"east": {"uv": [7.5, 5.5, 7.75, 5.75], "texture": "#2"},
				"south": {"uv": [5.75, 7.5, 6, 7.75], "texture": "#2"},
				"west": {"uv": [7.5, 5.75, 7.75, 6], "texture": "#2"},
				"up": {"uv": [6.25, 7.75, 6, 7.5], "texture": "#2"},
				"down": {"uv": [7.75, 6, 7.5, 6.25], "texture": "#2"}
			}
		},
		{
			"from": [0.5, 20, 8.5],
			"to": [1.5, 21, 9.5],
			"rotation": {"angle": 0, "axis": "y", "origin": [16, 0, 0]},
			"faces": {
				"north": {"uv": [6.25, 7.5, 6.5, 7.75], "texture": "#2"},
				"east": {"uv": [7.5, 6.25, 7.75, 6.5], "texture": "#2"},
				"south": {"uv": [6.5, 7.5, 6.75, 7.75], "texture": "#2"},
				"west": {"uv": [7.5, 6.5, 7.75, 6.75], "texture": "#2"},
				"up": {"uv": [7, 7.75, 6.75, 7.5], "texture": "#2"},
				"down": {"uv": [7.75, 6.75, 7.5, 7], "texture": "#2"}
			}
		},
		{
			"from": [2.5, 20, 7.25],
			"to": [3.5, 21, 8.25],
			"rotation": {"angle": 0, "axis": "y", "origin": [16, 0, 0]},
			"faces": {
				"north": {"uv": [7.5, 7, 7.75, 7.25], "texture": "#2"},
				"east": {"uv": [7.5, 7.25, 7.75, 7.5], "texture": "#2"},
				"south": {"uv": [7.5, 7.5, 7.75, 7.75], "texture": "#2"},
				"west": {"uv": [7.75, 2, 8, 2.25], "texture": "#2"},
				"up": {"uv": [8, 2.5, 7.75, 2.25], "texture": "#2"},
				"down": {"uv": [8, 2.5, 7.75, 2.75], "texture": "#2"}
			}
		},
		{
			"from": [3.5, 20, 6.75],
			"to": [4.5, 21, 7.75],
			"rotation": {"angle": 0, "axis": "y", "origin": [16, 0, 0]},
			"faces": {
				"north": {"uv": [7.75, 2.75, 8, 3], "texture": "#2"},
				"east": {"uv": [7.75, 3, 8, 3.25], "texture": "#2"},
				"south": {"uv": [7.75, 3.25, 8, 3.5], "texture": "#2"},
				"west": {"uv": [7.75, 3.5, 8, 3.75], "texture": "#2"},
				"up": {"uv": [8, 4, 7.75, 3.75], "texture": "#2"},
				"down": {"uv": [4.25, 7.75, 4, 8], "texture": "#2"}
			}
		},
		{
			"from": [4.5, 20, 6.5],
			"to": [5.5, 21, 7.5],
			"rotation": {"angle": 0, "axis": "y", "origin": [16, 0, 0]},
			"faces": {
				"north": {"uv": [7.75, 4, 8, 4.25], "texture": "#2"},
				"east": {"uv": [4.25, 7.75, 4.5, 8], "texture": "#2"},
				"south": {"uv": [7.75, 4.25, 8, 4.5], "texture": "#2"},
				"west": {"uv": [4.5, 7.75, 4.75, 8], "texture": "#2"},
				"up": {"uv": [5, 8, 4.75, 7.75], "texture": "#2"},
				"down": {"uv": [5.25, 7.75, 5, 8], "texture": "#2"}
			}
		},
		{
			"from": [5.5, 20, 6.25],
			"to": [6.5, 21, 7.25],
			"rotation": {"angle": 0, "axis": "y", "origin": [16, 0, 0]},
			"faces": {
				"north": {"uv": [7.75, 5, 8, 5.25], "texture": "#2"},
				"east": {"uv": [5.25, 7.75, 5.5, 8], "texture": "#2"},
				"south": {"uv": [7.75, 5.25, 8, 5.5], "texture": "#2"},
				"west": {"uv": [5.5, 7.75, 5.75, 8], "texture": "#2"},
				"up": {"uv": [8, 5.75, 7.75, 5.5], "texture": "#2"},
				"down": {"uv": [6, 7.75, 5.75, 8], "texture": "#2"}
			}
		},
		{
			"from": [6.5, 20, 6],
			"to": [9.5, 21, 7],
			"rotation": {"angle": 0, "axis": "y", "origin": [16, 0, 0]},
			"faces": {
				"north": {"uv": [7.25, 0.5, 8, 0.75], "texture": "#2"},
				"east": {"uv": [7.75, 5.75, 8, 6], "texture": "#2"},
				"south": {"uv": [7.25, 0.75, 8, 1], "texture": "#2"},
				"west": {"uv": [6, 7.75, 6.25, 8], "texture": "#2"},
				"up": {"uv": [8, 1.25, 7.25, 1], "texture": "#2"},
				"down": {"uv": [8, 1.25, 7.25, 1.5], "texture": "#2"}
			}
		},
		{
			"from": [9.5, 20, 6.25],
			"to": [10.5, 21, 7.25],
			"rotation": {"angle": 0, "axis": "y", "origin": [16, 0, 0]},
			"faces": {
				"north": {"uv": [7.75, 6, 8, 6.25], "texture": "#2"},
				"east": {"uv": [6.25, 7.75, 6.5, 8], "texture": "#2"},
				"south": {"uv": [7.75, 6.25, 8, 6.5], "texture": "#2"},
				"west": {"uv": [6.5, 7.75, 6.75, 8], "texture": "#2"},
				"up": {"uv": [8, 6.75, 7.75, 6.5], "texture": "#2"},
				"down": {"uv": [7, 7.75, 6.75, 8], "texture": "#2"}
			}
		},
		{
			"from": [10.5, 20, 6.5],
			"to": [11.5, 21, 7.5],
			"rotation": {"angle": 0, "axis": "y", "origin": [16, 0, 0]},
			"faces": {
				"north": {"uv": [7.75, 6.75, 8, 7], "texture": "#2"},
				"east": {"uv": [7.75, 7, 8, 7.25], "texture": "#2"},
				"south": {"uv": [7.75, 7.25, 8, 7.5], "texture": "#2"},
				"west": {"uv": [7.5, 7.75, 7.75, 8], "texture": "#2"},
				"up": {"uv": [8, 7.75, 7.75, 7.5], "texture": "#2"},
				"down": {"uv": [8, 7.75, 7.75, 8], "texture": "#2"}
			}
		},
		{
			"from": [11.5, 20, 6.75],
			"to": [12.5, 21, 7.75],
			"rotation": {"angle": 0, "axis": "y", "origin": [16, 0, 0]},
			"faces": {
				"north": {"uv": [8, 0.5, 8.25, 0.75], "texture": "#2"},
				"east": {"uv": [8, 0.75, 8.25, 1], "texture": "#2"},
				"south": {"uv": [8, 1, 8.25, 1.25], "texture": "#2"},
				"west": {"uv": [8, 1.25, 8.25, 1.5], "texture": "#2"},
				"up": {"uv": [8.25, 2.25, 8, 2], "texture": "#2"},
				"down": {"uv": [8.25, 2.25, 8, 2.5], "texture": "#2"}
			}
		},
		{
			"from": [12.5, 20, 7.25],
			"to": [13.5, 21, 8.25],
			"rotation": {"angle": 0, "axis": "y", "origin": [16, 0, 0]},
			"faces": {
				"north": {"uv": [8, 2.5, 8.25, 2.75], "texture": "#2"},
				"east": {"uv": [8, 2.75, 8.25, 3], "texture": "#2"},
				"south": {"uv": [8, 3, 8.25, 3.25], "texture": "#2"},
				"west": {"uv": [8, 3.25, 8.25, 3.5], "texture": "#2"},
				"up": {"uv": [8.25, 3.75, 8, 3.5], "texture": "#2"},
				"down": {"uv": [8.25, 3.75, 8, 4], "texture": "#2"}
			}
		},
		{
			"from": [0.5, 0, 8.5],
			"to": [1.5, 20, 9.5],
			"rotation": {"angle": 0, "axis": "y", "origin": [16, 0, 0]},
			"faces": {
				"north": {"uv": [0.5, 3.75, 0.75, 8.75], "texture": "#2"},
				"east": {"uv": [0.75, 3.75, 1, 8.75], "texture": "#2"},
				"south": {"uv": [1, 3.75, 1.25, 8.75], "texture": "#2"},
				"west": {"uv": [1.25, 3.75, 1.5, 8.75], "texture": "#2"},
				"up": {"uv": [6.5, 8.25, 6.25, 8], "texture": "#2"},
				"down": {"uv": [8.25, 6.25, 8, 6.5], "texture": "#2"}
			}
		},
		{
			"from": [14.5, 0, 8.5],
			"to": [15.5, 20, 9.5],
			"faces": {
				"north": {"uv": [3.5, 0, 3.75, 5], "texture": "#2"},
				"east": {"uv": [0, 3.75, 0.25, 8.75], "texture": "#2"},
				"south": {"uv": [3.75, 0, 4, 5], "texture": "#2"},
				"west": {"uv": [0.25, 3.75, 0.5, 8.75], "texture": "#2"},
				"up": {"uv": [6.25, 8.25, 6, 8], "texture": "#2"},
				"down": {"uv": [8.25, 6, 8, 6.25], "texture": "#2"}
			}
		},
		{
			"from": [13.5, 0, 7.75],
			"to": [14.5, 20, 8.75],
			"faces": {
				"north": {"uv": [2.5, 0, 2.75, 5], "texture": "#2"},
				"east": {"uv": [2.75, 0, 3, 5], "texture": "#2"},
				"south": {"uv": [3, 0, 3.25, 5], "texture": "#2"},
				"west": {"uv": [3.25, 0, 3.5, 5], "texture": "#2"},
				"up": {"uv": [6, 8.25, 5.75, 8], "texture": "#2"},
				"down": {"uv": [8.25, 5.75, 8, 6], "texture": "#2"}
			}
		},
		{
			"from": [13.5, 20, 7.75],
			"to": [14.5, 21, 8.75],
			"faces": {
				"north": {"uv": [5, 8, 5.25, 8.25], "texture": "#2"},
				"east": {"uv": [8, 5, 8.25, 5.25], "texture": "#2"},
				"south": {"uv": [5.25, 8, 5.5, 8.25], "texture": "#2"},
				"west": {"uv": [8, 5.25, 8.25, 5.5], "texture": "#2"},
				"up": {"uv": [5.75, 8.25, 5.5, 8], "texture": "#2"},
				"down": {"uv": [8.25, 5.5, 8, 5.75], "texture": "#2"}
			}
		},
		{
			"from": [14.5, 20, 8.5],
			"to": [15.5, 21, 9.5],
			"faces": {
				"north": {"uv": [4, 8, 4.25, 8.25], "texture": "#2"},
				"east": {"uv": [8, 4, 8.25, 4.25], "texture": "#2"},
				"south": {"uv": [4.25, 8, 4.5, 8.25], "texture": "#2"},
				"west": {"uv": [8, 4.25, 8.25, 4.5], "texture": "#2"},
				"up": {"uv": [4.75, 8.25, 4.5, 8], "texture": "#2"},
				"down": {"uv": [5, 8, 4.75, 8.25], "texture": "#2"}
			}
		},
		{
			"from": [7.5, 8, 6.225],
			"to": [8.5, 9, 11],
			"faces": {
				"north": {"uv": [6.75, 8, 7, 8.25], "texture": "#2"},
				"east": {"uv": [7, 4.5, 8.9375, 4.75], "texture": "#2"},
				"south": {"uv": [8, 6.75, 8.25, 7], "texture": "#2"},
				"west": {"uv": [7, 4.75, 8.9375, 5], "texture": "#2"},
				"up": {"uv": [7.25, 6.9375, 7, 5], "texture": "#2"},
				"down": {"uv": [7.25, 7, 7, 8.9375], "texture": "#2"}
			}
		},
		{
			"from": [7.5, 9, 10],
			"to": [8.5, 12, 11],
			"rotation": {"angle": 0, "axis": "x", "origin": [0, -3, 13]},
			"faces": {
				"north": {"uv": [7.25, 5, 7.5, 5.75], "texture": "#2"},
				"east": {"uv": [7.25, 5.75, 7.5, 6.5], "texture": "#2"},
				"south": {"uv": [7.25, 6.5, 7.5, 7.25], "texture": "#2"},
				"west": {"uv": [7.25, 7.25, 7.5, 8], "texture": "#2"},
				"up": {"uv": [8.25, 7.5, 8, 7.25], "texture": "#2"},
				"down": {"uv": [7.75, 8, 7.5, 8.25], "texture": "#2"}
			}
		},
		{
			"from": [7.5, 12, 6.225],
			"to": [8.5, 13, 11],
			"rotation": {"angle": 0, "axis": "x", "origin": [8, 7.5, 8.5]},
			"faces": {
				"north": {"uv": [6.5, 8, 6.75, 8.25], "texture": "#2"},
				"east": {"uv": [7, 0, 8.9375, 0.25], "texture": "#2"},
				"south": {"uv": [8, 6.5, 8.25, 6.75], "texture": "#2"},
				"west": {"uv": [7, 0.25, 8.9375, 0.5], "texture": "#2"},
				"up": {"uv": [7.25, 2.4375, 7, 0.5], "texture": "#2"},
				"down": {"uv": [7.25, 2.5, 7, 4.4375], "texture": "#2"}
			}
		},
		{
			"from": [2.5, 15, 7.5],
			"to": [3.5, 20, 8.25],
			"faces": {
				"north": {"uv": [0, 5, 1, 10], "texture": "#1"},
				"east": {"uv": [1, 10, 1.75, 15], "texture": "#1"},
				"south": {"uv": [1, 5, 2, 10], "texture": "#1"},
				"west": {"uv": [2, 10, 2.75, 15], "texture": "#1"},
				"up": {"uv": [14, 7.75, 13, 7], "texture": "#1"},
				"down": {"uv": [14, 8, 13, 8.75], "texture": "#1"}
			}
		},
		{
			"from": [3.5, 15, 7],
			"to": [4.5, 20, 7.75],
			"faces": {
				"north": {"uv": [2, 5, 3, 10], "texture": "#1"},
				"east": {"uv": [3, 10, 3.75, 15], "texture": "#1"},
				"south": {"uv": [3, 5, 4, 10], "texture": "#1"},
				"west": {"uv": [4, 10, 4.75, 15], "texture": "#1"},
				"up": {"uv": [14, 9.75, 13, 9], "texture": "#1"},
				"down": {"uv": [14, 10, 13, 10.75], "texture": "#1"}
			}
		},
		{
			"from": [4.5, 15, 6.75],
			"to": [5.5, 20, 7.5],
			"faces": {
				"north": {"uv": [4, 5, 5, 10], "texture": "#1"},
				"east": {"uv": [5, 10, 5.75, 15], "texture": "#1"},
				"south": {"uv": [5, 5, 6, 10], "texture": "#1"},
				"west": {"uv": [10, 5, 10.75, 10], "texture": "#1"},
				"up": {"uv": [14, 11.75, 13, 11], "texture": "#1"},
				"down": {"uv": [14, 12, 13, 12.75], "texture": "#1"}
			}
		},
		{
			"from": [5.5, 15, 6.5],
			"to": [6.5, 20, 7.25],
			"faces": {
				"north": {"uv": [6, 0, 7, 5], "texture": "#1"},
				"east": {"uv": [6, 10, 6.75, 15], "texture": "#1"},
				"south": {"uv": [6, 5, 7, 10], "texture": "#1"},
				"west": {"uv": [7, 10, 7.75, 15], "texture": "#1"},
				"up": {"uv": [14, 13.75, 13, 13], "texture": "#1"},
				"down": {"uv": [15, 0, 14, 0.75], "texture": "#1"}
			}
		},
		{
			"from": [6.5, 15, 6.25],
			"to": [9.5, 20, 7],
			"rotation": {"angle": 0, "axis": "y", "origin": [16, 0, 0]},
			"faces": {
				"north": {"uv": [0, 0, 3, 5], "texture": "#1"},
				"east": {"uv": [8, 10, 8.75, 15], "texture": "#1"},
				"south": {"uv": [3, 0, 6, 5], "texture": "#1"},
				"west": {"uv": [9, 10, 9.75, 15], "texture": "#1"},
				"up": {"uv": [16, 5.75, 13, 5], "texture": "#1"},
				"down": {"uv": [16, 6, 13, 6.75], "texture": "#1"}
			}
		},
		{
			"from": [9.5, 15, 6.5],
			"to": [10.5, 20, 7.25],
			"rotation": {"angle": 0, "axis": "y", "origin": [16, 0, 0]},
			"faces": {
				"north": {"uv": [7, 0, 8, 5], "texture": "#1"},
				"east": {"uv": [10, 10, 10.75, 15], "texture": "#1"},
				"south": {"uv": [7, 5, 8, 10], "texture": "#1"},
				"west": {"uv": [11, 0, 11.75, 5], "texture": "#1"},
				"up": {"uv": [15, 1.75, 14, 1], "texture": "#1"},
				"down": {"uv": [15, 2, 14, 2.75], "texture": "#1"}
			}
		},
		{
			"from": [10.5, 15, 6.75],
			"to": [11.5, 20, 7.5],
			"rotation": {"angle": 0, "axis": "y", "origin": [16, 0, 0]},
			"faces": {
				"north": {"uv": [8, 0, 9, 5], "texture": "#1"},
				"east": {"uv": [11, 5, 11.75, 10], "texture": "#1"},
				"south": {"uv": [8, 5, 9, 10], "texture": "#1"},
				"west": {"uv": [11, 10, 11.75, 15], "texture": "#1"},
				"up": {"uv": [15, 3.75, 14, 3], "texture": "#1"},
				"down": {"uv": [15, 4, 14, 4.75], "texture": "#1"}
			}
		},
		{
			"from": [11.5, 15, 7],
			"to": [12.5, 20, 7.75],
			"rotation": {"angle": 0, "axis": "y", "origin": [16, 0, 0]},
			"faces": {
				"north": {"uv": [9, 0, 10, 5], "texture": "#1"},
				"east": {"uv": [12, 0, 12.75, 5], "texture": "#1"},
				"south": {"uv": [9, 5, 10, 10], "texture": "#1"},
				"west": {"uv": [12, 5, 12.75, 10], "texture": "#1"},
				"up": {"uv": [15, 7.75, 14, 7], "texture": "#1"},
				"down": {"uv": [15, 8, 14, 8.75], "texture": "#1"}
			}
		},
		{
			"from": [12.5, 15, 7.5],
			"to": [13.5, 20, 8.25],
			"rotation": {"angle": 0, "axis": "y", "origin": [16, 0, 0]},
			"faces": {
				"north": {"uv": [0, 10, 1, 15], "texture": "#1"},
				"east": {"uv": [12, 10, 12.75, 15], "texture": "#1"},
				"south": {"uv": [10, 0, 11, 5], "texture": "#1"},
				"west": {"uv": [13, 0, 13.75, 5], "texture": "#1"},
				"up": {"uv": [15, 9.75, 14, 9], "texture": "#1"},
				"down": {"uv": [15, 10, 14, 10.75], "texture": "#1"}
			}
		}
	],
	"gui_light": "front",
	"display": {
		"thirdperson_righthand": {
			"rotation": [0, -77, 0],
			"translation": [1.75, -4.25, 1.5],
			"scale": [1.26, 1.26, 1.26]
		},
		"thirdperson_lefthand": {
			"rotation": [0, -77, 0],
			"translation": [1.75, -4.25, 1.5],
			"scale": [1.26, 1.26, 1.26]
		},
		"firstperson_righthand": {
			"rotation": [-31, -67, 6],
			"translation": [1.75, -5.25, 3.5],
			"scale": [1.32, 1.32, 1.32]
		},
		"firstperson_lefthand": {
			"rotation": [-31, -67, 6],
			"translation": [1.75, -5.25, 3.5],
			"scale": [1.32, 1.32, 1.32]
		},
		"ground": {
			"translation": [0, 4.5, 0],
			"scale": [0.83, 0.83, 0.83]
		},
		"gui": {
			"rotation": [0, 180, 0],
			"translation": [0, -1.75, 0],
			"scale": [0.64, 0.64, 0.64]
		},
		"head": {
			"translation": [0, -11, -6.5]
		},
		"fixed": {
			"translation": [0, -2.25, 0],
			"scale": [0.77, 0.77, 0.77]
		}
	},
	"groups": [
		0,
		1,
		2,
		3,
		4,
		5,
		6,
		7,
		8,
		9,
		10,
		11,
		12,
		13,
		14,
		15,
		16,
		17,
		18,
		19,
		20,
		21,
		22,
		23,
		24,
		25,
		26,
		27,
		28,
		{
			"name": "glass",
			"origin": [16, 0, 0],
			"color": 0,
			"children": [29, 30, 31, 32, 33, 34, 35, 36, 37]
		}
	]
}