{"textures":{"0":"item/mobs/zaku/zaku"},"elements":[{"from":[6.6728287,5.5638914,5.428571],"to":[11.815686,10.706749,10.571428],"rotation":{"angle":-45.0,"axis":"z","origin":[9.529971,8.13532,8.0]},"faces":{"east":{"uv":[0.5625,11.1875,0.0,11.75],"rotation":0,"texture":"#0","tintindex":0},"south":{"uv":[2.375,10.9375,2.9375,11.5],"rotation":0,"texture":"#0","tintindex":0},"north":{"uv":[2.9375,10.9375,2.375,11.5],"rotation":0,"texture":"#0","tintindex":0},"west":{"uv":[3.5,10.9375,2.9375,11.5],"rotation":0,"texture":"#0","tintindex":0},"up":{"uv":[1.25,11.8125,1.8125,11.25],"rotation":0,"texture":"#0","tintindex":0},"down":{"uv":[1.8125,11.25,2.375,11.8125],"rotation":0,"texture":"#0","tintindex":0}}},{"from":[4.184314,7.5414457,4.5714283],"to":[9.327171,12.684303,11.428572],"rotation":{"angle":0.0,"axis":"y","origin":[8.0,9.124097,8.0]},"faces":{"east":{"uv":[2.125,9.8125,1.375,10.375],"rotation":0,"texture":"#0","tintindex":0},"south":{"uv":[3.375,10.0625,3.9375,10.625],"rotation":0,"texture":"#0","tintindex":0},"north":{"uv":[3.9375,10.0625,3.375,10.625],"rotation":0,"texture":"#0","tintindex":0},"west":{"uv":[2.125,9.25,1.375,9.8125],"rotation":0,"texture":"#0","tintindex":0},"up":{"uv":[0.0,10.6875,0.5625,9.9375],"rotation":0,"texture":"#0","tintindex":0},"down":{"uv":[0.5625,9.9375,1.125,10.6875],"rotation":0,"texture":"#0","tintindex":0}}}],"display":{"head":{"translation":[0.0,-6.4,0.0],"scale":[4.0,4.0,4.0]}}}