{
	"credit": "Made with Blockbench",
	"texture_size": [64, 64],
	"textures": {
		"1": "item/backpacks/texture",
		"11": "stone_slab_top",
		"particle": "item/backpacks/texture"
	},
	"elements": [
		{
			"from": [3, 11, 3],
			"to": [13, 15, 4],
			"rotation": {"angle": 0, "axis": "y", "origin": [13, 19, 11]},
			"faces": {
				"north": {"uv": [7.75, 5.5, 10.25, 6.5], "texture": "#1"},
				"east": {"uv": [5.25, 6.25, 5.5, 7.25], "texture": "#1"},
				"south": {"uv": [7.75, 6.5, 10.25, 7.5], "texture": "#1"},
				"west": {"uv": [2.75, 7.75, 3, 8.75], "texture": "#1"},
				"up": {"uv": [12.75, 9.75, 10.25, 9.5], "texture": "#1"},
				"down": {"uv": [12.75, 9.75, 10.25, 10], "texture": "#1"}
			}
		},
		{
			"from": [3, 16, 4.75],
			"to": [13, 17, 9.75],
			"rotation": {"angle": 0, "axis": "y", "origin": [8, 18, 6.5]},
			"faces": {
				"north": {"uv": [12.75, 9.75, 10.25, 10], "rotation": 180, "texture": "#1"},
				"east": {"uv": [5.25, 6.25, 5.5, 7.25], "rotation": 270, "texture": "#1"},
				"south": {"uv": [12.75, 9.75, 10.25, 9.5], "texture": "#1"},
				"west": {"uv": [2.75, 7.75, 3, 8.75], "rotation": 90, "texture": "#1"},
				"up": {"uv": [7.75, 5.5, 10.25, 6.5], "rotation": 180, "texture": "#1"},
				"down": {"uv": [7.75, 6.5, 10.25, 7.5], "texture": "#1"}
			}
		},
		{
			"from": [2.5, 0.75, 2],
			"to": [13.5, 9.75, 4],
			"rotation": {"angle": 0, "axis": "y", "origin": [12, 11, 10]},
			"faces": {
				"north": {"uv": [0, 4, 2.75, 6.25], "texture": "#1"},
				"east": {"uv": [7.5, 9.75, 8, 12], "texture": "#1"},
				"south": {"uv": [2.75, 4, 5.5, 6.25], "texture": "#1"},
				"west": {"uv": [9.75, 9.5, 10.25, 11.75], "texture": "#1"},
				"up": {"uv": [7.5, 10.25, 4.75, 9.75], "texture": "#1"},
				"down": {"uv": [12.5, 9, 9.75, 9.5], "texture": "#1"}
			}
		},
		{
			"from": [2, 0, 4],
			"to": [14, 16, 10],
			"rotation": {"angle": 0, "axis": "y", "origin": [10, 8, 12]},
			"faces": {
				"north": {"uv": [0, 0, 3, 4], "texture": "#1"},
				"east": {"uv": [5.5, 4, 7, 8], "texture": "#1"},
				"south": {"uv": [3, 0, 6, 4], "texture": "#1"},
				"west": {"uv": [6, 0, 7.5, 4], "texture": "#1"},
				"up": {"uv": [3, 7.75, 0, 6.25], "texture": "#1"},
				"down": {"uv": [10, 4, 7, 5.5], "texture": "#1"}
			}
		},
		{
			"from": [2, 0, 4],
			"to": [14, 16, 10],
			"rotation": {"angle": 0, "axis": "y", "origin": [10, 8, 12]},
			"faces": {
				"north": {"uv": [0, 0, 3, 4], "texture": "#1"},
				"east": {"uv": [5.5, 4, 7, 8], "texture": "#1"},
				"south": {"uv": [3, 0, 6, 4], "texture": "#1"},
				"west": {"uv": [6, 0, 7.5, 4], "texture": "#1"},
				"up": {"uv": [3, 7.75, 0, 6.25], "texture": "#1"},
				"down": {"uv": [10, 4, 7, 5.5], "texture": "#1"}
			}
		},
		{
			"from": [-0.775, -0.075, 6.65],
			"to": [2.225, 13.925, 9.65],
			"rotation": {"angle": 0, "axis": "y", "origin": [8.15, 18.325, 5.9]},
			"faces": {
				"north": {"uv": [3, 6.25, 3.75, 9.75], "texture": "#1"},
				"east": {"uv": [3.75, 6.25, 4.5, 9.75], "texture": "#1"},
				"south": {"uv": [4.5, 6.25, 5.25, 9.75], "texture": "#1"},
				"west": {"uv": [7, 5.5, 7.75, 9], "texture": "#1"},
				"up": {"uv": [6, 8.75, 5.25, 8], "texture": "#1"},
				"down": {"uv": [6.75, 8, 6, 8.75], "texture": "#1"}
			}
		},
		{
			"from": [13.775, 10.925, 6.35],
			"to": [17.375, 11.225, 6.65],
			"rotation": {"angle": 0, "axis": "y", "origin": [15.9, 7.075, 8.15]},
			"faces": {
				"north": {"uv": [0, 0, 0.3, 2.6], "rotation": 270, "texture": "#11"},
				"east": {"uv": [0, 0, 0.3, 0.3], "rotation": 270, "texture": "#11"},
				"south": {"uv": [0, 0, 0.3, 2.6], "rotation": 90, "texture": "#11"},
				"west": {"uv": [0, 0, 0.3, 0.3], "rotation": 270, "texture": "#11"},
				"up": {"uv": [0, 0, 0.3, 2.6], "rotation": 90, "texture": "#11"},
				"down": {"uv": [0, 0, 0.3, 2.6], "rotation": 90, "texture": "#11"}
			}
		},
		{
			"from": [13.775, 2.925, 6.35],
			"to": [17.375, 3.225, 6.65],
			"rotation": {"angle": 0, "axis": "y", "origin": [15.9, 7.075, 8.15]},
			"faces": {
				"north": {"uv": [0, 0, 0.3, 2.6], "rotation": 270, "texture": "#11"},
				"east": {"uv": [0, 0, 0.3, 0.3], "rotation": 270, "texture": "#11"},
				"south": {"uv": [0, 0, 0.3, 2.6], "rotation": 90, "texture": "#11"},
				"west": {"uv": [0, 0, 0.3, 0.3], "rotation": 270, "texture": "#11"},
				"up": {"uv": [0, 0, 0.3, 2.6], "rotation": 90, "texture": "#11"},
				"down": {"uv": [0, 0, 0.3, 2.6], "rotation": 90, "texture": "#11"}
			}
		},
		{
			"from": [13.775, 2.925, 9.65],
			"to": [17.375, 3.225, 9.95],
			"rotation": {"angle": 0, "axis": "y", "origin": [15.9, 7.075, 8.15]},
			"faces": {
				"north": {"uv": [0, 0, 0.3, 2.6], "rotation": 270, "texture": "#11"},
				"east": {"uv": [0, 0, 0.3, 0.3], "rotation": 270, "texture": "#11"},
				"south": {"uv": [0, 0, 0.3, 2.6], "rotation": 90, "texture": "#11"},
				"west": {"uv": [0, 0, 0.3, 0.3], "rotation": 270, "texture": "#11"},
				"up": {"uv": [0, 0, 0.3, 2.6], "rotation": 90, "texture": "#11"},
				"down": {"uv": [0, 0, 0.3, 2.6], "rotation": 90, "texture": "#11"}
			}
		},
		{
			"from": [13.775, 10.925, 9.65],
			"to": [17.375, 11.225, 9.95],
			"rotation": {"angle": 0, "axis": "y", "origin": [15.9, 7.075, 8.15]},
			"faces": {
				"north": {"uv": [0, 0, 0.3, 2.6], "rotation": 270, "texture": "#11"},
				"east": {"uv": [0, 0, 0.3, 0.3], "rotation": 270, "texture": "#11"},
				"south": {"uv": [0, 0, 0.3, 2.6], "rotation": 90, "texture": "#11"},
				"west": {"uv": [0, 0, 0.3, 0.3], "rotation": 270, "texture": "#11"},
				"up": {"uv": [0, 0, 0.3, 2.6], "rotation": 90, "texture": "#11"},
				"down": {"uv": [0, 0, 0.3, 2.6], "rotation": 90, "texture": "#11"}
			}
		},
		{
			"from": [17.075, 2.925, 6.65],
			"to": [17.375, 3.225, 9.65],
			"rotation": {"angle": 0, "axis": "y", "origin": [15.9, 7.075, 8.15]},
			"faces": {
				"north": {"uv": [0, 0, 0.3, 0.3], "rotation": 270, "texture": "#11"},
				"east": {"uv": [0, 0, 0.3, 2], "rotation": 270, "texture": "#11"},
				"south": {"uv": [0, 0, 0.3, 0.3], "rotation": 90, "texture": "#11"},
				"west": {"uv": [0, 0, 0.3, 2], "rotation": 270, "texture": "#11"},
				"up": {"uv": [0, 0, 2, 0.3], "rotation": 90, "texture": "#11"},
				"down": {"uv": [0, 0, 2, 0.3], "rotation": 90, "texture": "#11"}
			}
		},
		{
			"from": [17.075, 10.925, 6.65],
			"to": [17.375, 11.225, 9.65],
			"rotation": {"angle": 0, "axis": "y", "origin": [15.9, 7.075, 8.15]},
			"faces": {
				"north": {"uv": [0, 0, 0.3, 0.3], "rotation": 270, "texture": "#11"},
				"east": {"uv": [0, 0, 0.3, 2], "rotation": 270, "texture": "#11"},
				"south": {"uv": [0, 0, 0.3, 0.3], "rotation": 90, "texture": "#11"},
				"west": {"uv": [0, 0, 0.3, 2], "rotation": 270, "texture": "#11"},
				"up": {"uv": [0, 0, 2, 0.3], "rotation": 90, "texture": "#11"},
				"down": {"uv": [0, 0, 2, 0.3], "rotation": 90, "texture": "#11"}
			}
		},
		{
			"from": [14.075, -0.075, 6.65],
			"to": [17.075, 13.925, 9.65],
			"rotation": {"angle": 0, "axis": "y", "origin": [15.9, 7.075, 8.15]},
			"faces": {
				"north": {"uv": [7.5, 0, 8.25, 3.5], "texture": "#1"},
				"east": {"uv": [0, 7.75, 0.75, 11.25], "texture": "#1"},
				"south": {"uv": [0.75, 7.75, 1.5, 11.25], "texture": "#1"},
				"west": {"uv": [1.5, 7.75, 2.25, 11.25], "texture": "#1"},
				"up": {"uv": [11, 10.75, 10.25, 10], "texture": "#1"},
				"down": {"uv": [5.5, 10.5, 4.75, 11.25], "texture": "#1"}
			}
		},
		{
			"from": [-0.025, 1.85, 6.225],
			"to": [1.975, 2.15, 6.525],
			"rotation": {"angle": 0, "axis": "y", "origin": [-5.85, 1, 2.425]},
			"faces": {
				"north": {"uv": [0, 0, 0.3, 2], "rotation": 270, "texture": "#11"},
				"east": {"uv": [0, 0, 0.3, 0.3], "rotation": 270, "texture": "#11"},
				"south": {"uv": [0, 0, 0.3, 2], "rotation": 270, "texture": "#11"},
				"west": {"uv": [0, 0, 0.3, 0.3], "rotation": 90, "texture": "#11"},
				"up": {"uv": [0, 0, 2, 0.3], "rotation": 180, "texture": "#11"},
				"down": {"uv": [0, 0, 2, 0.3], "texture": "#11"}
			}
		},
		{
			"from": [-0.025, 1.85, 3.925],
			"to": [1.975, 2.15, 4.225],
			"rotation": {"angle": 0, "axis": "y", "origin": [-5.85, 1, 2.425]},
			"faces": {
				"north": {"uv": [0, 0, 0.3, 2], "rotation": 270, "texture": "#11"},
				"east": {"uv": [0, 0, 0.3, 0.3], "rotation": 270, "texture": "#11"},
				"south": {"uv": [0, 0, 0.3, 2], "rotation": 270, "texture": "#11"},
				"west": {"uv": [0, 0, 0.3, 0.3], "rotation": 90, "texture": "#11"},
				"up": {"uv": [0, 0, 2, 0.3], "rotation": 180, "texture": "#11"},
				"down": {"uv": [0, 0, 2, 0.3], "texture": "#11"}
			}
		},
		{
			"from": [-0.025, 9.85, 3.925],
			"to": [1.975, 10.15, 4.225],
			"rotation": {"angle": 0, "axis": "y", "origin": [-5.85, 1, 2.425]},
			"faces": {
				"north": {"uv": [0, 0, 0.3, 2], "rotation": 270, "texture": "#11"},
				"east": {"uv": [0, 0, 0.3, 0.3], "rotation": 270, "texture": "#11"},
				"south": {"uv": [0, 0, 0.3, 2], "rotation": 270, "texture": "#11"},
				"west": {"uv": [0, 0, 0.3, 0.3], "rotation": 90, "texture": "#11"},
				"up": {"uv": [0, 0, 2, 0.3], "rotation": 180, "texture": "#11"},
				"down": {"uv": [0, 0, 2, 0.3], "texture": "#11"}
			}
		},
		{
			"from": [-0.325, 1.85, 3.925],
			"to": [-0.025, 2.15, 6.525],
			"rotation": {"angle": 0, "axis": "y", "origin": [-5.85, 1, 2.425]},
			"faces": {
				"north": {"uv": [0, 0, 0.3, 0.3], "rotation": 270, "texture": "#11"},
				"east": {"uv": [0, 0, 0.3, 2.6], "rotation": 270, "texture": "#11"},
				"south": {"uv": [0, 0, 0.3, 0.3], "rotation": 270, "texture": "#11"},
				"west": {"uv": [0, 0, 0.3, 2.6], "rotation": 90, "texture": "#11"},
				"up": {"uv": [0, 0, 0.3, 2.6], "rotation": 180, "texture": "#11"},
				"down": {"uv": [0, 0, 0.3, 2.6], "texture": "#11"}
			}
		},
		{
			"from": [-0.025, 9.85, 6.225],
			"to": [1.975, 10.15, 6.525],
			"rotation": {"angle": 0, "axis": "y", "origin": [-5.85, 1, 2.425]},
			"faces": {
				"north": {"uv": [0, 0, 0.3, 2], "rotation": 270, "texture": "#11"},
				"east": {"uv": [0, 0, 0.3, 0.3], "rotation": 270, "texture": "#11"},
				"south": {"uv": [0, 0, 0.3, 2], "rotation": 270, "texture": "#11"},
				"west": {"uv": [0, 0, 0.3, 0.3], "rotation": 90, "texture": "#11"},
				"up": {"uv": [0, 0, 2, 0.3], "rotation": 180, "texture": "#11"},
				"down": {"uv": [0, 0, 2, 0.3], "texture": "#11"}
			}
		},
		{
			"from": [-0.325, 9.85, 3.925],
			"to": [-0.025, 10.15, 6.525],
			"rotation": {"angle": 0, "axis": "y", "origin": [-5.85, 1, 2.425]},
			"faces": {
				"north": {"uv": [0, 0, 0.3, 0.3], "rotation": 270, "texture": "#11"},
				"east": {"uv": [0, 0, 0.3, 2.6], "rotation": 270, "texture": "#11"},
				"south": {"uv": [0, 0, 0.3, 0.3], "rotation": 270, "texture": "#11"},
				"west": {"uv": [0, 0, 0.3, 2.6], "rotation": 90, "texture": "#11"},
				"up": {"uv": [0, 0, 0.3, 2.6], "rotation": 180, "texture": "#11"},
				"down": {"uv": [0, 0, 0.3, 2.6], "texture": "#11"}
			}
		},
		{
			"from": [-0.025, -0.15, 4.225],
			"to": [1.975, 11.85, 6.225],
			"rotation": {"angle": 0, "axis": "y", "origin": [-5.85, 1, 2.425]},
			"faces": {
				"north": {"uv": [2.25, 7.75, 2.75, 10.75], "texture": "#1"},
				"east": {"uv": [8.25, 9, 8.75, 12], "texture": "#1"},
				"south": {"uv": [8.75, 9, 9.25, 12], "texture": "#1"},
				"west": {"uv": [9.25, 9, 9.75, 12], "texture": "#1"},
				"up": {"uv": [6, 11, 5.5, 10.5], "texture": "#1"},
				"down": {"uv": [6.5, 10.5, 6, 11], "texture": "#1"}
			}
		},
		{
			"from": [14.075, 1.85, 6.25],
			"to": [16.075, 2.15, 6.55],
			"rotation": {"angle": 0, "axis": "y", "origin": [0.4, 6, 5.425]},
			"faces": {
				"north": {"uv": [0, 0, 0.3, 2], "rotation": 270, "texture": "#11"},
				"east": {"uv": [0, 0, 0.3, 0.3], "rotation": 90, "texture": "#11"},
				"south": {"uv": [0, 0, 0.3, 2], "rotation": 270, "texture": "#11"},
				"west": {"uv": [0, 0, 0.3, 0.3], "rotation": 270, "texture": "#11"},
				"up": {"uv": [0, 0, 2, 0.3], "texture": "#11"},
				"down": {"uv": [0, 0, 2, 0.3], "rotation": 180, "texture": "#11"}
			}
		},
		{
			"from": [16.075, 1.85, 3.95],
			"to": [16.375, 2.15, 6.55],
			"rotation": {"angle": 0, "axis": "y", "origin": [0.4, 6, 5.425]},
			"faces": {
				"north": {"uv": [0, 0, 0.3, 0.3], "rotation": 270, "texture": "#11"},
				"east": {"uv": [0, 0, 0.3, 2.6], "rotation": 90, "texture": "#11"},
				"south": {"uv": [0, 0, 0.3, 0.3], "rotation": 270, "texture": "#11"},
				"west": {"uv": [0, 0, 0.3, 2.6], "rotation": 270, "texture": "#11"},
				"up": {"uv": [0, 0, 0.3, 2.6], "texture": "#11"},
				"down": {"uv": [0, 0, 0.3, 2.6], "rotation": 180, "texture": "#11"}
			}
		},
		{
			"from": [14.075, 1.85, 3.95],
			"to": [16.075, 2.15, 4.25],
			"rotation": {"angle": 0, "axis": "y", "origin": [0.4, 6, 5.425]},
			"faces": {
				"north": {"uv": [0, 0, 0.3, 2], "rotation": 270, "texture": "#11"},
				"east": {"uv": [0, 0, 0.3, 0.3], "rotation": 90, "texture": "#11"},
				"south": {"uv": [0, 0, 0.3, 2], "rotation": 270, "texture": "#11"},
				"west": {"uv": [0, 0, 0.3, 0.3], "rotation": 270, "texture": "#11"},
				"up": {"uv": [0, 0, 2, 0.3], "texture": "#11"},
				"down": {"uv": [0, 0, 2, 0.3], "rotation": 180, "texture": "#11"}
			}
		},
		{
			"from": [14.075, 9.85, 6.25],
			"to": [16.075, 10.15, 6.55],
			"rotation": {"angle": 0, "axis": "y", "origin": [0.4, 6, 5.425]},
			"faces": {
				"north": {"uv": [0, 0, 0.3, 2], "rotation": 270, "texture": "#11"},
				"east": {"uv": [0, 0, 0.3, 0.3], "rotation": 90, "texture": "#11"},
				"south": {"uv": [0, 0, 0.3, 2], "rotation": 270, "texture": "#11"},
				"west": {"uv": [0, 0, 0.3, 0.3], "rotation": 270, "texture": "#11"},
				"up": {"uv": [0, 0, 2, 0.3], "texture": "#11"},
				"down": {"uv": [0, 0, 2, 0.3], "rotation": 180, "texture": "#11"}
			}
		},
		{
			"from": [16.075, 9.85, 3.95],
			"to": [16.375, 10.15, 6.55],
			"rotation": {"angle": 0, "axis": "y", "origin": [0.4, 6, 5.425]},
			"faces": {
				"north": {"uv": [0, 0, 0.3, 0.3], "rotation": 270, "texture": "#11"},
				"east": {"uv": [0, 0, 0.3, 2.6], "rotation": 90, "texture": "#11"},
				"south": {"uv": [0, 0, 0.3, 0.3], "rotation": 270, "texture": "#11"},
				"west": {"uv": [0, 0, 0.3, 2.6], "rotation": 270, "texture": "#11"},
				"up": {"uv": [0, 0, 0.3, 2.6], "texture": "#11"},
				"down": {"uv": [0, 0, 0.3, 2.6], "rotation": 180, "texture": "#11"}
			}
		},
		{
			"from": [14.075, 9.85, 3.95],
			"to": [16.075, 10.15, 4.25],
			"rotation": {"angle": 0, "axis": "y", "origin": [0.4, 6, 5.425]},
			"faces": {
				"north": {"uv": [0, 0, 0.3, 2], "rotation": 270, "texture": "#11"},
				"east": {"uv": [0, 0, 0.3, 0.3], "rotation": 90, "texture": "#11"},
				"south": {"uv": [0, 0, 0.3, 2], "rotation": 270, "texture": "#11"},
				"west": {"uv": [0, 0, 0.3, 0.3], "rotation": 270, "texture": "#11"},
				"up": {"uv": [0, 0, 2, 0.3], "texture": "#11"},
				"down": {"uv": [0, 0, 2, 0.3], "rotation": 180, "texture": "#11"}
			}
		},
		{
			"from": [14.075, -0.15, 4.25],
			"to": [16.075, 11.85, 6.25],
			"rotation": {"angle": 0, "axis": "y", "origin": [0.4, 6, 5.425]},
			"faces": {
				"north": {"uv": [2.75, 9.75, 3.25, 12.75], "texture": "#1"},
				"east": {"uv": [3.25, 9.75, 3.75, 12.75], "texture": "#1"},
				"south": {"uv": [3.75, 9.75, 4.25, 12.75], "texture": "#1"},
				"west": {"uv": [4.25, 9.75, 4.75, 12.75], "texture": "#1"},
				"up": {"uv": [7, 11, 6.5, 10.5], "texture": "#1"},
				"down": {"uv": [7.5, 10.5, 7, 11], "texture": "#1"}
			}
		},
		{
			"from": [-1.075, 10.925, 9.65],
			"to": [2.525, 11.225, 9.95],
			"rotation": {"angle": 0, "axis": "y", "origin": [8.15, 18.325, 5.9]},
			"faces": {
				"north": {"uv": [0, 0, 0.3, 2.6], "rotation": 90, "texture": "#11"},
				"east": {"uv": [0, 0, 0.3, 0.3], "rotation": 270, "texture": "#11"},
				"south": {"uv": [0, 0, 0.3, 2.6], "rotation": 270, "texture": "#11"},
				"west": {"uv": [0, 0, 0.3, 0.3], "rotation": 270, "texture": "#11"},
				"up": {"uv": [0, 0, 0.3, 2.6], "rotation": 270, "texture": "#11"},
				"down": {"uv": [0, 0, 0.3, 2.6], "rotation": 270, "texture": "#11"}
			}
		},
		{
			"from": [-1.075, 2.925, 9.65],
			"to": [2.525, 3.225, 9.95],
			"rotation": {"angle": 0, "axis": "y", "origin": [8.15, 18.325, 5.9]},
			"faces": {
				"north": {"uv": [0, 0, 0.3, 2.6], "rotation": 90, "texture": "#11"},
				"east": {"uv": [0, 0, 0.3, 0.3], "rotation": 270, "texture": "#11"},
				"south": {"uv": [0, 0, 0.3, 2.6], "rotation": 270, "texture": "#11"},
				"west": {"uv": [0, 0, 0.3, 0.3], "rotation": 270, "texture": "#11"},
				"up": {"uv": [0, 0, 0.3, 2.6], "rotation": 270, "texture": "#11"},
				"down": {"uv": [0, 0, 0.3, 2.6], "rotation": 270, "texture": "#11"}
			}
		},
		{
			"from": [-1.075, 2.925, 6.35],
			"to": [2.525, 3.225, 6.65],
			"rotation": {"angle": 0, "axis": "y", "origin": [8.15, 18.325, 5.9]},
			"faces": {
				"north": {"uv": [0, 0, 0.3, 2.6], "rotation": 90, "texture": "#11"},
				"east": {"uv": [0, 0, 0.3, 0.3], "rotation": 270, "texture": "#11"},
				"south": {"uv": [0, 0, 0.3, 2.6], "rotation": 270, "texture": "#11"},
				"west": {"uv": [0, 0, 0.3, 0.3], "rotation": 270, "texture": "#11"},
				"up": {"uv": [0, 0, 0.3, 2.6], "rotation": 270, "texture": "#11"},
				"down": {"uv": [0, 0, 0.3, 2.6], "rotation": 270, "texture": "#11"}
			}
		},
		{
			"from": [-1.075, 10.925, 6.35],
			"to": [2.525, 11.225, 6.65],
			"rotation": {"angle": 0, "axis": "y", "origin": [8.15, 18.325, 5.9]},
			"faces": {
				"north": {"uv": [0, 0, 0.3, 2.6], "rotation": 90, "texture": "#11"},
				"east": {"uv": [0, 0, 0.3, 0.3], "rotation": 270, "texture": "#11"},
				"south": {"uv": [0, 0, 0.3, 2.6], "rotation": 270, "texture": "#11"},
				"west": {"uv": [0, 0, 0.3, 0.3], "rotation": 270, "texture": "#11"},
				"up": {"uv": [0, 0, 0.3, 2.6], "rotation": 270, "texture": "#11"},
				"down": {"uv": [0, 0, 0.3, 2.6], "rotation": 270, "texture": "#11"}
			}
		},
		{
			"from": [-1.075, 2.925, 6.65],
			"to": [-0.775, 3.225, 9.65],
			"rotation": {"angle": 0, "axis": "y", "origin": [8.15, 18.325, 5.9]},
			"faces": {
				"north": {"uv": [0, 0, 0.3, 0.3], "rotation": 90, "texture": "#11"},
				"east": {"uv": [0, 0, 0.3, 2], "rotation": 270, "texture": "#11"},
				"south": {"uv": [0, 0, 0.3, 0.3], "rotation": 270, "texture": "#11"},
				"west": {"uv": [0, 0, 0.3, 2], "rotation": 270, "texture": "#11"},
				"up": {"uv": [0, 0, 2, 0.3], "rotation": 270, "texture": "#11"},
				"down": {"uv": [0, 0, 2, 0.3], "rotation": 270, "texture": "#11"}
			}
		},
		{
			"from": [-1.075, 10.925, 6.65],
			"to": [-0.775, 11.225, 9.65],
			"rotation": {"angle": 0, "axis": "y", "origin": [8.15, 18.325, 5.9]},
			"faces": {
				"north": {"uv": [0, 0, 0.3, 0.3], "rotation": 90, "texture": "#11"},
				"east": {"uv": [0, 0, 0.3, 2], "rotation": 270, "texture": "#11"},
				"south": {"uv": [0, 0, 0.3, 0.3], "rotation": 270, "texture": "#11"},
				"west": {"uv": [0, 0, 0.3, 2], "rotation": 270, "texture": "#11"},
				"up": {"uv": [0, 0, 2, 0.3], "rotation": 270, "texture": "#11"},
				"down": {"uv": [0, 0, 2, 0.3], "rotation": 270, "texture": "#11"}
			}
		},
		{
			"from": [9.65, 15.2, 8.75],
			"to": [9.95, 18.8, 9.05],
			"rotation": {"angle": 0, "axis": "y", "origin": [8.15, 18.325, 5.9]},
			"faces": {
				"north": {"uv": [2.5, 10.75, 2.75, 11.75], "texture": "#1"},
				"east": {"uv": [10.75, 7.5, 11, 8.5], "texture": "#1"},
				"south": {"uv": [8, 10.75, 8.25, 11.75], "texture": "#1"},
				"west": {"uv": [10.25, 10.75, 10.5, 11.75], "texture": "#1"},
				"up": {"uv": [10.75, 11.25, 10.5, 11], "texture": "#1"},
				"down": {"uv": [11.25, 10.5, 11, 10.75], "texture": "#1"}
			}
		},
		{
			"from": [6.35, 15.2, 8.75],
			"to": [6.65, 18.8, 9.05],
			"rotation": {"angle": 0, "axis": "y", "origin": [8.15, 18.325, 5.9]},
			"faces": {
				"north": {"uv": [6.75, 8, 7, 9], "texture": "#1"},
				"east": {"uv": [2.75, 8.75, 3, 9.75], "texture": "#1"},
				"south": {"uv": [8, 9.75, 8.25, 10.75], "texture": "#1"},
				"west": {"uv": [2.25, 10.75, 2.5, 11.75], "texture": "#1"},
				"up": {"uv": [11.25, 10.25, 11, 10], "texture": "#1"},
				"down": {"uv": [11.25, 10.25, 11, 10.5], "texture": "#1"}
			}
		},
		{
			"from": [6.65, 18.5, 8.75],
			"to": [9.65, 18.8, 9.05],
			"rotation": {"angle": 0, "axis": "y", "origin": [8.15, 18.325, 5.9]},
			"faces": {
				"north": {"uv": [6.25, 11, 7, 11.25], "texture": "#1"},
				"east": {"uv": [7.25, 11, 7.5, 11.25], "texture": "#1"},
				"south": {"uv": [11, 7.5, 11.75, 7.75], "texture": "#1"},
				"west": {"uv": [11, 8.25, 11.25, 8.5], "texture": "#1"},
				"up": {"uv": [11.75, 8, 11, 7.75], "texture": "#1"},
				"down": {"uv": [11.75, 8, 11, 8.25], "texture": "#1"}
			}
		},
		{
			"from": [2.25, 3.75, 1.8],
			"to": [13.75, 4.75, 4.5],
			"rotation": {"angle": 0, "axis": "y", "origin": [15, 20, 10]},
			"faces": {
				"north": {"uv": [10, 4.75, 13, 5], "texture": "#1"},
				"east": {"uv": [10.75, 8.5, 11.5, 8.75], "texture": "#1"},
				"south": {"uv": [10, 5, 13, 5.25], "texture": "#1"},
				"west": {"uv": [10.75, 8.75, 11.5, 9], "texture": "#1"},
				"up": {"uv": [11.25, 3, 8.25, 2.25], "texture": "#1"},
				"down": {"uv": [11.25, 3, 8.25, 3.75], "texture": "#1"}
			}
		},
		{
			"from": [2.25, 1.75, 1.8],
			"to": [13.75, 2.75, 4.5],
			"rotation": {"angle": 0, "axis": "y", "origin": [15, 20, 10]},
			"faces": {
				"north": {"uv": [10, 5.25, 13, 5.5], "texture": "#1"},
				"east": {"uv": [10.5, 10.75, 11.25, 11], "texture": "#1"},
				"south": {"uv": [10.25, 5.5, 13.25, 5.75], "texture": "#1"},
				"west": {"uv": [5.5, 11, 6.25, 11.25], "texture": "#1"},
				"up": {"uv": [10.75, 9, 7.75, 8.25], "texture": "#1"},
				"down": {"uv": [8.25, 9, 5.25, 9.75], "texture": "#1"}
			}
		},
		{
			"from": [2.25, 5.75, 1.8],
			"to": [13.75, 6.75, 4.5],
			"rotation": {"angle": 0, "axis": "y", "origin": [15, 20, 10]},
			"faces": {
				"north": {"uv": [10, 4.25, 13, 4.5], "texture": "#1"},
				"east": {"uv": [6, 8.75, 6.75, 9], "texture": "#1"},
				"south": {"uv": [10, 4.5, 13, 4.75], "texture": "#1"},
				"west": {"uv": [10.5, 3.75, 11.25, 4], "texture": "#1"},
				"up": {"uv": [11.25, 1.5, 8.25, 0.75], "texture": "#1"},
				"down": {"uv": [11.25, 1.5, 8.25, 2.25], "texture": "#1"}
			}
		},
		{
			"from": [2.25, 7.75, 1.8],
			"to": [13.75, 8.75, 4.5],
			"rotation": {"angle": 0, "axis": "y", "origin": [15, 20, 10]},
			"faces": {
				"north": {"uv": [7.5, 3.75, 10.5, 4], "texture": "#1"},
				"east": {"uv": [7.5, 3.5, 8.25, 3.75], "texture": "#1"},
				"south": {"uv": [10, 4, 13, 4.25], "texture": "#1"},
				"west": {"uv": [5.25, 8.75, 6, 9], "texture": "#1"},
				"up": {"uv": [10.75, 8.25, 7.75, 7.5], "texture": "#1"},
				"down": {"uv": [11.25, 0, 8.25, 0.75], "texture": "#1"}
			}
		},
		{
			"from": [2.75, 13.5, 2.8],
			"to": [13.25, 14.5, 4.25],
			"rotation": {"angle": 0, "axis": "y", "origin": [14, 21, 10]},
			"faces": {
				"north": {"uv": [4.75, 10.25, 7.5, 10.5], "texture": "#1"},
				"east": {"uv": [5.25, 7.25, 5.5, 7.5], "texture": "#1"},
				"south": {"uv": [10.25, 5.75, 13, 6], "texture": "#1"},
				"west": {"uv": [5.25, 7.5, 5.5, 7.75], "texture": "#1"},
				"up": {"uv": [13, 6.25, 10.25, 6], "texture": "#1"},
				"down": {"uv": [13, 6.25, 10.25, 6.5], "texture": "#1"}
			}
		},
		{
			"from": [2.75, 11.5, 2.8],
			"to": [13.25, 12.5, 4.25],
			"rotation": {"angle": 0, "axis": "y", "origin": [14, 21, 10]},
			"faces": {
				"north": {"uv": [10.25, 6.5, 13, 6.75], "texture": "#1"},
				"east": {"uv": [5.25, 7.75, 5.5, 8], "texture": "#1"},
				"south": {"uv": [10.25, 6.75, 13, 7], "texture": "#1"},
				"west": {"uv": [7, 11, 7.25, 11.25], "texture": "#1"},
				"up": {"uv": [13, 7.25, 10.25, 7], "texture": "#1"},
				"down": {"uv": [13, 7.25, 10.25, 7.5], "texture": "#1"}
			}
		}
	],
	"display": {
		"thirdperson_righthand": {
			"rotation": [68, -180, 2],
			"translation": [-6, -7.5, 6.5],
			"scale": [0.8, 0.8, 0.8]
		},
		"thirdperson_lefthand": {
			"rotation": [68, -180, 2],
			"translation": [-6, -7.25, 6.5],
			"scale": [0.8, 0.8, 0.8]
		},
		"firstperson_righthand": {
			"rotation": [0, 147, 0],
			"translation": [-0.75, 4.25, 1],
			"scale": [0.6, 0.6, 0.6]
		},
		"firstperson_lefthand": {
			"translation": [3.5, 0, 0.5],
			"scale": [0, 0, 0]
		},
		"ground": {
			"translation": [0, 3, 0],
			"scale": [0.7, 0.7, 0.7]
		},
		"gui": {
			"rotation": [18, 136, 0],
			"translation": [1, -0.5, 0],
			"scale": [0.6, 0.6, 0.6]
		},
		"head": {
			"rotation": [-1, -180, 2],
			"translation": [0, -14.25, 5.5]
		},
		"fixed": {
			"scale": [0.8, 0.8, 0.8]
		}
	},
	"groups": [
		{
			"name": "Handle",
			"origin": [10, 22, 11],
			"color": 0,
			"children": []
		},
		0,
		1,
		2,
		3,
		4,
		5,
		6,
		7,
		8,
		9,
		10,
		11,
		12,
		13,
		14,
		15,
		16,
		17,
		18,
		19,
		20,
		21,
		22,
		23,
		24,
		25,
		26,
		27,
		28,
		29,
		30,
		31,
		32,
		33,
		34,
		35,
		36,
		37,
		38,
		39,
		40,
		41
	]
}