{
	"credit": "Made by FeignedMars4438 (Aidennn#0682 on discord)",
	"texture_size": [32, 32],
	"textures": {
		"0": "item/interactables/button",
		"particle": "item/interactables/button"
	},
	"elements": [
		{
			"from": [3, 0, 3],
			"to": [13, 2, 13],
			"faces": {
				"north": {"uv": [5, 6, 10, 7], "texture": "#0"},
				"east": {"uv": [5, 7, 10, 8], "texture": "#0"},
				"south": {"uv": [8, 0, 13, 1], "texture": "#0"},
				"west": {"uv": [8, 1, 13, 2], "texture": "#0"},
				"up": {"uv": [5, 5, 0, 0], "texture": "#0"},
				"down": {"uv": [5, 5, 0, 10], "texture": "#0"}
			}
		},
		{
			"from": [5, 2, 5],
			"to": [11, 4, 11],
			"faces": {
				"north": {"uv": [8, 2, 11, 3], "texture": "#0"},
				"east": {"uv": [8, 3, 11, 4], "texture": "#0"},
				"south": {"uv": [8, 4, 11, 5], "texture": "#0"},
				"west": {"uv": [5, 8, 8, 9], "texture": "#0"},
				"up": {"uv": [8, 3, 5, 0], "texture": "#0"},
				"down": {"uv": [8, 3, 5, 6], "texture": "#0"}
			}
		}
	],
	"display": {
		"thirdperson_righthand": {
			"translation": [0, 6, 0]
		},
		"thirdperson_lefthand": {
			"translation": [0, 6, 0]
		},
		"firstperson_righthand": {
			"translation": [0, 5.75, 0]
		},
		"firstperson_lefthand": {
			"translation": [0, 5.75, 0]
		},
		"ground": {
			"translation": [0, 6.5, 0]
		},
		"head": {
			"translation": [0, 11.75, 0]
		},
		"fixed": {
			"rotation": [-90, 0, 0],
			"translation": [0, 0, -9.5],
			"scale": [1.34, 1.34, 1.34]
		}
	}
}