{
	"credit": "Made by FeignedMars4438 (Aidennn#0682 on discord)",
	"texture_size": [64, 64],
	"textures": {
		"0": "item/interactables/keypad",
		"particle": "item/interactables/keypad"
	},
	"elements": [
		
		{
			"from": [2, -0.5, 0],
			"to": [14, 1, 17],
			"faces": {
				"north": {"uv": [6, 1, 9, 1.25], "texture": "#0"},
				"east": {"uv": [6, 0, 10.25, 0.25], "texture": "#0"},
				"south": {"uv": [6, 1.25, 9, 1.5], "texture": "#0"},
				"west": {"uv": [6, 0.25, 10.25, 0.5], "texture": "#0"},
				"up": {"uv": [3, 4.25, 0, 0], "texture": "#0"},
				"down": {"uv": [6, 0, 3, 4.25], "texture": "#0"}
			}
		},
		{
			"from": [1.75, 0.5, -0.25],
			"to": [2.75, 1.5, 17.25],
			"faces": {
				"north": {"uv": [0, 8.25, 0.25, 8.5], "texture": "#0"},
				"east": {"uv": [5, 5.25, 9.375, 5.5], "texture": "#0"},
				"south": {"uv": [3.75, 8.75, 4, 9], "texture": "#0"},
				"west": {"uv": [5, 5.5, 9.375, 5.75], "texture": "#0"},
				"up": {"uv": [5.25, 10.125, 5, 5.75], "texture": "#0"},
				"down": {"uv": [5.5, 5.75, 5.25, 10.125], "texture": "#0"}
			}
		},
		{
			"from": [13.25, 0.5, -0.25],
			"to": [14.25, 1.5, 17.25],
			"faces": {
				"north": {"uv": [4, 8.75, 4.25, 9], "texture": "#0"},
				"east": {"uv": [5.5, 5.75, 9.875, 6], "texture": "#0"},
				"south": {"uv": [4.25, 8.75, 4.5, 9], "texture": "#0"},
				"west": {"uv": [0, 6, 4.375, 6.25], "texture": "#0"},
				"up": {"uv": [4.75, 10.375, 4.5, 6], "texture": "#0"},
				"down": {"uv": [5, 6, 4.75, 10.375], "texture": "#0"}
			}
		},
		{
			"from": [1.75, 0.75, -0.25],
			"to": [14.25, 4.25, 0.75],
			"faces": {
				"north": {"uv": [0, 4.25, 3.125, 5.125], "texture": "#0"},
				"east": {"uv": [4, 6.25, 4.25, 7.125], "texture": "#0"},
				"south": {"uv": [3.25, 4.25, 6.375, 5.125], "texture": "#0"},
				"west": {"uv": [4.25, 6.25, 4.5, 7.125], "texture": "#0"},
				"up": {"uv": [9.125, 0.75, 6, 0.5], "texture": "#0"},
				"down": {"uv": [9.125, 0.75, 6, 1], "texture": "#0"}
			}
		},
		{
			"from": [2.75, 0.5, 16.25],
			"to": [13.25, 1.5, 17.25],
			"faces": {
				"north": {"uv": [6, 1.5, 8.625, 1.75], "texture": "#0"},
				"east": {"uv": [5.5, 8.75, 5.75, 9], "texture": "#0"},
				"south": {"uv": [6, 1.75, 8.625, 2], "texture": "#0"},
				"west": {"uv": [5.75, 8.75, 6, 9], "texture": "#0"},
				"up": {"uv": [8.625, 2.25, 6, 2], "texture": "#0"},
				"down": {"uv": [8.625, 2.25, 6, 2.5], "texture": "#0"}
			}
		},
		{
			"from": [1.75, 3.32612, 0.36732],
			"to": [2.75, 4.32612, 7.61732],
			"rotation": {"angle": 22.5, "axis": "x", "origin": [1.75, 3.32612, 0.36732]},
			"faces": {
				"north": {"uv": [6, 8.75, 6.25, 9], "texture": "#0"},
				"east": {"uv": [6, 2.5, 7.875, 2.75], "texture": "#0"},
				"south": {"uv": [6.25, 8.75, 6.5, 9], "texture": "#0"},
				"west": {"uv": [6, 2.75, 7.875, 3], "texture": "#0"},
				"up": {"uv": [5.75, 7.875, 5.5, 6], "texture": "#0"},
				"down": {"uv": [6, 6, 5.75, 7.875], "texture": "#0"}
			}
		},
		{
			"from": [1.75, 1.32612, 0.36732],
			"to": [2.75, 3.17612, 3.11732],
			"rotation": {"angle": 0, "axis": "x", "origin": [1.75, 2.57612, 0.36732]},
			"faces": {
				"north": {"uv": [7.75, 7.75, 8, 8.25], "texture": "#0"},
				"east": {"uv": [1, 7.75, 1.75, 8.25], "texture": "#0"},
				"south": {"uv": [8, 2.5, 8.25, 3], "texture": "#0"},
				"west": {"uv": [1.75, 7.75, 2.5, 8.25], "texture": "#0"},
				"up": {"uv": [4.25, 8, 4, 7.25], "texture": "#0"},
				"down": {"uv": [4.5, 7.25, 4.25, 8], "texture": "#0"}
			}
		},
		{
			"from": [1.75, 1.32612, 3.11732],
			"to": [2.75, 2.17612, 5.11732],
			"rotation": {"angle": 0, "axis": "x", "origin": [1.75, 2.57612, 0.36732]},
			"faces": {
				"north": {"uv": [7, 8.75, 7.25, 9], "texture": "#0"},
				"east": {"uv": [8, 4.25, 8.5, 4.5], "texture": "#0"},
				"south": {"uv": [7.25, 8.75, 7.5, 9], "texture": "#0"},
				"west": {"uv": [8, 4.5, 8.5, 4.75], "texture": "#0"},
				"up": {"uv": [4.5, 8.5, 4.25, 8], "texture": "#0"},
				"down": {"uv": [5.75, 8, 5.5, 8.5], "texture": "#0"}
			}
		},
		{
			"from": [13.25, 1.32612, 3.11732],
			"to": [14.25, 2.17612, 5.11732],
			"rotation": {"angle": 0, "axis": "x", "origin": [1.75, 2.57612, 0.36732]},
			"faces": {
				"north": {"uv": [8.75, 7.25, 9, 7.5], "texture": "#0"},
				"east": {"uv": [8, 4.75, 8.5, 5], "texture": "#0"},
				"south": {"uv": [7.5, 8.75, 7.75, 9], "texture": "#0"},
				"west": {"uv": [5.75, 8, 6.25, 8.25], "texture": "#0"},
				"up": {"uv": [8.25, 6.75, 8, 6.25], "texture": "#0"},
				"down": {"uv": [8.25, 6.75, 8, 7.25], "texture": "#0"}
			}
		},
		{
			"from": [13.25, 1.32612, 0.36732],
			"to": [14.25, 3.17612, 3.11732],
			"rotation": {"angle": 0, "axis": "x", "origin": [1.75, 2.57612, 0.36732]},
			"faces": {
				"north": {"uv": [8, 3, 8.25, 3.5], "texture": "#0"},
				"east": {"uv": [2.5, 7.75, 3.25, 8.25], "texture": "#0"},
				"south": {"uv": [4, 8, 4.25, 8.5], "texture": "#0"},
				"west": {"uv": [3.25, 7.75, 4, 8.25], "texture": "#0"},
				"up": {"uv": [8, 7, 7.75, 6.25], "texture": "#0"},
				"down": {"uv": [8, 7, 7.75, 7.75], "texture": "#0"}
			}
		},
		{
			"from": [13.25, 3.32612, 0.36732],
			"to": [14.25, 4.32612, 7.86732],
			"rotation": {"angle": 22.5, "axis": "x", "origin": [9.25, 3.32612, 0.36732]},
			"faces": {
				"north": {"uv": [6.5, 8.75, 6.75, 9], "texture": "#0"},
				"east": {"uv": [6, 3, 7.875, 3.25], "texture": "#0"},
				"south": {"uv": [6.75, 8.75, 7, 9], "texture": "#0"},
				"west": {"uv": [6, 3.25, 7.875, 3.5], "texture": "#0"},
				"up": {"uv": [6.25, 7.875, 6, 6], "texture": "#0"},
				"down": {"uv": [0.25, 6.25, 0, 8.125], "texture": "#0"}
			}
		},
		{
			"from": [3.175, 0.75, 4.175],
			"to": [5.825, 1.25, 6.825],
			"faces": {
				"north": {"uv": [8, 7.25, 8.625, 7.375], "texture": "#0"},
				"east": {"uv": [8, 7.5, 8.625, 7.625], "texture": "#0"},
				"south": {"uv": [8, 7.75, 8.625, 7.875], "texture": "#0"},
				"west": {"uv": [8, 8, 8.625, 8.125], "texture": "#0"},
				"up": {"uv": [6.625, 4.125, 6, 3.5], "texture": "#0"},
				"down": {"uv": [0.875, 6.25, 0.25, 6.875], "texture": "#0"}
			}
		},
		{
			"from": [10.175, 0.75, 4.175],
			"to": [12.825, 1.25, 6.825],
			"faces": {
				"north": {"uv": [1, 8.25, 1.625, 8.375], "texture": "#0"},
				"east": {"uv": [1.75, 8.25, 2.375, 8.375], "texture": "#0"},
				"south": {"uv": [2.5, 8.25, 3.125, 8.375], "texture": "#0"},
				"west": {"uv": [8.25, 2.5, 8.875, 2.625], "texture": "#0"},
				"up": {"uv": [1.625, 6.875, 1, 6.25], "texture": "#0"},
				"down": {"uv": [2.375, 6.25, 1.75, 6.875], "texture": "#0"}
			}
		},
		{
			"from": [3, 0.75, 1.25],
			"to": [13, 1.25, 3.75],
			"faces": {
				"north": {"uv": [6.5, 5, 9, 5.125], "texture": "#0"},
				"east": {"uv": [8.5, 8.5, 9.125, 8.625], "texture": "#0"},
				"south": {"uv": [7.75, 6, 10.25, 6.125], "texture": "#0"},
				"west": {"uv": [0, 8.75, 0.625, 8.875], "texture": "#0"},
				"up": {"uv": [2.5, 5.875, 0, 5.25], "texture": "#0"},
				"down": {"uv": [5, 5.25, 2.5, 5.875], "texture": "#0"}
			}
		},
		{
			"from": [6.675, 0.75, 4.175],
			"to": [9.325, 1.25, 6.825],
			"faces": {
				"north": {"uv": [8.25, 2.75, 8.875, 2.875], "texture": "#0"},
				"east": {"uv": [8.25, 3, 8.875, 3.125], "texture": "#0"},
				"south": {"uv": [3.25, 8.25, 3.875, 8.375], "texture": "#0"},
				"west": {"uv": [8.25, 3.25, 8.875, 3.375], "texture": "#0"},
				"up": {"uv": [3.125, 6.875, 2.5, 6.25], "texture": "#0"},
				"down": {"uv": [3.875, 6.25, 3.25, 6.875], "texture": "#0"}
			}
		},
		{
			"from": [10.175, 0.75, 7.425],
			"to": [12.825, 1.25, 10.075],
			"faces": {
				"north": {"uv": [8.25, 7, 8.875, 7.125], "texture": "#0"},
				"east": {"uv": [7.25, 8.25, 7.875, 8.375], "texture": "#0"},
				"south": {"uv": [8, 8.25, 8.625, 8.375], "texture": "#0"},
				"west": {"uv": [0, 8.5, 0.625, 8.625], "texture": "#0"},
				"up": {"uv": [0.875, 7.625, 0.25, 7], "texture": "#0"},
				"down": {"uv": [1.625, 7, 1, 7.625], "texture": "#0"}
			}
		},
		{
			"from": [6.675, 0.75, 7.425],
			"to": [9.325, 1.25, 10.075],
			"faces": {
				"north": {"uv": [8.25, 6.25, 8.875, 6.375], "texture": "#0"},
				"east": {"uv": [6.5, 8.25, 7.125, 8.375], "texture": "#0"},
				"south": {"uv": [8.25, 6.5, 8.875, 6.625], "texture": "#0"},
				"west": {"uv": [8.25, 6.75, 8.875, 6.875], "texture": "#0"},
				"up": {"uv": [7.375, 4.125, 6.75, 3.5], "texture": "#0"},
				"down": {"uv": [6.875, 6.75, 6.25, 7.375], "texture": "#0"}
			}
		},
		{
			"from": [3.175, 0.75, 7.425],
			"to": [5.825, 1.25, 10.075],
			"faces": {
				"north": {"uv": [8.25, 3.5, 8.875, 3.625], "texture": "#0"},
				"east": {"uv": [8.25, 3.75, 8.875, 3.875], "texture": "#0"},
				"south": {"uv": [8.25, 4, 8.875, 4.125], "texture": "#0"},
				"west": {"uv": [5.75, 8.25, 6.375, 8.375], "texture": "#0"},
				"up": {"uv": [6.875, 6.625, 6.25, 6], "texture": "#0"},
				"down": {"uv": [7.125, 4.25, 6.5, 4.875], "texture": "#0"}
			}
		},
		{
			"from": [10.175, 0.75, 10.675],
			"to": [12.825, 1.25, 13.325],
			"faces": {
				"north": {"uv": [5.5, 8.5, 6.125, 8.625], "texture": "#0"},
				"east": {"uv": [6.25, 8.5, 6.875, 8.625], "texture": "#0"},
				"south": {"uv": [7, 8.5, 7.625, 8.625], "texture": "#0"},
				"west": {"uv": [7.75, 8.5, 8.375, 8.625], "texture": "#0"},
				"up": {"uv": [7.625, 7.375, 7, 6.75], "texture": "#0"},
				"down": {"uv": [7.875, 4.25, 7.25, 4.875], "texture": "#0"}
			}
		},
		{
			"from": [10.375, 0.75, 13.625],
			"to": [12.625, 1.25, 15.875],
			"faces": {
				"north": {"uv": [0.75, 8.75, 1.375, 8.875], "texture": "#0"},
				"east": {"uv": [1.5, 8.75, 2.125, 8.875], "texture": "#0"},
				"south": {"uv": [8.75, 1.5, 9.375, 1.625], "texture": "#0"},
				"west": {"uv": [8.75, 1.75, 9.375, 1.875], "texture": "#0"},
				"up": {"uv": [8.125, 4.125, 7.5, 3.5], "texture": "#0"},
				"down": {"uv": [6.875, 7.5, 6.25, 8.125], "texture": "#0"}
			}
		},
		{
			"from": [3.375, 0.75, 13.625],
			"to": [5.625, 1.25, 15.875],
			"faces": {
				"north": {"uv": [8.75, 2, 9.375, 2.125], "texture": "#0"},
				"east": {"uv": [2.25, 8.75, 2.875, 8.875], "texture": "#0"},
				"south": {"uv": [8.75, 2.25, 9.375, 2.375], "texture": "#0"},
				"west": {"uv": [3, 8.75, 3.625, 8.875], "texture": "#0"},
				"up": {"uv": [7.625, 8.125, 7, 7.5], "texture": "#0"},
				"down": {"uv": [0.875, 7.75, 0.25, 8.375], "texture": "#0"}
			}
		},
		{
			"from": [6.675, 0.75, 10.675],
			"to": [9.325, 1.25, 13.325],
			"faces": {
				"north": {"uv": [3.75, 8.5, 4.375, 8.625], "texture": "#0"},
				"east": {"uv": [8.5, 4.25, 9.125, 4.375], "texture": "#0"},
				"south": {"uv": [8.5, 4.5, 9.125, 4.625], "texture": "#0"},
				"west": {"uv": [8.5, 4.75, 9.125, 4.875], "texture": "#0"},
				"up": {"uv": [3.875, 7.625, 3.25, 7], "texture": "#0"},
				"down": {"uv": [7.625, 6, 7, 6.625], "texture": "#0"}
			}
		},
		{
			"from": [3.175, 0.75, 10.675],
			"to": [5.825, 1.25, 13.325],
			"faces": {
				"north": {"uv": [0.75, 8.5, 1.375, 8.625], "texture": "#0"},
				"east": {"uv": [1.5, 8.5, 2.125, 8.625], "texture": "#0"},
				"south": {"uv": [2.25, 8.5, 2.875, 8.625], "texture": "#0"},
				"west": {"uv": [3, 8.5, 3.625, 8.625], "texture": "#0"},
				"up": {"uv": [2.375, 7.625, 1.75, 7], "texture": "#0"},
				"down": {"uv": [3.125, 7, 2.5, 7.625], "texture": "#0"}
			}
		}
	],
	"display": {
		"fixed": {
			"rotation": [-90, 180, 0],
			"translation": [0, 0, -6.25],
			"scale": [0.8, 0.8, 0.8]
		}
	}
}