{
	"credit": "Made by Aiden (feignedmars4438 on discord)",
	"texture_size": [128, 128],
	"textures": {
		"0": "item/furniture/cage",
		"1": "item/skins/7515e2181fd71516",
		"particle": "item/furniture/cage"
	},
	"elements": [
		{
			"name": "hexadecagon",
			"from": [5.5136, -16, -4.5],
			"to": [10.4864, -14, -2.5],
			"rotation": {"angle": -45, "axis": "y", "origin": [8, -15, 8]},
			"faces": {
				"north": {"uv": [4.5, 2.875, 5.125, 3.125], "texture": "#0"},
				"east": {"uv": [2, 8.125, 2.25, 8.375], "texture": "#0"},
				"south": {"uv": [4.5, 3.125, 5.125, 3.375], "texture": "#0"},
				"west": {"uv": [9.125, 7.875, 9.375, 8.125], "texture": "#0"},
				"up": {"uv": [5.125, 3.625, 4.5, 3.375], "texture": "#0"},
				"down": {"uv": [5.125, 3.625, 4.5, 3.875], "texture": "#0"}
			}
		},
		{
			"name": "hexadecagon",
			"from": [5.5136, -16, -4.5],
			"to": [10.4864, -14, -2.5],
			"rotation": {"angle": -22.5, "axis": "y", "origin": [8, -15, 8]},
			"faces": {
				"north": {"uv": [4.5, 3.875, 5.125, 4.125], "texture": "#0"},
				"east": {"uv": [8.625, 9.125, 8.875, 9.375], "texture": "#0"},
				"south": {"uv": [4.5, 4.125, 5.125, 4.375], "texture": "#0"},
				"west": {"uv": [9.125, 8.625, 9.375, 8.875], "texture": "#0"},
				"up": {"uv": [5.125, 4.75, 4.5, 4.5], "texture": "#0"},
				"down": {"uv": [5.125, 4.75, 4.5, 5], "texture": "#0"}
			}
		},
		{
			"name": "hexadecagon",
			"from": [5.5136, -16, -4.5],
			"to": [10.4864, -14, -2.5],
			"rotation": {"angle": 0, "axis": "y", "origin": [8, -15, 8]},
			"faces": {
				"north": {"uv": [4.5, 5, 5.125, 5.25], "texture": "#0"},
				"east": {"uv": [8.875, 9.125, 9.125, 9.375], "texture": "#0"},
				"south": {"uv": [5.125, 2.875, 5.75, 3.125], "texture": "#0"},
				"west": {"uv": [9.125, 8.875, 9.375, 9.125], "texture": "#0"},
				"up": {"uv": [5.75, 3.375, 5.125, 3.125], "texture": "#0"},
				"down": {"uv": [5.75, 3.375, 5.125, 3.625], "texture": "#0"}
			}
		},
		{
			"name": "hexadecagon",
			"from": [7.5136, -15.975, -2.5],
			"to": [8.4864, -15.225, 18.5],
			"rotation": {"angle": 0, "axis": "y", "origin": [8, -15, 8]},
			"faces": {
				"north": {"uv": [4, 5.5, 4.125, 5.625], "texture": "#0"},
				"east": {"uv": [4, 0, 6.625, 0.125], "texture": "#0"},
				"south": {"uv": [4, 5.625, 4.125, 5.75], "texture": "#0"},
				"west": {"uv": [4, 0.125, 6.625, 0.25], "texture": "#0"},
				"up": {"uv": [4.125, 2.875, 4, 0.25], "texture": "#0"},
				"down": {"uv": [4.125, 2.875, 4, 5.5], "texture": "#0"}
			}
		},
		{
			"name": "hexadecagon",
			"from": [7.5136, -15.95, -2.5],
			"to": [8.4864, -15.2, 18.5],
			"rotation": {"angle": -45, "axis": "y", "origin": [8, -15, 8]},
			"faces": {
				"north": {"uv": [6.375, 4.25, 6.5, 4.375], "texture": "#0"},
				"east": {"uv": [4.125, 0.25, 6.75, 0.375], "texture": "#0"},
				"south": {"uv": [6.5, 4.25, 6.625, 4.375], "texture": "#0"},
				"west": {"uv": [4.125, 0.375, 6.75, 0.5], "texture": "#0"},
				"up": {"uv": [4.25, 3.125, 4.125, 0.5], "texture": "#0"},
				"down": {"uv": [4.25, 3.125, 4.125, 5.75], "texture": "#0"}
			}
		},
		{
			"name": "hexadecagon",
			"from": [-2.5, -15.975, 7.5136],
			"to": [18.5, -15.225, 8.4864],
			"rotation": {"angle": 0, "axis": "y", "origin": [8, -15, 8]},
			"faces": {
				"north": {"uv": [4.25, 0.5, 6.875, 0.625], "texture": "#0"},
				"east": {"uv": [3.375, 6.625, 3.5, 6.75], "texture": "#0"},
				"south": {"uv": [4.25, 0.625, 6.875, 0.75], "texture": "#0"},
				"west": {"uv": [6.625, 3.375, 6.75, 3.5], "texture": "#0"},
				"up": {"uv": [6.875, 0.875, 4.25, 0.75], "texture": "#0"},
				"down": {"uv": [6.875, 0.875, 4.25, 1], "texture": "#0"}
			}
		},
		{
			"name": "hexadecagon",
			"from": [-2.5, -16, 7.5136],
			"to": [18.5, -15.25, 8.4864],
			"rotation": {"angle": -45, "axis": "y", "origin": [8, -15, 8]},
			"faces": {
				"north": {"uv": [4.25, 1, 6.875, 1.125], "texture": "#0"},
				"east": {"uv": [6.625, 4.25, 6.75, 4.375], "texture": "#0"},
				"south": {"uv": [4.25, 1.125, 6.875, 1.25], "texture": "#0"},
				"west": {"uv": [3.375, 6.75, 3.5, 6.875], "texture": "#0"},
				"up": {"uv": [6.875, 1.375, 4.25, 1.25], "texture": "#0"},
				"down": {"uv": [6.875, 1.375, 4.25, 1.5], "texture": "#0"}
			}
		},
		{
			"name": "hexadecagon",
			"from": [7.5136, -15.925, -2.5],
			"to": [8.4864, -15.175, 18.5],
			"rotation": {"angle": -22.5, "axis": "y", "origin": [8, -14.95, 8]},
			"faces": {
				"north": {"uv": [6.875, 5.875, 7, 6], "texture": "#0"},
				"east": {"uv": [4.5, 2.625, 7.125, 2.75], "texture": "#0"},
				"south": {"uv": [6.875, 6.75, 7, 6.875], "texture": "#0"},
				"west": {"uv": [4.5, 2.75, 7.125, 2.875], "texture": "#0"},
				"up": {"uv": [4.375, 7.125, 4.25, 4.5], "texture": "#0"},
				"down": {"uv": [4.5, 4.5, 4.375, 7.125], "texture": "#0"}
			}
		},
		{
			"name": "hexadecagon",
			"from": [-2.5, -15.9, 7.5136],
			"to": [18.5, -15.15, 8.4864],
			"rotation": {"angle": 22.5, "axis": "y", "origin": [8, -14.95, 8]},
			"faces": {
				"north": {"uv": [4.5, 2.125, 7.125, 2.25], "texture": "#0"},
				"east": {"uv": [6.875, 3.375, 7, 3.5], "texture": "#0"},
				"south": {"uv": [4.5, 2.25, 7.125, 2.375], "texture": "#0"},
				"west": {"uv": [6.875, 5, 7, 5.125], "texture": "#0"},
				"up": {"uv": [7.125, 2.5, 4.5, 2.375], "texture": "#0"},
				"down": {"uv": [7.125, 2.5, 4.5, 2.625], "texture": "#0"}
			}
		},
		{
			"name": "hexadecagon",
			"from": [-2.5, -15.925, 7.5136],
			"to": [18.5, -15.175, 8.4864],
			"rotation": {"angle": -22.5, "axis": "y", "origin": [8, -14.95, 8]},
			"faces": {
				"north": {"uv": [4.25, 4.375, 6.875, 4.5], "texture": "#0"},
				"east": {"uv": [6.875, 1.625, 7, 1.75], "texture": "#0"},
				"south": {"uv": [4.5, 1.75, 7.125, 1.875], "texture": "#0"},
				"west": {"uv": [2.125, 6.875, 2.25, 7], "texture": "#0"},
				"up": {"uv": [7.125, 2, 4.5, 1.875], "texture": "#0"},
				"down": {"uv": [7.125, 2, 4.5, 2.125], "texture": "#0"}
			}
		},
		{
			"name": "hexadecagon",
			"from": [7.5136, -15.95, -2.5],
			"to": [8.4864, -15.2, 18.5],
			"rotation": {"angle": 22.5, "axis": "y", "origin": [8, -14.95, 8]},
			"faces": {
				"north": {"uv": [6.75, 3.375, 6.875, 3.5], "texture": "#0"},
				"east": {"uv": [4.25, 1.5, 6.875, 1.625], "texture": "#0"},
				"south": {"uv": [6.75, 4.25, 6.875, 4.375], "texture": "#0"},
				"west": {"uv": [4.25, 1.625, 6.875, 1.75], "texture": "#0"},
				"up": {"uv": [4.375, 4.375, 4.25, 1.75], "texture": "#0"},
				"down": {"uv": [4.5, 1.75, 4.375, 4.375], "texture": "#0"}
			}
		},
		{
			"name": "hexadecagon",
			"from": [5.5136, -16, -4.5],
			"to": [10.4864, -14, -2.5],
			"rotation": {"angle": 22.5, "axis": "y", "origin": [8, -15, 8]},
			"faces": {
				"north": {"uv": [5.125, 3.625, 5.75, 3.875], "texture": "#0"},
				"east": {"uv": [9.125, 9.125, 9.375, 9.375], "texture": "#0"},
				"south": {"uv": [5.125, 3.875, 5.75, 4.125], "texture": "#0"},
				"west": {"uv": [0, 9.25, 0.25, 9.5], "texture": "#0"},
				"up": {"uv": [5.75, 4.375, 5.125, 4.125], "texture": "#0"},
				"down": {"uv": [5.75, 4.5, 5.125, 4.75], "texture": "#0"}
			}
		},
		{
			"name": "hexadecagon",
			"from": [5.5136, -16, -4.5],
			"to": [10.4864, -14, -2.5],
			"rotation": {"angle": 45, "axis": "y", "origin": [8, -15, 8]},
			"faces": {
				"north": {"uv": [5.125, 4.75, 5.75, 5], "texture": "#0"},
				"east": {"uv": [0.25, 9.25, 0.5, 9.5], "texture": "#0"},
				"south": {"uv": [5.125, 5, 5.75, 5.25], "texture": "#0"},
				"west": {"uv": [9.25, 0.25, 9.5, 0.5], "texture": "#0"},
				"up": {"uv": [5.125, 5.5, 4.5, 5.25], "texture": "#0"},
				"down": {"uv": [5.75, 5.25, 5.125, 5.5], "texture": "#0"}
			}
		},
		{
			"name": "hexadecagon",
			"from": [5.5136, -16, 18.5],
			"to": [10.4864, -14, 20.5],
			"rotation": {"angle": -45, "axis": "y", "origin": [8, -15, 8]},
			"faces": {
				"north": {"uv": [4.5, 5.5, 5.125, 5.75], "texture": "#0"},
				"east": {"uv": [0.5, 9.25, 0.75, 9.5], "texture": "#0"},
				"south": {"uv": [5.125, 5.5, 5.75, 5.75], "texture": "#0"},
				"west": {"uv": [0.75, 9.25, 1, 9.5], "texture": "#0"},
				"up": {"uv": [6.375, 3.125, 5.75, 2.875], "texture": "#0"},
				"down": {"uv": [6.375, 3.125, 5.75, 3.375], "texture": "#0"}
			}
		},
		{
			"name": "hexadecagon",
			"from": [5.5136, -16, 18.5],
			"to": [10.4864, -14, 20.5],
			"rotation": {"angle": -22.5, "axis": "y", "origin": [8, -15, 8]},
			"faces": {
				"north": {"uv": [5.75, 3.375, 6.375, 3.625], "texture": "#0"},
				"east": {"uv": [1, 9.25, 1.25, 9.5], "texture": "#0"},
				"south": {"uv": [5.75, 3.625, 6.375, 3.875], "texture": "#0"},
				"west": {"uv": [9.25, 1, 9.5, 1.25], "texture": "#0"},
				"up": {"uv": [6.375, 4.125, 5.75, 3.875], "texture": "#0"},
				"down": {"uv": [6.375, 4.125, 5.75, 4.375], "texture": "#0"}
			}
		},
		{
			"name": "hexadecagon",
			"from": [5.5136, -16, 18.5],
			"to": [10.4864, -14, 20.5],
			"rotation": {"angle": 0, "axis": "y", "origin": [8, -15, 8]},
			"faces": {
				"north": {"uv": [4.5, 5.75, 5.125, 6], "texture": "#0"},
				"east": {"uv": [9.25, 1.25, 9.5, 1.5], "texture": "#0"},
				"south": {"uv": [5.75, 4.5, 6.375, 4.75], "texture": "#0"},
				"west": {"uv": [9.25, 1.5, 9.5, 1.75], "texture": "#0"},
				"up": {"uv": [6.375, 5, 5.75, 4.75], "texture": "#0"},
				"down": {"uv": [6.375, 5, 5.75, 5.25], "texture": "#0"}
			}
		},
		{
			"name": "hexadecagon",
			"from": [5.5136, -16, 18.5],
			"to": [10.4864, -14, 20.5],
			"rotation": {"angle": 22.5, "axis": "y", "origin": [8, -15, 8]},
			"faces": {
				"north": {"uv": [5.125, 5.75, 5.75, 6], "texture": "#0"},
				"east": {"uv": [9.25, 1.75, 9.5, 2], "texture": "#0"},
				"south": {"uv": [5.75, 5.25, 6.375, 5.5], "texture": "#0"},
				"west": {"uv": [2, 9.25, 2.25, 9.5], "texture": "#0"},
				"up": {"uv": [6.375, 5.75, 5.75, 5.5], "texture": "#0"},
				"down": {"uv": [6.375, 5.75, 5.75, 6], "texture": "#0"}
			}
		},
		{
			"name": "hexadecagon",
			"from": [5.5136, -16, 18.5],
			"to": [10.4864, -14, 20.5],
			"rotation": {"angle": 45, "axis": "y", "origin": [8, -15, 8]},
			"faces": {
				"north": {"uv": [4.5, 6, 5.125, 6.25], "texture": "#0"},
				"east": {"uv": [2.25, 9.25, 2.5, 9.5], "texture": "#0"},
				"south": {"uv": [5.125, 6, 5.75, 6.25], "texture": "#0"},
				"west": {"uv": [2.5, 9.25, 2.75, 9.5], "texture": "#0"},
				"up": {"uv": [6.375, 6.25, 5.75, 6], "texture": "#0"},
				"down": {"uv": [5.125, 6.25, 4.5, 6.5], "texture": "#0"}
			}
		},
		{
			"name": "hexadecagon",
			"from": [-4.5, -16, 5.5136],
			"to": [-2.5, -14, 10.4864],
			"rotation": {"angle": -22.5, "axis": "y", "origin": [8, -15, 8]},
			"faces": {
				"north": {"uv": [9.25, 2.5, 9.5, 2.75], "texture": "#0"},
				"east": {"uv": [5.125, 6.25, 5.75, 6.5], "texture": "#0"},
				"south": {"uv": [2.75, 9.25, 3, 9.5], "texture": "#0"},
				"west": {"uv": [5.75, 6.25, 6.375, 6.5], "texture": "#0"},
				"up": {"uv": [4.25, 6.375, 4, 5.75], "texture": "#0"},
				"down": {"uv": [6.625, 2.875, 6.375, 3.5], "texture": "#0"}
			}
		},
		{
			"name": "hexadecagon",
			"from": [-4.5, -16, 5.5136],
			"to": [-2.5, -14, 10.4864],
			"rotation": {"angle": 0, "axis": "y", "origin": [8, -15, 8]},
			"faces": {
				"north": {"uv": [9.25, 2.75, 9.5, 3], "texture": "#0"},
				"east": {"uv": [6.375, 3.5, 7, 3.75], "texture": "#0"},
				"south": {"uv": [3, 9.25, 3.25, 9.5], "texture": "#0"},
				"west": {"uv": [6.375, 3.75, 7, 4], "texture": "#0"},
				"up": {"uv": [4.25, 7, 4, 6.375], "texture": "#0"},
				"down": {"uv": [6.625, 4.5, 6.375, 5.125], "texture": "#0"}
			}
		},
		{
			"name": "hexadecagon",
			"from": [-4.5, -16, 5.5136],
			"to": [-2.5, -14, 10.4864],
			"rotation": {"angle": 22.5, "axis": "y", "origin": [8, -15, 8]},
			"faces": {
				"north": {"uv": [9.25, 3, 9.5, 3.25], "texture": "#0"},
				"east": {"uv": [6.375, 4, 7, 4.25], "texture": "#0"},
				"south": {"uv": [9.25, 3.25, 9.5, 3.5], "texture": "#0"},
				"west": {"uv": [6.375, 5.125, 7, 5.375], "texture": "#0"},
				"up": {"uv": [6.625, 6, 6.375, 5.375], "texture": "#0"},
				"down": {"uv": [6.625, 6, 6.375, 6.625], "texture": "#0"}
			}
		},
		{
			"name": "hexadecagon",
			"from": [18.5, -16, 5.5136],
			"to": [20.5, -14, 10.4864],
			"rotation": {"angle": -22.5, "axis": "y", "origin": [8, -15, 8]},
			"faces": {
				"north": {"uv": [9.25, 3.5, 9.5, 3.75], "texture": "#0"},
				"east": {"uv": [4.5, 6.5, 5.125, 6.75], "texture": "#0"},
				"south": {"uv": [3.75, 9.25, 4, 9.5], "texture": "#0"},
				"west": {"uv": [5.125, 6.5, 5.75, 6.75], "texture": "#0"},
				"up": {"uv": [3.75, 7.125, 3.5, 6.5], "texture": "#0"},
				"down": {"uv": [4, 6.5, 3.75, 7.125], "texture": "#0"}
			}
		},
		{
			"name": "hexadecagon",
			"from": [18.5, -16, 5.5136],
			"to": [20.5, -14, 10.4864],
			"rotation": {"angle": 0, "axis": "y", "origin": [8, -15, 8]},
			"faces": {
				"north": {"uv": [9.25, 3.75, 9.5, 4], "texture": "#0"},
				"east": {"uv": [5.75, 6.5, 6.375, 6.75], "texture": "#0"},
				"south": {"uv": [4, 9.25, 4.25, 9.5], "texture": "#0"},
				"west": {"uv": [6.625, 0, 7.25, 0.25], "texture": "#0"},
				"up": {"uv": [0.75, 7.25, 0.5, 6.625], "texture": "#0"},
				"down": {"uv": [1, 6.625, 0.75, 7.25], "texture": "#0"}
			}
		},
		{
			"name": "hexadecagon",
			"from": [18.5, -16, 5.5136],
			"to": [20.5, -14, 10.4864],
			"rotation": {"angle": 22.5, "axis": "y", "origin": [8, -15, 8]},
			"faces": {
				"north": {"uv": [9.25, 4, 9.5, 4.25], "texture": "#0"},
				"east": {"uv": [1, 6.625, 1.625, 6.875], "texture": "#0"},
				"south": {"uv": [9.25, 4.25, 9.5, 4.5], "texture": "#0"},
				"west": {"uv": [1.625, 6.625, 2.25, 6.875], "texture": "#0"},
				"up": {"uv": [2.5, 7.25, 2.25, 6.625], "texture": "#0"},
				"down": {"uv": [2.75, 6.625, 2.5, 7.25], "texture": "#0"}
			}
		},
		{
			"name": "hexadecagon",
			"from": [5.61305, 11.04, -4],
			"to": [10.38695, 12.96, -2.08],
			"rotation": {"angle": -45, "axis": "y", "origin": [8, 12, 8]},
			"faces": {
				"north": {"uv": [0, 7.375, 0.625, 7.625], "texture": "#0"},
				"east": {"uv": [9.5, 1.5, 9.75, 1.75], "texture": "#0"},
				"south": {"uv": [7.375, 0.25, 8, 0.5], "texture": "#0"},
				"west": {"uv": [9.5, 1.75, 9.75, 2], "texture": "#0"},
				"up": {"uv": [1.875, 7.625, 1.25, 7.375], "texture": "#0"},
				"down": {"uv": [4.125, 7.375, 3.5, 7.625], "texture": "#0"}
			}
		},
		{
			"name": "hexadecagon",
			"from": [5.61305, 11.04, -4],
			"to": [10.38695, 12.96, -2.08],
			"rotation": {"angle": -22.5, "axis": "y", "origin": [8, 12, 8]},
			"faces": {
				"north": {"uv": [6, 7.25, 6.625, 7.5], "texture": "#0"},
				"east": {"uv": [9.5, 1, 9.75, 1.25], "texture": "#0"},
				"south": {"uv": [7.25, 6.75, 7.875, 7], "texture": "#0"},
				"west": {"uv": [9.5, 1.25, 9.75, 1.5], "texture": "#0"},
				"up": {"uv": [7.875, 7.25, 7.25, 7], "texture": "#0"},
				"down": {"uv": [7.875, 7.25, 7.25, 7.5], "texture": "#0"}
			}
		},
		{
			"name": "hexadecagon",
			"from": [5.61305, 11.04, -4],
			"to": [10.38695, 12.96, -2.08],
			"rotation": {"angle": 0, "axis": "y", "origin": [8, 12, 8]},
			"faces": {
				"north": {"uv": [4.125, 7.25, 4.75, 7.5], "texture": "#0"},
				"east": {"uv": [9.5, 0.75, 9.75, 1], "texture": "#0"},
				"south": {"uv": [4.75, 7.25, 5.375, 7.5], "texture": "#0"},
				"west": {"uv": [1, 9.5, 1.25, 9.75], "texture": "#0"},
				"up": {"uv": [6, 7.5, 5.375, 7.25], "texture": "#0"},
				"down": {"uv": [7.875, 5.875, 7.25, 6.125], "texture": "#0"}
			}
		},
		{
			"name": "hexadecagon",
			"from": [5.61305, 11.04, -4],
			"to": [10.38695, 12.96, -2.08],
			"rotation": {"angle": 22.5, "axis": "y", "origin": [8, 12, 8]},
			"faces": {
				"north": {"uv": [7.25, 0, 7.875, 0.25], "texture": "#0"},
				"east": {"uv": [9.5, 0.5, 9.75, 0.75], "texture": "#0"},
				"south": {"uv": [2.125, 7.25, 2.75, 7.5], "texture": "#0"},
				"west": {"uv": [0.75, 9.5, 1, 9.75], "texture": "#0"},
				"up": {"uv": [7.875, 3.125, 7.25, 2.875], "texture": "#0"},
				"down": {"uv": [7.875, 3.125, 7.25, 3.375], "texture": "#0"}
			}
		},
		{
			"name": "hexadecagon",
			"from": [5.61305, 11.04, -4],
			"to": [10.38695, 12.96, -2.08],
			"rotation": {"angle": 45, "axis": "y", "origin": [8, 12, 8]},
			"faces": {
				"north": {"uv": [7.125, 2.375, 7.75, 2.625], "texture": "#0"},
				"east": {"uv": [9.5, 0.25, 9.75, 0.5], "texture": "#0"},
				"south": {"uv": [7.125, 2.625, 7.75, 2.875], "texture": "#0"},
				"west": {"uv": [0.5, 9.5, 0.75, 9.75], "texture": "#0"},
				"up": {"uv": [4.125, 7.375, 3.5, 7.125], "texture": "#0"},
				"down": {"uv": [7.25, 7.125, 6.625, 7.375], "texture": "#0"}
			}
		},
		{
			"name": "hexadecagon",
			"from": [5.61305, 11.04, 18.08],
			"to": [10.38695, 12.96, 20],
			"rotation": {"angle": -45, "axis": "y", "origin": [8, 12, 8]},
			"faces": {
				"north": {"uv": [1.25, 7.125, 1.875, 7.375], "texture": "#0"},
				"east": {"uv": [0, 9.5, 0.25, 9.75], "texture": "#0"},
				"south": {"uv": [7.125, 1.625, 7.75, 1.875], "texture": "#0"},
				"west": {"uv": [0.25, 9.5, 0.5, 9.75], "texture": "#0"},
				"up": {"uv": [7.75, 2.125, 7.125, 1.875], "texture": "#0"},
				"down": {"uv": [7.75, 2.125, 7.125, 2.375], "texture": "#0"}
			}
		},
		{
			"name": "hexadecagon",
			"from": [5.61305, 11.04, 18.08],
			"to": [10.38695, 12.96, 20],
			"rotation": {"angle": -22.5, "axis": "y", "origin": [8, 12, 8]},
			"faces": {
				"north": {"uv": [5.125, 7, 5.75, 7.25], "texture": "#0"},
				"east": {"uv": [9.375, 9.125, 9.625, 9.375], "texture": "#0"},
				"south": {"uv": [5.75, 7, 6.375, 7.25], "texture": "#0"},
				"west": {"uv": [9.375, 9.375, 9.625, 9.625], "texture": "#0"},
				"up": {"uv": [7.75, 0.75, 7.125, 0.5], "texture": "#0"},
				"down": {"uv": [7.75, 0.75, 7.125, 1], "texture": "#0"}
			}
		},
		{
			"name": "hexadecagon",
			"from": [5.61305, 11.04, 18.08],
			"to": [10.38695, 12.96, 20],
			"rotation": {"angle": 0, "axis": "y", "origin": [8, 12, 8]},
			"faces": {
				"north": {"uv": [7, 3.625, 7.625, 3.875], "texture": "#0"},
				"east": {"uv": [9.375, 8.875, 9.625, 9.125], "texture": "#0"},
				"south": {"uv": [7, 3.875, 7.625, 4.125], "texture": "#0"},
				"west": {"uv": [9.125, 9.375, 9.375, 9.625], "texture": "#0"},
				"up": {"uv": [5.125, 7.25, 4.5, 7], "texture": "#0"},
				"down": {"uv": [7.625, 5, 7, 5.25], "texture": "#0"}
			}
		},
		{
			"name": "hexadecagon",
			"from": [5.61305, 11.04, 18.08],
			"to": [10.38695, 12.96, 20],
			"rotation": {"angle": 22.5, "axis": "y", "origin": [8, 12, 8]},
			"faces": {
				"north": {"uv": [6.875, 6.25, 7.5, 6.5], "texture": "#0"},
				"east": {"uv": [9.375, 8.625, 9.625, 8.875], "texture": "#0"},
				"south": {"uv": [6.875, 6.5, 7.5, 6.75], "texture": "#0"},
				"west": {"uv": [8.875, 9.375, 9.125, 9.625], "texture": "#0"},
				"up": {"uv": [7.25, 7.125, 6.625, 6.875], "texture": "#0"},
				"down": {"uv": [7.625, 3.375, 7, 3.625], "texture": "#0"}
			}
		},
		{
			"name": "hexadecagon",
			"from": [5.61305, 11.04, 18.08],
			"to": [10.38695, 12.96, 20],
			"rotation": {"angle": 45, "axis": "y", "origin": [8, 12, 8]},
			"faces": {
				"north": {"uv": [6.875, 4.5, 7.5, 4.75], "texture": "#0"},
				"east": {"uv": [9.375, 8.125, 9.625, 8.375], "texture": "#0"},
				"south": {"uv": [6.875, 4.75, 7.5, 5], "texture": "#0"},
				"west": {"uv": [8.625, 9.375, 8.875, 9.625], "texture": "#0"},
				"up": {"uv": [7.5, 5.625, 6.875, 5.375], "texture": "#0"},
				"down": {"uv": [7.5, 5.625, 6.875, 5.875], "texture": "#0"}
			}
		},
		{
			"name": "hexadecagon",
			"from": [-4, 11.04, 5.61305],
			"to": [-2.08, 12.96, 10.38695],
			"rotation": {"angle": -22.5, "axis": "y", "origin": [8, 12, 8]},
			"faces": {
				"north": {"uv": [7.875, 9.375, 8.125, 9.625], "texture": "#0"},
				"east": {"uv": [6.875, 1.375, 7.5, 1.625], "texture": "#0"},
				"south": {"uv": [9.375, 7.875, 9.625, 8.125], "texture": "#0"},
				"west": {"uv": [6.875, 4.25, 7.5, 4.5], "texture": "#0"},
				"up": {"uv": [3.25, 7.5, 3, 6.875], "texture": "#0"},
				"down": {"uv": [3.5, 6.875, 3.25, 7.5], "texture": "#0"}
			}
		},
		{
			"name": "hexadecagon",
			"from": [-4, 11.04, 5.61305],
			"to": [-2.08, 12.96, 10.38695],
			"rotation": {"angle": 0, "axis": "y", "origin": [8, 12, 8]},
			"faces": {
				"north": {"uv": [9.375, 7.375, 9.625, 7.625], "texture": "#0"},
				"east": {"uv": [6.875, 1.125, 7.5, 1.375], "texture": "#0"},
				"south": {"uv": [7.625, 9.375, 7.875, 9.625], "texture": "#0"},
				"west": {"uv": [1.25, 6.875, 1.875, 7.125], "texture": "#0"},
				"up": {"uv": [2.125, 7.5, 1.875, 6.875], "texture": "#0"},
				"down": {"uv": [3, 6.875, 2.75, 7.5], "texture": "#0"}
			}
		},
		{
			"name": "hexadecagon",
			"from": [-4, 11.04, 5.61305],
			"to": [-2.08, 12.96, 10.38695],
			"rotation": {"angle": 22.5, "axis": "y", "origin": [8, 12, 8]},
			"faces": {
				"north": {"uv": [9.375, 7.125, 9.625, 7.375], "texture": "#0"},
				"east": {"uv": [5.125, 6.75, 5.75, 7], "texture": "#0"},
				"south": {"uv": [7.375, 9.375, 7.625, 9.625], "texture": "#0"},
				"west": {"uv": [5.75, 6.75, 6.375, 7], "texture": "#0"},
				"up": {"uv": [7.125, 1.125, 6.875, 0.5], "texture": "#0"},
				"down": {"uv": [1.25, 6.875, 1, 7.5], "texture": "#0"}
			}
		},
		{
			"name": "hexadecagon",
			"from": [18.08, 11.04, 5.61305],
			"to": [20, 12.96, 10.38695],
			"rotation": {"angle": -22.5, "axis": "y", "origin": [8, 12, 8]},
			"faces": {
				"north": {"uv": [6.875, 9.375, 7.125, 9.625], "texture": "#0"},
				"east": {"uv": [6.75, 0.25, 7.375, 0.5], "texture": "#0"},
				"south": {"uv": [7.125, 9.375, 7.375, 9.625], "texture": "#0"},
				"west": {"uv": [4.5, 6.75, 5.125, 7], "texture": "#0"},
				"up": {"uv": [0.25, 7.375, 0, 6.75], "texture": "#0"},
				"down": {"uv": [0.5, 6.75, 0.25, 7.375], "texture": "#0"}
			}
		},
		{
			"name": "hexadecagon",
			"from": [18.08, 11.04, 5.61305],
			"to": [20, 12.96, 10.38695],
			"rotation": {"angle": 0, "axis": "y", "origin": [8, 12, 8]},
			"faces": {
				"north": {"uv": [6.375, 9.375, 6.625, 9.625], "texture": "#0"},
				"east": {"uv": [6.625, 3.125, 7.25, 3.375], "texture": "#0"},
				"south": {"uv": [6.625, 9.375, 6.875, 9.625], "texture": "#0"},
				"west": {"uv": [6.625, 6, 7.25, 6.25], "texture": "#0"},
				"up": {"uv": [6.875, 6.875, 6.625, 6.25], "texture": "#0"},
				"down": {"uv": [6.625, 6.625, 6.375, 7.25], "texture": "#0"}
			}
		},
		{
			"name": "hexadecagon",
			"from": [18.08, -0.96, 5.61305],
			"to": [20, 0.96, 10.38695],
			"rotation": {"angle": 0, "axis": "y", "origin": [8, 0, 8]},
			"faces": {
				"north": {"uv": [9.25, 9.625, 9.5, 9.875], "texture": "#0"},
				"east": {"uv": [8.625, 1.75, 9.25, 2], "texture": "#0"},
				"south": {"uv": [9.625, 9.375, 9.875, 9.625], "texture": "#0"},
				"west": {"uv": [3.25, 8.625, 3.875, 8.875], "texture": "#0"},
				"up": {"uv": [4.125, 9.25, 3.875, 8.625], "texture": "#0"},
				"down": {"uv": [4.375, 8.625, 4.125, 9.25], "texture": "#0"}
			}
		},
		{
			"name": "hexadecagon",
			"from": [18.08, -0.96, 5.61305],
			"to": [20, 0.96, 10.38695],
			"rotation": {"angle": -22.5, "axis": "y", "origin": [8, 0, 8]},
			"faces": {
				"north": {"uv": [9, 9.625, 9.25, 9.875], "texture": "#0"},
				"east": {"uv": [8.625, 0.25, 9.25, 0.5], "texture": "#0"},
				"south": {"uv": [9.625, 9.125, 9.875, 9.375], "texture": "#0"},
				"west": {"uv": [8.625, 1.5, 9.25, 1.75], "texture": "#0"},
				"up": {"uv": [3, 9.25, 2.75, 8.625], "texture": "#0"},
				"down": {"uv": [3.25, 8.625, 3, 9.25], "texture": "#0"}
			}
		},
		{
			"name": "hexadecagon",
			"from": [-4, -0.96, 5.61305],
			"to": [-2.08, 0.96, 10.38695],
			"rotation": {"angle": 22.5, "axis": "y", "origin": [8, 0, 8]},
			"faces": {
				"north": {"uv": [8.75, 9.625, 9, 9.875], "texture": "#0"},
				"east": {"uv": [8.5, 6.875, 9.125, 7.125], "texture": "#0"},
				"south": {"uv": [9.625, 8.875, 9.875, 9.125], "texture": "#0"},
				"west": {"uv": [8.5, 7.125, 9.125, 7.375], "texture": "#0"},
				"up": {"uv": [2.5, 9.25, 2.25, 8.625], "texture": "#0"},
				"down": {"uv": [2.75, 8.625, 2.5, 9.25], "texture": "#0"}
			}
		},
		{
			"name": "hexadecagon",
			"from": [-4, -0.96, 5.61305],
			"to": [-2.08, 0.96, 10.38695],
			"rotation": {"angle": 0, "axis": "y", "origin": [8, 0, 8]},
			"faces": {
				"north": {"uv": [8.5, 9.625, 8.75, 9.875], "texture": "#0"},
				"east": {"uv": [8.5, 5.875, 9.125, 6.125], "texture": "#0"},
				"south": {"uv": [9.625, 8.625, 9.875, 8.875], "texture": "#0"},
				"west": {"uv": [8.5, 6.625, 9.125, 6.875], "texture": "#0"},
				"up": {"uv": [2, 9.125, 1.75, 8.5], "texture": "#0"},
				"down": {"uv": [2.25, 8.625, 2, 9.25], "texture": "#0"}
			}
		},
		{
			"name": "hexadecagon",
			"from": [-4, -0.96, 5.61305],
			"to": [-2.08, 0.96, 10.38695],
			"rotation": {"angle": -22.5, "axis": "y", "origin": [8, 0, 8]},
			"faces": {
				"north": {"uv": [9.625, 8, 9.875, 8.25], "texture": "#0"},
				"east": {"uv": [8.5, 0, 9.125, 0.25], "texture": "#0"},
				"south": {"uv": [8.25, 9.625, 8.5, 9.875], "texture": "#0"},
				"west": {"uv": [0.625, 8.5, 1.25, 8.75], "texture": "#0"},
				"up": {"uv": [1.5, 9.125, 1.25, 8.5], "texture": "#0"},
				"down": {"uv": [1.75, 8.5, 1.5, 9.125], "texture": "#0"}
			}
		},
		{
			"name": "hexadecagon",
			"from": [5.61305, -0.96, 18.08],
			"to": [10.38695, 0.96, 20],
			"rotation": {"angle": 45, "axis": "y", "origin": [8, 0, 8]},
			"faces": {
				"north": {"uv": [7.125, 8.375, 7.75, 8.625], "texture": "#0"},
				"east": {"uv": [9.625, 7.75, 9.875, 8], "texture": "#0"},
				"south": {"uv": [7.75, 8.375, 8.375, 8.625], "texture": "#0"},
				"west": {"uv": [8, 9.625, 8.25, 9.875], "texture": "#0"},
				"up": {"uv": [9, 8.625, 8.375, 8.375], "texture": "#0"},
				"down": {"uv": [0.625, 8.5, 0, 8.75], "texture": "#0"}
			}
		},
		{
			"name": "hexadecagon",
			"from": [5.61305, -0.96, 18.08],
			"to": [10.38695, 0.96, 20],
			"rotation": {"angle": 22.5, "axis": "y", "origin": [8, 0, 8]},
			"faces": {
				"north": {"uv": [5.25, 8.375, 5.875, 8.625], "texture": "#0"},
				"east": {"uv": [9.625, 7.5, 9.875, 7.75], "texture": "#0"},
				"south": {"uv": [8.375, 5.375, 9, 5.625], "texture": "#0"},
				"west": {"uv": [7.75, 9.625, 8, 9.875], "texture": "#0"},
				"up": {"uv": [9, 5.875, 8.375, 5.625], "texture": "#0"},
				"down": {"uv": [6.5, 8.375, 5.875, 8.625], "texture": "#0"}
			}
		},
		{
			"name": "hexadecagon",
			"from": [5.61305, -0.96, 18.08],
			"to": [10.38695, 0.96, 20],
			"rotation": {"angle": 0, "axis": "y", "origin": [8, 0, 8]},
			"faces": {
				"north": {"uv": [2, 8.375, 2.625, 8.625], "texture": "#0"},
				"east": {"uv": [9.625, 7.25, 9.875, 7.5], "texture": "#0"},
				"south": {"uv": [2.625, 8.375, 3.25, 8.625], "texture": "#0"},
				"west": {"uv": [7.5, 9.625, 7.75, 9.875], "texture": "#0"},
				"up": {"uv": [3.875, 8.625, 3.25, 8.375], "texture": "#0"},
				"down": {"uv": [9, 5.125, 8.375, 5.375], "texture": "#0"}
			}
		},
		{
			"name": "hexadecagon",
			"from": [5.61305, -0.96, 18.08],
			"to": [10.38695, 0.96, 20],
			"rotation": {"angle": -22.5, "axis": "y", "origin": [8, 0, 8]},
			"faces": {
				"north": {"uv": [8.25, 4.875, 8.875, 5.125], "texture": "#0"},
				"east": {"uv": [9.625, 7, 9.875, 7.25], "texture": "#0"},
				"south": {"uv": [8.25, 8.125, 8.875, 8.375], "texture": "#0"},
				"west": {"uv": [7.25, 9.625, 7.5, 9.875], "texture": "#0"},
				"up": {"uv": [9, 0.75, 8.375, 0.5], "texture": "#0"},
				"down": {"uv": [9, 0.75, 8.375, 1], "texture": "#0"}
			}
		},
		{
			"name": "hexadecagon",
			"from": [5.61305, -0.96, 18.08],
			"to": [10.38695, 0.96, 20],
			"rotation": {"angle": -45, "axis": "y", "origin": [8, 0, 8]},
			"faces": {
				"north": {"uv": [0.75, 8.25, 1.375, 8.5], "texture": "#0"},
				"east": {"uv": [9.625, 6.75, 9.875, 7], "texture": "#0"},
				"south": {"uv": [1.375, 8.25, 2, 8.5], "texture": "#0"},
				"west": {"uv": [7, 9.625, 7.25, 9.875], "texture": "#0"},
				"up": {"uv": [8.875, 2.25, 8.25, 2], "texture": "#0"},
				"down": {"uv": [8.875, 2.25, 8.25, 2.5], "texture": "#0"}
			}
		},
		{
			"name": "hexadecagon",
			"from": [5.61305, -0.96, -4],
			"to": [10.38695, 0.96, -2.08],
			"rotation": {"angle": 45, "axis": "y", "origin": [8, 0, 8]},
			"faces": {
				"north": {"uv": [5.875, 8.125, 6.5, 8.375], "texture": "#0"},
				"east": {"uv": [9.625, 6.5, 9.875, 6.75], "texture": "#0"},
				"south": {"uv": [8.125, 6.125, 8.75, 6.375], "texture": "#0"},
				"west": {"uv": [6.75, 9.625, 7, 9.875], "texture": "#0"},
				"up": {"uv": [8.75, 6.625, 8.125, 6.375], "texture": "#0"},
				"down": {"uv": [8.25, 8.125, 7.625, 8.375], "texture": "#0"}
			}
		},
		{
			"name": "hexadecagon",
			"from": [5.61305, -0.96, -4],
			"to": [10.38695, 0.96, -2.08],
			"rotation": {"angle": 0, "axis": "y", "origin": [8, 0, 8]},
			"faces": {
				"north": {"uv": [8.125, 4.125, 8.75, 4.375], "texture": "#0"},
				"east": {"uv": [6.25, 9.625, 6.5, 9.875], "texture": "#0"},
				"south": {"uv": [8.125, 4.375, 8.75, 4.625], "texture": "#0"},
				"west": {"uv": [6.5, 9.625, 6.75, 9.875], "texture": "#0"},
				"up": {"uv": [8.75, 4.875, 8.125, 4.625], "texture": "#0"},
				"down": {"uv": [5.875, 8.125, 5.25, 8.375], "texture": "#0"}
			}
		},
		{
			"name": "hexadecagon",
			"from": [5.61305, -0.96, -4],
			"to": [10.38695, 0.96, -2.08],
			"rotation": {"angle": -22.5, "axis": "y", "origin": [8, 0, 8]},
			"faces": {
				"north": {"uv": [8.125, 3.125, 8.75, 3.375], "texture": "#0"},
				"east": {"uv": [9.625, 5.75, 9.875, 6], "texture": "#0"},
				"south": {"uv": [8.125, 3.375, 8.75, 3.625], "texture": "#0"},
				"west": {"uv": [6, 9.625, 6.25, 9.875], "texture": "#0"},
				"up": {"uv": [8.75, 3.875, 8.125, 3.625], "texture": "#0"},
				"down": {"uv": [8.75, 3.875, 8.125, 4.125], "texture": "#0"}
			}
		},
		{
			"name": "hexadecagon",
			"from": [5.61305, -0.96, -4],
			"to": [10.38695, 0.96, -2.08],
			"rotation": {"angle": -45, "axis": "y", "origin": [8, 0, 8]},
			"faces": {
				"north": {"uv": [8.125, 1.25, 8.75, 1.5], "texture": "#0"},
				"east": {"uv": [5, 9.625, 5.25, 9.875], "texture": "#0"},
				"south": {"uv": [8.125, 2.625, 8.75, 2.875], "texture": "#0"},
				"west": {"uv": [5.25, 9.625, 5.5, 9.875], "texture": "#0"},
				"up": {"uv": [3.5, 8.375, 2.875, 8.125], "texture": "#0"},
				"down": {"uv": [8.75, 2.875, 8.125, 3.125], "texture": "#0"}
			}
		},
		{
			"name": "hexadecagon",
			"from": [5.61305, -0.96, -4],
			"to": [10.38695, 0.96, -2.08],
			"rotation": {"angle": 22.5, "axis": "y", "origin": [8, 0, 8]},
			"faces": {
				"north": {"uv": [8, 7.375, 8.625, 7.625], "texture": "#0"},
				"east": {"uv": [4.75, 9.625, 5, 9.875], "texture": "#0"},
				"south": {"uv": [8, 7.625, 8.625, 7.875], "texture": "#0"},
				"west": {"uv": [9.625, 4.75, 9.875, 5], "texture": "#0"},
				"up": {"uv": [8.625, 8.125, 8, 7.875], "texture": "#0"},
				"down": {"uv": [8.75, 1, 8.125, 1.25], "texture": "#0"}
			}
		},
		{
			"name": "hexadecagon",
			"from": [18.08, 11.04, 5.61305],
			"to": [20, 12.96, 10.38695],
			"rotation": {"angle": 22.5, "axis": "y", "origin": [8, 12, 8]},
			"faces": {
				"north": {"uv": [5.25, 9.375, 5.5, 9.625], "texture": "#0"},
				"east": {"uv": [2.75, 6.625, 3.375, 6.875], "texture": "#0"},
				"south": {"uv": [6.125, 9.375, 6.375, 9.625], "texture": "#0"},
				"west": {"uv": [6.625, 2.875, 7.25, 3.125], "texture": "#0"},
				"up": {"uv": [6.875, 5.125, 6.625, 4.5], "texture": "#0"},
				"down": {"uv": [6.875, 5.375, 6.625, 6], "texture": "#0"}
			}
		},
		{
			"name": "hexadecagon",
			"from": [18.08, -0.96, 5.61305],
			"to": [20, 0.96, 10.38695],
			"rotation": {"angle": 22.5, "axis": "y", "origin": [8, 12, 8]},
			"faces": {
				"north": {"uv": [9.5, 9.625, 9.75, 9.875], "texture": "#0"},
				"east": {"uv": [4.375, 8.625, 5, 8.875], "texture": "#0"},
				"south": {"uv": [0, 9.75, 0.25, 10], "texture": "#0"},
				"west": {"uv": [5, 8.625, 5.625, 8.875], "texture": "#0"},
				"up": {"uv": [5.875, 9.25, 5.625, 8.625], "texture": "#0"},
				"down": {"uv": [6.125, 8.625, 5.875, 9.25], "texture": "#0"}
			}
		},
		{
			"name": "hexadecagon",
			"from": [15.4592, 16.7896, 6.23366],
			"to": [16.88, 18.2104, 9.76634],
			"rotation": {"angle": 0, "axis": "y", "origin": [8, 17.5, 8]},
			"faces": {
				"north": {"uv": [9.75, 5.5, 9.9375, 5.6875], "texture": "#0"},
				"east": {"uv": [7.625, 9.125, 8.0625, 9.3125], "texture": "#0"},
				"south": {"uv": [5.75, 9.75, 5.9375, 9.9375], "texture": "#0"},
				"west": {"uv": [9.125, 7.625, 9.5625, 7.8125], "texture": "#0"},
				"up": {"uv": [8.3125, 9.5625, 8.125, 9.125], "texture": "#0"},
				"down": {"uv": [8.5625, 9.125, 8.375, 9.5625], "texture": "#0"}
			}
		},
		{
			"name": "hexadecagon",
			"from": [15.4592, 16.7896, 6.23366],
			"to": [16.88, 18.2104, 9.76634],
			"rotation": {"angle": -22.5, "axis": "y", "origin": [8, 17.5, 8]},
			"faces": {
				"north": {"uv": [9.75, 5.25, 9.9375, 5.4375], "texture": "#0"},
				"east": {"uv": [9.125, 6.875, 9.5625, 7.0625], "texture": "#0"},
				"south": {"uv": [5.5, 9.75, 5.6875, 9.9375], "texture": "#0"},
				"west": {"uv": [7.125, 9.125, 7.5625, 9.3125], "texture": "#0"},
				"up": {"uv": [1.9375, 9.5625, 1.75, 9.125], "texture": "#0"},
				"down": {"uv": [9.3125, 7.125, 9.125, 7.5625], "texture": "#0"}
			}
		},
		{
			"name": "hexadecagon",
			"from": [6.23366, 16.7896, 15.4592],
			"to": [9.76634, 18.2104, 16.88],
			"rotation": {"angle": 45, "axis": "y", "origin": [8, 17.5, 8]},
			"faces": {
				"north": {"uv": [5.125, 9.125, 5.5625, 9.3125], "texture": "#0"},
				"east": {"uv": [9.75, 4.5, 9.9375, 4.6875], "texture": "#0"},
				"south": {"uv": [9.125, 5.75, 9.5625, 5.9375], "texture": "#0"},
				"west": {"uv": [9.75, 5, 9.9375, 5.1875], "texture": "#0"},
				"up": {"uv": [7.0625, 9.3125, 6.625, 9.125], "texture": "#0"},
				"down": {"uv": [9.5625, 6.625, 9.125, 6.8125], "texture": "#0"}
			}
		},
		{
			"name": "hexadecagon",
			"from": [6.23366, 16.7896, 15.4592],
			"to": [9.76634, 18.2104, 16.88],
			"rotation": {"angle": 22.5, "axis": "y", "origin": [8, 17.5, 8]},
			"faces": {
				"north": {"uv": [9, 8.375, 9.4375, 8.5625], "texture": "#0"},
				"east": {"uv": [9.75, 4, 9.9375, 4.1875], "texture": "#0"},
				"south": {"uv": [9.125, 0, 9.5625, 0.1875], "texture": "#0"},
				"west": {"uv": [9.75, 4.25, 9.9375, 4.4375], "texture": "#0"},
				"up": {"uv": [1.6875, 9.3125, 1.25, 9.125], "texture": "#0"},
				"down": {"uv": [4.8125, 9.125, 4.375, 9.3125], "texture": "#0"}
			}
		},
		{
			"name": "hexadecagon",
			"from": [6.23366, 16.7896, 15.4592],
			"to": [9.76634, 18.2104, 16.88],
			"rotation": {"angle": -22.5, "axis": "y", "origin": [8, 17.5, 8]},
			"faces": {
				"north": {"uv": [9, 0.75, 9.4375, 0.9375], "texture": "#0"},
				"east": {"uv": [9.75, 3.75, 9.9375, 3.9375], "texture": "#0"},
				"south": {"uv": [9, 5, 9.4375, 5.1875], "texture": "#0"},
				"west": {"uv": [4, 9.75, 4.1875, 9.9375], "texture": "#0"},
				"up": {"uv": [9.4375, 5.4375, 9, 5.25], "texture": "#0"},
				"down": {"uv": [9.4375, 5.5, 9, 5.6875], "texture": "#0"}
			}
		},
		{
			"name": "hexadecagon",
			"from": [6.23366, 16.7896, 15.4592],
			"to": [9.76634, 18.2104, 16.88],
			"rotation": {"angle": 0, "axis": "y", "origin": [8, 17.5, 8]},
			"faces": {
				"north": {"uv": [8.625, 8.875, 9.0625, 9.0625], "texture": "#0"},
				"east": {"uv": [9.75, 3.5, 9.9375, 3.6875], "texture": "#0"},
				"south": {"uv": [0, 9, 0.4375, 9.1875], "texture": "#0"},
				"west": {"uv": [3.75, 9.75, 3.9375, 9.9375], "texture": "#0"},
				"up": {"uv": [0.9375, 9.1875, 0.5, 9], "texture": "#0"},
				"down": {"uv": [9.4375, 0.5, 9, 0.6875], "texture": "#0"}
			}
		},
		{
			"name": "hexadecagon",
			"from": [6.23366, 16.7896, 15.4592],
			"to": [9.76634, 18.2104, 16.88],
			"rotation": {"angle": -45, "axis": "y", "origin": [8, 17.5, 8]},
			"faces": {
				"north": {"uv": [6.625, 8.875, 7.0625, 9.0625], "texture": "#0"},
				"east": {"uv": [9.75, 3, 9.9375, 3.1875], "texture": "#0"},
				"south": {"uv": [7.625, 8.875, 8.0625, 9.0625], "texture": "#0"},
				"west": {"uv": [9.75, 3.25, 9.9375, 3.4375], "texture": "#0"},
				"up": {"uv": [8.5625, 9.0625, 8.125, 8.875], "texture": "#0"},
				"down": {"uv": [9.3125, 8.125, 8.875, 8.3125], "texture": "#0"}
			}
		},
		{
			"name": "hexadecagon",
			"from": [-0.88, 16.7896, 6.23366],
			"to": [0.5408, 18.2104, 9.76634],
			"rotation": {"angle": 22.5, "axis": "y", "origin": [8, 17.5, 8]},
			"faces": {
				"north": {"uv": [9.75, 2.75, 9.9375, 2.9375], "texture": "#0"},
				"east": {"uv": [8.875, 4.75, 9.3125, 4.9375], "texture": "#0"},
				"south": {"uv": [3, 9.75, 3.1875, 9.9375], "texture": "#0"},
				"west": {"uv": [5.125, 8.875, 5.5625, 9.0625], "texture": "#0"},
				"up": {"uv": [6.3125, 9.3125, 6.125, 8.875], "texture": "#0"},
				"down": {"uv": [6.5625, 8.875, 6.375, 9.3125], "texture": "#0"}
			}
		},
		{
			"name": "hexadecagon",
			"from": [-0.88, 16.7896, 6.23366],
			"to": [0.5408, 18.2104, 9.76634],
			"rotation": {"angle": 0, "axis": "y", "origin": [8, 17.5, 8]},
			"faces": {
				"north": {"uv": [9.75, 2.5, 9.9375, 2.6875], "texture": "#0"},
				"east": {"uv": [8.875, 2.25, 9.3125, 2.4375], "texture": "#0"},
				"south": {"uv": [2.75, 9.75, 2.9375, 9.9375], "texture": "#0"},
				"west": {"uv": [4.375, 8.875, 4.8125, 9.0625], "texture": "#0"},
				"up": {"uv": [3.6875, 9.3125, 3.5, 8.875], "texture": "#0"},
				"down": {"uv": [5.0625, 8.875, 4.875, 9.3125], "texture": "#0"}
			}
		},
		{
			"name": "hexadecagon",
			"from": [-0.88, 16.7896, 6.23366],
			"to": [0.5408, 18.2104, 9.76634],
			"rotation": {"angle": -22.5, "axis": "y", "origin": [8, 17.5, 8]},
			"faces": {
				"north": {"uv": [2.25, 9.75, 2.4375, 9.9375], "texture": "#0"},
				"east": {"uv": [8.75, 6.375, 9.1875, 6.5625], "texture": "#0"},
				"south": {"uv": [2.5, 9.75, 2.6875, 9.9375], "texture": "#0"},
				"west": {"uv": [8.875, 2, 9.3125, 2.1875], "texture": "#0"},
				"up": {"uv": [1.1875, 9.1875, 1, 8.75], "texture": "#0"},
				"down": {"uv": [3.4375, 8.875, 3.25, 9.3125], "texture": "#0"}
			}
		},
		{
			"name": "hexadecagon",
			"from": [6.23366, 16.7896, -0.88],
			"to": [9.76634, 18.2104, 0.5408],
			"rotation": {"angle": 45, "axis": "y", "origin": [8, 17.5, 8]},
			"faces": {
				"north": {"uv": [8.75, 4, 9.1875, 4.1875], "texture": "#0"},
				"east": {"uv": [9.75, 1.75, 9.9375, 1.9375], "texture": "#0"},
				"south": {"uv": [8.75, 4.25, 9.1875, 4.4375], "texture": "#0"},
				"west": {"uv": [2, 9.75, 2.1875, 9.9375], "texture": "#0"},
				"up": {"uv": [9.1875, 4.6875, 8.75, 4.5], "texture": "#0"},
				"down": {"uv": [9.1875, 6.125, 8.75, 6.3125], "texture": "#0"}
			}
		},
		{
			"name": "hexadecagon",
			"from": [6.23366, 16.7896, -0.88],
			"to": [9.76634, 18.2104, 0.5408],
			"rotation": {"angle": 22.5, "axis": "y", "origin": [8, 17.5, 8]},
			"faces": {
				"north": {"uv": [8.75, 3, 9.1875, 3.1875], "texture": "#0"},
				"east": {"uv": [9.75, 1.25, 9.9375, 1.4375], "texture": "#0"},
				"south": {"uv": [8.75, 3.25, 9.1875, 3.4375], "texture": "#0"},
				"west": {"uv": [9.75, 1.5, 9.9375, 1.6875], "texture": "#0"},
				"up": {"uv": [9.1875, 3.6875, 8.75, 3.5], "texture": "#0"},
				"down": {"uv": [9.1875, 3.75, 8.75, 3.9375], "texture": "#0"}
			}
		},
		{
			"name": "hexadecagon",
			"from": [6.23366, 16.7896, -0.88],
			"to": [9.76634, 18.2104, 0.5408],
			"rotation": {"angle": -22.5, "axis": "y", "origin": [8, 17.5, 8]},
			"faces": {
				"north": {"uv": [8.75, 1, 9.1875, 1.1875], "texture": "#0"},
				"east": {"uv": [1, 9.75, 1.1875, 9.9375], "texture": "#0"},
				"south": {"uv": [8.75, 1.25, 9.1875, 1.4375], "texture": "#0"},
				"west": {"uv": [9.75, 1, 9.9375, 1.1875], "texture": "#0"},
				"up": {"uv": [9.1875, 2.6875, 8.75, 2.5], "texture": "#0"},
				"down": {"uv": [9.1875, 2.75, 8.75, 2.9375], "texture": "#0"}
			}
		},
		{
			"name": "hexadecagon",
			"from": [6.23366, 16.7896, -0.88],
			"to": [9.76634, 18.2104, 0.5408],
			"rotation": {"angle": 0, "axis": "y", "origin": [8, 17.5, 8]},
			"faces": {
				"north": {"uv": [8.125, 8.625, 8.5625, 8.8125], "texture": "#0"},
				"east": {"uv": [0.75, 9.75, 0.9375, 9.9375], "texture": "#0"},
				"south": {"uv": [8.625, 8.625, 9.0625, 8.8125], "texture": "#0"},
				"west": {"uv": [9.75, 0.75, 9.9375, 0.9375], "texture": "#0"},
				"up": {"uv": [0.4375, 8.9375, 0, 8.75], "texture": "#0"},
				"down": {"uv": [0.9375, 8.75, 0.5, 8.9375], "texture": "#0"}
			}
		},
		{
			"name": "hexadecagon",
			"from": [6.23366, 16.7896, -0.88],
			"to": [9.76634, 18.2104, 0.5408],
			"rotation": {"angle": -45, "axis": "y", "origin": [8, 17.5, 8]},
			"faces": {
				"north": {"uv": [8.625, 7.375, 9.0625, 7.5625], "texture": "#0"},
				"east": {"uv": [0.5, 9.75, 0.6875, 9.9375], "texture": "#0"},
				"south": {"uv": [7.625, 8.625, 8.0625, 8.8125], "texture": "#0"},
				"west": {"uv": [9.75, 0.5, 9.9375, 0.6875], "texture": "#0"},
				"up": {"uv": [9.0625, 7.8125, 8.625, 7.625], "texture": "#0"},
				"down": {"uv": [9.0625, 7.875, 8.625, 8.0625], "texture": "#0"}
			}
		},
		{
			"name": "hexadecagon",
			"from": [15.4592, 16.7896, 6.23366],
			"to": [16.88, 18.2104, 9.76634],
			"rotation": {"angle": 22.5, "axis": "y", "origin": [8, 17.5, 8]},
			"faces": {
				"north": {"uv": [0.25, 9.75, 0.4375, 9.9375], "texture": "#0"},
				"east": {"uv": [6.125, 8.625, 6.5625, 8.8125], "texture": "#0"},
				"south": {"uv": [9.75, 0.25, 9.9375, 0.4375], "texture": "#0"},
				"west": {"uv": [6.625, 8.625, 7.0625, 8.8125], "texture": "#0"},
				"up": {"uv": [7.3125, 9.0625, 7.125, 8.625], "texture": "#0"},
				"down": {"uv": [7.5625, 8.625, 7.375, 9.0625], "texture": "#0"}
			}
		},
		{
			"from": [-4.5, -14, 7],
			"to": [-2.5, 13, 9],
			"rotation": {"angle": 0, "axis": "y", "origin": [-4.5, -14, 7.5]},
			"faces": {
				"north": {"uv": [0, 0, 0.25, 3.375], "texture": "#0"},
				"east": {"uv": [0.25, 0, 0.5, 3.375], "texture": "#0"},
				"south": {"uv": [0.5, 0, 0.75, 3.375], "texture": "#0"},
				"west": {"uv": [0.75, 0, 1, 3.375], "texture": "#0"},
				"up": {"uv": [9.5, 4.75, 9.25, 4.5], "texture": "#0"},
				"down": {"uv": [5.875, 9.25, 5.625, 9.5], "texture": "#0"}
			}
		},
		{
			"from": [18.5, -14, 7],
			"to": [20.5, 13, 9],
			"rotation": {"angle": 0, "axis": "y", "origin": [20.5, -14, 7.5]},
			"faces": {
				"north": {"uv": [1, 0, 1.25, 3.375], "texture": "#0"},
				"east": {"uv": [1.25, 0, 1.5, 3.375], "texture": "#0"},
				"south": {"uv": [1.5, 0, 1.75, 3.375], "texture": "#0"},
				"west": {"uv": [1.75, 0, 2, 3.375], "texture": "#0"},
				"up": {"uv": [6.125, 9.5, 5.875, 9.25], "texture": "#0"},
				"down": {"uv": [9.5, 6, 9.25, 6.25], "texture": "#0"}
			}
		},
		{
			"from": [18.5, -14, 7],
			"to": [20.5, 12, 9],
			"rotation": {"angle": -45, "axis": "y", "origin": [8, -5.5, 8]},
			"faces": {
				"north": {"uv": [1.5, 3.375, 1.75, 6.625], "texture": "#0"},
				"east": {"uv": [1.75, 3.375, 2, 6.625], "texture": "#0"},
				"south": {"uv": [2, 3.375, 2.25, 6.625], "texture": "#0"},
				"west": {"uv": [2.25, 3.375, 2.5, 6.625], "texture": "#0"},
				"up": {"uv": [1.75, 9.625, 1.5, 9.375], "texture": "#0"},
				"down": {"uv": [9.625, 2, 9.375, 2.25], "texture": "#0"}
			}
		},
		{
			"from": [-4.5, -14, 7],
			"to": [-2.5, 12, 9],
			"rotation": {"angle": -45, "axis": "y", "origin": [8, -5.5, 8]},
			"faces": {
				"north": {"uv": [0.5, 3.375, 0.75, 6.625], "texture": "#0"},
				"east": {"uv": [0.75, 3.375, 1, 6.625], "texture": "#0"},
				"south": {"uv": [1, 3.375, 1.25, 6.625], "texture": "#0"},
				"west": {"uv": [1.25, 3.375, 1.5, 6.625], "texture": "#0"},
				"up": {"uv": [9.5, 6.5, 9.25, 6.25], "texture": "#0"},
				"down": {"uv": [1.5, 9.375, 1.25, 9.625], "texture": "#0"}
			}
		},
		{
			"from": [7, -14, 18.5],
			"to": [9, 13, 20.5],
			"rotation": {"angle": 0, "axis": "y", "origin": [8, -5.5, 8]},
			"faces": {
				"north": {"uv": [3, 0, 3.25, 3.375], "texture": "#0"},
				"east": {"uv": [3.25, 0, 3.5, 3.375], "texture": "#0"},
				"south": {"uv": [0, 3.375, 0.25, 6.75], "texture": "#0"},
				"west": {"uv": [0.25, 3.375, 0.5, 6.75], "texture": "#0"},
				"up": {"uv": [3.75, 9.625, 3.5, 9.375], "texture": "#0"},
				"down": {"uv": [4.5, 9.375, 4.25, 9.625], "texture": "#0"}
			}
		},
		{
			"from": [7, 12.50314, 18.0021],
			"to": [9, 17.50314, 20.0021],
			"rotation": {"angle": -22.5, "axis": "x", "origin": [8, 14.00314, 19.0021]},
			"faces": {
				"north": {"uv": [0.625, 7.25, 0.875, 7.875], "texture": "#0"},
				"east": {"uv": [6.625, 7.375, 6.875, 8], "texture": "#0"},
				"south": {"uv": [6.875, 7.375, 7.125, 8], "texture": "#0"},
				"west": {"uv": [0.875, 7.5, 1.125, 8.125], "texture": "#0"},
				"up": {"uv": [2.25, 9.75, 2, 9.5], "texture": "#0"},
				"down": {"uv": [2.5, 9.5, 2.25, 9.75], "texture": "#0"}
			}
		},
		{
			"from": [7, 16.47295, 15.81882],
			"to": [9, 21.47295, 17.81882],
			"rotation": {"angle": -45, "axis": "x", "origin": [8, 17.97295, 16.81882]},
			"faces": {
				"north": {"uv": [7.5, 5.25, 7.75, 5.875], "texture": "#0"},
				"east": {"uv": [5.375, 7.5, 5.625, 8.125], "texture": "#0"},
				"south": {"uv": [5.625, 7.5, 5.875, 8.125], "texture": "#0"},
				"west": {"uv": [5.875, 7.5, 6.125, 8.125], "texture": "#0"},
				"up": {"uv": [9.75, 3.5, 9.5, 3.25], "texture": "#0"},
				"down": {"uv": [9.75, 3.5, 9.5, 3.75], "texture": "#0"}
			}
		},
		{
			"from": [7, 19.80508, 9.78255],
			"to": [9, 21.80508, 14.78255],
			"rotation": {"angle": 22.5, "axis": "x", "origin": [8, 20.80508, 13.28255]},
			"faces": {
				"north": {"uv": [2.5, 9.5, 2.75, 9.75], "texture": "#0"},
				"east": {"uv": [7.5, 1, 8.125, 1.25], "texture": "#0"},
				"south": {"uv": [9.5, 2.5, 9.75, 2.75], "texture": "#0"},
				"west": {"uv": [7.5, 1.25, 8.125, 1.5], "texture": "#0"},
				"up": {"uv": [2.125, 8.125, 1.875, 7.5], "texture": "#0"},
				"down": {"uv": [2.375, 7.5, 2.125, 8.125], "texture": "#0"}
			}
		},
		{
			"from": [7, 21.06835, 5.43165],
			"to": [9, 23.06835, 10.43165],
			"rotation": {"angle": 0, "axis": "x", "origin": [8, 22.06835, 8.93165]},
			"faces": {
				"north": {"uv": [2.75, 9.5, 3, 9.75], "texture": "#0"},
				"east": {"uv": [2.375, 7.5, 3, 7.75], "texture": "#0"},
				"south": {"uv": [9.5, 2.75, 9.75, 3], "texture": "#0"},
				"west": {"uv": [4.125, 7.5, 4.75, 7.75], "texture": "#0"},
				"up": {"uv": [3.25, 8.125, 3, 7.5], "texture": "#0"},
				"down": {"uv": [3.5, 7.5, 3.25, 8.125], "texture": "#0"}
			}
		},
		{
			"from": [7, 7.22793, -8.51815],
			"to": [9, 12.22793, -6.51815],
			"rotation": {"angle": 22.5, "axis": "x", "origin": [8, 0.00314, 8.0021]},
			"faces": {
				"north": {"uv": [7.75, 1.5, 8, 2.125], "texture": "#0"},
				"east": {"uv": [7.75, 2.125, 8, 2.75], "texture": "#0"},
				"south": {"uv": [2.375, 7.75, 2.625, 8.375], "texture": "#0"},
				"west": {"uv": [2.625, 7.75, 2.875, 8.375], "texture": "#0"},
				"up": {"uv": [9.75, 5.25, 9.5, 5], "texture": "#0"},
				"down": {"uv": [9.75, 5.25, 9.5, 5.5], "texture": "#0"}
			}
		},
		{
			"from": [7, 4.97535, -11.93885],
			"to": [9, 9.97535, -9.93885],
			"rotation": {"angle": 45, "axis": "x", "origin": [8, 0.00314, 8.0021]},
			"faces": {
				"north": {"uv": [1.625, 7.625, 1.875, 8.25], "texture": "#0"},
				"east": {"uv": [7.625, 3.375, 7.875, 4], "texture": "#0"},
				"south": {"uv": [3.5, 7.625, 3.75, 8.25], "texture": "#0"},
				"west": {"uv": [3.75, 7.625, 4, 8.25], "texture": "#0"},
				"up": {"uv": [9.75, 4.5, 9.5, 4.25], "texture": "#0"},
				"down": {"uv": [9.75, 4.5, 9.5, 4.75], "texture": "#0"}
			}
		},
		{
			"from": [7, 20.24236, 9.58415],
			"to": [9, 22.24236, 14.58415],
			"rotation": {"angle": -22.5, "axis": "x", "origin": [8, 0.00314, 8.0021]},
			"faces": {
				"north": {"uv": [4, 9.5, 4.25, 9.75], "texture": "#0"},
				"east": {"uv": [7.125, 7.5, 7.75, 7.75], "texture": "#0"},
				"south": {"uv": [9.5, 4, 9.75, 4.25], "texture": "#0"},
				"west": {"uv": [0, 7.625, 0.625, 7.875], "texture": "#0"},
				"up": {"uv": [1.375, 8.25, 1.125, 7.625], "texture": "#0"},
				"down": {"uv": [1.625, 7.625, 1.375, 8.25], "texture": "#0"}
			}
		},
		{
			"from": [7, 21.06835, 5.57254],
			"to": [9, 23.06835, 10.57254],
			"rotation": {"angle": 0, "axis": "x", "origin": [8, 0.00314, 8.0021]},
			"faces": {
				"north": {"uv": [3.75, 9.5, 4, 9.75], "texture": "#0"},
				"east": {"uv": [7.5, 6.125, 8.125, 6.375], "texture": "#0"},
				"south": {"uv": [9.5, 3.75, 9.75, 4], "texture": "#0"},
				"west": {"uv": [7.5, 6.375, 8.125, 6.625], "texture": "#0"},
				"up": {"uv": [6.375, 8.125, 6.125, 7.5], "texture": "#0"},
				"down": {"uv": [6.625, 7.5, 6.375, 8.125], "texture": "#0"}
			}
		},
		{
			"from": [22.52024, 7.22793, 7.0021],
			"to": [24.52024, 12.22793, 9.0021],
			"rotation": {"angle": 22.5, "axis": "z", "origin": [8, 0.00314, 8.0021]},
			"faces": {
				"north": {"uv": [0.25, 7.875, 0.5, 8.5], "texture": "#0"},
				"east": {"uv": [0.5, 7.875, 0.75, 8.5], "texture": "#0"},
				"south": {"uv": [7.875, 2.75, 8.125, 3.375], "texture": "#0"},
				"west": {"uv": [7.875, 3.375, 8.125, 4], "texture": "#0"},
				"up": {"uv": [9.875, 0.25, 9.625, 0], "texture": "#0"},
				"down": {"uv": [1.5, 9.625, 1.25, 9.875], "texture": "#0"}
			}
		},
		{
			"from": [25.94094, 4.97535, 7.0021],
			"to": [27.94094, 9.97535, 9.0021],
			"rotation": {"angle": 45, "axis": "z", "origin": [8, 0.00314, 8.0021]},
			"faces": {
				"north": {"uv": [7.125, 7.75, 7.375, 8.375], "texture": "#0"},
				"east": {"uv": [7.375, 7.75, 7.625, 8.375], "texture": "#0"},
				"south": {"uv": [7.75, 7.5, 8, 8.125], "texture": "#0"},
				"west": {"uv": [0, 7.875, 0.25, 8.5], "texture": "#0"},
				"up": {"uv": [9.75, 6.5, 9.5, 6.25], "texture": "#0"},
				"down": {"uv": [9.75, 8.375, 9.5, 8.625], "texture": "#0"}
			}
		},
		{
			"from": [1.41794, 20.24236, 7.0021],
			"to": [6.41794, 22.24236, 9.0021],
			"rotation": {"angle": -22.5, "axis": "z", "origin": [8, 0.00314, 8.0021]},
			"faces": {
				"north": {"uv": [4.625, 7.75, 5.25, 8], "texture": "#0"},
				"east": {"uv": [5.75, 9.5, 6, 9.75], "texture": "#0"},
				"south": {"uv": [7.75, 5.125, 8.375, 5.375], "texture": "#0"},
				"west": {"uv": [9.5, 6, 9.75, 6.25], "texture": "#0"},
				"up": {"uv": [8.375, 5.625, 7.75, 5.375], "texture": "#0"},
				"down": {"uv": [8.375, 5.625, 7.75, 5.875], "texture": "#0"}
			}
		},
		{
			"from": [5.42956, 21.06835, 7.0021],
			"to": [10.42956, 23.06835, 9.0021],
			"rotation": {"angle": 0, "axis": "x", "origin": [8, 0.00314, 8.0021]},
			"faces": {
				"north": {"uv": [7.625, 4.875, 8.25, 5.125], "texture": "#0"},
				"east": {"uv": [5.5, 9.5, 5.75, 9.75], "texture": "#0"},
				"south": {"uv": [7.75, 0.5, 8.375, 0.75], "texture": "#0"},
				"west": {"uv": [9.5, 5.5, 9.75, 5.75], "texture": "#0"},
				"up": {"uv": [8.375, 1, 7.75, 0.75], "texture": "#0"},
				"down": {"uv": [4.625, 7.75, 4, 8], "texture": "#0"}
			}
		},
		{
			"from": [-8.52024, 7.22793, 7.0021],
			"to": [-6.52024, 12.22793, 9.0021],
			"rotation": {"angle": -22.5, "axis": "z", "origin": [8, 0.00314, 8.0021]},
			"faces": {
				"north": {"uv": [4.75, 8, 5, 8.625], "texture": "#0"},
				"east": {"uv": [5, 8, 5.25, 8.625], "texture": "#0"},
				"south": {"uv": [6.625, 8, 6.875, 8.625], "texture": "#0"},
				"west": {"uv": [6.875, 8, 7.125, 8.625], "texture": "#0"},
				"up": {"uv": [4.5, 9.875, 4.25, 9.625], "texture": "#0"},
				"down": {"uv": [4.75, 9.625, 4.5, 9.875], "texture": "#0"}
			}
		},
		{
			"from": [-11.94094, 4.97535, 7.0021],
			"to": [-9.94094, 9.97535, 9.0021],
			"rotation": {"angle": -45, "axis": "z", "origin": [8, 0.00314, 8.0021]},
			"faces": {
				"north": {"uv": [8, 2, 8.25, 2.625], "texture": "#0"},
				"east": {"uv": [4, 8, 4.25, 8.625], "texture": "#0"},
				"south": {"uv": [4.25, 8, 4.5, 8.625], "texture": "#0"},
				"west": {"uv": [4.5, 8, 4.75, 8.625], "texture": "#0"},
				"up": {"uv": [3.5, 9.875, 3.25, 9.625], "texture": "#0"},
				"down": {"uv": [3.75, 9.625, 3.5, 9.875], "texture": "#0"}
			}
		},
		{
			"from": [9.58206, 20.24236, 7.0021],
			"to": [14.58206, 22.24236, 9.0021],
			"rotation": {"angle": 22.5, "axis": "z", "origin": [8, 0.00314, 8.0021]},
			"faces": {
				"north": {"uv": [7.875, 7.125, 8.5, 7.375], "texture": "#0"},
				"east": {"uv": [9.625, 2, 9.875, 2.25], "texture": "#0"},
				"south": {"uv": [8, 0.25, 8.625, 0.5], "texture": "#0"},
				"west": {"uv": [9.625, 2.25, 9.875, 2.5], "texture": "#0"},
				"up": {"uv": [8.625, 1.75, 8, 1.5], "texture": "#0"},
				"down": {"uv": [8.625, 1.75, 8, 2], "texture": "#0"}
			}
		},
		{
			"from": [5.57044, 21.06835, 7.0021],
			"to": [10.57044, 23.06835, 9.0021],
			"rotation": {"angle": 0, "axis": "x", "origin": [8, 0.00314, 8.0021]},
			"faces": {
				"north": {"uv": [7.875, 0, 8.5, 0.25], "texture": "#0"},
				"east": {"uv": [1.5, 9.625, 1.75, 9.875], "texture": "#0"},
				"south": {"uv": [7.875, 5.875, 8.5, 6.125], "texture": "#0"},
				"west": {"uv": [1.75, 9.625, 2, 9.875], "texture": "#0"},
				"up": {"uv": [8.5, 6.875, 7.875, 6.625], "texture": "#0"},
				"down": {"uv": [8.5, 6.875, 7.875, 7.125], "texture": "#0"}
			}
		},
		{
			"from": [5.5, 21.06835, 6.93165],
			"to": [10.5, 23.06835, 8.93165],
			"rotation": {"angle": 0, "axis": "y", "origin": [8, 22.06835, 7.93165]},
			"faces": {
				"north": {"uv": [7.5, 4.125, 8.125, 4.375], "texture": "#0"},
				"east": {"uv": [3, 9.5, 3.25, 9.75], "texture": "#0"},
				"south": {"uv": [7.5, 4.375, 8.125, 4.625], "texture": "#0"},
				"west": {"uv": [9.5, 3, 9.75, 3.25], "texture": "#0"},
				"up": {"uv": [8.125, 4.875, 7.5, 4.625], "texture": "#0"},
				"down": {"uv": [5.375, 7.5, 4.75, 7.75], "texture": "#0"}
			}
		},
		{
			"from": [7, -14, -4.5],
			"to": [9, 13, -2.5],
			"rotation": {"angle": 0, "axis": "y", "origin": [8, -5.5, 8]},
			"faces": {
				"north": {"uv": [2, 0, 2.25, 3.375], "texture": "#0"},
				"east": {"uv": [2.25, 0, 2.5, 3.375], "texture": "#0"},
				"south": {"uv": [2.5, 0, 2.75, 3.375], "texture": "#0"},
				"west": {"uv": [2.75, 0, 3, 3.375], "texture": "#0"},
				"up": {"uv": [9.625, 2.5, 9.375, 2.25], "texture": "#0"},
				"down": {"uv": [3.5, 9.375, 3.25, 9.625], "texture": "#0"}
			}
		},
		{
			"from": [7, -14, 18.5],
			"to": [9, 12, 20.5],
			"rotation": {"angle": -45, "axis": "y", "origin": [8, -5.5, 8]},
			"faces": {
				"north": {"uv": [3.5, 0, 3.75, 3.25], "texture": "#0"},
				"east": {"uv": [3.5, 3.25, 3.75, 6.5], "texture": "#0"},
				"south": {"uv": [3.75, 0, 4, 3.25], "texture": "#0"},
				"west": {"uv": [3.75, 3.25, 4, 6.5], "texture": "#0"},
				"up": {"uv": [9.625, 5, 9.375, 4.75], "texture": "#0"},
				"down": {"uv": [5.25, 9.375, 5, 9.625], "texture": "#0"}
			}
		},
		{
			"from": [7, -14, -4.5],
			"to": [9, 12, -2.5],
			"rotation": {"angle": -45, "axis": "y", "origin": [8, -5.5, 8]},
			"faces": {
				"north": {"uv": [2.5, 3.375, 2.75, 6.625], "texture": "#0"},
				"east": {"uv": [2.75, 3.375, 3, 6.625], "texture": "#0"},
				"south": {"uv": [3, 3.375, 3.25, 6.625], "texture": "#0"},
				"west": {"uv": [3.25, 3.375, 3.5, 6.625], "texture": "#0"},
				"up": {"uv": [4.75, 9.625, 4.5, 9.375], "texture": "#0"},
				"down": {"uv": [5, 9.375, 4.75, 9.625], "texture": "#0"}
			}
		},
		{
			"name": "head",
			"from": [3, 0, 0.3],
			"to": [11, 8, 8.3],
			"rotation": {"angle": -22.5, "axis": "x", "origin": [7, 0, 4.3]},
			"faces": {
				"north": {"uv": [2, 2, 4, 4], "texture": "#1"},
				"east": {"uv": [0, 2, 2, 4], "texture": "#1"},
				"south": {"uv": [6, 2, 8, 4], "texture": "#1"},
				"west": {"uv": [4, 2, 6, 4], "texture": "#1"},
				"up": {"uv": [4, 2, 2, 0], "texture": "#1"},
				"down": {"uv": [6, 0, 4, 2], "texture": "#1"}
			}
		},
		{
			"name": "body",
			"from": [3, -12, 2.3],
			"to": [11, 0, 6.3],
			"rotation": {"angle": 0, "axis": "y", "origin": [-1, -8.5, -3.7]},
			"faces": {
				"north": {"uv": [5, 5, 7, 7.98], "texture": "#1"},
				"east": {"uv": [4, 5, 5, 8], "texture": "#1"},
				"south": {"uv": [8, 5, 10, 8], "texture": "#1"},
				"west": {"uv": [7, 5, 8, 7.98], "texture": "#1"},
				"up": {"uv": [7, 5, 5, 4], "texture": "#1"},
				"down": {"uv": [9, 4, 7, 5], "texture": "#1"}
			}
		},
		{
			"name": "right_arm",
			"from": [11, -12, 2.3],
			"to": [15, 0, 6.3],
			"rotation": {"angle": 0, "axis": "y", "origin": [11, 0, 4.3]},
			"faces": {
				"north": {"uv": [11, 5, 12, 8], "texture": "#1"},
				"east": {"uv": [10, 5, 11, 8], "texture": "#1"},
				"south": {"uv": [13, 5, 14, 8], "texture": "#1"},
				"west": {"uv": [12, 5, 13, 8], "texture": "#1"},
				"up": {"uv": [12, 5, 11, 4], "texture": "#1"},
				"down": {"uv": [13, 4, 12, 5], "texture": "#1"}
			}
		},
		{
			"name": "left_arm",
			"from": [-1, -12, 2.3],
			"to": [3, 0, 6.3],
			"rotation": {"angle": 0, "axis": "x", "origin": [3, 0, 4.3]},
			"faces": {
				"north": {"uv": [9, 13, 10, 16], "texture": "#1"},
				"east": {"uv": [8, 13, 9, 16], "texture": "#1"},
				"south": {"uv": [11, 13, 12, 16], "texture": "#1"},
				"west": {"uv": [10, 13, 11, 16], "texture": "#1"},
				"up": {"uv": [10, 13, 9, 12], "texture": "#1"},
				"down": {"uv": [11, 12, 10, 13], "texture": "#1"}
			}
		},
		{
			"name": "right_leg",
			"from": [7, -14, -7.7],
			"to": [11, -10, 4.3],
			"rotation": {"angle": -22.5, "axis": "y", "origin": [9, -12, 4.3]},
			"faces": {
				"north": {"uv": [3, 4, 2, 5], "rotation": 180, "texture": "#1"},
				"east": {"uv": [0, 5, 1, 8], "rotation": 270, "texture": "#1"},
				"south": {"uv": [2, 5, 1, 4], "texture": "#1"},
				"west": {"uv": [2, 5, 3, 8], "rotation": 90, "texture": "#1"},
				"up": {"uv": [1, 5, 2, 8], "rotation": 180, "texture": "#1"},
				"down": {"uv": [3, 5, 4, 8], "texture": "#1"}
			}
		},
		{
			"name": "left_leg",
			"from": [3, -14, -7.7],
			"to": [7, -10, 4.3],
			"rotation": {"angle": 0, "axis": "x", "origin": [5, -12, 4.3]},
			"faces": {
				"north": {"uv": [7, 12, 6, 13], "rotation": 180, "texture": "#1"},
				"east": {"uv": [4, 13, 5, 16], "rotation": 270, "texture": "#1"},
				"south": {"uv": [6, 13, 5, 12], "texture": "#1"},
				"west": {"uv": [6, 13, 7, 16], "rotation": 90, "texture": "#1"},
				"up": {"uv": [5, 13, 6, 16], "rotation": 180, "texture": "#1"},
				"down": {"uv": [7, 13, 8, 16], "texture": "#1"}
			}
		}
	],
	"display": {
		"thirdperson_righthand": {
			"rotation": [75, 45, 0],
			"translation": [0, 2.5, 0],
			"scale": [0.375, 0.375, 0.375]
		},
		"thirdperson_lefthand": {
			"rotation": [75, 45, 0],
			"translation": [0, 2.5, 0],
			"scale": [0.375, 0.375, 0.375]
		},
		"firstperson_righthand": {
			"rotation": [0, 45, 0],
			"scale": [0.4, 0.4, 0.4]
		},
		"firstperson_lefthand": {
			"rotation": [0, 45, 0],
			"scale": [0.4, 0.4, 0.4]
		},
		"ground": {
			"translation": [0, 7.5, 0],
			"scale": [0.41, 0.41, 0.41]
		},
		"gui": {
			"rotation": [30, 225, 0],
			"translation": [0, 2, 0],
			"scale": [0.41, 0.41, 0.41]
		},
		"head": {
			"translation": [0, -8, 0],
			"scale": [1.6, 1.6, 1.6]
		},
		"fixed": {
			"rotation": [-90, 0, 0],
			"translation": [0, 0, -53.5],
			"scale": [2.31, 2.31, 2.31]
		}
	},
	"groups": [
		{
			"name": "hexadecagon",
			"origin": [8, 8, 8],
			"color": 0,
			"children": [
				0,
				1,
				2,
				3,
				4,
				5,
				6,
				7,
				8,
				9,
				10,
				11,
				12,
				13,
				14,
				15,
				16,
				17,
				18,
				19,
				20,
				21,
				22,
				23,
				24,
				25,
				26,
				27,
				28,
				29,
				30,
				31,
				32,
				33,
				34,
				35,
				36,
				37,
				38,
				39,
				40,
				41,
				42,
				43,
				44,
				45,
				46,
				47,
				48,
				49,
				50,
				51,
				52,
				53,
				54,
				55,
				56,
				57,
				58,
				59,
				60,
				61,
				62,
				63,
				64,
				65,
				66,
				67,
				68,
				69,
				70,
				71
			]
		},
		72,
		73,
		74,
		75,
		76,
		77,
		78,
		79,
		80,
		81,
		82,
		83,
		84,
		85,
		86,
		87,
		88,
		89,
		90,
		91,
		92,
		93,
		94,
		95,
		96,
		{
			"name": "alex",
			"origin": [8, 8, 8],
			"color": 0,
			"children": []
		},
		{
			"name": "steve",
			"origin": [8, 8, 8],
			"color": 0,
			"children": []
		},
		{
			"name": "steve",
			"origin": [8, 8, 8],
			"color": 0,
			"children": [97, 98, 99, 100, 101, 102]
		}
	]
}