{
	"credit": "Made by Aiden (feignedmars4438 on discord)",
	"texture_size": [128, 128],
	"textures": {
		"0": "item/furniture/desk/laptop",
		"particle": "item/furniture/desk/laptop"
	},
	"elements": [
		{
			"from": [-9, 0, 0],
			"to": [-8, 13, 1],
			"faces": {
				"north": {"uv": [4.25, 0.5, 4.375, 2.125], "texture": "#0"},
				"east": {"uv": [4.25, 2.125, 4.375, 3.75], "texture": "#0"},
				"south": {"uv": [4.375, 0.5, 4.5, 2.125], "texture": "#0"},
				"west": {"uv": [4.375, 2.125, 4.5, 3.75], "texture": "#0"},
				"up": {"uv": [5.375, 1.75, 5.25, 1.625], "texture": "#0"},
				"down": {"uv": [5.375, 1.75, 5.25, 1.875], "texture": "#0"}
			}
		},
		{
			"from": [24, 0, 0],
			"to": [25, 13, 1],
			"rotation": {"angle": 0, "axis": "y", "origin": [16, 0, 0]},
			"faces": {
				"north": {"uv": [4.5, 0.5, 4.625, 2.125], "texture": "#0"},
				"east": {"uv": [4.5, 2.125, 4.625, 3.75], "texture": "#0"},
				"south": {"uv": [4.625, 0.5, 4.75, 2.125], "texture": "#0"},
				"west": {"uv": [4.625, 2.125, 4.75, 3.75], "texture": "#0"},
				"up": {"uv": [5.375, 2, 5.25, 1.875], "texture": "#0"},
				"down": {"uv": [5.375, 2, 5.25, 2.125], "texture": "#0"}
			}
		},
		{
			"from": [24, 0, 15],
			"to": [25, 13, 16],
			"rotation": {"angle": 0, "axis": "y", "origin": [16, 0, 0]},
			"faces": {
				"north": {"uv": [4.75, 0.5, 4.875, 2.125], "texture": "#0"},
				"east": {"uv": [4.75, 2.125, 4.875, 3.75], "texture": "#0"},
				"south": {"uv": [0, 4.875, 0.125, 6.5], "texture": "#0"},
				"west": {"uv": [0.125, 4.875, 0.25, 6.5], "texture": "#0"},
				"up": {"uv": [5.375, 2.25, 5.25, 2.125], "texture": "#0"},
				"down": {"uv": [5.375, 2.25, 5.25, 2.375], "texture": "#0"}
			}
		},
		{
			"from": [-9, 0, 15],
			"to": [-8, 13, 16],
			"faces": {
				"north": {"uv": [0.25, 4.875, 0.375, 6.5], "texture": "#0"},
				"east": {"uv": [0.375, 4.875, 0.5, 6.5], "texture": "#0"},
				"south": {"uv": [0.5, 4.875, 0.625, 6.5], "texture": "#0"},
				"west": {"uv": [4.875, 0.5, 5, 2.125], "texture": "#0"},
				"up": {"uv": [5.375, 2.5, 5.25, 2.375], "texture": "#0"},
				"down": {"uv": [5.375, 2.5, 5.25, 2.625], "texture": "#0"}
			}
		},
		{
			"from": [-9, 13, 0],
			"to": [25, 14, 16],
			"faces": {
				"north": {"uv": [4.25, 0, 8.5, 0.125], "texture": "#0"},
				"east": {"uv": [4.25, 0.25, 6.25, 0.375], "texture": "#0"},
				"south": {"uv": [4.25, 0.125, 8.5, 0.25], "texture": "#0"},
				"west": {"uv": [4.25, 0.375, 6.25, 0.5], "texture": "#0"},
				"up": {"uv": [4.25, 2, 0, 0], "texture": "#0"},
				"down": {"uv": [4.25, 2, 0, 4], "texture": "#0"}
			}
		},
		{
			"from": [-12, -0.55, 0.05],
			"to": [-11, 7.55, 0.95],
			"rotation": {"angle": -45, "axis": "z", "origin": [0, 0, 0]},
			"faces": {
				"north": {"uv": [0.625, 4.875, 0.75, 5.875], "texture": "#0"},
				"east": {"uv": [0.75, 4.875, 0.875, 5.875], "texture": "#0"},
				"south": {"uv": [0.875, 4.875, 1, 5.875], "texture": "#0"},
				"west": {"uv": [1, 4.875, 1.125, 5.875], "texture": "#0"},
				"up": {"uv": [5.375, 2.75, 5.25, 2.625], "texture": "#0"},
				"down": {"uv": [5.375, 2.75, 5.25, 2.875], "texture": "#0"}
			}
		},
		{
			"from": [27, -0.55, 0.05],
			"to": [28, 7.55, 0.95],
			"rotation": {"angle": 45, "axis": "z", "origin": [16, 0, 0]},
			"faces": {
				"north": {"uv": [1.125, 4.875, 1.25, 5.875], "texture": "#0"},
				"east": {"uv": [1.25, 4.875, 1.375, 5.875], "texture": "#0"},
				"south": {"uv": [1.375, 4.875, 1.5, 5.875], "texture": "#0"},
				"west": {"uv": [1.5, 4.875, 1.625, 5.875], "texture": "#0"},
				"up": {"uv": [5.375, 3, 5.25, 2.875], "texture": "#0"},
				"down": {"uv": [5.375, 5, 5.25, 5.125], "texture": "#0"}
			}
		},
		{
			"from": [27, -0.55, 15.05],
			"to": [28, 7.55, 15.95],
			"rotation": {"angle": 45, "axis": "z", "origin": [16, 0, 0]},
			"faces": {
				"north": {"uv": [1.625, 4.875, 1.75, 5.875], "texture": "#0"},
				"east": {"uv": [1.75, 4.875, 1.875, 5.875], "texture": "#0"},
				"south": {"uv": [1.875, 4.875, 2, 5.875], "texture": "#0"},
				"west": {"uv": [2, 4.875, 2.125, 5.875], "texture": "#0"},
				"up": {"uv": [5.375, 5.25, 5.25, 5.125], "texture": "#0"},
				"down": {"uv": [5.375, 5.25, 5.25, 5.375], "texture": "#0"}
			}
		},
		{
			"from": [-12, -0.55, 15.05],
			"to": [-11, 7.55, 15.95],
			"rotation": {"angle": -45, "axis": "z", "origin": [0, 0, 0]},
			"faces": {
				"north": {"uv": [2.125, 4.875, 2.25, 5.875], "texture": "#0"},
				"east": {"uv": [4.875, 2.125, 5, 3.125], "texture": "#0"},
				"south": {"uv": [2.25, 4.875, 2.375, 5.875], "texture": "#0"},
				"west": {"uv": [2.375, 4.875, 2.5, 5.875], "texture": "#0"},
				"up": {"uv": [5.5, 1.75, 5.375, 1.625], "texture": "#0"},
				"down": {"uv": [5.5, 1.75, 5.375, 1.875], "texture": "#0"}
			}
		},
		{
			"from": [-8.95, 6.025, -6],
			"to": [-8.05, 13.75, -5],
			"rotation": {"angle": 45, "axis": "x", "origin": [0, 0, 0]},
			"faces": {
				"north": {"uv": [2.5, 4.875, 2.625, 5.8125], "texture": "#0"},
				"east": {"uv": [2.625, 4.875, 2.75, 5.8125], "texture": "#0"},
				"south": {"uv": [2.75, 4.875, 2.875, 5.8125], "texture": "#0"},
				"west": {"uv": [2.875, 4.875, 3, 5.8125], "texture": "#0"},
				"up": {"uv": [5.5, 2, 5.375, 1.875], "texture": "#0"},
				"down": {"uv": [5.5, 2, 5.375, 2.125], "texture": "#0"}
			}
		},
		{
			"from": [-8.95, -5.275, 16],
			"to": [-8.05, 2.45, 17],
			"rotation": {"angle": -45, "axis": "x", "origin": [0, 0, 0]},
			"faces": {
				"north": {"uv": [3, 4.875, 3.125, 5.8125], "texture": "#0"},
				"east": {"uv": [3.125, 4.875, 3.25, 5.8125], "texture": "#0"},
				"south": {"uv": [3.25, 4.875, 3.375, 5.8125], "texture": "#0"},
				"west": {"uv": [3.375, 4.875, 3.5, 5.8125], "texture": "#0"},
				"up": {"uv": [5.5, 2.25, 5.375, 2.125], "texture": "#0"},
				"down": {"uv": [5.5, 2.25, 5.375, 2.375], "texture": "#0"}
			}
		},
		{
			"from": [24.05, -5.275, 16],
			"to": [24.95, 2.45, 17],
			"rotation": {"angle": -45, "axis": "x", "origin": [0, 0, 0]},
			"faces": {
				"north": {"uv": [3.5, 4.875, 3.625, 5.8125], "texture": "#0"},
				"east": {"uv": [3.625, 4.875, 3.75, 5.8125], "texture": "#0"},
				"south": {"uv": [3.75, 4.875, 3.875, 5.8125], "texture": "#0"},
				"west": {"uv": [3.875, 4.875, 4, 5.8125], "texture": "#0"},
				"up": {"uv": [5.5, 2.5, 5.375, 2.375], "texture": "#0"},
				"down": {"uv": [5.5, 2.5, 5.375, 2.625], "texture": "#0"}
			}
		},
		{
			"from": [24.05, 6.025, -6],
			"to": [24.95, 13.75, -5],
			"rotation": {"angle": 45, "axis": "x", "origin": [0, 0, 0]},
			"faces": {
				"north": {"uv": [4, 4.875, 4.125, 5.8125], "texture": "#0"},
				"east": {"uv": [4.125, 4.875, 4.25, 5.8125], "texture": "#0"},
				"south": {"uv": [4.25, 4.875, 4.375, 5.8125], "texture": "#0"},
				"west": {"uv": [4.375, 4.875, 4.5, 5.8125], "texture": "#0"},
				"up": {"uv": [5.5, 2.75, 5.375, 2.625], "texture": "#0"},
				"down": {"uv": [5.5, 2.75, 5.375, 2.875], "texture": "#0"}
			}
		},
		{
			"from": [3.05, 13.66875, 5.575],
			"to": [3.6, 14.21875, 6.125],
			"rotation": {"angle": 0, "axis": "y", "origin": [3.15, 0.16875, 10.575]},
			"faces": {
				"north": {"uv": [5.625, 2.125, 5.6875, 2.1875], "texture": "#0"},
				"east": {"uv": [5.625, 2.25, 5.6875, 2.3125], "texture": "#0"},
				"south": {"uv": [5.625, 2.375, 5.6875, 2.4375], "texture": "#0"},
				"west": {"uv": [5.625, 2.5, 5.6875, 2.5625], "texture": "#0"},
				"up": {"uv": [5.6875, 2.6875, 5.625, 2.625], "texture": "#0"},
				"down": {"uv": [5.6875, 2.75, 5.625, 2.8125], "texture": "#0"}
			}
		},
		{
			"from": [7.8625, 13.66875, 5.575],
			"to": [8.4125, 14.21875, 6.125],
			"rotation": {"angle": 0, "axis": "y", "origin": [3.15, 0.16875, 10.575]},
			"faces": {
				"north": {"uv": [5.625, 2.875, 5.6875, 2.9375], "texture": "#0"},
				"east": {"uv": [5.625, 3, 5.6875, 3.0625], "texture": "#0"},
				"south": {"uv": [5.625, 3.75, 5.6875, 3.8125], "texture": "#0"},
				"west": {"uv": [5.625, 3.875, 5.6875, 3.9375], "texture": "#0"},
				"up": {"uv": [5.6875, 4.0625, 5.625, 4], "texture": "#0"},
				"down": {"uv": [5.6875, 4.125, 5.625, 4.1875], "texture": "#0"}
			}
		},
		{
			"from": [7.175, 13.66875, 5.575],
			"to": [7.725, 14.21875, 6.125],
			"rotation": {"angle": 0, "axis": "y", "origin": [3.15, 0.16875, 10.575]},
			"faces": {
				"north": {"uv": [5.625, 4.25, 5.6875, 4.3125], "texture": "#0"},
				"east": {"uv": [5.625, 4.375, 5.6875, 4.4375], "texture": "#0"},
				"south": {"uv": [5.625, 4.5, 5.6875, 4.5625], "texture": "#0"},
				"west": {"uv": [5.625, 4.625, 5.6875, 4.6875], "texture": "#0"},
				"up": {"uv": [5.6875, 4.8125, 5.625, 4.75], "texture": "#0"},
				"down": {"uv": [5.6875, 5, 5.625, 5.0625], "texture": "#0"}
			}
		},
		{
			"from": [6.4875, 13.66875, 5.575],
			"to": [7.0375, 14.21875, 6.125],
			"rotation": {"angle": 0, "axis": "y", "origin": [3.15, 0.16875, 10.575]},
			"faces": {
				"north": {"uv": [5.625, 5.125, 5.6875, 5.1875], "texture": "#0"},
				"east": {"uv": [5.25, 5.625, 5.3125, 5.6875], "texture": "#0"},
				"south": {"uv": [5.625, 5.25, 5.6875, 5.3125], "texture": "#0"},
				"west": {"uv": [5.375, 5.625, 5.4375, 5.6875], "texture": "#0"},
				"up": {"uv": [5.6875, 5.4375, 5.625, 5.375], "texture": "#0"},
				"down": {"uv": [5.5625, 5.625, 5.5, 5.6875], "texture": "#0"}
			}
		},
		{
			"from": [5.8, 13.66875, 5.575],
			"to": [6.35, 14.21875, 6.125],
			"rotation": {"angle": 0, "axis": "y", "origin": [3.15, 0.16875, 10.575]},
			"faces": {
				"north": {"uv": [5.625, 5.5, 5.6875, 5.5625], "texture": "#0"},
				"east": {"uv": [5.625, 5.625, 5.6875, 5.6875], "texture": "#0"},
				"south": {"uv": [5.75, 1.25, 5.8125, 1.3125], "texture": "#0"},
				"west": {"uv": [5.75, 1.375, 5.8125, 1.4375], "texture": "#0"},
				"up": {"uv": [5.8125, 1.5625, 5.75, 1.5], "texture": "#0"},
				"down": {"uv": [5.8125, 1.625, 5.75, 1.6875], "texture": "#0"}
			}
		},
		{
			"from": [8.55, 13.66875, 5.575],
			"to": [9.1, 14.21875, 6.125],
			"rotation": {"angle": 0, "axis": "y", "origin": [3.15, 0.16875, 10.575]},
			"faces": {
				"north": {"uv": [5.75, 1.75, 5.8125, 1.8125], "texture": "#0"},
				"east": {"uv": [5.75, 1.875, 5.8125, 1.9375], "texture": "#0"},
				"south": {"uv": [5.75, 2, 5.8125, 2.0625], "texture": "#0"},
				"west": {"uv": [5.75, 2.125, 5.8125, 2.1875], "texture": "#0"},
				"up": {"uv": [5.8125, 2.3125, 5.75, 2.25], "texture": "#0"},
				"down": {"uv": [5.8125, 2.375, 5.75, 2.4375], "texture": "#0"}
			}
		},
		{
			"from": [9.2375, 13.66875, 5.575],
			"to": [9.7875, 14.21875, 6.125],
			"rotation": {"angle": 0, "axis": "y", "origin": [3.15, 0.16875, 10.575]},
			"faces": {
				"north": {"uv": [5.75, 2.5, 5.8125, 2.5625], "texture": "#0"},
				"east": {"uv": [5.75, 2.625, 5.8125, 2.6875], "texture": "#0"},
				"south": {"uv": [5.75, 2.75, 5.8125, 2.8125], "texture": "#0"},
				"west": {"uv": [5.75, 2.875, 5.8125, 2.9375], "texture": "#0"},
				"up": {"uv": [5.8125, 3.0625, 5.75, 3], "texture": "#0"},
				"down": {"uv": [5.8125, 3.75, 5.75, 3.8125], "texture": "#0"}
			}
		},
		{
			"from": [9.925, 13.66875, 5.575],
			"to": [10.475, 14.21875, 6.125],
			"rotation": {"angle": 0, "axis": "y", "origin": [3.15, 0.16875, 10.575]},
			"faces": {
				"north": {"uv": [5.75, 3.875, 5.8125, 3.9375], "texture": "#0"},
				"east": {"uv": [5.75, 4, 5.8125, 4.0625], "texture": "#0"},
				"south": {"uv": [5.75, 4.125, 5.8125, 4.1875], "texture": "#0"},
				"west": {"uv": [5.75, 4.25, 5.8125, 4.3125], "texture": "#0"},
				"up": {"uv": [5.8125, 4.4375, 5.75, 4.375], "texture": "#0"},
				"down": {"uv": [5.8125, 4.5, 5.75, 4.5625], "texture": "#0"}
			}
		},
		{
			"from": [10.6125, 13.66875, 5.575],
			"to": [11.1625, 14.21875, 6.125],
			"rotation": {"angle": 0, "axis": "y", "origin": [3.15, 0.16875, 10.575]},
			"faces": {
				"north": {"uv": [5.75, 4.625, 5.8125, 4.6875], "texture": "#0"},
				"east": {"uv": [5.75, 4.75, 5.8125, 4.8125], "texture": "#0"},
				"south": {"uv": [5.75, 4.875, 5.8125, 4.9375], "texture": "#0"},
				"west": {"uv": [5.75, 5, 5.8125, 5.0625], "texture": "#0"},
				"up": {"uv": [5.8125, 5.1875, 5.75, 5.125], "texture": "#0"},
				"down": {"uv": [5.3125, 5.75, 5.25, 5.8125], "texture": "#0"}
			}
		},
		{
			"from": [11.3, 13.66875, 5.575],
			"to": [11.85, 14.21875, 6.125],
			"rotation": {"angle": 0, "axis": "y", "origin": [3.15, 0.16875, 10.575]},
			"faces": {
				"north": {"uv": [5.75, 5.25, 5.8125, 5.3125], "texture": "#0"},
				"east": {"uv": [5.375, 5.75, 5.4375, 5.8125], "texture": "#0"},
				"south": {"uv": [5.75, 5.375, 5.8125, 5.4375], "texture": "#0"},
				"west": {"uv": [5.5, 5.75, 5.5625, 5.8125], "texture": "#0"},
				"up": {"uv": [5.8125, 5.5625, 5.75, 5.5], "texture": "#0"},
				"down": {"uv": [5.6875, 5.75, 5.625, 5.8125], "texture": "#0"}
			}
		},
		{
			"from": [12.4, 13.66875, 6.4],
			"to": [12.95, 14.21875, 6.95],
			"rotation": {"angle": 0, "axis": "y", "origin": [3.15, 0.16875, 10.575]},
			"faces": {
				"north": {"uv": [5.75, 5.625, 5.8125, 5.6875], "texture": "#0"},
				"east": {"uv": [5.75, 5.75, 5.8125, 5.8125], "texture": "#0"},
				"south": {"uv": [0.625, 5.875, 0.6875, 5.9375], "texture": "#0"},
				"west": {"uv": [0.75, 5.875, 0.8125, 5.9375], "texture": "#0"},
				"up": {"uv": [0.9375, 5.9375, 0.875, 5.875], "texture": "#0"},
				"down": {"uv": [1.0625, 5.875, 1, 5.9375], "texture": "#0"}
			}
		},
		{
			"from": [11.7125, 13.66875, 6.4],
			"to": [12.2625, 14.21875, 6.95],
			"rotation": {"angle": 0, "axis": "y", "origin": [3.15, 0.16875, 10.575]},
			"faces": {
				"north": {"uv": [5.875, 1, 5.9375, 1.0625], "texture": "#0"},
				"east": {"uv": [1.125, 5.875, 1.1875, 5.9375], "texture": "#0"},
				"south": {"uv": [5.875, 1.125, 5.9375, 1.1875], "texture": "#0"},
				"west": {"uv": [1.25, 5.875, 1.3125, 5.9375], "texture": "#0"},
				"up": {"uv": [5.9375, 1.3125, 5.875, 1.25], "texture": "#0"},
				"down": {"uv": [1.4375, 5.875, 1.375, 5.9375], "texture": "#0"}
			}
		},
		{
			"from": [11.025, 13.66875, 6.4],
			"to": [11.575, 14.21875, 6.95],
			"rotation": {"angle": 0, "axis": "y", "origin": [3.15, 0.16875, 10.575]},
			"faces": {
				"north": {"uv": [5.875, 1.375, 5.9375, 1.4375], "texture": "#0"},
				"east": {"uv": [1.5, 5.875, 1.5625, 5.9375], "texture": "#0"},
				"south": {"uv": [5.875, 1.5, 5.9375, 1.5625], "texture": "#0"},
				"west": {"uv": [1.625, 5.875, 1.6875, 5.9375], "texture": "#0"},
				"up": {"uv": [5.9375, 1.6875, 5.875, 1.625], "texture": "#0"},
				"down": {"uv": [1.8125, 5.875, 1.75, 5.9375], "texture": "#0"}
			}
		},
		{
			"from": [10.3375, 13.66875, 6.4],
			"to": [10.8875, 14.21875, 6.95],
			"rotation": {"angle": 0, "axis": "y", "origin": [3.15, 0.16875, 10.575]},
			"faces": {
				"north": {"uv": [5.875, 1.75, 5.9375, 1.8125], "texture": "#0"},
				"east": {"uv": [1.875, 5.875, 1.9375, 5.9375], "texture": "#0"},
				"south": {"uv": [5.875, 1.875, 5.9375, 1.9375], "texture": "#0"},
				"west": {"uv": [2, 5.875, 2.0625, 5.9375], "texture": "#0"},
				"up": {"uv": [5.9375, 2.0625, 5.875, 2], "texture": "#0"},
				"down": {"uv": [2.1875, 5.875, 2.125, 5.9375], "texture": "#0"}
			}
		},
		{
			"from": [9.65, 13.66875, 6.4],
			"to": [10.2, 14.21875, 6.95],
			"rotation": {"angle": 0, "axis": "y", "origin": [3.15, 0.16875, 10.575]},
			"faces": {
				"north": {"uv": [5.875, 2.125, 5.9375, 2.1875], "texture": "#0"},
				"east": {"uv": [2.25, 5.875, 2.3125, 5.9375], "texture": "#0"},
				"south": {"uv": [5.875, 2.25, 5.9375, 2.3125], "texture": "#0"},
				"west": {"uv": [2.375, 5.875, 2.4375, 5.9375], "texture": "#0"},
				"up": {"uv": [5.9375, 2.4375, 5.875, 2.375], "texture": "#0"},
				"down": {"uv": [2.5625, 5.875, 2.5, 5.9375], "texture": "#0"}
			}
		},
		{
			"from": [8.9625, 13.66875, 6.4],
			"to": [9.5125, 14.21875, 6.95],
			"rotation": {"angle": 0, "axis": "y", "origin": [3.15, 0.16875, 10.575]},
			"faces": {
				"north": {"uv": [5.875, 2.5, 5.9375, 2.5625], "texture": "#0"},
				"east": {"uv": [2.625, 5.875, 2.6875, 5.9375], "texture": "#0"},
				"south": {"uv": [5.875, 2.625, 5.9375, 2.6875], "texture": "#0"},
				"west": {"uv": [2.75, 5.875, 2.8125, 5.9375], "texture": "#0"},
				"up": {"uv": [5.9375, 2.8125, 5.875, 2.75], "texture": "#0"},
				"down": {"uv": [2.9375, 5.875, 2.875, 5.9375], "texture": "#0"}
			}
		},
		{
			"from": [8.275, 13.66875, 6.4],
			"to": [8.825, 14.21875, 6.95],
			"rotation": {"angle": 0, "axis": "y", "origin": [3.15, 0.16875, 10.575]},
			"faces": {
				"north": {"uv": [5.875, 2.875, 5.9375, 2.9375], "texture": "#0"},
				"east": {"uv": [3, 5.875, 3.0625, 5.9375], "texture": "#0"},
				"south": {"uv": [5.875, 3, 5.9375, 3.0625], "texture": "#0"},
				"west": {"uv": [3.125, 5.875, 3.1875, 5.9375], "texture": "#0"},
				"up": {"uv": [3.3125, 5.9375, 3.25, 5.875], "texture": "#0"},
				"down": {"uv": [3.4375, 5.875, 3.375, 5.9375], "texture": "#0"}
			}
		},
		{
			"from": [7.5875, 13.66875, 6.4],
			"to": [8.1375, 14.21875, 6.95],
			"rotation": {"angle": 0, "axis": "y", "origin": [3.15, 0.16875, 10.575]},
			"faces": {
				"north": {"uv": [3.5, 5.875, 3.5625, 5.9375], "texture": "#0"},
				"east": {"uv": [3.625, 5.875, 3.6875, 5.9375], "texture": "#0"},
				"south": {"uv": [3.75, 5.875, 3.8125, 5.9375], "texture": "#0"},
				"west": {"uv": [5.875, 3.75, 5.9375, 3.8125], "texture": "#0"},
				"up": {"uv": [3.9375, 5.9375, 3.875, 5.875], "texture": "#0"},
				"down": {"uv": [5.9375, 3.875, 5.875, 3.9375], "texture": "#0"}
			}
		},
		{
			"from": [6.9, 13.66875, 6.4],
			"to": [7.45, 14.21875, 6.95],
			"rotation": {"angle": 0, "axis": "y", "origin": [3.15, 0.16875, 10.575]},
			"faces": {
				"north": {"uv": [4, 5.875, 4.0625, 5.9375], "texture": "#0"},
				"east": {"uv": [5.875, 4, 5.9375, 4.0625], "texture": "#0"},
				"south": {"uv": [4.125, 5.875, 4.1875, 5.9375], "texture": "#0"},
				"west": {"uv": [5.875, 4.125, 5.9375, 4.1875], "texture": "#0"},
				"up": {"uv": [4.3125, 5.9375, 4.25, 5.875], "texture": "#0"},
				"down": {"uv": [5.9375, 4.25, 5.875, 4.3125], "texture": "#0"}
			}
		},
		{
			"from": [6.2125, 13.66875, 6.4],
			"to": [6.7625, 14.21875, 6.95],
			"rotation": {"angle": 0, "axis": "y", "origin": [3.15, 0.16875, 10.575]},
			"faces": {
				"north": {"uv": [4.375, 5.875, 4.4375, 5.9375], "texture": "#0"},
				"east": {"uv": [5.875, 4.375, 5.9375, 4.4375], "texture": "#0"},
				"south": {"uv": [4.5, 5.875, 4.5625, 5.9375], "texture": "#0"},
				"west": {"uv": [5.875, 4.5, 5.9375, 4.5625], "texture": "#0"},
				"up": {"uv": [4.6875, 5.9375, 4.625, 5.875], "texture": "#0"},
				"down": {"uv": [5.9375, 4.625, 5.875, 4.6875], "texture": "#0"}
			}
		},
		{
			"from": [5.525, 13.66875, 6.4],
			"to": [6.075, 14.21875, 6.95],
			"rotation": {"angle": 0, "axis": "y", "origin": [3.15, 0.16875, 10.575]},
			"faces": {
				"north": {"uv": [4.75, 5.875, 4.8125, 5.9375], "texture": "#0"},
				"east": {"uv": [5.875, 4.75, 5.9375, 4.8125], "texture": "#0"},
				"south": {"uv": [4.875, 5.875, 4.9375, 5.9375], "texture": "#0"},
				"west": {"uv": [5.875, 4.875, 5.9375, 4.9375], "texture": "#0"},
				"up": {"uv": [5.0625, 5.9375, 5, 5.875], "texture": "#0"},
				"down": {"uv": [5.9375, 5, 5.875, 5.0625], "texture": "#0"}
			}
		},
		{
			"from": [4.8375, 13.66875, 6.4],
			"to": [5.3875, 14.21875, 6.95],
			"rotation": {"angle": 0, "axis": "y", "origin": [3.15, 0.16875, 10.575]},
			"faces": {
				"north": {"uv": [5.125, 5.875, 5.1875, 5.9375], "texture": "#0"},
				"east": {"uv": [5.875, 5.125, 5.9375, 5.1875], "texture": "#0"},
				"south": {"uv": [5.25, 5.875, 5.3125, 5.9375], "texture": "#0"},
				"west": {"uv": [5.875, 5.25, 5.9375, 5.3125], "texture": "#0"},
				"up": {"uv": [5.4375, 5.9375, 5.375, 5.875], "texture": "#0"},
				"down": {"uv": [5.9375, 5.375, 5.875, 5.4375], "texture": "#0"}
			}
		},
		{
			"from": [4.15, 13.66875, 6.4],
			"to": [4.7, 14.21875, 6.95],
			"rotation": {"angle": 0, "axis": "y", "origin": [3.15, 0.16875, 10.575]},
			"faces": {
				"north": {"uv": [5.5, 5.875, 5.5625, 5.9375], "texture": "#0"},
				"east": {"uv": [5.875, 5.5, 5.9375, 5.5625], "texture": "#0"},
				"south": {"uv": [5.625, 5.875, 5.6875, 5.9375], "texture": "#0"},
				"west": {"uv": [5.875, 5.625, 5.9375, 5.6875], "texture": "#0"},
				"up": {"uv": [5.8125, 5.9375, 5.75, 5.875], "texture": "#0"},
				"down": {"uv": [5.9375, 5.75, 5.875, 5.8125], "texture": "#0"}
			}
		},
		{
			"from": [3.05, 13.66875, 6.4],
			"to": [4.0125, 14.21875, 6.95],
			"rotation": {"angle": 0, "axis": "y", "origin": [3.15, 0.16875, 10.575]},
			"faces": {
				"north": {"uv": [5.5, 2, 5.625, 2.0625], "texture": "#0"},
				"east": {"uv": [5.875, 5.875, 5.9375, 5.9375], "texture": "#0"},
				"south": {"uv": [5.5, 2.125, 5.625, 2.1875], "texture": "#0"},
				"west": {"uv": [0.625, 6, 0.6875, 6.0625], "texture": "#0"},
				"up": {"uv": [5.625, 2.3125, 5.5, 2.25], "texture": "#0"},
				"down": {"uv": [5.625, 2.375, 5.5, 2.4375], "texture": "#0"}
			}
		},
		{
			"from": [11.7125, 13.66875, 7.225],
			"to": [12.95, 14.21875, 7.775],
			"rotation": {"angle": 0, "axis": "y", "origin": [3.15, 0.16875, 10.575]},
			"faces": {
				"north": {"uv": [5.5, 2.5, 5.625, 2.5625], "texture": "#0"},
				"east": {"uv": [0.75, 6, 0.8125, 6.0625], "texture": "#0"},
				"south": {"uv": [5.5, 2.625, 5.625, 2.6875], "texture": "#0"},
				"west": {"uv": [0.875, 6, 0.9375, 6.0625], "texture": "#0"},
				"up": {"uv": [5.625, 2.8125, 5.5, 2.75], "texture": "#0"},
				"down": {"uv": [5.625, 3, 5.5, 3.0625], "texture": "#0"}
			}
		},
		{
			"from": [11.4375, 13.66875, 8.05],
			"to": [12.95, 14.21875, 8.6],
			"rotation": {"angle": 0, "axis": "y", "origin": [3.15, 0.16875, 10.575]},
			"faces": {
				"north": {"uv": [5.375, 2.875, 5.5625, 2.9375], "texture": "#0"},
				"east": {"uv": [1, 6, 1.0625, 6.0625], "texture": "#0"},
				"south": {"uv": [5.375, 5, 5.5625, 5.0625], "texture": "#0"},
				"west": {"uv": [6, 1, 6.0625, 1.0625], "texture": "#0"},
				"up": {"uv": [5.5625, 5.1875, 5.375, 5.125], "texture": "#0"},
				"down": {"uv": [5.4375, 5.375, 5.25, 5.4375], "texture": "#0"}
			}
		},
		{
			"from": [11.025, 13.66875, 7.225],
			"to": [11.575, 14.21875, 7.775],
			"rotation": {"angle": 0, "axis": "y", "origin": [3.15, 0.16875, 10.575]},
			"faces": {
				"north": {"uv": [1.125, 6, 1.1875, 6.0625], "texture": "#0"},
				"east": {"uv": [6, 1.125, 6.0625, 1.1875], "texture": "#0"},
				"south": {"uv": [1.25, 6, 1.3125, 6.0625], "texture": "#0"},
				"west": {"uv": [6, 1.25, 6.0625, 1.3125], "texture": "#0"},
				"up": {"uv": [1.4375, 6.0625, 1.375, 6], "texture": "#0"},
				"down": {"uv": [6.0625, 1.375, 6, 1.4375], "texture": "#0"}
			}
		},
		{
			"from": [8.9625, 13.66875, 7.225],
			"to": [9.5125, 14.21875, 7.775],
			"rotation": {"angle": 0, "axis": "y", "origin": [3.15, 0.16875, 10.575]},
			"faces": {
				"north": {"uv": [1.5, 6, 1.5625, 6.0625], "texture": "#0"},
				"east": {"uv": [6, 1.5, 6.0625, 1.5625], "texture": "#0"},
				"south": {"uv": [1.625, 6, 1.6875, 6.0625], "texture": "#0"},
				"west": {"uv": [6, 1.625, 6.0625, 1.6875], "texture": "#0"},
				"up": {"uv": [1.8125, 6.0625, 1.75, 6], "texture": "#0"},
				"down": {"uv": [6.0625, 1.75, 6, 1.8125], "texture": "#0"}
			}
		},
		{
			"from": [9.65, 13.66875, 7.225],
			"to": [10.2, 14.21875, 7.775],
			"rotation": {"angle": 0, "axis": "y", "origin": [3.15, 0.16875, 10.575]},
			"faces": {
				"north": {"uv": [1.875, 6, 1.9375, 6.0625], "texture": "#0"},
				"east": {"uv": [6, 1.875, 6.0625, 1.9375], "texture": "#0"},
				"south": {"uv": [2, 6, 2.0625, 6.0625], "texture": "#0"},
				"west": {"uv": [6, 2, 6.0625, 2.0625], "texture": "#0"},
				"up": {"uv": [2.1875, 6.0625, 2.125, 6], "texture": "#0"},
				"down": {"uv": [6.0625, 2.125, 6, 2.1875], "texture": "#0"}
			}
		},
		{
			"from": [10.3375, 13.66875, 7.225],
			"to": [10.8875, 14.21875, 7.775],
			"rotation": {"angle": 0, "axis": "y", "origin": [3.15, 0.16875, 10.575]},
			"faces": {
				"north": {"uv": [2.25, 6, 2.3125, 6.0625], "texture": "#0"},
				"east": {"uv": [6, 2.25, 6.0625, 2.3125], "texture": "#0"},
				"south": {"uv": [2.375, 6, 2.4375, 6.0625], "texture": "#0"},
				"west": {"uv": [6, 2.375, 6.0625, 2.4375], "texture": "#0"},
				"up": {"uv": [2.5625, 6.0625, 2.5, 6], "texture": "#0"},
				"down": {"uv": [6.0625, 2.5, 6, 2.5625], "texture": "#0"}
			}
		},
		{
			"from": [6.9, 13.66875, 7.225],
			"to": [7.45, 14.21875, 7.775],
			"rotation": {"angle": 0, "axis": "y", "origin": [3.15, 0.16875, 10.575]},
			"faces": {
				"north": {"uv": [2.625, 6, 2.6875, 6.0625], "texture": "#0"},
				"east": {"uv": [6, 2.625, 6.0625, 2.6875], "texture": "#0"},
				"south": {"uv": [2.75, 6, 2.8125, 6.0625], "texture": "#0"},
				"west": {"uv": [6, 2.75, 6.0625, 2.8125], "texture": "#0"},
				"up": {"uv": [2.9375, 6.0625, 2.875, 6], "texture": "#0"},
				"down": {"uv": [6.0625, 2.875, 6, 2.9375], "texture": "#0"}
			}
		},
		{
			"from": [7.5875, 13.66875, 7.225],
			"to": [8.1375, 14.21875, 7.775],
			"rotation": {"angle": 0, "axis": "y", "origin": [3.15, 0.16875, 10.575]},
			"faces": {
				"north": {"uv": [3, 6, 3.0625, 6.0625], "texture": "#0"},
				"east": {"uv": [6, 3, 6.0625, 3.0625], "texture": "#0"},
				"south": {"uv": [3.125, 6, 3.1875, 6.0625], "texture": "#0"},
				"west": {"uv": [3.25, 6, 3.3125, 6.0625], "texture": "#0"},
				"up": {"uv": [3.4375, 6.0625, 3.375, 6], "texture": "#0"},
				"down": {"uv": [3.5625, 6, 3.5, 6.0625], "texture": "#0"}
			}
		},
		{
			"from": [8.275, 13.66875, 7.225],
			"to": [8.825, 14.21875, 7.775],
			"rotation": {"angle": 0, "axis": "y", "origin": [3.15, 0.16875, 10.575]},
			"faces": {
				"north": {"uv": [3.625, 6, 3.6875, 6.0625], "texture": "#0"},
				"east": {"uv": [3.75, 6, 3.8125, 6.0625], "texture": "#0"},
				"south": {"uv": [6, 3.75, 6.0625, 3.8125], "texture": "#0"},
				"west": {"uv": [3.875, 6, 3.9375, 6.0625], "texture": "#0"},
				"up": {"uv": [6.0625, 3.9375, 6, 3.875], "texture": "#0"},
				"down": {"uv": [4.0625, 6, 4, 6.0625], "texture": "#0"}
			}
		},
		{
			"from": [4.8375, 13.66875, 7.225],
			"to": [5.3875, 14.21875, 7.775],
			"rotation": {"angle": 0, "axis": "y", "origin": [3.15, 0.16875, 10.575]},
			"faces": {
				"north": {"uv": [6, 4, 6.0625, 4.0625], "texture": "#0"},
				"east": {"uv": [4.125, 6, 4.1875, 6.0625], "texture": "#0"},
				"south": {"uv": [6, 4.125, 6.0625, 4.1875], "texture": "#0"},
				"west": {"uv": [4.25, 6, 4.3125, 6.0625], "texture": "#0"},
				"up": {"uv": [6.0625, 4.3125, 6, 4.25], "texture": "#0"},
				"down": {"uv": [4.4375, 6, 4.375, 6.0625], "texture": "#0"}
			}
		},
		{
			"from": [5.525, 13.66875, 7.225],
			"to": [6.075, 14.21875, 7.775],
			"rotation": {"angle": 0, "axis": "y", "origin": [3.15, 0.16875, 10.575]},
			"faces": {
				"north": {"uv": [6, 4.375, 6.0625, 4.4375], "texture": "#0"},
				"east": {"uv": [4.5, 6, 4.5625, 6.0625], "texture": "#0"},
				"south": {"uv": [6, 4.5, 6.0625, 4.5625], "texture": "#0"},
				"west": {"uv": [4.625, 6, 4.6875, 6.0625], "texture": "#0"},
				"up": {"uv": [6.0625, 4.6875, 6, 4.625], "texture": "#0"},
				"down": {"uv": [4.8125, 6, 4.75, 6.0625], "texture": "#0"}
			}
		},
		{
			"from": [6.2125, 13.66875, 7.225],
			"to": [6.7625, 14.21875, 7.775],
			"rotation": {"angle": 0, "axis": "y", "origin": [3.15, 0.16875, 10.575]},
			"faces": {
				"north": {"uv": [6, 4.75, 6.0625, 4.8125], "texture": "#0"},
				"east": {"uv": [4.875, 6, 4.9375, 6.0625], "texture": "#0"},
				"south": {"uv": [6, 4.875, 6.0625, 4.9375], "texture": "#0"},
				"west": {"uv": [5, 6, 5.0625, 6.0625], "texture": "#0"},
				"up": {"uv": [6.0625, 5.0625, 6, 5], "texture": "#0"},
				"down": {"uv": [5.1875, 6, 5.125, 6.0625], "texture": "#0"}
			}
		},
		{
			"from": [3.05, 13.66875, 7.225],
			"to": [4.0125, 14.21875, 7.775],
			"rotation": {"angle": 0, "axis": "y", "origin": [3.15, 0.16875, 10.575]},
			"faces": {
				"north": {"uv": [5.5, 4, 5.625, 4.0625], "texture": "#0"},
				"east": {"uv": [6, 5.125, 6.0625, 5.1875], "texture": "#0"},
				"south": {"uv": [5.5, 4.125, 5.625, 4.1875], "texture": "#0"},
				"west": {"uv": [5.25, 6, 5.3125, 6.0625], "texture": "#0"},
				"up": {"uv": [5.625, 4.3125, 5.5, 4.25], "texture": "#0"},
				"down": {"uv": [5.625, 4.375, 5.5, 4.4375], "texture": "#0"}
			}
		},
		{
			"from": [4.15, 13.66875, 7.225],
			"to": [4.7, 14.21875, 7.775],
			"rotation": {"angle": 0, "axis": "y", "origin": [3.15, 0.16875, 10.575]},
			"faces": {
				"north": {"uv": [6, 5.25, 6.0625, 5.3125], "texture": "#0"},
				"east": {"uv": [5.375, 6, 5.4375, 6.0625], "texture": "#0"},
				"south": {"uv": [6, 5.375, 6.0625, 5.4375], "texture": "#0"},
				"west": {"uv": [5.5, 6, 5.5625, 6.0625], "texture": "#0"},
				"up": {"uv": [6.0625, 5.5625, 6, 5.5], "texture": "#0"},
				"down": {"uv": [5.6875, 6, 5.625, 6.0625], "texture": "#0"}
			}
		},
		{
			"from": [5.9375, 13.66875, 8.05],
			"to": [6.4875, 14.21875, 8.6],
			"rotation": {"angle": 0, "axis": "y", "origin": [3.15, 0.16875, 10.575]},
			"faces": {
				"north": {"uv": [6, 5.625, 6.0625, 5.6875], "texture": "#0"},
				"east": {"uv": [5.75, 6, 5.8125, 6.0625], "texture": "#0"},
				"south": {"uv": [6, 5.75, 6.0625, 5.8125], "texture": "#0"},
				"west": {"uv": [5.875, 6, 5.9375, 6.0625], "texture": "#0"},
				"up": {"uv": [6.0625, 5.9375, 6, 5.875], "texture": "#0"},
				"down": {"uv": [6.0625, 6, 6, 6.0625], "texture": "#0"}
			}
		},
		{
			"from": [8, 13.66875, 8.05],
			"to": [8.55, 14.21875, 8.6],
			"rotation": {"angle": 0, "axis": "y", "origin": [3.15, 0.16875, 10.575]},
			"faces": {
				"north": {"uv": [0.625, 6.125, 0.6875, 6.1875], "texture": "#0"},
				"east": {"uv": [0.75, 6.125, 0.8125, 6.1875], "texture": "#0"},
				"south": {"uv": [0.875, 6.125, 0.9375, 6.1875], "texture": "#0"},
				"west": {"uv": [1, 6.125, 1.0625, 6.1875], "texture": "#0"},
				"up": {"uv": [6.1875, 1.0625, 6.125, 1], "texture": "#0"},
				"down": {"uv": [1.1875, 6.125, 1.125, 6.1875], "texture": "#0"}
			}
		},
		{
			"from": [7.3125, 13.66875, 8.05],
			"to": [7.8625, 14.21875, 8.6],
			"rotation": {"angle": 0, "axis": "y", "origin": [3.15, 0.16875, 10.575]},
			"faces": {
				"north": {"uv": [6.125, 1.125, 6.1875, 1.1875], "texture": "#0"},
				"east": {"uv": [1.25, 6.125, 1.3125, 6.1875], "texture": "#0"},
				"south": {"uv": [6.125, 1.25, 6.1875, 1.3125], "texture": "#0"},
				"west": {"uv": [1.375, 6.125, 1.4375, 6.1875], "texture": "#0"},
				"up": {"uv": [6.1875, 1.4375, 6.125, 1.375], "texture": "#0"},
				"down": {"uv": [1.5625, 6.125, 1.5, 6.1875], "texture": "#0"}
			}
		},
		{
			"from": [6.625, 13.66875, 8.05],
			"to": [7.175, 14.21875, 8.6],
			"rotation": {"angle": 0, "axis": "y", "origin": [3.15, 0.16875, 10.575]},
			"faces": {
				"north": {"uv": [6.125, 1.5, 6.1875, 1.5625], "texture": "#0"},
				"east": {"uv": [1.625, 6.125, 1.6875, 6.1875], "texture": "#0"},
				"south": {"uv": [6.125, 1.625, 6.1875, 1.6875], "texture": "#0"},
				"west": {"uv": [1.75, 6.125, 1.8125, 6.1875], "texture": "#0"},
				"up": {"uv": [6.1875, 1.8125, 6.125, 1.75], "texture": "#0"},
				"down": {"uv": [1.9375, 6.125, 1.875, 6.1875], "texture": "#0"}
			}
		},
		{
			"from": [10.0625, 13.66875, 8.05],
			"to": [10.6125, 14.21875, 8.6],
			"rotation": {"angle": 0, "axis": "y", "origin": [3.15, 0.16875, 10.575]},
			"faces": {
				"north": {"uv": [6.125, 1.875, 6.1875, 1.9375], "texture": "#0"},
				"east": {"uv": [2, 6.125, 2.0625, 6.1875], "texture": "#0"},
				"south": {"uv": [6.125, 2, 6.1875, 2.0625], "texture": "#0"},
				"west": {"uv": [2.125, 6.125, 2.1875, 6.1875], "texture": "#0"},
				"up": {"uv": [6.1875, 2.1875, 6.125, 2.125], "texture": "#0"},
				"down": {"uv": [2.3125, 6.125, 2.25, 6.1875], "texture": "#0"}
			}
		},
		{
			"from": [9.375, 13.66875, 8.05],
			"to": [9.925, 14.21875, 8.6],
			"rotation": {"angle": 0, "axis": "y", "origin": [3.15, 0.16875, 10.575]},
			"faces": {
				"north": {"uv": [6.125, 2.25, 6.1875, 2.3125], "texture": "#0"},
				"east": {"uv": [2.375, 6.125, 2.4375, 6.1875], "texture": "#0"},
				"south": {"uv": [6.125, 2.375, 6.1875, 2.4375], "texture": "#0"},
				"west": {"uv": [2.5, 6.125, 2.5625, 6.1875], "texture": "#0"},
				"up": {"uv": [6.1875, 2.5625, 6.125, 2.5], "texture": "#0"},
				"down": {"uv": [2.6875, 6.125, 2.625, 6.1875], "texture": "#0"}
			}
		},
		{
			"from": [8.6875, 13.66875, 8.05],
			"to": [9.2375, 14.21875, 8.6],
			"rotation": {"angle": 0, "axis": "y", "origin": [3.15, 0.16875, 10.575]},
			"faces": {
				"north": {"uv": [6.125, 2.625, 6.1875, 2.6875], "texture": "#0"},
				"east": {"uv": [2.75, 6.125, 2.8125, 6.1875], "texture": "#0"},
				"south": {"uv": [6.125, 2.75, 6.1875, 2.8125], "texture": "#0"},
				"west": {"uv": [2.875, 6.125, 2.9375, 6.1875], "texture": "#0"},
				"up": {"uv": [6.1875, 2.9375, 6.125, 2.875], "texture": "#0"},
				"down": {"uv": [3.0625, 6.125, 3, 6.1875], "texture": "#0"}
			}
		},
		{
			"from": [10.75, 13.66875, 8.05],
			"to": [11.3, 14.21875, 8.6],
			"rotation": {"angle": 0, "axis": "y", "origin": [3.15, 0.16875, 10.575]},
			"faces": {
				"north": {"uv": [6.125, 3, 6.1875, 3.0625], "texture": "#0"},
				"east": {"uv": [3.125, 6.125, 3.1875, 6.1875], "texture": "#0"},
				"south": {"uv": [3.25, 6.125, 3.3125, 6.1875], "texture": "#0"},
				"west": {"uv": [3.375, 6.125, 3.4375, 6.1875], "texture": "#0"},
				"up": {"uv": [6.1875, 3.4375, 6.125, 3.375], "texture": "#0"},
				"down": {"uv": [3.5625, 6.125, 3.5, 6.1875], "texture": "#0"}
			}
		},
		{
			"from": [4.5625, 13.66875, 8.05],
			"to": [5.1125, 14.21875, 8.6],
			"rotation": {"angle": 0, "axis": "y", "origin": [3.15, 0.16875, 10.575]},
			"faces": {
				"north": {"uv": [6.125, 3.5, 6.1875, 3.5625], "texture": "#0"},
				"east": {"uv": [3.625, 6.125, 3.6875, 6.1875], "texture": "#0"},
				"south": {"uv": [6.125, 3.625, 6.1875, 3.6875], "texture": "#0"},
				"west": {"uv": [3.75, 6.125, 3.8125, 6.1875], "texture": "#0"},
				"up": {"uv": [6.1875, 3.8125, 6.125, 3.75], "texture": "#0"},
				"down": {"uv": [3.9375, 6.125, 3.875, 6.1875], "texture": "#0"}
			}
		},
		{
			"from": [3.05, 13.66875, 8.05],
			"to": [4.425, 14.21875, 8.6],
			"rotation": {"angle": 0, "axis": "y", "origin": [3.15, 0.16875, 10.575]},
			"faces": {
				"north": {"uv": [5.375, 5.25, 5.5625, 5.3125], "texture": "#0"},
				"east": {"uv": [6.125, 3.875, 6.1875, 3.9375], "texture": "#0"},
				"south": {"uv": [5.5, 1.625, 5.6875, 1.6875], "texture": "#0"},
				"west": {"uv": [4, 6.125, 4.0625, 6.1875], "texture": "#0"},
				"up": {"uv": [5.6875, 1.8125, 5.5, 1.75], "texture": "#0"},
				"down": {"uv": [5.6875, 1.875, 5.5, 1.9375], "texture": "#0"}
			}
		},
		{
			"from": [5.25, 13.66875, 8.05],
			"to": [5.8, 14.21875, 8.6],
			"rotation": {"angle": 0, "axis": "y", "origin": [3.15, 0.16875, 10.575]},
			"faces": {
				"north": {"uv": [6.125, 4, 6.1875, 4.0625], "texture": "#0"},
				"east": {"uv": [4.125, 6.125, 4.1875, 6.1875], "texture": "#0"},
				"south": {"uv": [6.125, 4.125, 6.1875, 4.1875], "texture": "#0"},
				"west": {"uv": [4.25, 6.125, 4.3125, 6.1875], "texture": "#0"},
				"up": {"uv": [6.1875, 4.3125, 6.125, 4.25], "texture": "#0"},
				"down": {"uv": [4.4375, 6.125, 4.375, 6.1875], "texture": "#0"}
			}
		},
		{
			"from": [4.425, 13.66875, 8.875],
			"to": [4.975, 14.21875, 9.425],
			"rotation": {"angle": 0, "axis": "y", "origin": [3.15, 0.16875, 10.575]},
			"faces": {
				"north": {"uv": [6.125, 4.375, 6.1875, 4.4375], "texture": "#0"},
				"east": {"uv": [4.5, 6.125, 4.5625, 6.1875], "texture": "#0"},
				"south": {"uv": [6.125, 4.5, 6.1875, 4.5625], "texture": "#0"},
				"west": {"uv": [4.625, 6.125, 4.6875, 6.1875], "texture": "#0"},
				"up": {"uv": [6.1875, 4.6875, 6.125, 4.625], "texture": "#0"},
				"down": {"uv": [4.8125, 6.125, 4.75, 6.1875], "texture": "#0"}
			}
		},
		{
			"from": [5.1125, 13.66875, 8.875],
			"to": [5.6625, 14.21875, 9.425],
			"rotation": {"angle": 0, "axis": "y", "origin": [3.15, 0.16875, 10.575]},
			"faces": {
				"north": {"uv": [6.125, 4.75, 6.1875, 4.8125], "texture": "#0"},
				"east": {"uv": [4.875, 6.125, 4.9375, 6.1875], "texture": "#0"},
				"south": {"uv": [6.125, 4.875, 6.1875, 4.9375], "texture": "#0"},
				"west": {"uv": [5, 6.125, 5.0625, 6.1875], "texture": "#0"},
				"up": {"uv": [6.1875, 5.0625, 6.125, 5], "texture": "#0"},
				"down": {"uv": [5.1875, 6.125, 5.125, 6.1875], "texture": "#0"}
			}
		},
		{
			"from": [5.8, 13.66875, 8.875],
			"to": [9.1, 14.21875, 9.425],
			"rotation": {"angle": 0, "axis": "y", "origin": [3.15, 0.16875, 10.575]},
			"faces": {
				"north": {"uv": [5, 3, 5.4375, 3.0625], "texture": "#0"},
				"east": {"uv": [6.125, 5.125, 6.1875, 5.1875], "texture": "#0"},
				"south": {"uv": [5.25, 1.25, 5.6875, 1.3125], "texture": "#0"},
				"west": {"uv": [5.25, 6.125, 5.3125, 6.1875], "texture": "#0"},
				"up": {"uv": [5.6875, 1.4375, 5.25, 1.375], "texture": "#0"},
				"down": {"uv": [5.6875, 1.5, 5.25, 1.5625], "texture": "#0"}
			}
		},
		{
			"from": [3.7375, 13.66875, 8.875],
			"to": [4.2875, 14.21875, 9.425],
			"rotation": {"angle": 0, "axis": "y", "origin": [3.15, 0.16875, 10.575]},
			"faces": {
				"north": {"uv": [6.125, 5.25, 6.1875, 5.3125], "texture": "#0"},
				"east": {"uv": [5.375, 6.125, 5.4375, 6.1875], "texture": "#0"},
				"south": {"uv": [6.125, 5.375, 6.1875, 5.4375], "texture": "#0"},
				"west": {"uv": [5.5, 6.125, 5.5625, 6.1875], "texture": "#0"},
				"up": {"uv": [6.1875, 5.5625, 6.125, 5.5], "texture": "#0"},
				"down": {"uv": [5.6875, 6.125, 5.625, 6.1875], "texture": "#0"}
			}
		},
		{
			"from": [3.05, 13.66875, 8.875],
			"to": [3.6, 14.21875, 9.425],
			"rotation": {"angle": 0, "axis": "y", "origin": [3.15, 0.16875, 10.575]},
			"faces": {
				"north": {"uv": [6.125, 5.625, 6.1875, 5.6875], "texture": "#0"},
				"east": {"uv": [5.75, 6.125, 5.8125, 6.1875], "texture": "#0"},
				"south": {"uv": [6.125, 5.75, 6.1875, 5.8125], "texture": "#0"},
				"west": {"uv": [5.875, 6.125, 5.9375, 6.1875], "texture": "#0"},
				"up": {"uv": [6.1875, 5.9375, 6.125, 5.875], "texture": "#0"},
				"down": {"uv": [6.0625, 6.125, 6, 6.1875], "texture": "#0"}
			}
		},
		{
			"from": [9.2375, 13.66875, 8.875],
			"to": [9.7875, 14.21875, 9.425],
			"rotation": {"angle": 0, "axis": "y", "origin": [3.15, 0.16875, 10.575]},
			"faces": {
				"north": {"uv": [6.125, 6, 6.1875, 6.0625], "texture": "#0"},
				"east": {"uv": [6.125, 6.125, 6.1875, 6.1875], "texture": "#0"},
				"south": {"uv": [6.25, 0.25, 6.3125, 0.3125], "texture": "#0"},
				"west": {"uv": [6.25, 0.375, 6.3125, 0.4375], "texture": "#0"},
				"up": {"uv": [6.3125, 0.5625, 6.25, 0.5], "texture": "#0"},
				"down": {"uv": [0.6875, 6.25, 0.625, 6.3125], "texture": "#0"}
			}
		},
		{
			"from": [9.925, 13.66875, 8.875],
			"to": [10.475, 14.21875, 9.425],
			"rotation": {"angle": 0, "axis": "y", "origin": [3.15, 0.16875, 10.575]},
			"faces": {
				"north": {"uv": [6.25, 0.625, 6.3125, 0.6875], "texture": "#0"},
				"east": {"uv": [0.75, 6.25, 0.8125, 6.3125], "texture": "#0"},
				"south": {"uv": [6.25, 0.75, 6.3125, 0.8125], "texture": "#0"},
				"west": {"uv": [0.875, 6.25, 0.9375, 6.3125], "texture": "#0"},
				"up": {"uv": [6.3125, 0.9375, 6.25, 0.875], "texture": "#0"},
				"down": {"uv": [1.0625, 6.25, 1, 6.3125], "texture": "#0"}
			}
		},
		{
			"from": [11.3, 13.66875, 8.875],
			"to": [11.85, 14.21875, 9.425],
			"rotation": {"angle": 0, "axis": "y", "origin": [3.15, 0.16875, 10.575]},
			"faces": {
				"north": {"uv": [6.25, 1, 6.3125, 1.0625], "texture": "#0"},
				"east": {"uv": [1.125, 6.25, 1.1875, 6.3125], "texture": "#0"},
				"south": {"uv": [6.25, 1.125, 6.3125, 1.1875], "texture": "#0"},
				"west": {"uv": [1.25, 6.25, 1.3125, 6.3125], "texture": "#0"},
				"up": {"uv": [6.3125, 1.3125, 6.25, 1.25], "texture": "#0"},
				"down": {"uv": [1.4375, 6.25, 1.375, 6.3125], "texture": "#0"}
			}
		},
		{
			"from": [11.9875, 13.66875, 8.875],
			"to": [12.95, 14.21875, 9.425],
			"rotation": {"angle": 0, "axis": "y", "origin": [3.15, 0.16875, 10.575]},
			"faces": {
				"north": {"uv": [5.5, 4.5, 5.625, 4.5625], "texture": "#0"},
				"east": {"uv": [6.25, 1.375, 6.3125, 1.4375], "texture": "#0"},
				"south": {"uv": [5.5, 4.625, 5.625, 4.6875], "texture": "#0"},
				"west": {"uv": [1.5, 6.25, 1.5625, 6.3125], "texture": "#0"},
				"up": {"uv": [5.625, 4.8125, 5.5, 4.75], "texture": "#0"},
				"down": {"uv": [5.375, 5.5, 5.25, 5.5625], "texture": "#0"}
			}
		},
		{
			"from": [10.6125, 13.66875, 8.875],
			"to": [11.1625, 14.21875, 9.425],
			"rotation": {"angle": 0, "axis": "y", "origin": [3.15, 0.16875, 10.575]},
			"faces": {
				"north": {"uv": [6.25, 1.5, 6.3125, 1.5625], "texture": "#0"},
				"east": {"uv": [1.625, 6.25, 1.6875, 6.3125], "texture": "#0"},
				"south": {"uv": [6.25, 1.625, 6.3125, 1.6875], "texture": "#0"},
				"west": {"uv": [1.75, 6.25, 1.8125, 6.3125], "texture": "#0"},
				"up": {"uv": [6.3125, 1.8125, 6.25, 1.75], "texture": "#0"},
				"down": {"uv": [1.9375, 6.25, 1.875, 6.3125], "texture": "#0"}
			}
		},
		{
			"from": [11.9875, 13.66875, 5.575],
			"to": [12.95, 14.21875, 6.125],
			"rotation": {"angle": 0, "axis": "y", "origin": [3.15, 0.16875, 10.575]},
			"faces": {
				"north": {"uv": [5.375, 5.5, 5.5, 5.5625], "texture": "#0"},
				"east": {"uv": [6.25, 1.875, 6.3125, 1.9375], "texture": "#0"},
				"south": {"uv": [5.5, 5.375, 5.625, 5.4375], "texture": "#0"},
				"west": {"uv": [2, 6.25, 2.0625, 6.3125], "texture": "#0"},
				"up": {"uv": [5.625, 5.5625, 5.5, 5.5], "texture": "#0"},
				"down": {"uv": [5.75, 2, 5.625, 2.0625], "texture": "#0"}
			}
		},
		{
			"from": [3.7375, 13.66875, 5.575],
			"to": [4.2875, 14.21875, 6.125],
			"rotation": {"angle": 0, "axis": "y", "origin": [3.15, 0.16875, 10.575]},
			"faces": {
				"north": {"uv": [6.25, 2, 6.3125, 2.0625], "texture": "#0"},
				"east": {"uv": [2.125, 6.25, 2.1875, 6.3125], "texture": "#0"},
				"south": {"uv": [6.25, 2.125, 6.3125, 2.1875], "texture": "#0"},
				"west": {"uv": [2.25, 6.25, 2.3125, 6.3125], "texture": "#0"},
				"up": {"uv": [6.3125, 2.3125, 6.25, 2.25], "texture": "#0"},
				"down": {"uv": [2.4375, 6.25, 2.375, 6.3125], "texture": "#0"}
			}
		},
		{
			"from": [4.425, 13.66875, 5.575],
			"to": [4.975, 14.21875, 6.125],
			"rotation": {"angle": 0, "axis": "y", "origin": [3.15, 0.16875, 10.575]},
			"faces": {
				"north": {"uv": [6.25, 2.375, 6.3125, 2.4375], "texture": "#0"},
				"east": {"uv": [2.5, 6.25, 2.5625, 6.3125], "texture": "#0"},
				"south": {"uv": [6.25, 2.5, 6.3125, 2.5625], "texture": "#0"},
				"west": {"uv": [2.625, 6.25, 2.6875, 6.3125], "texture": "#0"},
				"up": {"uv": [6.3125, 2.6875, 6.25, 2.625], "texture": "#0"},
				"down": {"uv": [2.8125, 6.25, 2.75, 6.3125], "texture": "#0"}
			}
		},
		{
			"from": [5.1125, 13.66875, 5.575],
			"to": [5.6625, 14.21875, 6.125],
			"rotation": {"angle": 0, "axis": "y", "origin": [3.15, 0.16875, 10.575]},
			"faces": {
				"north": {"uv": [6.25, 2.75, 6.3125, 2.8125], "texture": "#0"},
				"east": {"uv": [2.875, 6.25, 2.9375, 6.3125], "texture": "#0"},
				"south": {"uv": [6.25, 2.875, 6.3125, 2.9375], "texture": "#0"},
				"west": {"uv": [3, 6.25, 3.0625, 6.3125], "texture": "#0"},
				"up": {"uv": [6.3125, 3.0625, 6.25, 3], "texture": "#0"},
				"down": {"uv": [3.1875, 6.25, 3.125, 6.3125], "texture": "#0"}
			}
		},
		{
			"from": [2.5, 13.91875, 5.025],
			"to": [13.5, 14.19375, 11.975],
			"rotation": {"angle": 0, "axis": "y", "origin": [3.15, 0.16875, 10.575]},
			"faces": {
				"north": {"uv": [4.25, 3.75, 5.625, 3.8125], "texture": "#0"},
				"east": {"uv": [5, 1, 5.875, 1.0625], "texture": "#0"},
				"south": {"uv": [4.25, 3.875, 5.625, 3.9375], "texture": "#0"},
				"west": {"uv": [5, 1.125, 5.875, 1.1875], "texture": "#0"},
				"up": {"uv": [1.375, 4.875, 0, 4], "texture": "#0"},
				"down": {"uv": [2.75, 4, 1.375, 4.875], "texture": "#0"}
			}
		},
		{
			"from": [2.5, 14.05625, 4.8625],
			"to": [13.5, 21.00625, 5.1375],
			"rotation": {"angle": 0, "axis": "y", "origin": [8, 14.05625, 8.5]},
			"faces": {
				"north": {"uv": [2.75, 4, 4.125, 4.875], "texture": "#0"},
				"east": {"uv": [5, 1.25, 5.0625, 2.125], "texture": "#0"},
				"south": {"uv": [4.125, 4, 5.5, 4.875], "texture": "#0"},
				"west": {"uv": [5, 2.125, 5.0625, 3], "texture": "#0"},
				"up": {"uv": [6.25, 3.1875, 4.875, 3.125], "texture": "#0"},
				"down": {"uv": [6.25, 3.25, 4.875, 3.3125], "texture": "#0"}
			}
		},
		{
			"from": [13, 14.05625, 5.1375],
			"to": [13.5, 21.00625, 5.2875],
			"rotation": {"angle": 0, "axis": "y", "origin": [8, 14.05625, 8.5]},
			"faces": {
				"north": {"uv": [4.5, 5, 4.5625, 5.875], "texture": "#0"},
				"east": {"uv": [4.625, 5, 4.6875, 5.875], "texture": "#0"},
				"south": {"uv": [4.75, 5, 4.8125, 5.875], "texture": "#0"},
				"west": {"uv": [4.875, 5, 4.9375, 5.875], "texture": "#0"},
				"up": {"uv": [6.3125, 3.1875, 6.25, 3.125], "texture": "#0"},
				"down": {"uv": [3.3125, 6.25, 3.25, 6.3125], "texture": "#0"}
			}
		},
		{
			"from": [2.5, 14.05625, 5.1375],
			"to": [3, 21.00625, 5.2875],
			"rotation": {"angle": 0, "axis": "y", "origin": [7.5, 14.05625, 8.5]},
			"faces": {
				"north": {"uv": [5, 5, 5.0625, 5.875], "texture": "#0"},
				"east": {"uv": [5.125, 1.25, 5.1875, 2.125], "texture": "#0"},
				"south": {"uv": [5.125, 2.125, 5.1875, 3], "texture": "#0"},
				"west": {"uv": [5.125, 5, 5.1875, 5.875], "texture": "#0"},
				"up": {"uv": [6.3125, 3.3125, 6.25, 3.25], "texture": "#0"},
				"down": {"uv": [3.4375, 6.25, 3.375, 6.3125], "texture": "#0"}
			}
		},
		{
			"from": [3, 20.50625, 5.1375],
			"to": [13, 21.00625, 5.2875],
			"rotation": {"angle": 0, "axis": "y", "origin": [6.05, 16.00625, 8.5]},
			"faces": {
				"north": {"uv": [4.875, 3.375, 6.125, 3.4375], "texture": "#0"},
				"east": {"uv": [6.25, 3.375, 6.3125, 3.4375], "texture": "#0"},
				"south": {"uv": [4.875, 3.5, 6.125, 3.5625], "texture": "#0"},
				"west": {"uv": [3.5, 6.25, 3.5625, 6.3125], "texture": "#0"},
				"up": {"uv": [6.125, 3.6875, 4.875, 3.625], "texture": "#0"},
				"down": {"uv": [5.75, 4.875, 4.5, 4.9375], "texture": "#0"}
			}
		},
		{
			"from": [3, 14.00625, 5.1375],
			"to": [13, 14.50625, 5.2875],
			"rotation": {"angle": 0, "axis": "y", "origin": [6.05, 16.00625, 8.5]},
			"faces": {
				"north": {"uv": [5, 0.5, 6.25, 0.5625], "texture": "#0"},
				"east": {"uv": [6.25, 3.5, 6.3125, 3.5625], "texture": "#0"},
				"south": {"uv": [5, 0.625, 6.25, 0.6875], "texture": "#0"},
				"west": {"uv": [3.625, 6.25, 3.6875, 6.3125], "texture": "#0"},
				"up": {"uv": [6.25, 0.8125, 5, 0.75], "texture": "#0"},
				"down": {"uv": [6.25, 0.875, 5, 0.9375], "texture": "#0"}
			}
		},
		{
			"name": "text_91812",
			"from": [5.225, 18.5, 5],
			"to": [6.475, 19, 5.2],
			"rotation": {"angle": 0, "axis": "y", "origin": [8, 8, 8]},
			"faces": {
				"north": {"uv": [1.8125, 7.25, 1.9375, 7.375], "texture": "#0"},
				"east": {"uv": [1.8125, 7.25, 1.9375, 7.375], "texture": "#0"},
				"south": {"uv": [1.8125, 7.25, 1.9375, 7.375], "texture": "#0"},
				"west": {"uv": [1.8125, 7.25, 1.9375, 7.375], "texture": "#0"},
				"up": {"uv": [1.8125, 7.25, 1.9375, 7.375], "rotation": 180, "texture": "#0"},
				"down": {"uv": [1.8125, 7.25, 1.9375, 7.375], "rotation": 180, "texture": "#0"}
			}
		},
		{
			"name": "text_91812",
			"from": [5.225, 17.75, 5],
			"to": [5.975, 18.25, 5.2],
			"rotation": {"angle": 0, "axis": "y", "origin": [8, 8, 8]},
			"faces": {
				"north": {"uv": [1.8125, 7.25, 1.9375, 7.375], "texture": "#0"},
				"east": {"uv": [1.8125, 7.25, 1.9375, 7.375], "texture": "#0"},
				"south": {"uv": [1.8125, 7.25, 1.9375, 7.375], "texture": "#0"},
				"west": {"uv": [1.8125, 7.25, 1.9375, 7.375], "texture": "#0"},
				"up": {"uv": [1.8125, 7.25, 1.9375, 7.375], "rotation": 180, "texture": "#0"},
				"down": {"uv": [1.8125, 7.25, 1.9375, 7.375], "rotation": 180, "texture": "#0"}
			}
		},
		{
			"name": "text_91812",
			"from": [5.225, 17, 5],
			"to": [5.975, 17.5, 5.2],
			"rotation": {"angle": 0, "axis": "y", "origin": [8, 8, 8]},
			"faces": {
				"north": {"uv": [1.8125, 7.25, 1.9375, 7.375], "texture": "#0"},
				"east": {"uv": [1.8125, 7.25, 1.9375, 7.375], "texture": "#0"},
				"south": {"uv": [1.8125, 7.25, 1.9375, 7.375], "texture": "#0"},
				"west": {"uv": [1.8125, 7.25, 1.9375, 7.375], "texture": "#0"},
				"up": {"uv": [1.8125, 7.25, 1.9375, 7.375], "rotation": 180, "texture": "#0"},
				"down": {"uv": [1.8125, 7.25, 1.9375, 7.375], "rotation": 180, "texture": "#0"}
			}
		},
		{
			"name": "text_91812",
			"from": [5.225, 18.25, 5],
			"to": [5.725, 18.5, 5.2],
			"rotation": {"angle": 0, "axis": "y", "origin": [8, 8, 8]},
			"faces": {
				"north": {"uv": [1.8125, 7.25, 1.9375, 7.375], "texture": "#0"},
				"east": {"uv": [1.8125, 7.25, 1.9375, 7.375], "texture": "#0"},
				"south": {"uv": [1.8125, 7.25, 1.9375, 7.375], "texture": "#0"},
				"west": {"uv": [1.8125, 7.25, 1.9375, 7.375], "texture": "#0"},
				"up": {"uv": [1.8125, 7.25, 1.9375, 7.375], "rotation": 180, "texture": "#0"},
				"down": {"uv": [1.8125, 7.25, 1.9375, 7.375], "rotation": 180, "texture": "#0"}
			}
		},
		{
			"name": "text_91812",
			"from": [5.975, 17, 5],
			"to": [6.475, 18.5, 5.2],
			"rotation": {"angle": 0, "axis": "y", "origin": [8, 8, 8]},
			"faces": {
				"north": {"uv": [1.8125, 7.25, 1.9375, 7.375], "texture": "#0"},
				"east": {"uv": [1.8125, 7.25, 1.9375, 7.375], "texture": "#0"},
				"south": {"uv": [1.8125, 7.25, 1.9375, 7.375], "texture": "#0"},
				"west": {"uv": [1.8125, 7.25, 1.9375, 7.375], "texture": "#0"},
				"up": {"uv": [1.8125, 7.25, 1.9375, 7.375], "rotation": 180, "texture": "#0"},
				"down": {"uv": [1.8125, 7.25, 1.9375, 7.375], "rotation": 180, "texture": "#0"}
			}
		},
		{
			"name": "text_91812",
			"from": [6.55, 18.25, 5],
			"to": [6.8, 18.75, 5.2],
			"rotation": {"angle": 0, "axis": "y", "origin": [8, 8, 8]},
			"faces": {
				"north": {"uv": [1.8125, 7.25, 1.9375, 7.375], "texture": "#0"},
				"east": {"uv": [1.8125, 7.25, 1.9375, 7.375], "texture": "#0"},
				"south": {"uv": [1.8125, 7.25, 1.9375, 7.375], "texture": "#0"},
				"west": {"uv": [1.8125, 7.25, 1.9375, 7.375], "texture": "#0"},
				"up": {"uv": [1.8125, 7.25, 1.9375, 7.375], "rotation": 180, "texture": "#0"},
				"down": {"uv": [1.8125, 7.25, 1.9375, 7.375], "rotation": 180, "texture": "#0"}
			}
		},
		{
			"name": "text_91812",
			"from": [6.8, 17, 5],
			"to": [7.3, 19, 5.2],
			"rotation": {"angle": 0, "axis": "y", "origin": [8, 8, 8]},
			"faces": {
				"north": {"uv": [1.8125, 7.25, 1.9375, 7.375], "texture": "#0"},
				"east": {"uv": [1.8125, 7.25, 1.9375, 7.375], "texture": "#0"},
				"south": {"uv": [1.8125, 7.25, 1.9375, 7.375], "texture": "#0"},
				"west": {"uv": [1.8125, 7.25, 1.9375, 7.375], "texture": "#0"},
				"up": {"uv": [1.8125, 7.25, 1.9375, 7.375], "rotation": 180, "texture": "#0"},
				"down": {"uv": [1.8125, 7.25, 1.9375, 7.375], "rotation": 180, "texture": "#0"}
			}
		},
		{
			"name": "text_91812",
			"from": [7.375, 17, 5],
			"to": [7.875, 19, 5.2],
			"rotation": {"angle": 0, "axis": "y", "origin": [8, 8, 8]},
			"faces": {
				"north": {"uv": [1.8125, 7.25, 1.9375, 7.375], "texture": "#0"},
				"east": {"uv": [1.8125, 7.25, 1.9375, 7.375], "texture": "#0"},
				"south": {"uv": [1.8125, 7.25, 1.9375, 7.375], "texture": "#0"},
				"west": {"uv": [1.8125, 7.25, 1.9375, 7.375], "texture": "#0"},
				"up": {"uv": [1.8125, 7.25, 1.9375, 7.375], "rotation": 180, "texture": "#0"},
				"down": {"uv": [1.8125, 7.25, 1.9375, 7.375], "rotation": 180, "texture": "#0"}
			}
		},
		{
			"name": "text_91812",
			"from": [8.125, 17, 5],
			"to": [8.625, 19, 5.2],
			"rotation": {"angle": 0, "axis": "y", "origin": [8, 8, 8]},
			"faces": {
				"north": {"uv": [1.8125, 7.25, 1.9375, 7.375], "texture": "#0"},
				"east": {"uv": [1.8125, 7.25, 1.9375, 7.375], "texture": "#0"},
				"south": {"uv": [1.8125, 7.25, 1.9375, 7.375], "texture": "#0"},
				"west": {"uv": [1.8125, 7.25, 1.9375, 7.375], "texture": "#0"},
				"up": {"uv": [1.8125, 7.25, 1.9375, 7.375], "rotation": 180, "texture": "#0"},
				"down": {"uv": [1.8125, 7.25, 1.9375, 7.375], "rotation": 180, "texture": "#0"}
			}
		},
		{
			"name": "text_91812",
			"from": [7.875, 18.5, 5],
			"to": [8.125, 19, 5.2],
			"rotation": {"angle": 0, "axis": "y", "origin": [8, 8, 8]},
			"faces": {
				"north": {"uv": [1.8125, 7.25, 1.9375, 7.375], "texture": "#0"},
				"east": {"uv": [1.8125, 7.25, 1.9375, 7.375], "texture": "#0"},
				"south": {"uv": [1.8125, 7.25, 1.9375, 7.375], "texture": "#0"},
				"west": {"uv": [1.8125, 7.25, 1.9375, 7.375], "texture": "#0"},
				"up": {"uv": [1.8125, 7.25, 1.9375, 7.375], "rotation": 180, "texture": "#0"},
				"down": {"uv": [1.8125, 7.25, 1.9375, 7.375], "rotation": 180, "texture": "#0"}
			}
		},
		{
			"name": "text_91812",
			"from": [7.875, 17, 5],
			"to": [8.125, 17.5, 5.2],
			"rotation": {"angle": 0, "axis": "y", "origin": [8, 8, 8]},
			"faces": {
				"north": {"uv": [1.8125, 7.25, 1.9375, 7.375], "texture": "#0"},
				"east": {"uv": [1.8125, 7.25, 1.9375, 7.375], "texture": "#0"},
				"south": {"uv": [1.8125, 7.25, 1.9375, 7.375], "texture": "#0"},
				"west": {"uv": [1.8125, 7.25, 1.9375, 7.375], "texture": "#0"},
				"up": {"uv": [1.8125, 7.25, 1.9375, 7.375], "rotation": 180, "texture": "#0"},
				"down": {"uv": [1.8125, 7.25, 1.9375, 7.375], "rotation": 180, "texture": "#0"}
			}
		},
		{
			"name": "text_91812",
			"from": [7.875, 17.75, 5],
			"to": [8.125, 18.25, 5.2],
			"rotation": {"angle": 0, "axis": "y", "origin": [8, 8, 8]},
			"faces": {
				"north": {"uv": [1.8125, 7.25, 1.9375, 7.375], "texture": "#0"},
				"east": {"uv": [1.8125, 7.25, 1.9375, 7.375], "texture": "#0"},
				"south": {"uv": [1.8125, 7.25, 1.9375, 7.375], "texture": "#0"},
				"west": {"uv": [1.8125, 7.25, 1.9375, 7.375], "texture": "#0"},
				"up": {"uv": [1.8125, 7.25, 1.9375, 7.375], "rotation": 180, "texture": "#0"},
				"down": {"uv": [1.8125, 7.25, 1.9375, 7.375], "rotation": 180, "texture": "#0"}
			}
		},
		{
			"name": "text_91812",
			"from": [8.7, 18.25, 5],
			"to": [8.95, 18.75, 5.2],
			"rotation": {"angle": 0, "axis": "y", "origin": [8, 8, 8]},
			"faces": {
				"north": {"uv": [1.8125, 7.25, 1.9375, 7.375], "texture": "#0"},
				"east": {"uv": [1.8125, 7.25, 1.9375, 7.375], "texture": "#0"},
				"south": {"uv": [1.8125, 7.25, 1.9375, 7.375], "texture": "#0"},
				"west": {"uv": [1.8125, 7.25, 1.9375, 7.375], "texture": "#0"},
				"up": {"uv": [1.8125, 7.25, 1.9375, 7.375], "rotation": 180, "texture": "#0"},
				"down": {"uv": [1.8125, 7.25, 1.9375, 7.375], "rotation": 180, "texture": "#0"}
			}
		},
		{
			"name": "text_91812",
			"from": [8.95, 17, 5],
			"to": [9.45, 19, 5.2],
			"rotation": {"angle": 0, "axis": "y", "origin": [8, 8, 8]},
			"faces": {
				"north": {"uv": [1.8125, 7.25, 1.9375, 7.375], "texture": "#0"},
				"east": {"uv": [1.8125, 7.25, 1.9375, 7.375], "texture": "#0"},
				"south": {"uv": [1.8125, 7.25, 1.9375, 7.375], "texture": "#0"},
				"west": {"uv": [1.8125, 7.25, 1.9375, 7.375], "texture": "#0"},
				"up": {"uv": [1.8125, 7.25, 1.9375, 7.375], "rotation": 180, "texture": "#0"},
				"down": {"uv": [1.8125, 7.25, 1.9375, 7.375], "rotation": 180, "texture": "#0"}
			}
		},
		{
			"name": "text_91812",
			"from": [9.525, 17, 5],
			"to": [10.775, 17.5, 5.2],
			"rotation": {"angle": 0, "axis": "y", "origin": [8, 8, 8]},
			"faces": {
				"north": {"uv": [1.8125, 7.25, 1.9375, 7.375], "texture": "#0"},
				"east": {"uv": [1.8125, 7.25, 1.9375, 7.375], "texture": "#0"},
				"south": {"uv": [1.8125, 7.25, 1.9375, 7.375], "texture": "#0"},
				"west": {"uv": [1.8125, 7.25, 1.9375, 7.375], "texture": "#0"},
				"up": {"uv": [1.8125, 7.25, 1.9375, 7.375], "rotation": 180, "texture": "#0"},
				"down": {"uv": [1.8125, 7.25, 1.9375, 7.375], "rotation": 180, "texture": "#0"}
			}
		},
		{
			"name": "text_91812",
			"from": [9.525, 17.75, 5],
			"to": [10.775, 18.25, 5.2],
			"rotation": {"angle": 0, "axis": "y", "origin": [8, 8, 8]},
			"faces": {
				"north": {"uv": [1.8125, 7.25, 1.9375, 7.375], "texture": "#0"},
				"east": {"uv": [1.8125, 7.25, 1.9375, 7.375], "texture": "#0"},
				"south": {"uv": [1.8125, 7.25, 1.9375, 7.375], "texture": "#0"},
				"west": {"uv": [1.8125, 7.25, 1.9375, 7.375], "texture": "#0"},
				"up": {"uv": [1.8125, 7.25, 1.9375, 7.375], "rotation": 180, "texture": "#0"},
				"down": {"uv": [1.8125, 7.25, 1.9375, 7.375], "rotation": 180, "texture": "#0"}
			}
		},
		{
			"name": "text_91812",
			"from": [9.525, 18.5, 5],
			"to": [10.775, 19, 5.2],
			"rotation": {"angle": 0, "axis": "y", "origin": [8, 8, 8]},
			"faces": {
				"north": {"uv": [1.8125, 7.25, 1.9375, 7.375], "texture": "#0"},
				"east": {"uv": [1.8125, 7.25, 1.9375, 7.375], "texture": "#0"},
				"south": {"uv": [1.8125, 7.25, 1.9375, 7.375], "texture": "#0"},
				"west": {"uv": [1.8125, 7.25, 1.9375, 7.375], "texture": "#0"},
				"up": {"uv": [1.8125, 7.25, 1.9375, 7.375], "rotation": 180, "texture": "#0"},
				"down": {"uv": [1.8125, 7.25, 1.9375, 7.375], "rotation": 180, "texture": "#0"}
			}
		},
		{
			"name": "text_91812",
			"from": [9.525, 17.5, 5],
			"to": [10.025, 17.75, 5.2],
			"rotation": {"angle": 0, "axis": "y", "origin": [8, 8, 8]},
			"faces": {
				"north": {"uv": [1.8125, 7.25, 1.9375, 7.375], "texture": "#0"},
				"east": {"uv": [1.8125, 7.25, 1.9375, 7.375], "texture": "#0"},
				"south": {"uv": [1.8125, 7.25, 1.9375, 7.375], "texture": "#0"},
				"west": {"uv": [1.8125, 7.25, 1.9375, 7.375], "texture": "#0"},
				"up": {"uv": [1.8125, 7.25, 1.9375, 7.375], "rotation": 180, "texture": "#0"},
				"down": {"uv": [1.8125, 7.25, 1.9375, 7.375], "rotation": 180, "texture": "#0"}
			}
		},
		{
			"name": "text_91812",
			"from": [10.275, 18.25, 5],
			"to": [10.775, 18.5, 5.2],
			"rotation": {"angle": 0, "axis": "y", "origin": [8, 8, 8]},
			"faces": {
				"north": {"uv": [1.8125, 7.25, 1.9375, 7.375], "texture": "#0"},
				"east": {"uv": [1.8125, 7.25, 1.9375, 7.375], "texture": "#0"},
				"south": {"uv": [1.8125, 7.25, 1.9375, 7.375], "texture": "#0"},
				"west": {"uv": [1.8125, 7.25, 1.9375, 7.375], "texture": "#0"},
				"up": {"uv": [1.8125, 7.25, 1.9375, 7.375], "rotation": 180, "texture": "#0"},
				"down": {"uv": [1.8125, 7.25, 1.9375, 7.375], "rotation": 180, "texture": "#0"}
			}
		}
	],
	"display": {
		"thirdperson_righthand": {
			"rotation": [75, 45, 0],
			"translation": [0, 2.5, 0],
			"scale": [0.375, 0.375, 0.375]
		},
		"thirdperson_lefthand": {
			"rotation": [75, 45, 0],
			"translation": [0, 2.5, 0],
			"scale": [0.375, 0.375, 0.375]
		},
		"firstperson_righthand": {
			"rotation": [0, 45, 0],
			"scale": [0.4, 0.4, 0.4]
		},
		"firstperson_lefthand": {
			"rotation": [0, 45, 0],
			"scale": [0.4, 0.4, 0.4]
		},
		"fixed": {
			"rotation": [-90, 0, 0],
			"translation": [0, 3.5, -17.5],
			"scale": [2.32, 2.32, 2.32]
		}
	},
	"groups": [
		0,
		1,
		2,
		3,
		4,
		5,
		6,
		7,
		8,
		9,
		10,
		11,
		12,
		13,
		14,
		15,
		16,
		17,
		18,
		19,
		20,
		21,
		22,
		23,
		24,
		25,
		26,
		27,
		28,
		29,
		30,
		31,
		32,
		33,
		34,
		35,
		36,
		37,
		38,
		39,
		40,
		41,
		42,
		43,
		44,
		45,
		46,
		47,
		48,
		49,
		50,
		51,
		52,
		53,
		54,
		55,
		56,
		57,
		58,
		59,
		60,
		61,
		62,
		63,
		64,
		65,
		66,
		67,
		68,
		69,
		70,
		71,
		72,
		73,
		74,
		75,
		76,
		77,
		78,
		79,
		80,
		81,
		{
			"name": "text_91812",
			"origin": [23.1, 12, 14],
			"color": 0,
			"children": [
				{
					"name": "character_9",
					"origin": [23.1, 12, 14],
					"color": 0,
					"children": [82, 83, 84, 85, 86]
				},
				{
					"name": "character_1",
					"origin": [23.1, 12, 14],
					"color": 0,
					"children": [87, 88]
				},
				{
					"name": "character_8",
					"origin": [23.1, 12, 14],
					"color": 0,
					"children": [89, 90, 91, 92, 93]
				},
				{
					"name": "character_1",
					"origin": [23.1, 12, 14],
					"color": 0,
					"children": [94, 95]
				},
				{
					"name": "character_2",
					"origin": [23.1, 12, 14],
					"color": 0,
					"children": [96, 97, 98, 99, 100]
				}
			]
		}
	]
}