{
	"credit": "Made by Aiden (feignedmars4438 on discord)",
	"texture_size": [128, 128],
	"textures": {
		"0": "item/furniture/projector/type2",
		"1": "item/furniture/projector/projectorscreen",
		"particle": "item/furniture/projector/projectorscreen"
	},
	"elements": [
		{
			"from": [-10, 0, 0],
			"to": [26, 25, 0.5],
			"faces": {
				"north": {"uv": [0, 0, 4.5, 3.125], "texture": "#1"},
				"east": {"uv": [4.5, 1.5, 4.625, 4.625], "texture": "#1"},
				"south": {"uv": [0, 3.125, 4.5, 6.25], "texture": "#1"},
				"west": {"uv": [4.625, 1.5, 4.75, 4.625], "texture": "#1"},
				"up": {"uv": [9, 1.375, 4.5, 1.25], "texture": "#1"},
				"down": {"uv": [9, 1.375, 4.5, 1.5], "texture": "#1"}
			}
		},
		{
			"from": [-10, 0, 0.5],
			"to": [26, 25, 0.5],
			"faces": {
				"north": {"uv": [0, 0, 15.68797, 15.95166], "texture": "#0"},
				"east": {"uv": [15.68797, 7.6568, 16.12375, 23.60846], "texture": "#0"},
				"south": {"uv": [0, 0, 15.68797, 15.95166], "texture": "#0"},
				"west": {"uv": [16.12375, 7.6568, 16.55952, 23.60846], "texture": "#0"},
				"up": {"uv": [31.37594, 7.01873, 15.68797, 6.38066], "texture": "#0"},
				"down": {"uv": [31.37594, 7.01873, 15.68797, 7.6568], "texture": "#0"}
			}
		},
		{
			"from": [7.5, -2, 0],
			"to": [8.5, 0, 0.5],
			"faces": {
				"north": {"uv": [4.75, 2.5, 4.875, 2.75], "texture": "#1"},
				"east": {"uv": [4.75, 2.75, 4.875, 3], "texture": "#1"},
				"south": {"uv": [4.75, 3, 4.875, 3.25], "texture": "#1"},
				"west": {"uv": [4.75, 3.25, 4.875, 3.5], "texture": "#1"},
				"up": {"uv": [4.875, 4.125, 4.75, 4], "texture": "#1"},
				"down": {"uv": [4.875, 4.125, 4.75, 4.25], "texture": "#1"}
			}
		},
		{
			"from": [6.75, -4.25, 0],
			"to": [9.25, -2, 0.5],
			"faces": {
				"north": {"uv": [4.75, 1.75, 5.125, 2], "texture": "#1"},
				"east": {"uv": [4.75, 3.5, 4.875, 3.75], "texture": "#1"},
				"south": {"uv": [4.75, 2, 5.125, 2.25], "texture": "#1"},
				"west": {"uv": [4.75, 3.75, 4.875, 4], "texture": "#1"},
				"up": {"uv": [5.125, 2.375, 4.75, 2.25], "texture": "#1"},
				"down": {"uv": [5.125, 2.375, 4.75, 2.5], "texture": "#1"}
			}
		},
		{
			"from": [-10.75, 25, -1],
			"to": [26.75, 27, 1.5],
			"faces": {
				"north": {"uv": [4.5, 0.75, 9.25, 1], "texture": "#1"},
				"east": {"uv": [4.5, 4.625, 4.875, 4.875], "texture": "#1"},
				"south": {"uv": [4.5, 1, 9.25, 1.25], "texture": "#1"},
				"west": {"uv": [4.75, 1.5, 5.125, 1.75], "texture": "#1"},
				"up": {"uv": [9.25, 0.375, 4.5, 0], "texture": "#1"},
				"down": {"uv": [9.25, 0.375, 4.5, 0.75], "texture": "#1"}
			}
		}
	],
	"display": {
		"ground": {
			"translation": [0, 10.25, 0]
		},
		"head": {
			"rotation": [0, 180, 0],
			"translation": [0, 1.5, -14]
		},
		"fixed": {
			"translation": [0, 0, 19.75],
			"scale": [2.9, 2.9, 2.9]
		}
	}
}