{
	"credit": "Made by Aiden (feignedmars4438 on discord)",
	"texture_size": [128, 128],
	"textures": {
		"0": "item/furniture/whiteboard/frame",
		"1": "item/furniture/whiteboard/whiteboard",
		"particle": "item/furniture/whiteboard/frame"
	},
	"elements": [
		{
			"from": [7.5, 2.25, -11],
			"to": [8.5, 3.25, 27],
			"rotation": {"angle": 0, "axis": "y", "origin": [7.5, 0, 0]},
			"faces": {
				"north": {"uv": [5, 4.75, 5.25, 5], "texture": "#0"},
				"east": {"uv": [0, 0, 9.5, 0.25], "texture": "#0"},
				"south": {"uv": [5.25, 4, 5.5, 4.25], "texture": "#0"},
				"west": {"uv": [0, 0.25, 9.5, 0.5], "texture": "#0"},
				"up": {"uv": [0.25, 10, 0, 0.5], "texture": "#0"},
				"down": {"uv": [0.5, 0.5, 0.25, 10], "texture": "#0"}
			}
		},
		{
			"from": [7.5, 3.25, 26],
			"to": [8.5, 24.25, 27],
			"rotation": {"angle": 0, "axis": "y", "origin": [7.5, 0, 0]},
			"faces": {
				"north": {"uv": [2, 2, 2.25, 7.25], "texture": "#0"},
				"east": {"uv": [2.25, 2, 2.5, 7.25], "texture": "#0"},
				"south": {"uv": [2.5, 2, 2.75, 7.25], "texture": "#0"},
				"west": {"uv": [2.75, 2, 3, 7.25], "texture": "#0"},
				"up": {"uv": [6.5, 3.5, 6.25, 3.25], "texture": "#0"},
				"down": {"uv": [6.5, 3.5, 6.25, 3.75], "texture": "#0"}
			}
		},
		{
			"from": [7.5, 3.25, -11],
			"to": [8.5, 24.25, -10],
			"rotation": {"angle": 0, "axis": "y", "origin": [7.5, 0, 16]},
			"faces": {
				"north": {"uv": [3, 2, 3.25, 7.25], "texture": "#0"},
				"east": {"uv": [3.25, 2, 3.5, 7.25], "texture": "#0"},
				"south": {"uv": [3.5, 2, 3.75, 7.25], "texture": "#0"},
				"west": {"uv": [3.75, 2, 4, 7.25], "texture": "#0"},
				"up": {"uv": [6.5, 4, 6.25, 3.75], "texture": "#0"},
				"down": {"uv": [4.25, 6.25, 4, 6.5], "texture": "#0"}
			}
		},
		{
			"from": [7, 8.25, -11],
			"to": [7.5, 9.25, 27],
			"rotation": {"angle": 0, "axis": "y", "origin": [7.5, 0, 16]},
			"faces": {
				"north": {"uv": [6.25, 4, 6.5, 4.25], "texture": "#0"},
				"east": {"uv": [0.5, 0.5, 10, 0.75], "texture": "#0"},
				"south": {"uv": [4.25, 6.25, 4.5, 6.5], "texture": "#0"},
				"west": {"uv": [0.5, 0.75, 10, 1], "texture": "#0"},
				"up": {"uv": [0.75, 10.5, 0.5, 1], "texture": "#0"},
				"down": {"uv": [1, 1, 0.75, 10.5], "texture": "#0"}
			}
		},
		{
			"from": [8.5, 8.25, -11],
			"to": [9, 9.25, 27],
			"rotation": {"angle": 0, "axis": "y", "origin": [8.5, 0, 16]},
			"faces": {
				"north": {"uv": [6.25, 4.25, 6.5, 4.5], "texture": "#0"},
				"east": {"uv": [1, 1, 10.5, 1.25], "texture": "#0"},
				"south": {"uv": [4.5, 6.25, 4.75, 6.5], "texture": "#0"},
				"west": {"uv": [1, 1.25, 10.5, 1.5], "texture": "#0"},
				"up": {"uv": [1.25, 11, 1, 1.5], "texture": "#0"},
				"down": {"uv": [1.5, 1.5, 1.25, 11], "texture": "#0"}
			}
		},
		{
			"from": [7.5, 8.25, -11],
			"to": [8.5, 8.75, 27],
			"rotation": {"angle": 0, "axis": "z", "origin": [8, 8.5, 8]},
			"faces": {
				"north": {"uv": [6.25, 4.5, 6.5, 4.75], "texture": "#0"},
				"east": {"uv": [1.5, 1.5, 11, 1.75], "texture": "#0"},
				"south": {"uv": [4.75, 6.25, 5, 6.5], "texture": "#0"},
				"west": {"uv": [1.5, 1.75, 11, 2], "texture": "#0"},
				"up": {"uv": [1.75, 11.5, 1.5, 2], "texture": "#0"},
				"down": {"uv": [2, 2, 1.75, 11.5], "texture": "#0"}
			}
		},
		{
			"from": [3.5, 2.25, -11],
			"to": [12.5, 3.25, -10],
			"rotation": {"angle": 0, "axis": "y", "origin": [7.5, 0, 0]},
			"faces": {
				"north": {"uv": [4, 2, 6.25, 2.25], "texture": "#0"},
				"east": {"uv": [5.25, 4.75, 5.5, 5], "texture": "#0"},
				"south": {"uv": [4, 2.25, 6.25, 2.5], "texture": "#0"},
				"west": {"uv": [5, 5.25, 5.25, 5.5], "texture": "#0"},
				"up": {"uv": [6.25, 2.75, 4, 2.5], "texture": "#0"},
				"down": {"uv": [6.25, 2.75, 4, 3], "texture": "#0"}
			}
		},
		{
			"from": [3.5, 2.25, 26],
			"to": [12.5, 3.25, 27],
			"rotation": {"angle": 0, "axis": "y", "origin": [7.5, 0, 16]},
			"faces": {
				"north": {"uv": [4, 3, 6.25, 3.25], "texture": "#0"},
				"east": {"uv": [5.25, 5, 5.5, 5.25], "texture": "#0"},
				"south": {"uv": [4, 3.25, 6.25, 3.5], "texture": "#0"},
				"west": {"uv": [5.25, 5.25, 5.5, 5.5], "texture": "#0"},
				"up": {"uv": [6.25, 3.75, 4, 3.5], "texture": "#0"},
				"down": {"uv": [6.25, 3.75, 4, 4], "texture": "#0"}
			}
		},
		{
			"from": [4.2, 1.25, 26.2],
			"to": [4.8, 2.25, 26.8],
			"rotation": {"angle": 0, "axis": "y", "origin": [7.5, 0, 16]},
			"faces": {
				"north": {"uv": [4, 5.5, 4.25, 5.75], "texture": "#0"},
				"east": {"uv": [5.5, 4, 5.75, 4.25], "texture": "#0"},
				"south": {"uv": [5.5, 4.25, 5.75, 4.5], "texture": "#0"},
				"west": {"uv": [4.5, 5.5, 4.75, 5.75], "texture": "#0"},
				"up": {"uv": [5.75, 4.75, 5.5, 4.5], "texture": "#0"},
				"down": {"uv": [5.75, 4.75, 5.5, 5], "texture": "#0"}
			}
		},
		{
			"from": [3.95, 0, 25.95],
			"to": [5.05, 1.25, 27.05],
			"rotation": {"angle": 0, "axis": "y", "origin": [7.5, 0, 16]},
			"faces": {
				"north": {"uv": [5, 5.5, 5.25, 5.75], "texture": "#0"},
				"east": {"uv": [5.5, 5, 5.75, 5.25], "texture": "#0"},
				"south": {"uv": [5.25, 5.5, 5.5, 5.75], "texture": "#0"},
				"west": {"uv": [5.5, 5.25, 5.75, 5.5], "texture": "#0"},
				"up": {"uv": [5.75, 5.75, 5.5, 5.5], "texture": "#0"},
				"down": {"uv": [4.25, 5.75, 4, 6], "texture": "#0"}
			}
		},
		{
			"from": [11.2, 1.25, 26.2],
			"to": [11.8, 2.25, 26.8],
			"rotation": {"angle": 0, "axis": "y", "origin": [8.5, 0, 16]},
			"faces": {
				"north": {"uv": [5.75, 4.75, 6, 5], "texture": "#0"},
				"east": {"uv": [5, 5.75, 5.25, 6], "texture": "#0"},
				"south": {"uv": [5.75, 5, 6, 5.25], "texture": "#0"},
				"west": {"uv": [5.25, 5.75, 5.5, 6], "texture": "#0"},
				"up": {"uv": [6, 5.5, 5.75, 5.25], "texture": "#0"},
				"down": {"uv": [5.75, 5.75, 5.5, 6], "texture": "#0"}
			}
		},
		{
			"from": [10.95, 0, 25.95],
			"to": [12.05, 1.25, 27.05],
			"rotation": {"angle": 0, "axis": "y", "origin": [8.5, 0, 16]},
			"faces": {
				"north": {"uv": [5.75, 4, 6, 4.25], "texture": "#0"},
				"east": {"uv": [4.25, 5.75, 4.5, 6], "texture": "#0"},
				"south": {"uv": [5.75, 4.25, 6, 4.5], "texture": "#0"},
				"west": {"uv": [4.5, 5.75, 4.75, 6], "texture": "#0"},
				"up": {"uv": [6, 4.75, 5.75, 4.5], "texture": "#0"},
				"down": {"uv": [5, 5.75, 4.75, 6], "texture": "#0"}
			}
		},
		{
			"from": [11.2, 1.25, -10.8],
			"to": [11.8, 2.25, -10.2],
			"rotation": {"angle": 0, "axis": "y", "origin": [8.5, 0, 0]},
			"faces": {
				"north": {"uv": [4.5, 6, 4.75, 6.25], "texture": "#0"},
				"east": {"uv": [6, 4.5, 6.25, 4.75], "texture": "#0"},
				"south": {"uv": [4.75, 6, 5, 6.25], "texture": "#0"},
				"west": {"uv": [6, 4.75, 6.25, 5], "texture": "#0"},
				"up": {"uv": [5.25, 6.25, 5, 6], "texture": "#0"},
				"down": {"uv": [6.25, 5, 6, 5.25], "texture": "#0"}
			}
		},
		{
			"from": [10.95, 0, -11.05],
			"to": [12.05, 1.25, -9.95],
			"rotation": {"angle": 0, "axis": "y", "origin": [8.5, 0, 0]},
			"faces": {
				"north": {"uv": [5.75, 5.5, 6, 5.75], "texture": "#0"},
				"east": {"uv": [5.75, 5.75, 6, 6], "texture": "#0"},
				"south": {"uv": [4, 6, 4.25, 6.25], "texture": "#0"},
				"west": {"uv": [6, 4, 6.25, 4.25], "texture": "#0"},
				"up": {"uv": [4.5, 6.25, 4.25, 6], "texture": "#0"},
				"down": {"uv": [6.25, 4.25, 6, 4.5], "texture": "#0"}
			}
		},
		{
			"from": [4.2, 1.25, -10.8],
			"to": [4.8, 2.25, -10.2],
			"rotation": {"angle": 0, "axis": "y", "origin": [7.5, 0, 0]},
			"faces": {
				"north": {"uv": [6, 6, 6.25, 6.25], "texture": "#0"},
				"east": {"uv": [6.25, 2, 6.5, 2.25], "texture": "#0"},
				"south": {"uv": [6.25, 2.25, 6.5, 2.5], "texture": "#0"},
				"west": {"uv": [6.25, 2.5, 6.5, 2.75], "texture": "#0"},
				"up": {"uv": [6.5, 3, 6.25, 2.75], "texture": "#0"},
				"down": {"uv": [6.5, 3, 6.25, 3.25], "texture": "#0"}
			}
		},
		{
			"from": [3.95, 0, -11.05],
			"to": [5.05, 1.25, -9.95],
			"rotation": {"angle": 0, "axis": "y", "origin": [7.5, 0, 0]},
			"faces": {
				"north": {"uv": [5.25, 6, 5.5, 6.25], "texture": "#0"},
				"east": {"uv": [6, 5.25, 6.25, 5.5], "texture": "#0"},
				"south": {"uv": [5.5, 6, 5.75, 6.25], "texture": "#0"},
				"west": {"uv": [6, 5.5, 6.25, 5.75], "texture": "#0"},
				"up": {"uv": [6, 6.25, 5.75, 6], "texture": "#0"},
				"down": {"uv": [6.25, 5.75, 6, 6], "texture": "#0"}
			}
		},
		{
			"from": [7.75, 8.5, 6.25],
			"to": [8.25, 9.25, 8.5],
			"rotation": {"angle": 0, "axis": "y", "origin": [7.5, 7.5, 7.5]},
			"faces": {
				"north": {"uv": [6.25, 4.75, 6.5, 5], "texture": "#0"},
				"east": {"uv": [4, 4, 4.5, 4.25], "texture": "#0"},
				"south": {"uv": [5, 6.25, 5.25, 6.5], "texture": "#0"},
				"west": {"uv": [4, 4.25, 4.5, 4.5], "texture": "#0"},
				"up": {"uv": [4.25, 5, 4, 4.5], "texture": "#0"},
				"down": {"uv": [4.75, 4, 4.5, 4.5], "texture": "#0"}
			}
		},
		{
			"from": [7.575, 8.5, 15.25],
			"to": [8.425, 9.925, 17.5],
			"rotation": {"angle": 0, "axis": "y", "origin": [7.5, 7.5, 7.5]},
			"faces": {
				"north": {"uv": [6.25, 5.5, 6.5, 5.75], "texture": "#0"},
				"east": {"uv": [5, 4.5, 5.5, 4.75], "texture": "#0"},
				"south": {"uv": [5.75, 6.25, 6, 6.5], "texture": "#0"},
				"west": {"uv": [4.75, 5, 5.25, 5.25], "texture": "#0"},
				"up": {"uv": [4.5, 5.75, 4.25, 5.25], "texture": "#0"},
				"down": {"uv": [5, 5.25, 4.75, 5.75], "texture": "#0"}
			}
		},
		{
			"from": [7.825, 8.5, 1.25],
			"to": [8.325, 9.25, 3.5],
			"rotation": {"angle": 0, "axis": "y", "origin": [7.5, 7.5, 7.5]},
			"faces": {
				"north": {"uv": [6.25, 5, 6.5, 5.25], "texture": "#0"},
				"east": {"uv": [4.25, 4.5, 4.75, 4.75], "texture": "#0"},
				"south": {"uv": [5.25, 6.25, 5.5, 6.5], "texture": "#0"},
				"west": {"uv": [4.75, 4, 5.25, 4.25], "texture": "#0"},
				"up": {"uv": [4.5, 5.25, 4.25, 4.75], "texture": "#0"},
				"down": {"uv": [5, 4.25, 4.75, 4.75], "texture": "#0"}
			}
		},
		{
			"from": [7.725, 8.5, -3.825],
			"to": [8.225, 9.25, -1.575],
			"rotation": {"angle": 0, "axis": "y", "origin": [7.5, 7.5, 7.5]},
			"faces": {
				"north": {"uv": [6.25, 5.25, 6.5, 5.5], "texture": "#0"},
				"east": {"uv": [4.5, 4.75, 5, 5], "texture": "#0"},
				"south": {"uv": [5.5, 6.25, 5.75, 6.5], "texture": "#0"},
				"west": {"uv": [5, 4.25, 5.5, 4.5], "texture": "#0"},
				"up": {"uv": [4.25, 5.5, 4, 5], "texture": "#0"},
				"down": {"uv": [4.75, 5, 4.5, 5.5], "texture": "#0"}
			}
		},
		{
			"from": [7.75, 20.25, -10.5],
			"to": [8.25, 21.25, 26.5],
			"rotation": {"angle": 0, "axis": "y", "origin": [8, 20.8, 8]},
			"faces": {
				"north": {"uv": [0, 4.75, 0.0625, 4.875], "texture": "#1"},
				"east": {"uv": [4.375, 0, 9, 0.125], "texture": "#1"},
				"south": {"uv": [0.125, 4.75, 0.1875, 4.875], "texture": "#1"},
				"west": {"uv": [4.375, 0.125, 9, 0.25], "texture": "#1"},
				"up": {"uv": [4.4375, 9.25, 4.375, 4.625], "texture": "#1"},
				"down": {"uv": [4.5625, 4.625, 4.5, 9.25], "texture": "#1"}
			}
		},
		{
			"from": [7.5, 11.35, -9.25],
			"to": [8.5, 30.35, 25.25],
			"rotation": {"angle": -22.5, "axis": "z", "origin": [8, 20.8, 8]},
			"faces": {
				"north": {"uv": [4.625, 0.25, 4.75, 2.625], "rotation": 180, "texture": "#1"},
				"east": {"uv": [0, 2.375, 4.3125, 4.75], "rotation": 180, "texture": "#1"},
				"south": {"uv": [4.625, 2.625, 4.75, 5], "rotation": 180, "texture": "#1"},
				"west": {"uv": [0, 0, 4.3125, 2.375], "rotation": 180, "texture": "#1"},
				"up": {"uv": [4.625, 0.25, 4.5, 4.5625], "rotation": 180, "texture": "#1"},
				"down": {"uv": [4.5, 4.5625, 4.375, 0.25], "rotation": 180, "texture": "#1"}
			}
		}
	],
	"display": {
		"ground": {
			"scale": [0.28, 0.28, 0.28]
		},
		"gui": {
			"rotation": [30, 225, 0],
			"scale": [0.43, 0.43, 0.43]
		},
		"head": {
			"rotation": [71, 67, 84],
			"translation": [-13.25, 12, -6.25]
		},
		"fixed": {
			"rotation": [-90, 0, 0],
			"translation": [0, 0, -20.75],
			"scale": [2.78, 2.78, 2.78]
		}
	},
	"groups": [
		0,
		1,
		2,
		3,
		4,
		5,
		6,
		7,
		8,
		9,
		10,
		11,
		12,
		13,
		14,
		15,
		16,
		17,
		18,
		19,
		{
			"name": "group",
			"origin": [7.5, 0, 16],
			"color": 0,
			"children": [20, 21]
		}
	]
}