{
	"credit": "Made by Aiden (feignedmars4438 on discord)",
	"textures": {
		"0": "item/misc/airdrop/airdrop_box",
		"particle": "item/misc/airdrop/airdrop_box"
	},
	"elements": [
		{
			"from": [1, 1, 1],
			"to": [15, 15, 15],
			"faces": {
				"north": {"uv": [0, 0, 14, 14], "texture": "#0"},
				"east": {"uv": [0, 0, 14, 14], "texture": "#0"},
				"south": {"uv": [0, 0, 14, 14], "texture": "#0"},
				"west": {"uv": [0, 0, 14, 14], "texture": "#0"},
				"up": {"uv": [0, 0, 14, 14], "texture": "#0"},
				"down": {"uv": [0, 0, 14, 14], "texture": "#0"}
			}
		},
		{
			"from": [0, 0, 0],
			"to": [16, 2, 16],
			"faces": {
				"north": {"uv": [0, 0, 16, 2], "texture": "#0"},
				"east": {"uv": [0, 0, 16, 2], "texture": "#0"},
				"south": {"uv": [0, 0, 16, 2], "texture": "#0"},
				"west": {"uv": [0, 0, 16, 2], "texture": "#0"},
				"up": {"uv": [0, 0, 16, 16], "texture": "#0"},
				"down": {"uv": [0, 0, 16, 16], "texture": "#0"}
			}
		},
		{
			"from": [13, -8.75, 10.3],
			"to": [15.8, 8.825, 12.3],
			"rotation": {"angle": -45, "axis": "x", "origin": [8, 0, 0]},
			"faces": {
				"north": {"uv": [0, 0, 2.8, 16], "rotation": 180, "texture": "#0"},
				"east": {"uv": [0, 0, 16, 2], "rotation": 270, "texture": "#0"},
				"south": {"uv": [0, 0, 2.8, 16], "texture": "#0"},
				"west": {"uv": [0, 0, 16, 2], "rotation": 90, "texture": "#0"},
				"up": {"uv": [0, 0, 2.8, 2], "rotation": 180, "texture": "#0"},
				"down": {"uv": [0, 0, 2.8, 2], "texture": "#0"}
			}
		},
		{
			"from": [0.3, -8.75, 10.3],
			"to": [3.1, 8.825, 12.3],
			"rotation": {"angle": -45, "axis": "x", "origin": [8, 0, 0]},
			"faces": {
				"north": {"uv": [0, 0, 2.8, 16], "rotation": 180, "texture": "#0"},
				"east": {"uv": [0, 0, 16, 2], "rotation": 270, "texture": "#0"},
				"south": {"uv": [0, 0, 2.8, 16], "texture": "#0"},
				"west": {"uv": [0, 0, 16, 2], "rotation": 90, "texture": "#0"},
				"up": {"uv": [0, 0, 2.8, 2], "rotation": 180, "texture": "#0"},
				"down": {"uv": [0, 0, 2.8, 2], "texture": "#0"}
			}
		},
		{
			"from": [1.3, -2.825, 13],
			"to": [3.3, 14.425, 15.8],
			"rotation": {"angle": -45, "axis": "z", "origin": [8, 0, 0]},
			"faces": {
				"north": {"uv": [0, 0, 16, 2], "rotation": 90, "texture": "#0"},
				"east": {"uv": [0, 0, 2.8, 16], "rotation": 180, "texture": "#0"},
				"south": {"uv": [0, 0, 16, 2], "rotation": 270, "texture": "#0"},
				"west": {"uv": [0, 0, 2.8, 16], "texture": "#0"},
				"up": {"uv": [0, 0, 2.8, 2], "rotation": 270, "texture": "#0"},
				"down": {"uv": [0, 0, 2.8, 2], "rotation": 270, "texture": "#0"}
			}
		},
		{
			"from": [1.3, -2.825, 0.3],
			"to": [3.3, 14.425, 3.1],
			"rotation": {"angle": -45, "axis": "z", "origin": [8, 0, 0]},
			"faces": {
				"north": {"uv": [0, 0, 16, 2], "rotation": 90, "texture": "#0"},
				"east": {"uv": [0, 0, 2.8, 16], "rotation": 180, "texture": "#0"},
				"south": {"uv": [0, 0, 16, 2], "rotation": 270, "texture": "#0"},
				"west": {"uv": [0, 0, 2.8, 16], "texture": "#0"},
				"up": {"uv": [0, 0, 2.8, 2], "rotation": 270, "texture": "#0"},
				"down": {"uv": [0, 0, 2.8, 2], "rotation": 270, "texture": "#0"}
			}
		},
		{
			"from": [12.7, -2.925, 0.2],
			"to": [14.7, 14.325, 3],
			"rotation": {"angle": 45, "axis": "z", "origin": [8, 0, 0]},
			"faces": {
				"north": {"uv": [0, 0, 16, 2], "rotation": 270, "texture": "#0"},
				"east": {"uv": [0, 0, 2.8, 16], "texture": "#0"},
				"south": {"uv": [0, 0, 16, 2], "rotation": 90, "texture": "#0"},
				"west": {"uv": [0, 0, 2.8, 16], "rotation": 180, "texture": "#0"},
				"up": {"uv": [0, 0, 2.8, 2], "rotation": 90, "texture": "#0"},
				"down": {"uv": [0, 0, 2.8, 2], "rotation": 90, "texture": "#0"}
			}
		},
		{
			"from": [12.7, -2.925, 13.1],
			"to": [14.7, 14.325, 15.9],
			"rotation": {"angle": 45, "axis": "z", "origin": [8, 0, 0]},
			"faces": {
				"north": {"uv": [0, 0, 16, 2], "rotation": 270, "texture": "#0"},
				"east": {"uv": [0, 0, 2.8, 16], "texture": "#0"},
				"south": {"uv": [0, 0, 16, 2], "rotation": 90, "texture": "#0"},
				"west": {"uv": [0, 0, 2.8, 16], "rotation": 180, "texture": "#0"},
				"up": {"uv": [0, 0, 2.8, 2], "rotation": 90, "texture": "#0"},
				"down": {"uv": [0, 0, 2.8, 2], "rotation": 90, "texture": "#0"}
			}
		},
		{
			"from": [1.3, 13, -2.825],
			"to": [3.3, 15.8, 14.425],
			"rotation": {"angle": 45, "axis": "y", "origin": [8, 28.8, 0]},
			"faces": {
				"north": {"uv": [0, 0, 2.8, 2], "rotation": 90, "texture": "#0"},
				"east": {"uv": [0, 0, 2.8, 16], "rotation": 90, "texture": "#0"},
				"south": {"uv": [0, 0, 2.8, 2], "rotation": 270, "texture": "#0"},
				"west": {"uv": [0, 0, 2.8, 16], "rotation": 90, "texture": "#0"},
				"up": {"uv": [0, 0, 16, 2], "rotation": 270, "texture": "#0"},
				"down": {"uv": [0, 0, 16, 2], "rotation": 270, "texture": "#0"}
			}
		},
		{
			"from": [12.7, 12.9, -2.925],
			"to": [14.7, 15.7, 14.325],
			"rotation": {"angle": -45, "axis": "y", "origin": [8, 28.8, 0]},
			"faces": {
				"north": {"uv": [0, 0, 2.8, 2], "rotation": 270, "texture": "#0"},
				"east": {"uv": [0, 0, 2.8, 16], "rotation": 270, "texture": "#0"},
				"south": {"uv": [0, 0, 2.8, 2], "rotation": 90, "texture": "#0"},
				"west": {"uv": [0, 0, 2.8, 16], "rotation": 270, "texture": "#0"},
				"up": {"uv": [0, 0, 16, 2], "rotation": 90, "texture": "#0"},
				"down": {"uv": [0, 0, 16, 2], "rotation": 90, "texture": "#0"}
			}
		},
		{
			"from": [0.2, 2.775, -1],
			"to": [3, 20.125, 1],
			"rotation": {"angle": 45, "axis": "x", "origin": [8, 0, 0]},
			"faces": {
				"north": {"uv": [0, 0, 2.8, 16], "texture": "#0"},
				"east": {"uv": [0, 0, 16, 2], "rotation": 90, "texture": "#0"},
				"south": {"uv": [0, 0, 2.8, 16], "rotation": 180, "texture": "#0"},
				"west": {"uv": [0, 0, 16, 2], "rotation": 270, "texture": "#0"},
				"up": {"uv": [0, 0, 2.8, 2], "texture": "#0"},
				"down": {"uv": [0, 0, 2.8, 2], "rotation": 180, "texture": "#0"}
			}
		},
		{
			"from": [12.9, 2.775, -1],
			"to": [15.7, 20.125, 1],
			"rotation": {"angle": 45, "axis": "x", "origin": [8, 0, 0]},
			"faces": {
				"north": {"uv": [0, 0, 2.8, 16], "texture": "#0"},
				"east": {"uv": [0, 0, 16, 2], "rotation": 90, "texture": "#0"},
				"south": {"uv": [0, 0, 2.8, 16], "rotation": 180, "texture": "#0"},
				"west": {"uv": [0, 0, 16, 2], "rotation": 270, "texture": "#0"},
				"up": {"uv": [0, 0, 2.8, 2], "texture": "#0"},
				"down": {"uv": [0, 0, 2.8, 2], "rotation": 180, "texture": "#0"}
			}
		},
		{
			"from": [0, 14, 0],
			"to": [16, 15.1, 16],
			"faces": {
				"north": {"uv": [0, 0, 16, 1.1], "texture": "#0"},
				"east": {"uv": [0, 0, 16, 1.1], "texture": "#0"},
				"south": {"uv": [0, 0, 16, 1.1], "texture": "#0"},
				"west": {"uv": [0, 0, 16, 1.1], "texture": "#0"},
				"up": {"uv": [0, 0, 16, 16], "texture": "#0"},
				"down": {"uv": [0, 0, 16, 16], "texture": "#0"}
			}
		},
		{
			"from": [0, 15, 0],
			"to": [2, 16, 16],
			"faces": {
				"north": {"uv": [0, 0, 2, 1], "texture": "#0"},
				"east": {"uv": [0, 0, 16, 1], "texture": "#0"},
				"south": {"uv": [0, 0, 2, 1], "texture": "#0"},
				"west": {"uv": [0, 0, 16, 1], "texture": "#0"},
				"up": {"uv": [0, 0, 2, 16], "texture": "#0"},
				"down": {"uv": [0, 0, 2, 16], "texture": "#0"}
			}
		},
		{
			"from": [14, 15, 0],
			"to": [16, 16, 16],
			"faces": {
				"north": {"uv": [0, 0, 2, 1], "texture": "#0"},
				"east": {"uv": [0, 0, 16, 1], "texture": "#0"},
				"south": {"uv": [0, 0, 2, 1], "texture": "#0"},
				"west": {"uv": [0, 0, 16, 1], "texture": "#0"},
				"up": {"uv": [0, 0, 2, 16], "texture": "#0"},
				"down": {"uv": [0, 0, 2, 16], "texture": "#0"}
			}
		},
		{
			"from": [2, 15, 0],
			"to": [14, 16, 2],
			"faces": {
				"north": {"uv": [0, 0, 12, 1], "texture": "#0"},
				"east": {"uv": [0, 0, 2, 1], "texture": "#0"},
				"south": {"uv": [0, 0, 12, 1], "texture": "#0"},
				"west": {"uv": [0, 0, 2, 1], "texture": "#0"},
				"up": {"uv": [0, 0, 2, 12], "rotation": 270, "texture": "#0"},
				"down": {"uv": [0, 0, 2, 12], "rotation": 90, "texture": "#0"}
			}
		},
		{
			"from": [2, 15, 14],
			"to": [14, 16, 16],
			"faces": {
				"north": {"uv": [0, 0, 12, 1], "texture": "#0"},
				"east": {"uv": [0, 0, 2, 1], "texture": "#0"},
				"south": {"uv": [0, 0, 12, 1], "texture": "#0"},
				"west": {"uv": [0, 0, 2, 1], "texture": "#0"},
				"up": {"uv": [0, 0, 2, 12], "rotation": 270, "texture": "#0"},
				"down": {"uv": [0, 0, 2, 12], "rotation": 90, "texture": "#0"}
			}
		},
		{
			"from": [0, 2, 14],
			"to": [2, 14, 16],
			"faces": {
				"north": {"uv": [0, 0, 2, 12], "texture": "#0"},
				"east": {"uv": [0, 0, 2, 12], "texture": "#0"},
				"south": {"uv": [0, 0, 2, 12], "texture": "#0"},
				"west": {"uv": [0, 0, 2, 12], "texture": "#0"},
				"up": {"uv": [0, 0, 2, 2], "texture": "#0"},
				"down": {"uv": [0, 0, 2, 2], "texture": "#0"}
			}
		},
		{
			"from": [14, 2, 14],
			"to": [16, 14, 16],
			"faces": {
				"north": {"uv": [0, 0, 2, 12], "texture": "#0"},
				"east": {"uv": [0, 0, 2, 12], "texture": "#0"},
				"south": {"uv": [0, 0, 2, 12], "texture": "#0"},
				"west": {"uv": [0, 0, 2, 12], "texture": "#0"},
				"up": {"uv": [0, 0, 2, 2], "texture": "#0"},
				"down": {"uv": [0, 0, 2, 2], "texture": "#0"}
			}
		},
		{
			"from": [14, 2, 0],
			"to": [16, 14, 2],
			"faces": {
				"north": {"uv": [0, 0, 2, 12], "texture": "#0"},
				"east": {"uv": [0, 0, 2, 12], "texture": "#0"},
				"south": {"uv": [0, 0, 2, 12], "texture": "#0"},
				"west": {"uv": [0, 0, 2, 12], "texture": "#0"},
				"up": {"uv": [0, 0, 2, 2], "texture": "#0"},
				"down": {"uv": [0, 0, 2, 2], "texture": "#0"}
			}
		},
		{
			"from": [0, 2, 0],
			"to": [2, 14, 2],
			"faces": {
				"north": {"uv": [0, 0, 2, 12], "texture": "#0"},
				"east": {"uv": [0, 0, 2, 12], "texture": "#0"},
				"south": {"uv": [0, 0, 2, 12], "texture": "#0"},
				"west": {"uv": [0, 0, 2, 12], "texture": "#0"},
				"up": {"uv": [0, 0, 2, 2], "texture": "#0"},
				"down": {"uv": [0, 0, 2, 2], "texture": "#0"}
			}
		}
	],
	"display": {
		"thirdperson_righthand": {
			"rotation": [90, 0, 0],
			"translation": [-7, -3, 4],
			"scale": [2, 2, 2]
		}
	}
}