{
	"credit": "Made with Blockbench",
	"texture_size": [64, 64],
	"textures": {
		"0": "item/misc/airstrike/airstrike",
		"particle": "item/misc/airstrike/airstrike"
	},
	"elements": [
		{
			"from": [13, 8, 7.6],
			"to": [14, 9, 8.4],
			"faces": {
				"north": {"uv": [6.75, 6, 7, 6.25], "texture": "#0"},
				"east": {"uv": [3.75, 7.25, 4, 7.5], "texture": "#0"},
				"south": {"uv": [9, 8.5, 9.25, 8.75], "texture": "#0"},
				"west": {"uv": [9, 8.75, 9.25, 9], "texture": "#0"},
				"up": {"uv": [9.25, 9.25, 9, 9], "texture": "#0"},
				"down": {"uv": [0.25, 9.25, 0, 9.5], "texture": "#0"}
			}
		},
		{
			"from": [5, 5, 5],
			"to": [11, 25, 11],
			"faces": {
				"north": {"uv": [0, 0, 1.5, 5], "texture": "#0"},
				"east": {"uv": [1.5, 0, 3, 5], "texture": "#0"},
				"south": {"uv": [3, 0, 4.5, 5], "texture": "#0"},
				"west": {"uv": [4.5, 0, 6, 5], "texture": "#0"},
				"up": {"uv": [1.5, 6.5, 0, 5], "texture": "#0"},
				"down": {"uv": [3, 5, 1.5, 6.5], "texture": "#0"}
			}
		},
		{
			"from": [5.7, 24, 5.7],
			"to": [10.3, 29, 10.3],
			"faces": {
				"north": {"uv": [3, 5, 4.25, 6.25], "texture": "#0"},
				"east": {"uv": [4.25, 5, 5.5, 6.25], "texture": "#0"},
				"south": {"uv": [5.5, 5, 6.75, 6.25], "texture": "#0"},
				"west": {"uv": [6, 0, 7.25, 1.25], "texture": "#0"},
				"up": {"uv": [7.25, 2.5, 6, 1.25], "texture": "#0"},
				"down": {"uv": [7.25, 2.5, 6, 3.75], "texture": "#0"}
			}
		},
		{
			"from": [9.7, 26, 7.7],
			"to": [12.3, 31, 8.3],
			"faces": {
				"north": {"uv": [4, 6.25, 4.75, 7.5], "texture": "#0"},
				"east": {"uv": [7, 8.5, 7.25, 9.75], "texture": "#0"},
				"south": {"uv": [4.75, 6.25, 5.5, 7.5], "texture": "#0"},
				"west": {"uv": [7.25, 8.5, 7.5, 9.75], "texture": "#0"},
				"up": {"uv": [6.75, 5, 6, 4.75], "texture": "#0"},
				"down": {"uv": [0.75, 9, 0, 9.25], "texture": "#0"}
			}
		},
		{
			"from": [12.3, 27, 7.7],
			"to": [14.9, 32, 8.3],
			"faces": {
				"north": {"uv": [5.5, 6.25, 6.25, 7.5], "texture": "#0"},
				"east": {"uv": [7.5, 8.5, 7.75, 9.75], "texture": "#0"},
				"south": {"uv": [6.25, 6.25, 7, 7.5], "texture": "#0"},
				"west": {"uv": [8.5, 7.5, 8.75, 8.75], "texture": "#0"},
				"up": {"uv": [9.75, 0.25, 9, 0], "texture": "#0"},
				"down": {"uv": [9.75, 0.25, 9, 0.5], "texture": "#0"}
			}
		},
		{
			"from": [7.7, 27, 12.3],
			"to": [8.3, 32, 14.9],
			"faces": {
				"north": {"uv": [5.5, 8.75, 5.75, 10], "texture": "#0"},
				"east": {"uv": [7, 7.25, 7.75, 8.5], "texture": "#0"},
				"south": {"uv": [5.75, 8.75, 6, 10], "texture": "#0"},
				"west": {"uv": [3.75, 7.5, 4.5, 8.75], "texture": "#0"},
				"up": {"uv": [9.25, 3.5, 9, 2.75], "texture": "#0"},
				"down": {"uv": [9.25, 3.5, 9, 4.25], "texture": "#0"}
			}
		},
		{
			"from": [7.7, 26, 9.7],
			"to": [8.3, 31, 12.3],
			"faces": {
				"north": {"uv": [4.25, 8.75, 4.5, 10], "texture": "#0"},
				"east": {"uv": [7.25, 2.5, 8, 3.75], "texture": "#0"},
				"south": {"uv": [8.75, 5, 9, 6.25], "texture": "#0"},
				"west": {"uv": [3, 7.25, 3.75, 8.5], "texture": "#0"},
				"up": {"uv": [9.25, 2.75, 9, 2], "texture": "#0"},
				"down": {"uv": [2.5, 9, 2.25, 9.75], "texture": "#0"}
			}
		},
		{
			"from": [1.1, 27, 7.7],
			"to": [3.7, 32, 8.3],
			"rotation": {"angle": 0, "axis": "y", "origin": [16, 0, 0]},
			"faces": {
				"north": {"uv": [1.5, 6.5, 2.25, 7.75], "texture": "#0"},
				"east": {"uv": [2.5, 8.75, 2.75, 10], "texture": "#0"},
				"south": {"uv": [2.25, 6.5, 3, 7.75], "texture": "#0"},
				"west": {"uv": [8.75, 2.5, 9, 3.75], "texture": "#0"},
				"up": {"uv": [9.75, 1, 9, 0.75], "texture": "#0"},
				"down": {"uv": [9.75, 1, 9, 1.25], "texture": "#0"}
			}
		},
		{
			"from": [3.7, 26, 7.7],
			"to": [6.3, 31, 8.3],
			"rotation": {"angle": 0, "axis": "y", "origin": [16, 0, 0]},
			"faces": {
				"north": {"uv": [0, 6.5, 0.75, 7.75], "texture": "#0"},
				"east": {"uv": [8.75, 0, 9, 1.25], "texture": "#0"},
				"south": {"uv": [0.75, 6.5, 1.5, 7.75], "texture": "#0"},
				"west": {"uv": [8.75, 1.25, 9, 2.5], "texture": "#0"},
				"up": {"uv": [9.75, 0.75, 9, 0.5], "texture": "#0"},
				"down": {"uv": [1.5, 9, 0.75, 9.25], "texture": "#0"}
			}
		},
		{
			"from": [7.7, 27, 1.1],
			"to": [8.3, 32, 3.7],
			"rotation": {"angle": 0, "axis": "y", "origin": [16, 0, 0]},
			"faces": {
				"north": {"uv": [8.75, 3.75, 9, 5], "texture": "#0"},
				"east": {"uv": [7.25, 0, 8, 1.25], "texture": "#0"},
				"south": {"uv": [4, 8.75, 4.25, 10], "texture": "#0"},
				"west": {"uv": [7.25, 1.25, 8, 2.5], "texture": "#0"},
				"up": {"uv": [2, 9.75, 1.75, 9], "texture": "#0"},
				"down": {"uv": [2.25, 9, 2, 9.75], "texture": "#0"}
			}
		},
		{
			"from": [7.7, 26, 3.7],
			"to": [8.3, 31, 6.3],
			"rotation": {"angle": 0, "axis": "y", "origin": [16, 0, 0]},
			"faces": {
				"north": {"uv": [2.75, 8.75, 3, 10], "texture": "#0"},
				"east": {"uv": [6.75, 4.75, 7.5, 6], "texture": "#0"},
				"south": {"uv": [3.75, 8.75, 4, 10], "texture": "#0"},
				"west": {"uv": [7, 6, 7.75, 7.25], "texture": "#0"},
				"up": {"uv": [9.25, 2, 9, 1.25], "texture": "#0"},
				"down": {"uv": [1.75, 9, 1.5, 9.75], "texture": "#0"}
			}
		},
		{
			"from": [6, 3, 6],
			"to": [10, 6, 10],
			"faces": {
				"north": {"uv": [7, 3.75, 8, 4.5], "texture": "#0"},
				"east": {"uv": [4.5, 7.5, 5.5, 8.25], "texture": "#0"},
				"south": {"uv": [7.5, 4.5, 8.5, 5.25], "texture": "#0"},
				"west": {"uv": [7.5, 5.25, 8.5, 6], "texture": "#0"},
				"up": {"uv": [7, 4.75, 6, 3.75], "texture": "#0"},
				"down": {"uv": [4, 6.25, 3, 7.25], "texture": "#0"}
			}
		},
		{
			"from": [7, 0, 7],
			"to": [9, 3, 9],
			"faces": {
				"north": {"uv": [4.5, 8.25, 5, 9], "texture": "#0"},
				"east": {"uv": [5, 8.25, 5.5, 9], "texture": "#0"},
				"south": {"uv": [8.25, 6, 8.75, 6.75], "texture": "#0"},
				"west": {"uv": [8.25, 6.75, 8.75, 7.5], "texture": "#0"},
				"up": {"uv": [8.5, 4.5, 8, 4], "texture": "#0"},
				"down": {"uv": [6.5, 8.75, 6, 9.25], "texture": "#0"}
			}
		},
		{
			"from": [11, 7, 7.6],
			"to": [13, 12, 8.4],
			"faces": {
				"north": {"uv": [5.5, 7.5, 6, 8.75], "texture": "#0"},
				"east": {"uv": [8.25, 7.5, 8.5, 8.75], "texture": "#0"},
				"south": {"uv": [6, 7.5, 6.5, 8.75], "texture": "#0"},
				"west": {"uv": [8.5, 0, 8.75, 1.25], "texture": "#0"},
				"up": {"uv": [7.5, 4.75, 7, 4.5], "texture": "#0"},
				"down": {"uv": [9.5, 4.25, 9, 4.5], "texture": "#0"}
			}
		},
		{
			"from": [13, 9, 7.6],
			"to": [15, 13, 8.4],
			"faces": {
				"north": {"uv": [2.5, 7.75, 3, 8.75], "texture": "#0"},
				"east": {"uv": [8.5, 5, 8.75, 6], "texture": "#0"},
				"south": {"uv": [7.75, 6, 8.25, 7], "texture": "#0"},
				"west": {"uv": [8.75, 6.25, 9, 7.25], "texture": "#0"},
				"up": {"uv": [5, 9.25, 4.5, 9], "texture": "#0"},
				"down": {"uv": [9.5, 4.5, 9, 4.75], "texture": "#0"}
			}
		},
		{
			"from": [11, 6, 7.6],
			"to": [12, 7, 8.4],
			"faces": {
				"north": {"uv": [0.25, 9.25, 0.5, 9.5], "texture": "#0"},
				"east": {"uv": [0.5, 9.25, 0.75, 9.5], "texture": "#0"},
				"south": {"uv": [0.75, 9.25, 1, 9.5], "texture": "#0"},
				"west": {"uv": [1, 9.25, 1.25, 9.5], "texture": "#0"},
				"up": {"uv": [1.5, 9.5, 1.25, 9.25], "texture": "#0"},
				"down": {"uv": [9.5, 1.25, 9.25, 1.5], "texture": "#0"}
			}
		},
		{
			"from": [2, 8, 7.6],
			"to": [3, 9, 8.4],
			"faces": {
				"north": {"uv": [9.25, 1.5, 9.5, 1.75], "texture": "#0"},
				"east": {"uv": [9.25, 1.75, 9.5, 2], "texture": "#0"},
				"south": {"uv": [9.25, 2, 9.5, 2.25], "texture": "#0"},
				"west": {"uv": [9.25, 2.25, 9.5, 2.5], "texture": "#0"},
				"up": {"uv": [9.5, 2.75, 9.25, 2.5], "texture": "#0"},
				"down": {"uv": [9.5, 2.75, 9.25, 3], "texture": "#0"}
			}
		},
		{
			"from": [4, 6, 7.6],
			"to": [5, 7, 8.4],
			"faces": {
				"north": {"uv": [9.25, 3, 9.5, 3.25], "texture": "#0"},
				"east": {"uv": [9.25, 3.25, 9.5, 3.5], "texture": "#0"},
				"south": {"uv": [9.25, 3.5, 9.5, 3.75], "texture": "#0"},
				"west": {"uv": [9.25, 3.75, 9.5, 4], "texture": "#0"},
				"up": {"uv": [9.5, 4.25, 9.25, 4], "texture": "#0"},
				"down": {"uv": [4.75, 9.25, 4.5, 9.5], "texture": "#0"}
			}
		},
		{
			"from": [3, 7, 7.6],
			"to": [5, 12, 8.4],
			"faces": {
				"north": {"uv": [6.5, 7.5, 7, 8.75], "texture": "#0"},
				"east": {"uv": [8.5, 1.25, 8.75, 2.5], "texture": "#0"},
				"south": {"uv": [0, 7.75, 0.5, 9], "texture": "#0"},
				"west": {"uv": [8.5, 2.5, 8.75, 3.75], "texture": "#0"},
				"up": {"uv": [9.5, 5, 9, 4.75], "texture": "#0"},
				"down": {"uv": [5.5, 9, 5, 9.25], "texture": "#0"}
			}
		},
		{
			"from": [1, 9, 7.6],
			"to": [3, 13, 8.4],
			"faces": {
				"north": {"uv": [7.75, 7, 8.25, 8], "texture": "#0"},
				"east": {"uv": [6.5, 8.75, 6.75, 9.75], "texture": "#0"},
				"south": {"uv": [8, 0, 8.5, 1], "texture": "#0"},
				"west": {"uv": [6.75, 8.75, 7, 9.75], "texture": "#0"},
				"up": {"uv": [9.5, 5.25, 9, 5], "texture": "#0"},
				"down": {"uv": [9.5, 5.25, 9, 5.5], "texture": "#0"}
			}
		},
		{
			"from": [7.6, 9, 1],
			"to": [8.4, 13, 3],
			"faces": {
				"north": {"uv": [8.75, 7.25, 9, 8.25], "texture": "#0"},
				"east": {"uv": [8, 1, 8.5, 2], "texture": "#0"},
				"south": {"uv": [8.25, 8.75, 8.5, 9.75], "texture": "#0"},
				"west": {"uv": [8, 2, 8.5, 3], "texture": "#0"},
				"up": {"uv": [9.25, 6, 9, 5.5], "texture": "#0"},
				"down": {"uv": [9.25, 6, 9, 6.5], "texture": "#0"}
			}
		},
		{
			"from": [7.6, 7, 3],
			"to": [8.4, 12, 5],
			"faces": {
				"north": {"uv": [3, 8.5, 3.25, 9.75], "texture": "#0"},
				"east": {"uv": [0.5, 7.75, 1, 9], "texture": "#0"},
				"south": {"uv": [3.25, 8.5, 3.5, 9.75], "texture": "#0"},
				"west": {"uv": [1, 7.75, 1.5, 9], "texture": "#0"},
				"up": {"uv": [9.25, 7, 9, 6.5], "texture": "#0"},
				"down": {"uv": [9.25, 7, 9, 7.5], "texture": "#0"}
			}
		},
		{
			"from": [7.6, 6, 4],
			"to": [8.4, 7, 5],
			"faces": {
				"north": {"uv": [4.75, 9.25, 5, 9.5], "texture": "#0"},
				"east": {"uv": [5, 9.25, 5.25, 9.5], "texture": "#0"},
				"south": {"uv": [5.25, 9.25, 5.5, 9.5], "texture": "#0"},
				"west": {"uv": [9.25, 5.5, 9.5, 5.75], "texture": "#0"},
				"up": {"uv": [9.5, 6, 9.25, 5.75], "texture": "#0"},
				"down": {"uv": [6.25, 9.25, 6, 9.5], "texture": "#0"}
			}
		},
		{
			"from": [7.6, 8, 2],
			"to": [8.4, 9, 3],
			"faces": {
				"north": {"uv": [9.25, 6, 9.5, 6.25], "texture": "#0"},
				"east": {"uv": [6.25, 9.25, 6.5, 9.5], "texture": "#0"},
				"south": {"uv": [9.25, 6.25, 9.5, 6.5], "texture": "#0"},
				"west": {"uv": [9.25, 6.5, 9.5, 6.75], "texture": "#0"},
				"up": {"uv": [9.5, 7, 9.25, 6.75], "texture": "#0"},
				"down": {"uv": [9.5, 7, 9.25, 7.25], "texture": "#0"}
			}
		},
		{
			"from": [7.6, 9, 13],
			"to": [8.4, 13, 15],
			"faces": {
				"north": {"uv": [8.75, 8.25, 9, 9.25], "texture": "#0"},
				"east": {"uv": [8, 3, 8.5, 4], "texture": "#0"},
				"south": {"uv": [8.5, 8.75, 8.75, 9.75], "texture": "#0"},
				"west": {"uv": [7.75, 8, 8.25, 9], "texture": "#0"},
				"up": {"uv": [9.25, 8, 9, 7.5], "texture": "#0"},
				"down": {"uv": [8, 9, 7.75, 9.5], "texture": "#0"}
			}
		},
		{
			"from": [7.6, 7, 11],
			"to": [8.4, 12, 13],
			"faces": {
				"north": {"uv": [3.5, 8.5, 3.75, 9.75], "texture": "#0"},
				"east": {"uv": [1.5, 7.75, 2, 9], "texture": "#0"},
				"south": {"uv": [8.5, 3.75, 8.75, 5], "texture": "#0"},
				"west": {"uv": [2, 7.75, 2.5, 9], "texture": "#0"},
				"up": {"uv": [8.25, 9.5, 8, 9], "texture": "#0"},
				"down": {"uv": [9.25, 8, 9, 8.5], "texture": "#0"}
			}
		},
		{
			"from": [7.6, 6, 11],
			"to": [8.4, 7, 12],
			"faces": {
				"north": {"uv": [9.25, 7.25, 9.5, 7.5], "texture": "#0"},
				"east": {"uv": [9.25, 7.5, 9.5, 7.75], "texture": "#0"},
				"south": {"uv": [9.25, 7.75, 9.5, 8], "texture": "#0"},
				"west": {"uv": [9.25, 8, 9.5, 8.25], "texture": "#0"},
				"up": {"uv": [9.5, 8.5, 9.25, 8.25], "texture": "#0"},
				"down": {"uv": [9.5, 8.5, 9.25, 8.75], "texture": "#0"}
			}
		},
		{
			"from": [7.6, 8, 13],
			"to": [8.4, 9, 14],
			"faces": {
				"north": {"uv": [8.75, 9.25, 9, 9.5], "texture": "#0"},
				"east": {"uv": [9.25, 8.75, 9.5, 9], "texture": "#0"},
				"south": {"uv": [9, 9.25, 9.25, 9.5], "texture": "#0"},
				"west": {"uv": [9.25, 9, 9.5, 9.25], "texture": "#0"},
				"up": {"uv": [9.5, 9.5, 9.25, 9.25], "texture": "#0"},
				"down": {"uv": [0.25, 9.5, 0, 9.75], "texture": "#0"}
			}
		}
	],
	"display": {
		"head": {
			"scale": [2, 2, 2]
		}
	}
}