{
	"credit": "Made with Blockbench",
	"texture_size": [64, 64],
	"textures": {
		"1": "item/railgun/orange_shulker_box",
		"4": "item/railgun/black_wool",
		"6": "item/railgun/blackstone",
		"particle": "item/railgun/texture"
	},
	"elements": [
		{
			"from": [-5, 5, -4.07107],
			"to": [3, 15, 5.92893],
			"rotation": {"angle": 45, "axis": "x", "origin": [7, 0, 0.92893]},
			"faces": {
				"north": {"uv": [6.25, 4, 8.25, 6.5], "texture": "#6"},
				"east": {"uv": [3.75, 1.75, 6.25, 4.25], "texture": "#6"},
				"south": {"uv": [6.25, 6.5, 8.25, 9], "texture": "#6"},
				"west": {"uv": [3.75, 4.25, 6.25, 6.75], "texture": "#6"},
				"up": {"uv": [4.25, 9.25, 2.25, 6.75], "texture": "#6"},
				"down": {"uv": [6.25, 6.75, 4.25, 9.25], "texture": "#6"}
			}
		},
		{
			"from": [1, 11, 3.92893],
			"to": [8, 18, 11.92893],
			"rotation": {"angle": 45, "axis": "z", "origin": [7, 0, 0.92893]},
			"faces": {
				"north": {"uv": [8.25, 8, 10, 9.75], "texture": "#6"},
				"east": {"uv": [0, 7.5, 2, 9.25], "texture": "#6"},
				"south": {"uv": [8.5, 1.75, 10.25, 3.5], "texture": "#6"},
				"west": {"uv": [7.5, 0, 9.5, 1.75], "texture": "#6"},
				"up": {"uv": [10, 6, 8.25, 4], "texture": "#6"},
				"down": {"uv": [10, 6, 8.25, 8], "texture": "#6"}
			}
		},
		{
			"from": [0.75, 11, 5.92893],
			"to": [7.5, 19.25, 9.92893],
			"rotation": {"angle": 45, "axis": "z", "origin": [7, 0, 0.92893]},
			"faces": {
				"north": {"uv": [8.25, 8, 10, 9.75], "texture": "#4"},
				"east": {"uv": [0, 7.5, 2, 9.25], "texture": "#4"},
				"south": {"uv": [8.5, 1.75, 10.25, 3.5], "texture": "#4"},
				"west": {"uv": [7.5, 0, 9.5, 1.75], "texture": "#4"},
				"up": {"uv": [10, 6, 8.25, 4], "texture": "#4"},
				"down": {"uv": [10, 6, 8.25, 8], "texture": "#4"}
			}
		},
		{
			"from": [4, 8, 0.42893],
			"to": [9, 13, 6.92893],
			"rotation": {"angle": 45, "axis": "z", "origin": [7, 0, 0.92893]},
			"faces": {
				"north": {"uv": [8, 9.75, 9.25, 11.25], "texture": "#6"},
				"east": {"uv": [2.25, 5.25, 3.75, 6.75], "texture": "#6"},
				"south": {"uv": [9.25, 9.75, 10.5, 11.25], "texture": "#6"},
				"west": {"uv": [1.75, 9.25, 3.25, 10.75], "texture": "#6"},
				"up": {"uv": [11.25, 5, 10, 3.5], "texture": "#6"},
				"down": {"uv": [11.25, 5, 10, 6.5], "texture": "#6"}
			}
		},
		{
			"from": [4, 8.25, 10.92893],
			"to": [9, 13.25, 15.67893],
			"rotation": {"angle": 45, "axis": "z", "origin": [7, 0, 0.92893]},
			"faces": {
				"north": {"uv": [11.5, 0, 12.5, 1], "texture": "#6"},
				"east": {"uv": [7.5, 11.25, 9, 12.25], "texture": "#6"},
				"south": {"uv": [11.5, 11.5, 12.5, 12.5], "texture": "#6"},
				"west": {"uv": [9, 11.25, 10.5, 12.25], "texture": "#6"},
				"up": {"uv": [6.25, 10.75, 5.25, 9.25], "texture": "#6"},
				"down": {"uv": [11.5, 11.5, 10.5, 13], "texture": "#6"}
			}
		},
		{
			"from": [5, 9, -5.07107],
			"to": [7, 11, 0.92893],
			"rotation": {"angle": 45, "axis": "z", "origin": [7, 0, 0.92893]},
			"faces": {
				"north": {"uv": [7.5, 10.75, 8, 11.25], "texture": "#4"},
				"east": {"uv": [8.5, 3.5, 10, 4], "texture": "#4"},
				"south": {"uv": [2, 12.75, 2.5, 13.25], "texture": "#4"},
				"west": {"uv": [2, 11.75, 3.5, 12.25], "texture": "#4"},
				"up": {"uv": [4, 13.25, 3.5, 11.75], "texture": "#4"},
				"down": {"uv": [4.5, 11.75, 4, 13.25], "texture": "#4"}
			}
		},
		{
			"from": [3, 5.5, -3.57107],
			"to": [4, 14.75, 5.42893],
			"rotation": {"angle": 45, "axis": "x", "origin": [7, 0, 0.92893]},
			"faces": {
				"north": {"uv": [4.5, 11.75, 4.75, 14], "texture": "#6"},
				"east": {"uv": [0, 5.25, 2.25, 7.5], "texture": "#6"},
				"south": {"uv": [4.75, 11.75, 5, 14], "texture": "#6"},
				"west": {"uv": [6.25, 1.75, 8.5, 4], "texture": "#6"},
				"up": {"uv": [5.25, 14, 5, 11.75], "texture": "#6"},
				"down": {"uv": [5.5, 11.75, 5.25, 14], "texture": "#6"}
			}
		},
		{
			"from": [4, 6.5, -2.57107],
			"to": [19, 13.75, 4.42893],
			"rotation": {"angle": 45, "axis": "x", "origin": [7, 0, 0.92893]},
			"faces": {
				"north": {"uv": [0, 0, 3.75, 1.75], "texture": "#1"},
				"east": {"uv": [5.25, 9, 14, 15.75], "texture": "#1"},
				"south": {"uv": [0, 1.75, 3.75, 3.5], "texture": "#1"},
				"west": {"uv": [0, 9.25, 1.75, 11], "texture": "#1"},
				"up": {"uv": [3.75, 5.25, 0, 3.5], "texture": "#1"},
				"down": {"uv": [7.5, 0, 3.75, 1.75], "texture": "#1"}
			}
		},
		{
			"from": [-6, 6, 7],
			"to": [-2, 10, 9],
			"rotation": {"angle": 22.5, "axis": "z", "origin": [0, 0, 0]},
			"faces": {
				"north": {"uv": [0, 11.75, 1, 12.75], "texture": "#4"},
				"east": {"uv": [5.5, 11.75, 6, 12.75], "texture": "#4"},
				"south": {"uv": [1, 11.75, 2, 12.75], "texture": "#4"},
				"west": {"uv": [6, 11.75, 6.5, 12.75], "texture": "#4"},
				"up": {"uv": [7.5, 12.25, 6.5, 11.75], "texture": "#4"},
				"down": {"uv": [3, 12.25, 2, 12.75], "texture": "#4"}
			}
		},
		{
			"from": [-14, 6.25, 7.25],
			"to": [-6, 9.75, 8.75],
			"rotation": {"angle": 22.5, "axis": "z", "origin": [0, 0, 0]},
			"faces": {
				"north": {"uv": [3.25, 9.25, 5.25, 10.25], "texture": "#4"},
				"east": {"uv": [3, 12.25, 3.5, 13.25], "texture": "#4"},
				"south": {"uv": [9.5, 0, 11.5, 1], "texture": "#4"},
				"west": {"uv": [6.5, 12.25, 7, 13.25], "texture": "#4"},
				"up": {"uv": [5.25, 10.75, 3.25, 10.25], "texture": "#4"},
				"down": {"uv": [7.5, 10.75, 5.5, 11.25], "texture": "#4"}
			}
		},
		{
			"from": [4, 3, 12.5],
			"to": [19, 3, 14.5],
			"rotation": {"angle": -45, "axis": "x", "origin": [0, 0, 0]},
			"faces": {
				"north": {"uv": [0, 0, 3.75, 0], "texture": "#6"},
				"east": {"uv": [0, 0, 0.5, 0], "texture": "#6"},
				"south": {"uv": [0, 0, 3.75, 0], "texture": "#6"},
				"west": {"uv": [0, 0, 0.5, 0], "texture": "#6"},
				"up": {"uv": [13.25, 1.5, 9.5, 1], "texture": "#6"},
				"down": {"uv": [13.75, 6.5, 10, 7], "texture": "#6"}
			}
		},
		{
			"from": [4, 3, 9.5],
			"to": [19, 3, 11.5],
			"rotation": {"angle": -45, "axis": "x", "origin": [0, 0, 0]},
			"faces": {
				"north": {"uv": [0, 0, 3.75, 0], "texture": "#6"},
				"east": {"uv": [0, 0, 0.5, 0], "texture": "#6"},
				"south": {"uv": [0, 0, 3.75, 0], "texture": "#6"},
				"west": {"uv": [0, 0, 0.5, 0], "texture": "#6"},
				"up": {"uv": [13.75, 7.5, 10, 7], "texture": "#6"},
				"down": {"uv": [13.75, 7.5, 10, 8], "texture": "#6"}
			}
		},
		{
			"from": [4, 3, 6.875],
			"to": [19, 3, 8.375],
			"rotation": {"angle": -45, "axis": "x", "origin": [0, 0, -0.125]},
			"faces": {
				"north": {"uv": [0, 0, 3.75, 0], "texture": "#6"},
				"east": {"uv": [0, 0, 0.5, 0], "texture": "#6"},
				"south": {"uv": [0, 0, 3.75, 0], "texture": "#6"},
				"west": {"uv": [0, 0, 0.5, 0], "texture": "#6"},
				"up": {"uv": [13.75, 8.5, 10, 8], "texture": "#6"},
				"down": {"uv": [13.75, 8.5, 10, 9], "texture": "#6"}
			}
		},
		{
			"from": [4, 14.75, -3.175],
			"to": [19, 14.75, -1.25],
			"rotation": {"angle": 45, "axis": "x", "origin": [0, 0, 0]},
			"faces": {
				"north": {"uv": [0, 0, 3.75, 0], "texture": "#6"},
				"east": {"uv": [0, 0, 0.5, 0], "texture": "#6"},
				"south": {"uv": [0, 0, 3.75, 0], "texture": "#6"},
				"west": {"uv": [0, 0, 0.5, 0], "texture": "#6"},
				"up": {"uv": [13.75, 9.5, 10, 9], "texture": "#6"},
				"down": {"uv": [14, 1.5, 10.25, 2], "texture": "#6"}
			}
		},
		{
			"from": [4, 14.75, -0.25],
			"to": [19, 14.75, 1.5],
			"rotation": {"angle": 45, "axis": "x", "origin": [0, 0, 0]},
			"faces": {
				"north": {"uv": [0, 0, 3.75, 0], "texture": "#6"},
				"east": {"uv": [0, 0, 0.5, 0], "texture": "#6"},
				"south": {"uv": [0, 0, 3.75, 0], "texture": "#6"},
				"west": {"uv": [0, 0, 0.5, 0], "texture": "#6"},
				"up": {"uv": [14, 2.5, 10.25, 2], "texture": "#6"},
				"down": {"uv": [14, 2.5, 10.25, 3], "texture": "#6"}
			}
		},
		{
			"from": [4, 14.75, 2.5],
			"to": [19, 14.75, 4.25],
			"rotation": {"angle": 45, "axis": "x", "origin": [0, 0, 0]},
			"faces": {
				"north": {"uv": [0, 0, 3.75, 0], "texture": "#6"},
				"east": {"uv": [0, 0, 0.5, 0], "texture": "#6"},
				"south": {"uv": [0, 0, 3.75, 0], "texture": "#6"},
				"west": {"uv": [0, 0, 0.5, 0], "texture": "#6"},
				"up": {"uv": [14, 3.5, 10.25, 3], "texture": "#6"},
				"down": {"uv": [14.25, 9.5, 10.5, 10], "texture": "#6"}
			}
		},
		{
			"from": [4, -5.5, 15.5],
			"to": [19, -3.5, 15.5],
			"rotation": {"angle": -45, "axis": "x", "origin": [0, -12, 0]},
			"faces": {
				"north": {"uv": [10.5, 10, 14.25, 10.5], "texture": "#6"},
				"east": {"uv": [0, 0, 0, 0.5], "texture": "#6"},
				"south": {"uv": [10.5, 10.5, 14.25, 11], "texture": "#6"},
				"west": {"uv": [0, 0, 0, 0.5], "texture": "#6"},
				"up": {"uv": [3.75, 0, 0, 0], "texture": "#6"},
				"down": {"uv": [3.75, 0, 0, 0], "texture": "#6"}
			}
		},
		{
			"from": [4, -2.5, 15.5],
			"to": [19, -0.5, 15.5],
			"rotation": {"angle": -45, "axis": "x", "origin": [0, -12, 0]},
			"faces": {
				"north": {"uv": [1.75, 10.75, 5.5, 11.25], "texture": "#6"},
				"east": {"uv": [0, 0, 0, 0.5], "texture": "#6"},
				"south": {"uv": [10.5, 11, 14.25, 11.5], "texture": "#6"},
				"west": {"uv": [0, 0, 0, 0.5], "texture": "#6"},
				"up": {"uv": [3.75, 0, 0, 0], "texture": "#6"},
				"down": {"uv": [3.75, 0, 0, 0], "texture": "#6"}
			}
		},
		{
			"from": [4, -7.75, 15.5],
			"to": [19, -6, 15.5],
			"rotation": {"angle": -45, "axis": "x", "origin": [0, -12, 0]},
			"faces": {
				"north": {"uv": [0, 11.25, 3.75, 11.75], "texture": "#6"},
				"east": {"uv": [0, 0, 0, 0.5], "texture": "#6"},
				"south": {"uv": [11.25, 3.5, 15, 4], "texture": "#6"},
				"west": {"uv": [0, 0, 0, 0.5], "texture": "#6"},
				"up": {"uv": [3.75, 0, 0, 0], "texture": "#6"},
				"down": {"uv": [3.75, 0, 0, 0], "texture": "#6"}
			}
		},
		{
			"from": [4, -7.75, 15.5],
			"to": [19, -7.75, 17.25],
			"rotation": {"angle": -45, "axis": "x", "origin": [0, -12, 0]},
			"faces": {
				"north": {"uv": [0, 0, 3.75, 0], "texture": "#6"},
				"east": {"uv": [0, 0, 0.5, 0], "texture": "#6"},
				"south": {"uv": [0, 0, 3.75, 0], "texture": "#6"},
				"west": {"uv": [0, 0, 0.5, 0], "texture": "#6"},
				"up": {"uv": [7.5, 11.75, 3.75, 11.25], "texture": "#6"},
				"down": {"uv": [15, 4, 11.25, 4.5], "texture": "#6"}
			}
		},
		{
			"from": [4, -7.75, 18.25],
			"to": [19, -7.75, 20.25],
			"rotation": {"angle": -45, "axis": "x", "origin": [0, -12, 0]},
			"faces": {
				"north": {"uv": [0, 0, 3.75, 0], "texture": "#6"},
				"east": {"uv": [0, 0, 0.5, 0], "texture": "#6"},
				"south": {"uv": [0, 0, 3.75, 0], "texture": "#6"},
				"west": {"uv": [0, 0, 0.5, 0], "texture": "#6"},
				"up": {"uv": [15, 5, 11.25, 4.5], "texture": "#6"},
				"down": {"uv": [15, 5, 11.25, 5.5], "texture": "#6"}
			}
		},
		{
			"from": [4, -7.675, 21.25],
			"to": [19, -7.675, 23.25],
			"rotation": {"angle": -45, "axis": "x", "origin": [0, -12, 0]},
			"faces": {
				"north": {"uv": [0, 0, 3.75, 0], "texture": "#6"},
				"east": {"uv": [0, 0, 0.5, 0], "texture": "#6"},
				"south": {"uv": [0, 0, 3.75, 0], "texture": "#6"},
				"west": {"uv": [0, 0, 0.5, 0], "texture": "#6"},
				"up": {"uv": [15, 6, 11.25, 5.5], "texture": "#6"},
				"down": {"uv": [15, 6, 11.25, 6.5], "texture": "#6"}
			}
		},
		{
			"from": [19, -3.975, 14],
			"to": [20, 3, 15],
			"rotation": {"angle": -45, "axis": "x", "origin": [0, 0, 0]},
			"faces": {
				"north": {"uv": [2, 7.5, 2.25, 9.25], "texture": "#6"},
				"east": {"uv": [7, 12.25, 7.25, 14], "texture": "#6"},
				"south": {"uv": [7.25, 12.25, 7.5, 14], "texture": "#6"},
				"west": {"uv": [7.5, 12.25, 7.75, 14], "texture": "#6"},
				"up": {"uv": [9.75, 1.75, 9.5, 1.5], "texture": "#6"},
				"down": {"uv": [8.25, 9.5, 8, 9.75], "texture": "#6"}
			}
		},
		{
			"from": [19, 8, -3],
			"to": [20, 14, -2],
			"rotation": {"angle": 45, "axis": "x", "origin": [0, 0, 0]},
			"faces": {
				"north": {"uv": [0, 12.75, 0.25, 14.25], "texture": "#6"},
				"east": {"uv": [0.25, 12.75, 0.5, 14.25], "texture": "#6"},
				"south": {"uv": [0.5, 12.75, 0.75, 14.25], "texture": "#6"},
				"west": {"uv": [0.75, 12.75, 1, 14.25], "texture": "#6"},
				"up": {"uv": [10, 1.75, 9.75, 1.5], "texture": "#6"},
				"down": {"uv": [10.25, 1.5, 10, 1.75], "texture": "#6"}
			}
		},
		{
			"from": [19, 8, 3.5],
			"to": [20, 15.175, 4.475],
			"rotation": {"angle": 45, "axis": "x", "origin": [0, 0, 0]},
			"faces": {
				"north": {"uv": [1, 12.75, 1.25, 14.25], "texture": "#6"},
				"east": {"uv": [1.25, 12.75, 1.5, 14.25], "texture": "#6"},
				"south": {"uv": [1.5, 12.75, 1.75, 14.25], "texture": "#6"},
				"west": {"uv": [1.75, 12.75, 2, 14.25], "texture": "#6"},
				"up": {"uv": [10.25, 9.75, 10, 9.5], "texture": "#6"},
				"down": {"uv": [10.5, 9.5, 10.25, 9.75], "texture": "#6"}
			}
		},
		{
			"from": [19, -4.25, 7],
			"to": [20, 3, 8],
			"rotation": {"angle": -45, "axis": "x", "origin": [0, 0, 0]},
			"faces": {
				"north": {"uv": [7.75, 12.25, 8, 14], "texture": "#6"},
				"east": {"uv": [8, 12.25, 8.25, 14], "texture": "#6"},
				"south": {"uv": [8.25, 12.25, 8.5, 14], "texture": "#6"},
				"west": {"uv": [8.5, 12.25, 8.75, 14], "texture": "#6"},
				"up": {"uv": [2.75, 13, 2.5, 12.75], "texture": "#6"},
				"down": {"uv": [3, 12.75, 2.75, 13], "texture": "#6"}
			}
		},
		{
			"from": [22, 4, 7.875],
			"to": [28, 5, 8.875],
			"rotation": {"angle": 22.5, "axis": "z", "origin": [0, 0, -0.125]},
			"faces": {
				"north": {"uv": [8.75, 12.75, 10.25, 13], "texture": "#6"},
				"east": {"uv": [5.5, 12.75, 5.75, 13], "texture": "#6"},
				"south": {"uv": [11.5, 12.75, 13, 13], "texture": "#6"},
				"west": {"uv": [5.75, 12.75, 6, 13], "texture": "#6"},
				"up": {"uv": [10.25, 13.25, 8.75, 13], "texture": "#6"},
				"down": {"uv": [11.75, 13, 10.25, 13.25], "texture": "#6"}
			}
		},
		{
			"from": [16, 23, 7.85],
			"to": [22, 24, 8.85],
			"rotation": {"angle": -22.5, "axis": "z", "origin": [0, 0, 0]},
			"faces": {
				"north": {"uv": [12.5, 11.5, 14, 11.75], "texture": "#6"},
				"east": {"uv": [8, 9, 8.25, 9.25], "texture": "#6"},
				"south": {"uv": [12.5, 11.75, 14, 12], "texture": "#6"},
				"west": {"uv": [8, 9.25, 8.25, 9.5], "texture": "#6"},
				"up": {"uv": [14, 12.25, 12.5, 12], "texture": "#6"},
				"down": {"uv": [14, 12.25, 12.5, 12.5], "texture": "#6"}
			}
		},
		{
			"from": [15.25, 4, 12.5],
			"to": [22.25, 5, 13.5],
			"rotation": {"angle": 22.5, "axis": "y", "origin": [0, -1, -0.5]},
			"faces": {
				"north": {"uv": [0, 11, 1.75, 11.25], "texture": "#6"},
				"east": {"uv": [6, 12.75, 6.25, 13], "texture": "#6"},
				"south": {"uv": [8.75, 12.25, 10.5, 12.5], "texture": "#6"},
				"west": {"uv": [6.25, 12.75, 6.5, 13], "texture": "#6"},
				"up": {"uv": [14.25, 0.25, 12.5, 0], "texture": "#6"},
				"down": {"uv": [14.25, 0.25, 12.5, 0.5], "texture": "#6"}
			}
		},
		{
			"from": [23.75, 4, -7.5],
			"to": [28.75, 5, -6.5],
			"rotation": {"angle": -22.5, "axis": "y", "origin": [0, -1, -0.5]},
			"faces": {
				"north": {"uv": [11.75, 13, 13, 13.25], "texture": "#6"},
				"east": {"uv": [10.25, 12.75, 10.5, 13], "texture": "#6"},
				"south": {"uv": [13, 12.75, 14.25, 13], "texture": "#6"},
				"west": {"uv": [2.5, 13, 2.75, 13.25], "texture": "#6"},
				"up": {"uv": [14.25, 13.25, 13, 13], "texture": "#6"},
				"down": {"uv": [14.5, 1, 13.25, 1.25], "texture": "#6"}
			}
		},
		{
			"from": [20, 4, 1.5],
			"to": [27, 5, 2.5],
			"rotation": {"angle": -22.5, "axis": "y", "origin": [-0.25, -1, 3.5]},
			"faces": {
				"north": {"uv": [12.5, 0.5, 14.25, 0.75], "texture": "#6"},
				"east": {"uv": [2.75, 13, 3, 13.25], "texture": "#6"},
				"south": {"uv": [12.5, 0.75, 14.25, 1], "texture": "#6"},
				"west": {"uv": [5.5, 13, 5.75, 13.25], "texture": "#6"},
				"up": {"uv": [10.5, 12.75, 8.75, 12.5], "texture": "#6"},
				"down": {"uv": [13.25, 12.5, 11.5, 12.75], "texture": "#6"}
			}
		},
		{
			"from": [18.5, 4, 21.5],
			"to": [23.5, 5, 22.5],
			"rotation": {"angle": 22.5, "axis": "y", "origin": [-0.25, -1, 3.5]},
			"faces": {
				"north": {"uv": [13.25, 1.25, 14.5, 1.5], "texture": "#6"},
				"east": {"uv": [5.75, 13, 6, 13.25], "texture": "#6"},
				"south": {"uv": [2, 13.25, 3.25, 13.5], "texture": "#6"},
				"west": {"uv": [6, 13, 6.25, 13.25], "texture": "#6"},
				"up": {"uv": [4.5, 13.5, 3.25, 13.25], "texture": "#6"},
				"down": {"uv": [6.75, 13.25, 5.5, 13.5], "texture": "#6"}
			}
		}
	],
	"display": {
		"thirdperson_righthand": {
			"rotation": [43, 90, 0],
			"translation": [0, 5.5, -2.25],
			"scale": [0.41, 0.55, 0.51]
		},
		"thirdperson_lefthand": {
			"rotation": [43, -90, 0],
			"translation": [0, 5.5, -2.25],
			"scale": [0.41, 0.55, 0.51]
		},
		"firstperson_righthand": {
			"rotation": [0, 90, 0],
			"translation": [1.5, 0.5, -10.75]
		},
		"firstperson_lefthand": {
			"rotation": [0, -90, 0],
			"translation": [1.25, 0.5, -10]
		},
		"ground": {
			"translation": [0, 2, 0],
			"scale": [0.61, 0.64, 0.63]
		},
		"gui": {
			"rotation": [0, 180, 36],
			"translation": [0.25, 0.5, 0],
			"scale": [0.4, 0.4, 1]
		},
		"head": {
			"rotation": [0, 90, 0],
			"translation": [0, 7.25, -5.25]
		}
	}
}