{
	"credit": "Made with Blockbench",
	"texture_size": [64, 64],
	"textures": {
		"0": "item/powerup/ammo_box/ammo_texture",
		"1": "item/powerup/ammo_box/box",
		"particle": "item/powerup/ammo_box/ammo_texture"
	},
	"elements": [
		{
			"from": [2, 0, 4.5],
			"to": [13.5, 0.5, 11.5],
			"rotation": {"angle": 0, "axis": "y", "origin": [0, 0, -0.5]},
			"faces": {
				"north": {"uv": [3, 7.25, 6, 7.375], "texture": "#1"},
				"east": {"uv": [2.5, 7.5, 4.5, 7.625], "texture": "#1"},
				"south": {"uv": [6, 7.25, 9, 7.375], "texture": "#1"},
				"west": {"uv": [4.5, 7.5, 6.5, 7.625], "texture": "#1"},
				"up": {"uv": [3, 2, 0, 0], "texture": "#1"},
				"down": {"uv": [3, 2, 0, 4], "texture": "#1"}
			}
		},
		{
			"from": [2, 0.5, 4.5],
			"to": [2.5, 6, 11.5],
			"rotation": {"angle": 0, "axis": "y", "origin": [0, 0, -0.5]},
			"faces": {
				"north": {"uv": [4, 7.75, 4.125, 9.25], "texture": "#1"},
				"east": {"uv": [6, 3, 8, 4.5], "texture": "#1"},
				"south": {"uv": [4.25, 7.75, 4.375, 9.25], "texture": "#1"},
				"west": {"uv": [6, 4.5, 8, 6], "texture": "#1"},
				"up": {"uv": [2.125, 9.5, 2, 7.5], "texture": "#1"},
				"down": {"uv": [2.375, 7.5, 2.25, 9.5], "texture": "#1"}
			}
		},
		{
			"from": [2, 0, 4],
			"to": [13.5, 6, 4.5],
			"rotation": {"angle": 0, "axis": "y", "origin": [0, 0, -0.5]},
			"faces": {
				"north": {"uv": [0, 5.5, 3, 7], "texture": "#1"},
				"east": {"uv": [3.5, 7.75, 3.625, 9.25], "texture": "#1"},
				"south": {"uv": [3, 5.5, 6, 7], "texture": "#1"},
				"west": {"uv": [3.75, 7.75, 3.875, 9.25], "texture": "#1"},
				"up": {"uv": [9, 7.125, 6, 7], "texture": "#1"},
				"down": {"uv": [3, 7.25, 0, 7.375], "texture": "#1"}
			}
		},
		{
			"from": [13.5, 0, 4],
			"to": [14, 6, 12],
			"rotation": {"angle": 0, "axis": "y", "origin": [0, 0, -0.5]},
			"faces": {
				"north": {"uv": [3, 7.75, 3.125, 9.25], "texture": "#1"},
				"east": {"uv": [6, 0, 8, 1.5], "texture": "#1"},
				"south": {"uv": [3.25, 7.75, 3.375, 9.25], "texture": "#1"},
				"west": {"uv": [6, 1.5, 8, 3], "texture": "#1"},
				"up": {"uv": [1.625, 9.5, 1.5, 7.5], "texture": "#1"},
				"down": {"uv": [1.875, 7.5, 1.75, 9.5], "texture": "#1"}
			}
		},
		{
			"from": [2.075, 6, 4],
			"to": [14.075, 7, 12],
			"rotation": {"angle": -22.5, "axis": "z", "origin": [14, 6.25, 8]},
			"faces": {
				"north": {"uv": [6, 6, 9, 6.25], "texture": "#1"},
				"east": {"uv": [6, 6.5, 8, 6.75], "texture": "#1"},
				"south": {"uv": [6, 6.25, 9, 6.5], "texture": "#1"},
				"west": {"uv": [6, 6.75, 8, 7], "texture": "#1"},
				"up": {"uv": [6, 2, 3, 0], "texture": "#1"},
				"down": {"uv": [6, 2, 3, 4], "texture": "#1"}
			}
		},
		{
			"from": [13.62023, 5.5852, 9.74],
			"to": [14.36023, 6.3252, 11.22],
			"rotation": {"angle": -22.5, "axis": "z", "origin": [14.09523, 6.1402, 8]},
			"faces": {
				"north": {"uv": [8.25, 4.75, 8.375, 4.875], "texture": "#1"},
				"east": {"uv": [5.5, 8, 5.875, 8.125], "texture": "#1"},
				"south": {"uv": [5, 8.25, 5.125, 8.375], "texture": "#1"},
				"west": {"uv": [8, 5.75, 8.375, 5.875], "texture": "#1"},
				"up": {"uv": [6.125, 8.375, 6, 8], "texture": "#1"},
				"down": {"uv": [6.375, 8, 6.25, 8.375], "texture": "#1"}
			}
		},
		{
			"from": [13.62023, 5.5852, 4.78],
			"to": [14.36023, 6.3252, 6.26],
			"rotation": {"angle": -22.5, "axis": "z", "origin": [14.09523, 6.1402, 8]},
			"faces": {
				"north": {"uv": [8.25, 5, 8.375, 5.125], "texture": "#1"},
				"east": {"uv": [6.5, 8, 6.875, 8.125], "texture": "#1"},
				"south": {"uv": [5.25, 8.25, 5.375, 8.375], "texture": "#1"},
				"west": {"uv": [8, 6.5, 8.375, 6.625], "texture": "#1"},
				"up": {"uv": [7.125, 8.375, 7, 8], "texture": "#1"},
				"down": {"uv": [7.375, 8, 7.25, 8.375], "texture": "#1"}
			}
		},
		{
			"from": [2, 0, 11.5],
			"to": [13.5, 6, 12],
			"rotation": {"angle": 0, "axis": "y", "origin": [0, 0, -0.5]},
			"faces": {
				"north": {"uv": [0, 4, 3, 5.5], "texture": "#1"},
				"east": {"uv": [2.5, 7.75, 2.625, 9.25], "texture": "#1"},
				"south": {"uv": [3, 4, 6, 5.5], "texture": "#1"},
				"west": {"uv": [2.75, 7.75, 2.875, 9.25], "texture": "#1"},
				"up": {"uv": [3, 7.125, 0, 7], "texture": "#1"},
				"down": {"uv": [6, 7, 3, 7.125], "texture": "#1"}
			}
		},
		{
			"from": [12, 7, 7.5],
			"to": [13, 7.25, 8.5],
			"rotation": {"angle": -22.5, "axis": "z", "origin": [14.5, 9.5, 8]},
			"faces": {
				"north": {"uv": [0.75, 8.25, 1, 8.375], "texture": "#1"},
				"east": {"uv": [1.25, 8.25, 1.5, 8.375], "texture": "#1"},
				"south": {"uv": [8.25, 2.75, 8.5, 2.875], "texture": "#1"},
				"west": {"uv": [8.25, 3, 8.5, 3.125], "texture": "#1"},
				"up": {"uv": [8.25, 1.25, 8, 1], "texture": "#1"},
				"down": {"uv": [1.5, 8, 1.25, 8.25], "texture": "#1"}
			}
		},
		{
			"from": [7.6215, 7.54214, 7.5],
			"to": [11.1715, 7.79214, 8.5],
			"rotation": {"angle": -22.5, "axis": "z", "origin": [15.6715, 9.04214, 8]},
			"faces": {
				"north": {"uv": [5.5, 7.75, 6.375, 7.875], "texture": "#1"},
				"east": {"uv": [8.25, 4.25, 8.5, 4.375], "texture": "#1"},
				"south": {"uv": [6.5, 7.75, 7.375, 7.875], "texture": "#1"},
				"west": {"uv": [8.25, 4.5, 8.5, 4.625], "texture": "#1"},
				"up": {"uv": [7.375, 7.75, 6.5, 7.5], "texture": "#1"},
				"down": {"uv": [8.375, 7.5, 7.5, 7.75], "texture": "#1"}
			}
		},
		{
			"from": [10.56494, 8.97051, 8.3],
			"to": [10.76494, 10.47051, 8.5],
			"rotation": {"angle": 22.5, "axis": "z", "origin": [13.06494, 10.72051, 7.2]},
			"faces": {
				"north": {"uv": [7.5, 8, 7.625, 8.375], "texture": "#1"},
				"east": {"uv": [7.75, 8, 7.875, 8.375], "texture": "#1"},
				"south": {"uv": [8, 8, 8.125, 8.375], "texture": "#1"},
				"west": {"uv": [0, 8.25, 0.125, 8.625], "texture": "#1"},
				"up": {"uv": [8.375, 5.375, 8.25, 5.25], "texture": "#1"},
				"down": {"uv": [5.625, 8.25, 5.5, 8.375], "texture": "#1"}
			}
		},
		{
			"from": [10.56494, 8.97051, 7.5],
			"to": [10.76494, 10.47051, 7.7],
			"rotation": {"angle": 22.5, "axis": "z", "origin": [13.06494, 10.72051, 7.2]},
			"faces": {
				"north": {"uv": [8.25, 0, 8.375, 0.375], "texture": "#1"},
				"east": {"uv": [0.25, 8.25, 0.375, 8.625], "texture": "#1"},
				"south": {"uv": [0.5, 8.25, 0.625, 8.625], "texture": "#1"},
				"west": {"uv": [8.25, 0.5, 8.375, 0.875], "texture": "#1"},
				"up": {"uv": [8.375, 5.625, 8.25, 5.5], "texture": "#1"},
				"down": {"uv": [5.875, 8.25, 5.75, 8.375], "texture": "#1"}
			}
		},
		{
			"from": [6.36641, 10.56123, 7.5],
			"to": [7.81641, 10.76123, 7.7],
			"rotation": {"angle": 22.5, "axis": "z", "origin": [7.34141, 10.66123, 7.6]},
			"faces": {
				"north": {"uv": [8, 6.75, 8.375, 6.875], "texture": "#1"},
				"east": {"uv": [6.5, 8.25, 6.625, 8.375], "texture": "#1"},
				"south": {"uv": [8.25, 1, 8.625, 1.125], "texture": "#1"},
				"west": {"uv": [6.75, 8.25, 6.875, 8.375], "texture": "#1"},
				"up": {"uv": [8.625, 1.375, 8.25, 1.25], "texture": "#1"},
				"down": {"uv": [8.625, 1.5, 8.25, 1.625], "texture": "#1"}
			}
		},
		{
			"from": [6.36641, 10.56123, 8.25],
			"to": [7.81641, 10.76123, 8.45],
			"rotation": {"angle": 22.5, "axis": "z", "origin": [7.34141, 10.66123, 7.6]},
			"faces": {
				"north": {"uv": [8.25, 1.75, 8.625, 1.875], "texture": "#1"},
				"east": {"uv": [8.25, 8, 8.375, 8.125], "texture": "#1"},
				"south": {"uv": [8.25, 2, 8.625, 2.125], "texture": "#1"},
				"west": {"uv": [8.25, 8.25, 8.375, 8.375], "texture": "#1"},
				"up": {"uv": [8.625, 2.375, 8.25, 2.25], "texture": "#1"},
				"down": {"uv": [8.625, 2.5, 8.25, 2.625], "texture": "#1"}
			}
		},
		{
			"from": [6, 7, 7.5],
			"to": [7, 7.25, 8.5],
			"rotation": {"angle": -22.5, "axis": "z", "origin": [14.5, 9.5, 8]},
			"faces": {
				"north": {"uv": [8.25, 3.25, 8.5, 3.375], "texture": "#1"},
				"east": {"uv": [8.25, 3.5, 8.5, 3.625], "texture": "#1"},
				"south": {"uv": [8.25, 3.75, 8.5, 3.875], "texture": "#1"},
				"west": {"uv": [8.25, 4, 8.5, 4.125], "texture": "#1"},
				"up": {"uv": [8.25, 1.5, 8, 1.25], "texture": "#1"},
				"down": {"uv": [8.25, 1.5, 8, 1.75], "texture": "#1"}
			}
		},
		{
			"from": [2.125, 4.75, 4],
			"to": [14, 4.75, 12],
			"faces": {
				"north": {"uv": [0, 0, 3, 0], "texture": "#0"},
				"east": {"uv": [0, 0, 1.75, 0], "texture": "#0"},
				"south": {"uv": [0, 0, 3, 0], "texture": "#0"},
				"west": {"uv": [0, 0, 1.75, 0], "texture": "#0"},
				"up": {"uv": [11.5, 6.75, 0.25, 0.5], "texture": "#0"},
				"down": {"uv": [11.5, 0.5, 0.25, 6.75], "texture": "#0"}
			}
		},
		{
			"from": [1.75, 3, 6.5],
			"to": [2.75, 5, 9.5],
			"faces": {
				"north": {"uv": [5, 7.75, 5.25, 8.25], "texture": "#1"},
				"east": {"uv": [0, 7.5, 0.75, 8], "texture": "#1"},
				"south": {"uv": [5.25, 7.75, 5.5, 8.25], "texture": "#1"},
				"west": {"uv": [0.75, 7.5, 1.5, 8], "texture": "#1"},
				"up": {"uv": [4.75, 8.5, 4.5, 7.75], "texture": "#1"},
				"down": {"uv": [5, 7.75, 4.75, 8.5], "texture": "#1"}
			}
		},
		{
			"from": [2.5, 8.5, 6.25],
			"to": [2.75, 8.75, 9.75],
			"rotation": {"angle": -22.5, "axis": "z", "origin": [3.125, 9.1875, 8]},
			"faces": {
				"north": {"uv": [8.5, 0.75, 8.625, 0.875], "texture": "#1"},
				"east": {"uv": [7.5, 7.75, 8.375, 7.875], "texture": "#1"},
				"south": {"uv": [1.25, 8.5, 1.375, 8.625], "texture": "#1"},
				"west": {"uv": [0, 8, 0.875, 8.125], "texture": "#1"},
				"up": {"uv": [8.125, 0.875, 8, 0], "texture": "#1"},
				"down": {"uv": [1.125, 8, 1, 8.875], "texture": "#1"}
			}
		},
		{
			"from": [2.5, 8.75, 6.25],
			"to": [2.75, 10.75, 6.5],
			"rotation": {"angle": -22.5, "axis": "z", "origin": [3.125, 9.1875, 8]},
			"faces": {
				"north": {"uv": [8, 1.75, 8.125, 2.25], "texture": "#1"},
				"east": {"uv": [8, 2.25, 8.125, 2.75], "texture": "#1"},
				"south": {"uv": [8, 2.75, 8.125, 3.25], "texture": "#1"},
				"west": {"uv": [8, 3.25, 8.125, 3.75], "texture": "#1"},
				"up": {"uv": [8.625, 0.125, 8.5, 0], "texture": "#1"},
				"down": {"uv": [8.625, 0.25, 8.5, 0.375], "texture": "#1"}
			}
		},
		{
			"from": [2.5, 8.75, 9.5],
			"to": [2.75, 10.75, 9.75],
			"rotation": {"angle": -22.5, "axis": "z", "origin": [3.125, 9.1875, 8]},
			"faces": {
				"north": {"uv": [8, 3.75, 8.125, 4.25], "texture": "#1"},
				"east": {"uv": [8, 4.25, 8.125, 4.75], "texture": "#1"},
				"south": {"uv": [8, 4.75, 8.125, 5.25], "texture": "#1"},
				"west": {"uv": [8, 5.25, 8.125, 5.75], "texture": "#1"},
				"up": {"uv": [8.625, 0.625, 8.5, 0.5], "texture": "#1"},
				"down": {"uv": [0.875, 8.5, 0.75, 8.625], "texture": "#1"}
			}
		}
	],
	"gui_light": "front",
	"display": {
		"thirdperson_righthand": {
			"rotation": [0, -90, -36],
			"translation": [0.75, -3.25, -1.25],
			"scale": [0.62, 0.62, 0.62]
		},
		"thirdperson_lefthand": {
			"rotation": [0, 90, 36],
			"translation": [0.75, -3.25, -1.25],
			"scale": [0.62, 0.62, 0.62]
		},
		"firstperson_righthand": {
			"rotation": [0, -86, 0],
			"translation": [0, 3, 0]
		},
		"firstperson_lefthand": {
			"rotation": [0, 86, 0],
			"translation": [0, 3, 0]
		},
		"ground": {
			"translation": [0, 6.25, 0]
		},
		"gui": {
			"rotation": [30, 225, 0],
			"scale": [0.625, 0.625, 0.625]
		},
		"head": {
			"rotation": [0, -90, 0],
			"translation": [0, 4.5, 0],
			"scale": [1.1, 1.1, 1.1]
		},
		"fixed": {
			"translation": [0, 3, -3]
		}
	}
}