{
	"credit": "Made with Blockbench",
	"texture_size": [64, 64],
	"textures": {
		"0": "item/powerup/base/texture",
		"1": "item/powerup/base/animation",
		"particle": "item/powerup/base/texture"
	},
	"elements": [
		{
			"from": [1, 0, 1],
			"to": [15, 1, 15],
			"faces": {
				"north": {"uv": [4.5, 2, 8, 2.25], "texture": "#0"},
				"east": {"uv": [4.5, 2.25, 8, 2.5], "texture": "#0"},
				"south": {"uv": [4.5, 2.5, 8, 2.75], "texture": "#0"},
				"west": {"uv": [4.5, 2.75, 8, 3], "texture": "#0"},
				"up": {"uv": [3.5, 3.5, 0, 0], "texture": "#0"},
				"down": {"uv": [3.5, 3.5, 0, 7], "texture": "#0"}
			}
		},
		{
			"from": [4, 0.1, 4],
			"to": [12, 1.1, 12],
			"faces": {
				"north": {"uv": [16, 16, 0, 0], "texture": "#missing"},
				"east": {"uv": [16, 16, 0, 0], "texture": "#missing"},
				"south": {"uv": [16, 16, 0, 0], "texture": "#missing"},
				"west": {"uv": [16, 16, 0, 0], "texture": "#missing"},
				"up": {"uv": [16, 16, 0, 0], "texture": "#1"},
				"down": {"uv": [16, 16, 0, 0], "texture": "#missing"}
			}
		},
		{
			"from": [2, 1, 2],
			"to": [4, 2, 14],
			"faces": {
				"north": {"uv": [4, 6, 4.5, 6.25], "texture": "#0"},
				"east": {"uv": [6, 5, 9, 5.25], "texture": "#0"},
				"south": {"uv": [4, 6.25, 4.5, 6.5], "texture": "#0"},
				"west": {"uv": [6, 5.25, 9, 5.5], "texture": "#0"},
				"up": {"uv": [4, 3, 3.5, 0], "texture": "#0"},
				"down": {"uv": [4, 3, 3.5, 6], "texture": "#0"}
			}
		},
		{
			"from": [12, 1, 2],
			"to": [14, 2, 14],
			"faces": {
				"north": {"uv": [6.5, 3.5, 7, 3.75], "texture": "#0"},
				"east": {"uv": [6, 5.5, 9, 5.75], "texture": "#0"},
				"south": {"uv": [6.5, 3.75, 7, 4], "texture": "#0"},
				"west": {"uv": [6, 5.75, 9, 6], "texture": "#0"},
				"up": {"uv": [4.5, 3, 4, 0], "texture": "#0"},
				"down": {"uv": [4.5, 3, 4, 6], "texture": "#0"}
			}
		},
		{
			"from": [4, 1, 2],
			"to": [12, 2, 4],
			"faces": {
				"north": {"uv": [6, 6, 8, 6.25], "texture": "#0"},
				"east": {"uv": [4, 6.5, 4.5, 6.75], "texture": "#0"},
				"south": {"uv": [6, 6.25, 8, 6.5], "texture": "#0"},
				"west": {"uv": [6.5, 4, 7, 4.25], "texture": "#0"},
				"up": {"uv": [6.5, 0.5, 4.5, 0], "texture": "#0"},
				"down": {"uv": [6.5, 0.5, 4.5, 1], "texture": "#0"}
			}
		},
		{
			"from": [4, 1, 12],
			"to": [12, 2, 14],
			"faces": {
				"north": {"uv": [6.5, 0, 8.5, 0.25], "texture": "#0"},
				"east": {"uv": [6.5, 4.25, 7, 4.5], "texture": "#0"},
				"south": {"uv": [6.5, 0.25, 8.5, 0.5], "texture": "#0"},
				"west": {"uv": [6.5, 4.5, 7, 4.75], "texture": "#0"},
				"up": {"uv": [6.5, 1.5, 4.5, 1], "texture": "#0"},
				"down": {"uv": [6.5, 1.5, 4.5, 2], "texture": "#0"}
			}
		},
		{
			"from": [4, -2.03553, 9.52843],
			"to": [12, -1.03553, 11.32843],
			"rotation": {"angle": -45, "axis": "x", "origin": [7.5, 1.29289, 8]},
			"faces": {
				"north": {"uv": [6.5, 0.5, 8.5, 0.75], "texture": "#0"},
				"east": {"uv": [6.5, 4.75, 6.9375, 5], "texture": "#0"},
				"south": {"uv": [6.5, 0.75, 8.5, 1], "texture": "#0"},
				"west": {"uv": [6, 6.5, 6.4375, 6.75], "texture": "#0"},
				"up": {"uv": [6.5, 3.4375, 4.5, 3], "texture": "#0"},
				"down": {"uv": [6.5, 3.5, 4.5, 3.9375], "texture": "#0"}
			}
		},
		{
			"from": [4, 0.79289, 3.5],
			"to": [12, 1.79289, 5.3],
			"rotation": {"angle": 45, "axis": "x", "origin": [11.5, 1.29289, 4]},
			"faces": {
				"north": {"uv": [6.5, 1, 8.5, 1.25], "texture": "#0"},
				"east": {"uv": [6.5, 6.5, 6.9375, 6.75], "texture": "#0"},
				"south": {"uv": [6.5, 1.25, 8.5, 1.5], "texture": "#0"},
				"west": {"uv": [4, 6.75, 4.4375, 7], "texture": "#0"},
				"up": {"uv": [6.5, 4.4375, 4.5, 4], "texture": "#0"},
				"down": {"uv": [6.5, 4.5, 4.5, 4.9375], "texture": "#0"}
			}
		},
		{
			"from": [4.67157, -2.03553, 4],
			"to": [6.49657, -1.03553, 12],
			"rotation": {"angle": -45, "axis": "z", "origin": [8, 1.29289, 7.5]},
			"faces": {
				"north": {"uv": [6, 6.75, 6.4375, 7], "texture": "#0"},
				"east": {"uv": [6.5, 1.5, 8.5, 1.75], "texture": "#0"},
				"south": {"uv": [6.5, 6.75, 6.9375, 7], "texture": "#0"},
				"west": {"uv": [6.5, 1.75, 8.5, 2], "texture": "#0"},
				"up": {"uv": [4.9375, 7, 4.5, 5], "texture": "#0"},
				"down": {"uv": [5.4375, 5, 5, 7], "texture": "#0"}
			}
		},
		{
			"from": [9.50343, -2.03553, 4],
			"to": [11.32843, -1.03553, 12],
			"rotation": {"angle": 45, "axis": "z", "origin": [8, 1.29289, 7.5]},
			"faces": {
				"north": {"uv": [0, 7, 0.4375, 7.25], "texture": "#0"},
				"east": {"uv": [6.5, 3, 8.5, 3.25], "texture": "#0"},
				"south": {"uv": [0.5, 7, 0.9375, 7.25], "texture": "#0"},
				"west": {"uv": [6.5, 3.25, 8.5, 3.5], "texture": "#0"},
				"up": {"uv": [5.9375, 7, 5.5, 5], "texture": "#0"},
				"down": {"uv": [3.9375, 6, 3.5, 8], "texture": "#0"}
			}
		},
		{
			"from": [3.25, 1.65, 3.25],
			"to": [3.75, 2.15, 3.75],
			"rotation": {"angle": 0, "axis": "y", "origin": [1.75, 1.25, 1.75]},
			"faces": {
				"north": {"uv": [1, 7, 1.125, 7.125], "texture": "#0"},
				"east": {"uv": [1.25, 7, 1.375, 7.125], "texture": "#0"},
				"south": {"uv": [1.5, 7, 1.625, 7.125], "texture": "#0"},
				"west": {"uv": [1.75, 7, 1.875, 7.125], "texture": "#0"},
				"up": {"uv": [2.125, 7.125, 2, 7], "texture": "#0"},
				"down": {"uv": [2.375, 7, 2.25, 7.125], "texture": "#0"}
			}
		},
		{
			"from": [3.25, 1.65, 12.25],
			"to": [3.75, 2.15, 12.75],
			"rotation": {"angle": 0, "axis": "y", "origin": [1.75, 1.25, 1.75]},
			"faces": {
				"north": {"uv": [2.5, 7, 2.625, 7.125], "texture": "#0"},
				"east": {"uv": [2.75, 7, 2.875, 7.125], "texture": "#0"},
				"south": {"uv": [3, 7, 3.125, 7.125], "texture": "#0"},
				"west": {"uv": [3.25, 7, 3.375, 7.125], "texture": "#0"},
				"up": {"uv": [7.125, 3.625, 7, 3.5], "texture": "#0"},
				"down": {"uv": [7.125, 3.75, 7, 3.875], "texture": "#0"}
			}
		},
		{
			"from": [12.25, 1.65, 12.25],
			"to": [12.75, 2.15, 12.75],
			"rotation": {"angle": 0, "axis": "y", "origin": [1.75, 1.25, 1.75]},
			"faces": {
				"north": {"uv": [4, 7, 4.125, 7.125], "texture": "#0"},
				"east": {"uv": [7, 4, 7.125, 4.125], "texture": "#0"},
				"south": {"uv": [4.25, 7, 4.375, 7.125], "texture": "#0"},
				"west": {"uv": [7, 4.25, 7.125, 4.375], "texture": "#0"},
				"up": {"uv": [4.625, 7.125, 4.5, 7], "texture": "#0"},
				"down": {"uv": [7.125, 4.5, 7, 4.625], "texture": "#0"}
			}
		},
		{
			"from": [12.25, 1.65, 3.25],
			"to": [12.75, 2.15, 3.75],
			"rotation": {"angle": 0, "axis": "y", "origin": [1.75, 1.25, 1.75]},
			"faces": {
				"north": {"uv": [4.75, 7, 4.875, 7.125], "texture": "#0"},
				"east": {"uv": [7, 4.75, 7.125, 4.875], "texture": "#0"},
				"south": {"uv": [5, 7, 5.125, 7.125], "texture": "#0"},
				"west": {"uv": [5.25, 7, 5.375, 7.125], "texture": "#0"},
				"up": {"uv": [5.625, 7.125, 5.5, 7], "texture": "#0"},
				"down": {"uv": [5.875, 7, 5.75, 7.125], "texture": "#0"}
			}
		}
	],
	"gui_light": "front",
	"display": {
		"thirdperson_righthand": {
			"translation": [0, 2.5, 0],
			"scale": [0.35, 0.35, 0.35]
		},
		"thirdperson_lefthand": {
			"translation": [0, 2.5, 0],
			"scale": [0.35, 0.35, 0.35]
		},
		"firstperson_righthand": {
			"translation": [0, 6.75, 0]
		},
		"firstperson_lefthand": {
			"translation": [0, 6.75, 0]
		},
		"ground": {
			"translation": [0, 5, 0]
		},
		"gui": {
			"rotation": [30, 225, 0],
			"translation": [0, 3.25, 0],
			"scale": [0.625, 0.625, 0.625]
		},
		"head": {
			"translation": [0, 13.75, 0]
		},
		"fixed": {
			"rotation": [-90, 0, 0],
			"translation": [0, 0, -19.25],
			"scale": [2.7, 2.7, 2.7]
		}
	}
}