{
	"credit": "Made with Blockbench",
	"texture_size": [32, 32],
	"textures": {
		"1": "item/powerup/double_jump/circle",
		"2": "item/powerup/double_jump/arrow",
		"particle": "item/powerup/double_jump/arrow"
	},
	"elements": [
		{
			"name": "hexadecagon",
			"from": [7.15, 6.73193, 1.625],
			"to": [8.85, 9.26807, 2.475],
			"rotation": {"angle": -45, "axis": "x", "origin": [8, 8, 8]},
			"faces": {
				"north": {"uv": [0, 0, 1.5, 1.5], "texture": "#1"},
				"east": {"uv": [7.5, 4.5, 8, 6], "texture": "#1"},
				"south": {"uv": [0, 1.5, 1.5, 3], "texture": "#1"},
				"west": {"uv": [6, 7.5, 6.5, 9], "texture": "#1"},
				"up": {"uv": [9, 6.5, 7.5, 6], "texture": "#1"},
				"down": {"uv": [8, 7.5, 6.5, 8], "texture": "#1"}
			}
		},
		{
			"name": "hexadecagon",
			"from": [7.15, 6.73193, 1.625],
			"to": [8.85, 9.26807, 2.475],
			"rotation": {"angle": -22.5, "axis": "x", "origin": [8, 8, 8]},
			"faces": {
				"north": {"uv": [1.5, 0, 3, 1.5], "texture": "#1"},
				"east": {"uv": [8, 4.5, 8.5, 6], "texture": "#1"},
				"south": {"uv": [1.5, 1.5, 3, 3], "texture": "#1"},
				"west": {"uv": [6.5, 8, 7, 9.5], "texture": "#1"},
				"up": {"uv": [9, 7, 7.5, 6.5], "texture": "#1"},
				"down": {"uv": [9, 7, 7.5, 7.5], "texture": "#1"}
			}
		},
		{
			"name": "hexadecagon",
			"from": [7.15, 6.73193, 1.625],
			"to": [8.85, 9.26807, 2.475],
			"rotation": {"angle": 0, "axis": "x", "origin": [8, 8, 8]},
			"faces": {
				"north": {"uv": [0, 3, 1.5, 4.5], "texture": "#1"},
				"east": {"uv": [7, 8, 7.5, 9.5], "texture": "#1"},
				"south": {"uv": [3, 0, 4.5, 1.5], "texture": "#1"},
				"west": {"uv": [7.5, 8, 8, 9.5], "texture": "#1"},
				"up": {"uv": [9.5, 8, 8, 7.5], "texture": "#1"},
				"down": {"uv": [9.5, 8, 8, 8.5], "texture": "#1"}
			}
		},
		{
			"name": "hexadecagon",
			"from": [7.15, 6.73193, 1.625],
			"to": [8.85, 9.26807, 2.475],
			"rotation": {"angle": 22.5, "axis": "x", "origin": [8, 8, 8]},
			"faces": {
				"north": {"uv": [1.5, 3, 3, 4.5], "texture": "#1"},
				"east": {"uv": [8.5, 4.5, 9, 6], "texture": "#1"},
				"south": {"uv": [3, 1.5, 4.5, 3], "texture": "#1"},
				"west": {"uv": [8, 8.5, 8.5, 10], "texture": "#1"},
				"up": {"uv": [10, 9, 8.5, 8.5], "texture": "#1"},
				"down": {"uv": [1.5, 9, 0, 9.5], "texture": "#1"}
			}
		},
		{
			"name": "hexadecagon",
			"from": [7.15, 6.73193, 1.625],
			"to": [8.85, 9.26807, 2.475],
			"rotation": {"angle": 45, "axis": "x", "origin": [8, 8, 8]},
			"faces": {
				"north": {"uv": [3, 3, 4.5, 4.5], "texture": "#1"},
				"east": {"uv": [9, 0, 9.5, 1.5], "texture": "#1"},
				"south": {"uv": [0, 4.5, 1.5, 6], "texture": "#1"},
				"west": {"uv": [1.5, 9, 2, 10.5], "texture": "#1"},
				"up": {"uv": [10.5, 2, 9, 1.5], "texture": "#1"},
				"down": {"uv": [3.5, 9, 2, 9.5], "texture": "#1"}
			}
		},
		{
			"name": "hexadecagon",
			"from": [7.15, 6.73193, 13.525],
			"to": [8.85, 9.26807, 14.375],
			"rotation": {"angle": -45, "axis": "x", "origin": [8, 8, 8]},
			"faces": {
				"north": {"uv": [4.5, 0, 6, 1.5], "texture": "#1"},
				"east": {"uv": [9, 2, 9.5, 3.5], "texture": "#1"},
				"south": {"uv": [1.5, 4.5, 3, 6], "texture": "#1"},
				"west": {"uv": [3.5, 9, 4, 10.5], "texture": "#1"},
				"up": {"uv": [10.5, 4, 9, 3.5], "texture": "#1"},
				"down": {"uv": [5.5, 9, 4, 9.5], "texture": "#1"}
			}
		},
		{
			"name": "hexadecagon",
			"from": [7.15, 6.73193, 13.525],
			"to": [8.85, 9.26807, 14.375],
			"rotation": {"angle": -22.5, "axis": "x", "origin": [8, 8, 8]},
			"faces": {
				"north": {"uv": [4.5, 1.5, 6, 3], "texture": "#1"},
				"east": {"uv": [9, 4, 9.5, 5.5], "texture": "#1"},
				"south": {"uv": [3, 4.5, 4.5, 6], "texture": "#1"},
				"west": {"uv": [5.5, 9, 6, 10.5], "texture": "#1"},
				"up": {"uv": [10.5, 6, 9, 5.5], "texture": "#1"},
				"down": {"uv": [10.5, 6, 9, 6.5], "texture": "#1"}
			}
		},
		{
			"name": "hexadecagon",
			"from": [7.15, 6.73193, 13.525],
			"to": [8.85, 9.26807, 14.375],
			"rotation": {"angle": 0, "axis": "x", "origin": [8, 8, 8]},
			"faces": {
				"north": {"uv": [4.5, 3, 6, 4.5], "texture": "#1"},
				"east": {"uv": [6, 9, 6.5, 10.5], "texture": "#1"},
				"south": {"uv": [4.5, 4.5, 6, 6], "texture": "#1"},
				"west": {"uv": [8.5, 9, 9, 10.5], "texture": "#1"},
				"up": {"uv": [10.5, 7, 9, 6.5], "texture": "#1"},
				"down": {"uv": [10.5, 7, 9, 7.5], "texture": "#1"}
			}
		},
		{
			"name": "hexadecagon",
			"from": [7.15, 6.73193, 13.525],
			"to": [8.85, 9.26807, 14.375],
			"rotation": {"angle": 22.5, "axis": "x", "origin": [8, 8, 8]},
			"faces": {
				"north": {"uv": [0, 6, 1.5, 7.5], "texture": "#1"},
				"east": {"uv": [9, 9, 9.5, 10.5], "texture": "#1"},
				"south": {"uv": [6, 0, 7.5, 1.5], "texture": "#1"},
				"west": {"uv": [0, 9.5, 0.5, 11], "texture": "#1"},
				"up": {"uv": [11, 0.5, 9.5, 0], "texture": "#1"},
				"down": {"uv": [11, 0.5, 9.5, 1], "texture": "#1"}
			}
		},
		{
			"name": "hexadecagon",
			"from": [7.15, 6.73193, 13.525],
			"to": [8.85, 9.26807, 14.375],
			"rotation": {"angle": 45, "axis": "x", "origin": [8, 8, 8]},
			"faces": {
				"north": {"uv": [1.5, 6, 3, 7.5], "texture": "#1"},
				"east": {"uv": [0.5, 9.5, 1, 11], "texture": "#1"},
				"south": {"uv": [6, 1.5, 7.5, 3], "texture": "#1"},
				"west": {"uv": [1, 9.5, 1.5, 11], "texture": "#1"},
				"up": {"uv": [11, 1.5, 9.5, 1], "texture": "#1"},
				"down": {"uv": [3.5, 9.5, 2, 10], "texture": "#1"}
			}
		},
		{
			"name": "hexadecagon",
			"from": [7.15, 1.625, 6.73193],
			"to": [8.85, 2.475, 9.26807],
			"rotation": {"angle": -22.5, "axis": "x", "origin": [8, 8, 8]},
			"faces": {
				"north": {"uv": [9.5, 2, 11, 2.5], "texture": "#1"},
				"east": {"uv": [9.5, 2.5, 11, 3], "texture": "#1"},
				"south": {"uv": [9.5, 3, 11, 3.5], "texture": "#1"},
				"west": {"uv": [4, 9.5, 5.5, 10], "texture": "#1"},
				"up": {"uv": [4.5, 7.5, 3, 6], "texture": "#1"},
				"down": {"uv": [7.5, 3, 6, 4.5], "texture": "#1"}
			}
		},
		{
			"name": "hexadecagon",
			"from": [7.15, 1.625, 6.73193],
			"to": [8.85, 2.475, 9.26807],
			"rotation": {"angle": 0, "axis": "x", "origin": [8, 8, 8]},
			"faces": {
				"north": {"uv": [9.5, 4, 11, 4.5], "texture": "#1"},
				"east": {"uv": [9.5, 4.5, 11, 5], "texture": "#1"},
				"south": {"uv": [9.5, 5, 11, 5.5], "texture": "#1"},
				"west": {"uv": [6.5, 9.5, 8, 10], "texture": "#1"},
				"up": {"uv": [6, 7.5, 4.5, 6], "texture": "#1"},
				"down": {"uv": [7.5, 4.5, 6, 6], "texture": "#1"}
			}
		},
		{
			"name": "hexadecagon",
			"from": [7.15, 1.625, 6.73193],
			"to": [8.85, 2.475, 9.26807],
			"rotation": {"angle": 22.5, "axis": "x", "origin": [8, 8, 8]},
			"faces": {
				"north": {"uv": [9.5, 7.5, 11, 8], "texture": "#1"},
				"east": {"uv": [9.5, 8, 11, 8.5], "texture": "#1"},
				"south": {"uv": [9.5, 9, 11, 9.5], "texture": "#1"},
				"west": {"uv": [9.5, 9.5, 11, 10], "texture": "#1"},
				"up": {"uv": [7.5, 7.5, 6, 6], "texture": "#1"},
				"down": {"uv": [1.5, 7.5, 0, 9], "texture": "#1"}
			}
		},
		{
			"name": "hexadecagon",
			"from": [7.15, 13.525, 6.73193],
			"to": [8.85, 14.375, 9.26807],
			"rotation": {"angle": -22.5, "axis": "x", "origin": [8, 8, 8]},
			"faces": {
				"north": {"uv": [2, 10, 3.5, 10.5], "texture": "#1"},
				"east": {"uv": [4, 10, 5.5, 10.5], "texture": "#1"},
				"south": {"uv": [6.5, 10, 8, 10.5], "texture": "#1"},
				"west": {"uv": [10, 8.5, 11.5, 9], "texture": "#1"},
				"up": {"uv": [9, 1.5, 7.5, 0], "texture": "#1"},
				"down": {"uv": [3, 7.5, 1.5, 9], "texture": "#1"}
			}
		},
		{
			"name": "hexadecagon",
			"from": [7.15, 13.525, 6.73193],
			"to": [8.85, 14.375, 9.26807],
			"rotation": {"angle": 0, "axis": "x", "origin": [8, 8, 8]},
			"faces": {
				"north": {"uv": [9.5, 10, 11, 10.5], "texture": "#1"},
				"east": {"uv": [1.5, 10.5, 3, 11], "texture": "#1"},
				"south": {"uv": [10.5, 1.5, 12, 2], "texture": "#1"},
				"west": {"uv": [3, 10.5, 4.5, 11], "texture": "#1"},
				"up": {"uv": [9, 3, 7.5, 1.5], "texture": "#1"},
				"down": {"uv": [4.5, 7.5, 3, 9], "texture": "#1"}
			}
		},
		{
			"name": "hexadecagon",
			"from": [7.15, 13.525, 6.73193],
			"to": [8.85, 14.375, 9.26807],
			"rotation": {"angle": 22.5, "axis": "x", "origin": [8, 8, 8]},
			"faces": {
				"north": {"uv": [10.5, 3.5, 12, 4], "texture": "#1"},
				"east": {"uv": [4.5, 10.5, 6, 11], "texture": "#1"},
				"south": {"uv": [10.5, 5.5, 12, 6], "texture": "#1"},
				"west": {"uv": [6, 10.5, 7.5, 11], "texture": "#1"},
				"up": {"uv": [9, 4.5, 7.5, 3], "texture": "#1"},
				"down": {"uv": [6, 7.5, 4.5, 9], "texture": "#1"}
			}
		},
		{
			"from": [8, 3.75, 3.325],
			"to": [8, 12.25, 12.675],
			"rotation": {"angle": 0, "axis": "y", "origin": [1.2, 1.2, 1.2]},
			"faces": {
				"north": {"uv": [0, 0, 0, 10], "texture": "#2"},
				"east": {"uv": [0, 0, 11, 10], "texture": "#2"},
				"south": {"uv": [0, 0, 0, 10], "texture": "#2"},
				"west": {"uv": [0, 0, 11, 10], "texture": "#2"},
				"up": {"uv": [0, 0, 0, 11], "texture": "#2"},
				"down": {"uv": [0, 0, 0, 11], "texture": "#2"}
			}
		}
	],
	"gui_light": "front",
	"display": {
		"thirdperson_righthand": {
			"rotation": [90, 0, 0],
			"translation": [0, -2, 0]
		},
		"ground": {
			"translation": [0, 12.5, 0]
		},
		"gui": {
			"rotation": [30, 225, 0],
			"scale": [0.625, 0.625, 0.625]
		},
		"head": {
			"rotation": [0, 90, 0],
			"translation": [0, 6.5, 0],
			"scale": [1.7, 1.7, 1.7]
		},
		"fixed": {
			"rotation": [0, -90, 0]
		}
	},
	"groups": [
		{
			"name": "hexadecagon",
			"origin": [8, 8, 8],
			"color": 0,
			"nbt": "{}",
			"children": [0, 1, 2, 3, 4, 5, 6, 7, 8, 9, 10, 11, 12, 13, 14, 15]
		},
		16
	]
}