{
	"credit": "Made with Blockbench",
	"texture_size": [32, 32],
	"textures": {
		"0": "item/powerup/heal/heal_animated",
		"1": "item/powerup/heal/heal",
		"particle": "item/powerup/heal/heal_animated"
	},
	"elements": [
		{
			"from": [6.5, 3, 7.5],
			"to": [9.5, 4, 8.5],
			"faces": {
				"north": {"uv": [0, 9.5, 1.5, 10], "texture": "#1"},
				"east": {"uv": [1, 10.5, 1.5, 11], "texture": "#1"},
				"south": {"uv": [1.5, 9.5, 3, 10], "texture": "#1"},
				"west": {"uv": [10.5, 1, 11, 1.5], "texture": "#1"},
				"up": {"uv": [4.5, 10, 3, 9.5], "texture": "#1"},
				"down": {"uv": [6, 9.5, 4.5, 10], "texture": "#1"}
			}
		},
		{
			"from": [5.5, 4, 7.5],
			"to": [10.5, 5, 8.5],
			"faces": {
				"north": {"uv": [0, 8, 2.5, 8.5], "texture": "#1"},
				"east": {"uv": [1.5, 10.5, 2, 11], "texture": "#1"},
				"south": {"uv": [8, 0, 10.5, 0.5], "texture": "#1"},
				"west": {"uv": [10.5, 1.5, 11, 2], "texture": "#1"},
				"up": {"uv": [10.5, 1, 8, 0.5], "texture": "#1"},
				"down": {"uv": [10.5, 1, 8, 1.5], "texture": "#1"}
			}
		},
		{
			"from": [4.5, 5, 7.5],
			"to": [11.5, 6, 8.5],
			"faces": {
				"north": {"uv": [0, 4, 3.5, 4.5], "texture": "#1"},
				"east": {"uv": [2, 10.5, 2.5, 11], "texture": "#1"},
				"south": {"uv": [3.5, 4, 7, 4.5], "texture": "#1"},
				"west": {"uv": [10.5, 2, 11, 2.5], "texture": "#1"},
				"up": {"uv": [3.5, 5, 0, 4.5], "texture": "#1"},
				"down": {"uv": [8, 0, 4.5, 0.5], "texture": "#1"}
			}
		},
		{
			"from": [4.5, 9, 7.5],
			"to": [11.5, 10, 8.5],
			"faces": {
				"north": {"uv": [4.5, 0.5, 8, 1], "texture": "#1"},
				"east": {"uv": [2.5, 10.5, 3, 11], "texture": "#1"},
				"south": {"uv": [4.5, 1, 8, 1.5], "texture": "#1"},
				"west": {"uv": [10.5, 2.5, 11, 3], "texture": "#1"},
				"up": {"uv": [8, 2, 4.5, 1.5], "texture": "#1"},
				"down": {"uv": [8, 2, 4.5, 2.5], "texture": "#1"}
			}
		},
		{
			"from": [8.5, 10, 7.5],
			"to": [10.5, 11, 8.5],
			"faces": {
				"north": {"uv": [8.5, 10, 9.5, 10.5], "texture": "#1"},
				"east": {"uv": [3, 10.5, 3.5, 11], "texture": "#1"},
				"south": {"uv": [10, 8.5, 11, 9], "texture": "#1"},
				"west": {"uv": [10.5, 3, 11, 3.5], "texture": "#1"},
				"up": {"uv": [11, 9.5, 10, 9], "texture": "#1"},
				"down": {"uv": [10.5, 10, 9.5, 10.5], "texture": "#1"}
			}
		},
		{
			"from": [3.5, 6, 7.5],
			"to": [12.5, 9, 8.5],
			"faces": {
				"north": {"uv": [0, 0, 4.5, 1.5], "texture": "#1"},
				"east": {"uv": [6, 9.5, 6.5, 11], "texture": "#1"},
				"south": {"uv": [0, 1.5, 4.5, 3], "texture": "#1"},
				"west": {"uv": [6.5, 9.5, 7, 11], "texture": "#1"},
				"up": {"uv": [4.5, 3.5, 0, 3], "texture": "#1"},
				"down": {"uv": [4.5, 3.5, 0, 4], "texture": "#1"}
			}
		},
		{
			"from": [7.5, 2, 7.5],
			"to": [8.5, 3, 8.5],
			"rotation": {"angle": 0, "axis": "y", "origin": [16, 0, 0]},
			"faces": {
				"north": {"uv": [4, 10.5, 4.5, 11], "texture": "#1"},
				"east": {"uv": [10.5, 4, 11, 4.5], "texture": "#1"},
				"south": {"uv": [4.5, 10.5, 5, 11], "texture": "#1"},
				"west": {"uv": [10.5, 4.5, 11, 5], "texture": "#1"},
				"up": {"uv": [5.5, 11, 5, 10.5], "texture": "#1"},
				"down": {"uv": [11, 5, 10.5, 5.5], "texture": "#1"}
			}
		},
		{
			"from": [5.5, 10, 7.5],
			"to": [7.5, 11, 8.5],
			"rotation": {"angle": 0, "axis": "y", "origin": [16, 0, 0]},
			"faces": {
				"north": {"uv": [10, 9.5, 11, 10], "texture": "#1"},
				"east": {"uv": [3.5, 10.5, 4, 11], "texture": "#1"},
				"south": {"uv": [0, 10.5, 1, 11], "texture": "#1"},
				"west": {"uv": [10.5, 3.5, 11, 4], "texture": "#1"},
				"up": {"uv": [11.5, 0.5, 10.5, 0], "texture": "#1"},
				"down": {"uv": [11.5, 0.5, 10.5, 1], "texture": "#1"}
			}
		},
		{
			"from": [7.5, 3, 7],
			"to": [8.5, 4, 8],
			"faces": {
				"north": {"uv": [5.5, 10.5, 6, 11], "texture": "#1"},
				"east": {"uv": [10.5, 5.5, 11, 6], "texture": "#1"},
				"south": {"uv": [10.5, 6, 11, 6.5], "texture": "#1"},
				"west": {"uv": [10.5, 6.5, 11, 7], "texture": "#1"},
				"up": {"uv": [7.5, 11, 7, 10.5], "texture": "#1"},
				"down": {"uv": [11, 7, 10.5, 7.5], "texture": "#1"}
			}
		},
		{
			"from": [6.5, 4, 7],
			"to": [9.5, 5, 8],
			"faces": {
				"north": {"uv": [7, 9.5, 8.5, 10], "texture": "#1"},
				"east": {"uv": [7.5, 10.5, 8, 11], "texture": "#1"},
				"south": {"uv": [8.5, 9.5, 10, 10], "texture": "#1"},
				"west": {"uv": [10.5, 7.5, 11, 8], "texture": "#1"},
				"up": {"uv": [1.5, 10.5, 0, 10], "texture": "#1"},
				"down": {"uv": [3, 10, 1.5, 10.5], "texture": "#1"}
			}
		},
		{
			"from": [5.5, 5, 7],
			"to": [10.5, 6, 8],
			"faces": {
				"north": {"uv": [8, 1.5, 10.5, 2], "texture": "#1"},
				"east": {"uv": [8, 10.5, 8.5, 11], "texture": "#1"},
				"south": {"uv": [8, 2, 10.5, 2.5], "texture": "#1"},
				"west": {"uv": [8.5, 10.5, 9, 11], "texture": "#1"},
				"up": {"uv": [5, 8.5, 2.5, 8], "texture": "#1"},
				"down": {"uv": [10.5, 2.5, 8, 3], "texture": "#1"}
			}
		},
		{
			"from": [4.5, 6, 7],
			"to": [11.5, 7, 8],
			"faces": {
				"north": {"uv": [4.5, 2.5, 8, 3], "texture": "#1"},
				"east": {"uv": [9, 10.5, 9.5, 11], "texture": "#1"},
				"south": {"uv": [4.5, 3, 8, 3.5], "texture": "#1"},
				"west": {"uv": [9.5, 10.5, 10, 11], "texture": "#1"},
				"up": {"uv": [7, 5, 3.5, 4.5], "texture": "#1"},
				"down": {"uv": [8, 3.5, 4.5, 4], "texture": "#1"}
			}
		},
		{
			"from": [4.5, 7, 7],
			"to": [11.5, 8, 8],
			"faces": {
				"north": {"uv": [0, 5, 3.5, 5.5], "texture": "#1"},
				"east": {"uv": [10, 10.5, 10.5, 11], "texture": "#1"},
				"south": {"uv": [3.5, 5, 7, 5.5], "texture": "#1"},
				"west": {"uv": [10.5, 10, 11, 10.5], "texture": "#1"},
				"up": {"uv": [3.5, 6, 0, 5.5], "texture": "#1"},
				"down": {"uv": [7, 5.5, 3.5, 6], "texture": "#1"}
			}
		},
		{
			"from": [4.5, 8, 7],
			"to": [11.5, 9, 8],
			"faces": {
				"north": {"uv": [0, 6, 3.5, 6.5], "texture": "#1"},
				"east": {"uv": [10.5, 10.5, 11, 11], "texture": "#1"},
				"south": {"uv": [3.5, 6, 7, 6.5], "texture": "#1"},
				"west": {"uv": [0, 11, 0.5, 11.5], "texture": "#1"},
				"up": {"uv": [3.5, 7, 0, 6.5], "texture": "#1"},
				"down": {"uv": [7, 6.5, 3.5, 7], "texture": "#1"}
			}
		},
		{
			"from": [5.5, 9, 7],
			"to": [10.5, 9.9, 8],
			"faces": {
				"north": {"uv": [8, 3, 10.5, 3.5], "texture": "#1"},
				"east": {"uv": [0.5, 11, 1, 11.5], "texture": "#1"},
				"south": {"uv": [8, 3.5, 10.5, 4], "texture": "#1"},
				"west": {"uv": [1, 11, 1.5, 11.5], "texture": "#1"},
				"up": {"uv": [7.5, 8.5, 5, 8], "texture": "#1"},
				"down": {"uv": [10, 8, 7.5, 8.5], "texture": "#1"}
			}
		},
		{
			"from": [5.5, 9, 8],
			"to": [10.5, 9.9, 9],
			"faces": {
				"north": {"uv": [0, 9, 2.5, 9.5], "texture": "#1"},
				"east": {"uv": [11, 5, 11.5, 5.5], "texture": "#1"},
				"south": {"uv": [2.5, 9, 5, 9.5], "texture": "#1"},
				"west": {"uv": [5.5, 11, 6, 11.5], "texture": "#1"},
				"up": {"uv": [7.5, 9.5, 5, 9], "texture": "#1"},
				"down": {"uv": [10, 9, 7.5, 9.5], "texture": "#1"}
			}
		},
		{
			"from": [4.5, 8, 8],
			"to": [11.5, 9, 9],
			"faces": {
				"north": {"uv": [7, 7, 10.5, 7.5], "texture": "#1"},
				"east": {"uv": [11, 4.5, 11.5, 5], "texture": "#1"},
				"south": {"uv": [0, 7.5, 3.5, 8], "texture": "#1"},
				"west": {"uv": [5, 11, 5.5, 11.5], "texture": "#1"},
				"up": {"uv": [7, 8, 3.5, 7.5], "texture": "#1"},
				"down": {"uv": [10.5, 7.5, 7, 8], "texture": "#1"}
			}
		},
		{
			"from": [4.5, 7, 8],
			"to": [11.5, 8, 9],
			"faces": {
				"north": {"uv": [7, 5, 10.5, 5.5], "texture": "#1"},
				"east": {"uv": [11, 4, 11.5, 4.5], "texture": "#1"},
				"south": {"uv": [7, 5.5, 10.5, 6], "texture": "#1"},
				"west": {"uv": [4.5, 11, 5, 11.5], "texture": "#1"},
				"up": {"uv": [10.5, 6.5, 7, 6], "texture": "#1"},
				"down": {"uv": [10.5, 6.5, 7, 7], "texture": "#1"}
			}
		},
		{
			"from": [4.5, 6, 8],
			"to": [11.5, 7, 9],
			"faces": {
				"north": {"uv": [0, 7, 3.5, 7.5], "texture": "#1"},
				"east": {"uv": [11, 3.5, 11.5, 4], "texture": "#1"},
				"south": {"uv": [3.5, 7, 7, 7.5], "texture": "#1"},
				"west": {"uv": [4, 11, 4.5, 11.5], "texture": "#1"},
				"up": {"uv": [10.5, 4.5, 7, 4], "texture": "#1"},
				"down": {"uv": [10.5, 4.5, 7, 5], "texture": "#1"}
			}
		},
		{
			"from": [5.5, 5, 8],
			"to": [10.5, 6, 9],
			"faces": {
				"north": {"uv": [0, 8.5, 2.5, 9], "texture": "#1"},
				"east": {"uv": [11, 3, 11.5, 3.5], "texture": "#1"},
				"south": {"uv": [2.5, 8.5, 5, 9], "texture": "#1"},
				"west": {"uv": [3.5, 11, 4, 11.5], "texture": "#1"},
				"up": {"uv": [7.5, 9, 5, 8.5], "texture": "#1"},
				"down": {"uv": [10, 8.5, 7.5, 9], "texture": "#1"}
			}
		},
		{
			"from": [6.5, 4, 8],
			"to": [9.5, 5, 9],
			"faces": {
				"north": {"uv": [3, 10, 4.5, 10.5], "texture": "#1"},
				"east": {"uv": [11, 2.5, 11.5, 3], "texture": "#1"},
				"south": {"uv": [4.5, 10, 6, 10.5], "texture": "#1"},
				"west": {"uv": [3, 11, 3.5, 11.5], "texture": "#1"},
				"up": {"uv": [8.5, 10.5, 7, 10], "texture": "#1"},
				"down": {"uv": [11.5, 8, 10, 8.5], "texture": "#1"}
			}
		},
		{
			"from": [7.5, 3, 8],
			"to": [8.5, 4, 9],
			"faces": {
				"north": {"uv": [11, 1, 11.5, 1.5], "texture": "#1"},
				"east": {"uv": [1.5, 11, 2, 11.5], "texture": "#1"},
				"south": {"uv": [11, 1.5, 11.5, 2], "texture": "#1"},
				"west": {"uv": [2, 11, 2.5, 11.5], "texture": "#1"},
				"up": {"uv": [11.5, 2.5, 11, 2], "texture": "#1"},
				"down": {"uv": [3, 11, 2.5, 11.5], "texture": "#1"}
			}
		},
		{
			"from": [0, 0, 8],
			"to": [16, 16, 8],
			"faces": {
				"north": {"uv": [0, 0, 16, 16], "texture": "#0"},
				"east": {"uv": [0, 0, 0, 8], "texture": "#missing"},
				"south": {"uv": [0, 0, 16, 16], "texture": "#0"},
				"west": {"uv": [0, 0, 0, 8], "texture": "#missing"},
				"up": {"uv": [0, 0, 8, 0], "texture": "#missing"},
				"down": {"uv": [0, 0, 8, 0], "texture": "#missing"}
			}
		}
	],
	"display": {
		"ground": {
			"translation": [0, 5.75, 0]
		},
		"gui": {
			"rotation": [30, 225, 0],
			"scale": [0.625, 0.625, 0.625]
		},
		"head": {
			"translation": [0, 6.5, 0],
			"scale": [1.75, 1.75, 1.75]
		}
	}
}