{
	"credit": "MadewithBlockbench",
	"textures": {
		"1": "item/misc/trophys/season_1/text",
		"2": "item/misc/trophys/season_1/blackstone",
		"3": "item/misc/trophys/season_1/black_concrete_powder",
		"4": "item/misc/trophys/season_1/gold_block",
		"particle": "item/misc/trophys/season_1/blackstone"
	},
	"elements": [
		{
			"name": "octagon",
			"from": [6.5469, 6.02, 3.69638],
			"to": [10.0263, 8.465, 12.09638],
			"rotation": {"angle": -45, "axis": "y", "origin": [8, 11.64125, 7.64638]},
			"faces": {
				"north": {"uv": [11.29412, 2.82353, 16, 9.76471], "rotation": 90, "texture": "#4"},
				"east": {"uv": [0, 1.88235, 16, 8.82353], "rotation": 90, "texture": "#4"},
				"south": {"uv": [12.23529, 1.88235, 16, 8.82353], "rotation": 90, "texture": "#4"},
				"west": {"uv": [12.23529, 1.88235, 16, 8.82353], "rotation": 90, "texture": "#4"},
				"up": {"uv": [0, 1.88235, 8.76471, 8.82353], "rotation": 90, "texture": "#4"},
				"down": {"uv": [0, 1.88235, 16, 8.82353], "rotation": 90, "texture": "#4"}
			}
		},
		{
			"name": "octagon",
			"from": [6.28618, 6.02, 3.82582],
			"to": [9.76558, 8.465, 12.22582],
			"rotation": {"angle": 0, "axis": "y", "origin": [8, 11.64125, 7.64638]},
			"faces": {
				"north": {"uv": [12.23529, 1.88235, 16, 8.82353], "rotation": 90, "texture": "#4"},
				"east": {"uv": [0, 1.88235, 16, 8.82353], "rotation": 90, "texture": "#4"},
				"south": {"uv": [12.23529, 1.88235, 16, 8.82353], "rotation": 90, "texture": "#4"},
				"west": {"uv": [12.23529, 1.88235, 16, 8.82353], "rotation": 90, "texture": "#4"},
				"up": {"uv": [0, 1.88235, 8.76471, 8.82353], "rotation": 90, "texture": "#4"},
				"down": {"uv": [0, 1.88235, 16, 8.82353], "rotation": 90, "texture": "#4"}
			}
		},
		{
			"name": "octagon",
			"from": [4.0866, 6.02, 6.15668],
			"to": [12.4866, 8.465, 9.63608],
			"rotation": {"angle": -45, "axis": "y", "origin": [8, 11.64125, 7.64638]},
			"faces": {
				"north": {"uv": [0, 1.88235, 16, 8.82353], "rotation": 90, "texture": "#4"},
				"east": {"uv": [12.23529, 1.88235, 16, 8.82353], "rotation": 90, "texture": "#4"},
				"south": {"uv": [0, 1.88235, 16, 8.82353], "rotation": 90, "texture": "#4"},
				"west": {"uv": [12.23529, 1.88235, 16, 8.82353], "rotation": 90, "texture": "#4"},
				"up": {"uv": [0, 1.88235, 10.64706, 8.82353], "rotation": 90, "texture": "#4"},
				"down": {"uv": [0, 1.88235, 16, 8.82353], "rotation": 90, "texture": "#4"}
			}
		},
		{
			"name": "octagon",
			"from": [3.82588, 6.02, 6.28612],
			"to": [12.22588, 8.465, 9.76552],
			"rotation": {"angle": 0, "axis": "y", "origin": [8, 11.64125, 7.64638]},
			"faces": {
				"north": {"uv": [0, 1.88235, 16, 8.82353], "rotation": 90, "texture": "#4"},
				"east": {"uv": [11.29412, 1.88235, 16, 8.82353], "rotation": 90, "texture": "#4"},
				"south": {"uv": [0, 1.88235, 16, 8.82353], "rotation": 90, "texture": "#4"},
				"west": {"uv": [12.23529, 1.88235, 16, 8.82353], "rotation": 90, "texture": "#4"},
				"up": {"uv": [0, 1.88235, 8.76471, 8.82353], "rotation": 90, "texture": "#4"},
				"down": {"uv": [0, 1.88235, 16, 8.82353], "rotation": 90, "texture": "#4"}
			}
		},
		{
			"name": "octagon",
			"from": [6.86006, 7.53004, 4.45238],
			"to": [9.71315, 9.53494, 11.34038],
			"rotation": {"angle": -45, "axis": "y", "origin": [8, 11.64125, 7.64638]},
			"faces": {
				"north": {"uv": [0, 0, 16, 6.94118], "rotation": 90, "texture": "#4"},
				"east": {"uv": [0, 0, 16, 6.94118], "rotation": 90, "texture": "#4"},
				"south": {"uv": [0, 0, 16, 6.94118], "rotation": 90, "texture": "#4"},
				"west": {"uv": [0, 0, 16, 6.94118], "rotation": 90, "texture": "#4"},
				"up": {"uv": [0, 0, 7.82353, 6.94118], "rotation": 90, "texture": "#4"},
				"down": {"uv": [0, 0, 16, 6.94118], "rotation": 90, "texture": "#4"}
			}
		},
		{
			"name": "octagon",
			"from": [6.59934, 7.53004, 4.58182],
			"to": [9.45243, 9.53494, 11.46982],
			"rotation": {"angle": 0, "axis": "y", "origin": [8, 11.64125, 7.64638]},
			"faces": {
				"north": {"uv": [0, 0, 16, 6.94118], "rotation": 90, "texture": "#4"},
				"east": {"uv": [0, 0, 16, 6.94118], "rotation": 90, "texture": "#4"},
				"south": {"uv": [0, 0, 16, 6.94118], "rotation": 90, "texture": "#4"},
				"west": {"uv": [0, 0, 16, 6.94118], "rotation": 90, "texture": "#4"},
				"up": {"uv": [0, 0, 7.82353, 6.94118], "rotation": 90, "texture": "#4"},
				"down": {"uv": [0, 0, 16, 6.94118], "rotation": 90, "texture": "#4"}
			}
		},
		{
			"name": "octagon",
			"from": [4.8426, 7.53004, 6.46983],
			"to": [11.7306, 9.53494, 9.32293],
			"rotation": {"angle": -45, "axis": "y", "origin": [8, 11.64125, 7.64638]},
			"faces": {
				"north": {"uv": [0, 0, 16, 6.94118], "rotation": 90, "texture": "#4"},
				"east": {"uv": [0, 0, 16, 6.94118], "rotation": 90, "texture": "#4"},
				"south": {"uv": [0, 0, 16, 6.94118], "rotation": 90, "texture": "#4"},
				"west": {"uv": [0, 0, 16, 6.94118], "rotation": 90, "texture": "#4"},
				"up": {"uv": [0, 0, 7.82353, 6.94118], "rotation": 90, "texture": "#4"},
				"down": {"uv": [0, 0, 16, 6.94118], "rotation": 90, "texture": "#4"}
			}
		},
		{
			"name": "octagon",
			"from": [4.58188, 7.53004, 6.59927],
			"to": [11.46988, 9.53494, 9.45237],
			"rotation": {"angle": 0, "axis": "y", "origin": [8, 11.64125, 7.64638]},
			"faces": {
				"north": {"uv": [0, 0, 16, 6.94118], "rotation": 90, "texture": "#4"},
				"east": {"uv": [0, 0, 16, 6.94118], "rotation": 90, "texture": "#4"},
				"south": {"uv": [0, 0, 16, 6.94118], "rotation": 90, "texture": "#4"},
				"west": {"uv": [0, 0, 16, 6.94118], "rotation": 90, "texture": "#4"},
				"up": {"uv": [0, 0, 7.82353, 6.94118], "rotation": 90, "texture": "#4"},
				"down": {"uv": [0, 0, 16, 6.94118], "rotation": 90, "texture": "#4"}
			}
		},
		{
			"name": "octagon",
			"from": [4.4982, 8.20981, 6.32718],
			"to": [12.075, 8.85519, 9.46558],
			"rotation": {"angle": -45, "axis": "y", "origin": [8, 11.64125, 7.64638]},
			"faces": {
				"north": {"uv": [10, 5, 16, 11.94118], "rotation": 90, "texture": "#4"},
				"east": {"uv": [10, 5, 16, 11.94118], "rotation": 90, "texture": "#4"},
				"south": {"uv": [10, 5, 16, 11.94118], "rotation": 90, "texture": "#4"},
				"west": {"uv": [10, 5, 16, 11.94118], "rotation": 90, "texture": "#4"},
				"up": {"uv": [10, 5, 16, 11.94118], "rotation": 90, "texture": "#4"},
				"down": {"uv": [10, 5, 16, 11.94118], "rotation": 90, "texture": "#4"}
			}
		},
		{
			"name": "octagon",
			"from": [6.45668, 8.20981, 4.23742],
			"to": [9.59509, 8.85519, 11.81422],
			"rotation": {"angle": 0, "axis": "y", "origin": [8, 11.64125, 7.64638]},
			"faces": {
				"north": {"uv": [10, 5, 16, 11.94118], "rotation": 90, "texture": "#4"},
				"east": {"uv": [10, 5, 16, 11.94118], "rotation": 90, "texture": "#4"},
				"south": {"uv": [10, 5, 16, 11.94118], "rotation": 90, "texture": "#4"},
				"west": {"uv": [10, 5, 16, 11.94118], "rotation": 90, "texture": "#4"},
				"up": {"uv": [10, 5, 16, 11.94118], "rotation": 90, "texture": "#4"},
				"down": {"uv": [10, 5, 16, 11.94118], "rotation": 90, "texture": "#4"}
			}
		},
		{
			"name": "octagon",
			"from": [6.7174, 8.20981, 4.10798],
			"to": [9.85581, 8.85519, 11.68478],
			"rotation": {"angle": -45, "axis": "y", "origin": [8, 11.64125, 7.64638]},
			"faces": {
				"north": {"uv": [10, 5, 16, 11.94118], "rotation": 90, "texture": "#4"},
				"east": {"uv": [10, 5, 16, 11.94118], "rotation": 90, "texture": "#4"},
				"south": {"uv": [10, 5, 16, 11.94118], "rotation": 90, "texture": "#4"},
				"west": {"uv": [10, 5, 16, 11.94118], "rotation": 90, "texture": "#4"},
				"up": {"uv": [10, 5, 16, 11.94118], "rotation": 90, "texture": "#4"},
				"down": {"uv": [10, 5, 16, 11.94118], "rotation": 90, "texture": "#4"}
			}
		},
		{
			"name": "octagon",
			"from": [4.23748, 8.20981, 6.45661],
			"to": [11.81428, 8.85519, 9.59502],
			"rotation": {"angle": 0, "axis": "y", "origin": [8, 11.64125, 7.64638]},
			"faces": {
				"north": {"uv": [10, 5, 16, 11.94118], "rotation": 90, "texture": "#4"},
				"east": {"uv": [10, 5, 16, 11.94118], "rotation": 90, "texture": "#4"},
				"south": {"uv": [10, 5, 16, 11.94118], "rotation": 90, "texture": "#4"},
				"west": {"uv": [10, 5, 16, 11.94118], "rotation": 90, "texture": "#4"},
				"up": {"uv": [10, 5, 16, 11.94118], "rotation": 90, "texture": "#4"},
				"down": {"uv": [10, 5, 16, 11.94118], "rotation": 90, "texture": "#4"}
			}
		},
		{
			"name": "octagon",
			"from": [6.59934, 8.52253, 5.62113],
			"to": [9.45243, 13.79053, 7.62603],
			"rotation": {"angle": 22.5, "axis": "x", "origin": [8, 11.64125, 7.64638]},
			"faces": {
				"north": {"uv": [0, 0, 7.82353, 6.94118], "rotation": 270, "texture": "#4"},
				"east": {"uv": [0, 0, 7.82353, 6.94118], "rotation": 270, "texture": "#4"},
				"south": {"uv": [0, 0, 7.82353, 6.94118], "rotation": 270, "texture": "#4"},
				"west": {"uv": [0, 0, 7.82353, 6.94118], "rotation": 270, "texture": "#4"},
				"up": {"uv": [0, 0, 7.82353, 6.94118], "rotation": 270, "texture": "#4"},
				"down": {"uv": [0, 0, 7.82353, 6.94118], "rotation": 270, "texture": "#4"}
			}
		},
		{
			"name": "octagon",
			"from": [6.59934, 14.40195, 6.59779],
			"to": [9.45534, 14.95995, 9.45379],
			"rotation": {"angle": 0, "axis": "y", "origin": [8, 11.64125, 7.64638]},
			"faces": {
				"north": {"uv": [0, 0, 7.82353, 6.94118], "rotation": 270, "texture": "#4"},
				"east": {"uv": [0, 0, 7.82353, 6.94118], "rotation": 270, "texture": "#4"},
				"south": {"uv": [0, 0, 7.82353, 6.94118], "rotation": 270, "texture": "#4"},
				"west": {"uv": [0, 0, 7.82353, 6.94118], "rotation": 270, "texture": "#4"},
				"up": {"uv": [0, 0, 7.82353, 6.94118], "rotation": 270, "texture": "#4"},
				"down": {"uv": [0, 0, 7.82353, 6.94118], "rotation": 270, "texture": "#4"}
			}
		},
		{
			"name": "octagon",
			"from": [6.59934, 18.42195, 6.59779],
			"to": [9.45534, 18.97995, 9.45379],
			"rotation": {"angle": 0, "axis": "y", "origin": [8, 11.64125, 7.64638]},
			"faces": {
				"north": {"uv": [4.70588, 7.52941, 12.52941, 14.47059], "rotation": 270, "texture": "#4"},
				"east": {"uv": [4.70588, 7.52941, 12.52941, 14.47059], "rotation": 270, "texture": "#4"},
				"south": {"uv": [4.70588, 7.52941, 12.52941, 14.47059], "rotation": 270, "texture": "#4"},
				"west": {"uv": [4.70588, 7.52941, 12.52941, 14.47059], "rotation": 270, "texture": "#4"},
				"up": {"uv": [4.70588, 7.52941, 12.52941, 14.47059], "rotation": 270, "texture": "#4"},
				"down": {"uv": [4.70588, 7.52941, 12.52941, 14.47059], "rotation": 270, "texture": "#4"}
			}
		},
		{
			"name": "octagon",
			"from": [6.89934, 14.40195, 6.89779],
			"to": [9.15534, 19.78995, 9.15379],
			"rotation": {"angle": 0, "axis": "y", "origin": [8, 11.64125, 7.64638]},
			"faces": {
				"north": {"uv": [0, 0, 7.82353, 6.94118], "rotation": 270, "texture": "#4"},
				"east": {"uv": [0, 0, 7.82353, 6.94118], "rotation": 270, "texture": "#4"},
				"south": {"uv": [0, 0, 7.82353, 6.94118], "rotation": 270, "texture": "#4"},
				"west": {"uv": [0, 0, 7.82353, 6.94118], "rotation": 270, "texture": "#4"},
				"up": {"uv": [0, 0, 7.82353, 6.94118], "rotation": 270, "texture": "#4"},
				"down": {"uv": [0, 0, 7.82353, 6.94118], "rotation": 270, "texture": "#4"}
			}
		},
		{
			"name": "octagon",
			"from": [-1.54578, 15.84085, 6.90352],
			"to": [2.34222, 17.64685, 9.15952],
			"rotation": {"angle": -45, "axis": "z", "origin": [8, 11.64125, 7.64638]},
			"faces": {
				"north": {"uv": [0, 0, 7.82353, 6.94118], "texture": "#4"},
				"east": {"uv": [0, 0, 7.82353, 6.94118], "rotation": 180, "texture": "#4"},
				"south": {"uv": [0, 0, 7.82353, 6.94118], "rotation": 180, "texture": "#4"},
				"west": {"uv": [0, 0, 7.82353, 6.94118], "rotation": 180, "texture": "#4"},
				"up": {"uv": [0, 0, 7.82353, 6.94118], "rotation": 180, "texture": "#4"},
				"down": {"uv": [0, 0, 7.82353, 6.94118], "rotation": 180, "texture": "#4"}
			}
		},
		{
			"name": "octagon",
			"from": [13.66438, 15.80425, 6.90352],
			"to": [17.58238, 17.61025, 9.15952],
			"rotation": {"angle": 45, "axis": "z", "origin": [8, 11.64125, 7.64638]},
			"faces": {
				"north": {"uv": [0, 0, 7.82353, 6.94118], "rotation": 180, "texture": "#4"},
				"east": {"uv": [0, 0, 7.82353, 6.94118], "rotation": 180, "texture": "#4"},
				"south": {"uv": [0, 0, 7.82353, 6.94118], "texture": "#4"},
				"west": {"uv": [0, 0, 7.82353, 6.94118], "rotation": 180, "texture": "#4"},
				"up": {"uv": [0, 0, 7.82353, 6.94118], "texture": "#4"},
				"down": {"uv": [0, 0, 7.82353, 6.94118], "texture": "#4"}
			}
		},
		{
			"name": "octagon",
			"from": [6.89788, 15.55022, 13.5048],
			"to": [9.15388, 17.35622, 17.4828],
			"rotation": {"angle": -45, "axis": "x", "origin": [8, 11.64125, 7.64638]},
			"faces": {
				"north": {"uv": [0, 0, 7.82353, 6.94118], "rotation": 180, "texture": "#4"},
				"east": {"uv": [0, 0, 7.82353, 6.94118], "rotation": 180, "texture": "#4"},
				"south": {"uv": [0, 0, 7.82353, 6.94118], "rotation": 180, "texture": "#4"},
				"west": {"uv": [0, 0, 7.82353, 6.94118], "texture": "#4"},
				"up": {"uv": [0, 0, 7.82353, 6.94118], "rotation": 90, "texture": "#4"},
				"down": {"uv": [0, 0, 7.82353, 6.94118], "rotation": 270, "texture": "#4"}
			}
		},
		{
			"name": "octagon",
			"from": [6.89788, 16.09488, -1.64536],
			"to": [9.15388, 17.90088, 2.27264],
			"rotation": {"angle": 45, "axis": "x", "origin": [8, 11.64125, 7.64638]},
			"faces": {
				"north": {"uv": [0, 0, 7.82353, 6.94118], "rotation": 180, "texture": "#4"},
				"east": {"uv": [0, 0, 7.82353, 6.94118], "texture": "#4"},
				"south": {"uv": [0, 0, 7.82353, 6.94118], "rotation": 180, "texture": "#4"},
				"west": {"uv": [0, 0, 7.82353, 6.94118], "rotation": 180, "texture": "#4"},
				"up": {"uv": [0, 0, 7.82353, 6.94118], "rotation": 270, "texture": "#4"},
				"down": {"uv": [0, 0, 7.82353, 6.94118], "rotation": 90, "texture": "#4"}
			}
		},
		{
			"name": "octagon",
			"from": [8.39481, 8.36742, 6.59927],
			"to": [10.39971, 13.63542, 9.45237],
			"rotation": {"angle": 22.5, "axis": "z", "origin": [8, 11.64125, 7.64638]},
			"faces": {
				"north": {"uv": [0, 0, 7.82353, 6.94118], "rotation": 180, "texture": "#4"},
				"east": {"uv": [0, 0, 7.82353, 6.94118], "rotation": 180, "texture": "#4"},
				"south": {"uv": [0, 0, 7.82353, 6.94118], "rotation": 180, "texture": "#4"},
				"west": {"uv": [0, 0, 7.82353, 6.94118], "rotation": 180, "texture": "#4"},
				"up": {"uv": [0, 0, 7.82353, 6.94118], "rotation": 180, "texture": "#4"},
				"down": {"uv": [0, 0, 7.82353, 6.94118], "rotation": 180, "texture": "#4"}
			}
		},
		{
			"name": "octagon",
			"from": [6.59934, 8.23212, 8.36783],
			"to": [9.45243, 13.50012, 10.37273],
			"rotation": {"angle": -22.5, "axis": "x", "origin": [8, 11.64125, 7.64638]},
			"faces": {
				"north": {"uv": [0, 0, 7.82353, 6.94118], "rotation": 270, "texture": "#4"},
				"east": {"uv": [0, 0, 7.82353, 6.94118], "rotation": 270, "texture": "#4"},
				"south": {"uv": [0, 0, 7.82353, 6.94118], "rotation": 270, "texture": "#4"},
				"west": {"uv": [0, 0, 7.82353, 6.94118], "rotation": 270, "texture": "#4"},
				"up": {"uv": [0, 0, 7.82353, 6.94118], "rotation": 270, "texture": "#4"},
				"down": {"uv": [0, 0, 7.82353, 6.94118], "rotation": 270, "texture": "#4"}
			}
		},
		{
			"name": "octagon",
			"from": [5.64812, 8.38722, 6.59927],
			"to": [7.65302, 13.65522, 9.45237],
			"rotation": {"angle": -22.5, "axis": "z", "origin": [8, 11.64125, 7.64638]},
			"faces": {
				"north": {"uv": [0, 0, 7.82353, 6.94118], "rotation": 180, "texture": "#4"},
				"east": {"uv": [0, 0, 7.82353, 6.94118], "rotation": 180, "texture": "#4"},
				"south": {"uv": [0, 0, 7.82353, 6.94118], "rotation": 180, "texture": "#4"},
				"west": {"uv": [0, 0, 7.82353, 6.94118], "rotation": 180, "texture": "#4"},
				"up": {"uv": [0, 0, 7.82353, 6.94118], "rotation": 180, "texture": "#4"},
				"down": {"uv": [0, 0, 7.82353, 6.94118], "rotation": 180, "texture": "#4"}
			}
		},
		{
			"name": "octagon",
			"from": [6.69921, 21.33859, 4.06406],
			"to": [9.874, 22.30641, 11.7287],
			"rotation": {"angle": -45, "axis": "y", "origin": [8, 11.64125, 7.64638]},
			"faces": {
				"north": {"uv": [1.88235, 1.88235, 10.64706, 8.82353], "rotation": 90, "texture": "#4"},
				"east": {"uv": [1.88235, 1.88235, 10.64706, 8.82353], "rotation": 90, "texture": "#4"},
				"south": {"uv": [1.88235, 1.88235, 10.64706, 8.82353], "rotation": 90, "texture": "#4"},
				"west": {"uv": [1.88235, 1.88235, 10.64706, 8.82353], "rotation": 90, "texture": "#4"},
				"up": {"uv": [1.88235, 1.88235, 10.64706, 8.82353], "rotation": 90, "texture": "#4"},
				"down": {"uv": [1.88235, 1.88235, 10.64706, 8.82353], "rotation": 90, "texture": "#4"}
			}
		},
		{
			"name": "octagon",
			"from": [6.43849, 21.33859, 4.1935],
			"to": [9.61328, 22.30641, 11.85814],
			"rotation": {"angle": 0, "axis": "y", "origin": [8, 11.64125, 7.64638]},
			"faces": {
				"north": {"uv": [1.88235, 1.88235, 10.64706, 8.82353], "rotation": 90, "texture": "#4"},
				"east": {"uv": [1.88235, 1.88235, 10.64706, 8.82353], "rotation": 90, "texture": "#4"},
				"south": {"uv": [1.88235, 1.88235, 10.64706, 8.82353], "rotation": 90, "texture": "#4"},
				"west": {"uv": [1.88235, 1.88235, 10.64706, 8.82353], "rotation": 90, "texture": "#4"},
				"up": {"uv": [1.88235, 1.88235, 10.64706, 8.82353], "rotation": 90, "texture": "#4"},
				"down": {"uv": [1.88235, 1.88235, 10.64706, 8.82353], "rotation": 90, "texture": "#4"}
			}
		},
		{
			"name": "octagon",
			"from": [4.45428, 21.33859, 6.30898],
			"to": [12.11892, 22.30641, 9.48378],
			"rotation": {"angle": -45, "axis": "y", "origin": [8, 11.64125, 7.64638]},
			"faces": {
				"north": {"uv": [1.88235, 1.88235, 10.64706, 8.82353], "rotation": 90, "texture": "#4"},
				"east": {"uv": [1.88235, 1.88235, 10.64706, 8.82353], "rotation": 90, "texture": "#4"},
				"south": {"uv": [1.88235, 1.88235, 10.64706, 8.82353], "rotation": 90, "texture": "#4"},
				"west": {"uv": [1.88235, 1.88235, 10.64706, 8.82353], "rotation": 90, "texture": "#4"},
				"up": {"uv": [1.88235, 1.88235, 10.64706, 8.82353], "rotation": 90, "texture": "#4"},
				"down": {"uv": [1.88235, 1.88235, 10.64706, 8.82353], "rotation": 90, "texture": "#4"}
			}
		},
		{
			"name": "octagon",
			"from": [4.19356, 21.33859, 6.43842],
			"to": [11.8582, 22.30641, 9.61321],
			"rotation": {"angle": 0, "axis": "y", "origin": [8, 11.64125, 7.64638]},
			"faces": {
				"north": {"uv": [1.88235, 1.88235, 10.64706, 8.82353], "rotation": 90, "texture": "#4"},
				"east": {"uv": [1.88235, 1.88235, 10.64706, 8.82353], "rotation": 90, "texture": "#4"},
				"south": {"uv": [1.88235, 1.88235, 10.64706, 8.82353], "rotation": 90, "texture": "#4"},
				"west": {"uv": [1.88235, 1.88235, 10.64706, 8.82353], "rotation": 90, "texture": "#4"},
				"up": {"uv": [1.88235, 1.88235, 10.64706, 8.82353], "rotation": 90, "texture": "#4"},
				"down": {"uv": [1.88235, 1.88235, 10.64706, 8.82353], "rotation": 90, "texture": "#4"}
			}
		},
		{
			"name": "octagon",
			"from": [7.06626, 21.68476, 4.95022],
			"to": [9.50694, 22.65024, 10.84254],
			"rotation": {"angle": -45, "axis": "y", "origin": [8, 11.64125, 7.64638]},
			"faces": {
				"north": {"uv": [3.76471, 8.47059, 12.52941, 15.41176], "rotation": 90, "texture": "#4"},
				"east": {"uv": [3.76471, 8.47059, 12.52941, 15.41176], "rotation": 90, "texture": "#4"},
				"south": {"uv": [3.76471, 8.47059, 12.52941, 15.41176], "rotation": 90, "texture": "#4"},
				"west": {"uv": [3.76471, 8.47059, 12.52941, 15.41176], "rotation": 90, "texture": "#4"},
				"up": {"uv": [3.76471, 8.47059, 12.52941, 15.41176], "rotation": 90, "texture": "#4"},
				"down": {"uv": [3.76471, 8.47059, 12.52941, 15.41176], "rotation": 90, "texture": "#4"}
			}
		},
		{
			"name": "octagon",
			"from": [6.80554, 21.68476, 5.07966],
			"to": [9.24622, 22.65024, 10.97197],
			"rotation": {"angle": 0, "axis": "y", "origin": [8, 11.64125, 7.64638]},
			"faces": {
				"north": {"uv": [3.76471, 8.47059, 12.52941, 15.41176], "rotation": 90, "texture": "#4"},
				"east": {"uv": [3.76471, 8.47059, 12.52941, 15.41176], "rotation": 90, "texture": "#4"},
				"south": {"uv": [3.76471, 8.47059, 12.52941, 15.41176], "rotation": 90, "texture": "#4"},
				"west": {"uv": [3.76471, 8.47059, 12.52941, 15.41176], "rotation": 90, "texture": "#4"},
				"up": {"uv": [3.76471, 8.47059, 12.52941, 15.41176], "rotation": 90, "texture": "#4"},
				"down": {"uv": [3.76471, 8.47059, 12.52941, 15.41176], "rotation": 90, "texture": "#4"}
			}
		},
		{
			"name": "octagon",
			"from": [5.34045, 21.68476, 6.67604],
			"to": [11.23276, 22.65024, 9.11672],
			"rotation": {"angle": -45, "axis": "y", "origin": [8, 11.64125, 7.64638]},
			"faces": {
				"north": {"uv": [3.76471, 8.47059, 12.52941, 15.41176], "rotation": 90, "texture": "#4"},
				"east": {"uv": [3.76471, 8.47059, 12.52941, 15.41176], "rotation": 90, "texture": "#4"},
				"south": {"uv": [3.76471, 8.47059, 12.52941, 15.41176], "rotation": 90, "texture": "#4"},
				"west": {"uv": [3.76471, 8.47059, 12.52941, 15.41176], "rotation": 90, "texture": "#4"},
				"up": {"uv": [3.76471, 8.47059, 12.52941, 15.41176], "rotation": 90, "texture": "#4"},
				"down": {"uv": [3.76471, 8.47059, 12.52941, 15.41176], "rotation": 90, "texture": "#4"}
			}
		},
		{
			"name": "octagon",
			"from": [5.07973, 21.68476, 6.80548],
			"to": [10.97204, 22.65024, 9.24616],
			"rotation": {"angle": 0, "axis": "y", "origin": [8, 11.64125, 7.64638]},
			"faces": {
				"north": {"uv": [3.76471, 8.47059, 12.52941, 15.41176], "rotation": 90, "texture": "#4"},
				"east": {"uv": [3.76471, 8.47059, 12.52941, 15.41176], "rotation": 90, "texture": "#4"},
				"south": {"uv": [3.76471, 8.47059, 12.52941, 15.41176], "rotation": 90, "texture": "#4"},
				"west": {"uv": [3.76471, 8.47059, 12.52941, 15.41176], "rotation": 90, "texture": "#4"},
				"up": {"uv": [3.76471, 8.47059, 12.52941, 15.41176], "rotation": 90, "texture": "#4"},
				"down": {"uv": [3.76471, 8.47059, 12.52941, 15.41176], "rotation": 90, "texture": "#4"}
			}
		},
		{
			"name": "octagon",
			"from": [6.89986, 21.23304, 4.54846],
			"to": [9.67335, 21.81196, 11.2443],
			"rotation": {"angle": -45, "axis": "y", "origin": [8, 11.64125, 7.64638]},
			"faces": {
				"north": {"uv": [0.94118, 5.64706, 9.70588, 12.58824], "rotation": 90, "texture": "#4"},
				"east": {"uv": [0.94118, 5.64706, 9.70588, 12.58824], "rotation": 90, "texture": "#4"},
				"south": {"uv": [0.94118, 5.64706, 9.70588, 12.58824], "rotation": 90, "texture": "#4"},
				"west": {"uv": [0.94118, 5.64706, 9.70588, 12.58824], "rotation": 90, "texture": "#4"},
				"up": {"uv": [0.94118, 5.64706, 9.70588, 12.58824], "rotation": 90, "texture": "#4"},
				"down": {"uv": [0.94118, 5.64706, 9.70588, 12.58824], "rotation": 90, "texture": "#4"}
			}
		},
		{
			"name": "octagon",
			"from": [6.63914, 21.23304, 4.6779],
			"to": [9.41263, 21.81196, 11.37373],
			"rotation": {"angle": 0, "axis": "y", "origin": [8, 11.64125, 7.64638]},
			"faces": {
				"north": {"uv": [0.94118, 5.64706, 9.70588, 12.58824], "rotation": 90, "texture": "#4"},
				"east": {"uv": [0.94118, 5.64706, 9.70588, 12.58824], "rotation": 90, "texture": "#4"},
				"south": {"uv": [0.94118, 5.64706, 9.70588, 12.58824], "rotation": 90, "texture": "#4"},
				"west": {"uv": [0.94118, 5.64706, 9.70588, 12.58824], "rotation": 90, "texture": "#4"},
				"up": {"uv": [0.94118, 5.64706, 9.70588, 12.58824], "rotation": 90, "texture": "#4"},
				"down": {"uv": [0.94118, 5.64706, 9.70588, 12.58824], "rotation": 90, "texture": "#4"}
			}
		},
		{
			"name": "octagon",
			"from": [4.93869, 21.23304, 6.50964],
			"to": [11.63452, 21.81196, 9.28312],
			"rotation": {"angle": -45, "axis": "y", "origin": [8, 11.64125, 7.64638]},
			"faces": {
				"north": {"uv": [0.94118, 5.64706, 9.70588, 12.58824], "rotation": 90, "texture": "#4"},
				"east": {"uv": [0.94118, 5.64706, 9.70588, 12.58824], "rotation": 90, "texture": "#4"},
				"south": {"uv": [0.94118, 5.64706, 9.70588, 12.58824], "rotation": 90, "texture": "#4"},
				"west": {"uv": [0.94118, 5.64706, 9.70588, 12.58824], "rotation": 90, "texture": "#4"},
				"up": {"uv": [0.94118, 5.64706, 9.70588, 12.58824], "rotation": 90, "texture": "#4"},
				"down": {"uv": [0.94118, 5.64706, 9.70588, 12.58824], "rotation": 90, "texture": "#4"}
			}
		},
		{
			"name": "octagon",
			"from": [4.67797, 21.23304, 6.63907],
			"to": [11.3738, 21.81196, 9.41256],
			"rotation": {"angle": 0, "axis": "y", "origin": [8, 11.64125, 7.64638]},
			"faces": {
				"north": {"uv": [0.94118, 5.64706, 9.70588, 12.58824], "rotation": 90, "texture": "#4"},
				"east": {"uv": [0.94118, 5.64706, 9.70588, 12.58824], "rotation": 90, "texture": "#4"},
				"south": {"uv": [0.94118, 5.64706, 9.70588, 12.58824], "rotation": 90, "texture": "#4"},
				"west": {"uv": [0.94118, 5.64706, 9.70588, 12.58824], "rotation": 90, "texture": "#4"},
				"up": {"uv": [0.94118, 5.64706, 9.70588, 12.58824], "rotation": 90, "texture": "#4"},
				"down": {"uv": [0.94118, 5.64706, 9.70588, 12.58824], "rotation": 90, "texture": "#4"}
			}
		},
		{
			"name": "octagon",
			"from": [6.89986, 21.89304, 4.54846],
			"to": [9.67335, 22.47196, 11.2443],
			"rotation": {"angle": -45, "axis": "y", "origin": [8, 11.64125, 7.64638]},
			"faces": {
				"north": {"uv": [10.35294, 3.76471, 16, 10.70588], "rotation": 90, "texture": "#4"},
				"east": {"uv": [10.35294, 3.76471, 16, 10.70588], "rotation": 90, "texture": "#4"},
				"south": {"uv": [10.35294, 3.76471, 16, 10.70588], "rotation": 90, "texture": "#4"},
				"west": {"uv": [10.35294, 3.76471, 16, 10.70588], "rotation": 90, "texture": "#4"},
				"up": {"uv": [10.35294, 3.76471, 16, 10.70588], "rotation": 90, "texture": "#4"},
				"down": {"uv": [10.35294, 3.76471, 16, 10.70588], "rotation": 90, "texture": "#4"}
			}
		},
		{
			"name": "octagon",
			"from": [6.63914, 21.89304, 4.6779],
			"to": [9.41263, 22.47196, 11.37373],
			"rotation": {"angle": 0, "axis": "y", "origin": [8, 11.64125, 7.64638]},
			"faces": {
				"north": {"uv": [10.35294, 3.76471, 16, 10.70588], "rotation": 90, "texture": "#4"},
				"east": {"uv": [10.35294, 3.76471, 16, 10.70588], "rotation": 90, "texture": "#4"},
				"south": {"uv": [10.35294, 3.76471, 16, 10.70588], "rotation": 90, "texture": "#4"},
				"west": {"uv": [10.35294, 3.76471, 16, 10.70588], "rotation": 90, "texture": "#4"},
				"up": {"uv": [10.35294, 3.76471, 16, 10.70588], "rotation": 90, "texture": "#4"},
				"down": {"uv": [10.35294, 3.76471, 16, 10.70588], "rotation": 90, "texture": "#4"}
			}
		},
		{
			"name": "octagon",
			"from": [4.93869, 21.89304, 6.50964],
			"to": [11.63452, 22.47196, 9.28312],
			"rotation": {"angle": -45, "axis": "y", "origin": [8, 11.64125, 7.64638]},
			"faces": {
				"north": {"uv": [10.35294, 3.76471, 16, 10.70588], "rotation": 90, "texture": "#4"},
				"east": {"uv": [10.35294, 3.76471, 16, 10.70588], "rotation": 90, "texture": "#4"},
				"south": {"uv": [10.35294, 3.76471, 16, 10.70588], "rotation": 90, "texture": "#4"},
				"west": {"uv": [10.35294, 3.76471, 16, 10.70588], "rotation": 90, "texture": "#4"},
				"up": {"uv": [10.35294, 3.76471, 16, 10.70588], "rotation": 90, "texture": "#4"},
				"down": {"uv": [10.35294, 3.76471, 16, 10.70588], "rotation": 90, "texture": "#4"}
			}
		},
		{
			"name": "octagon",
			"from": [4.67797, 21.89304, 6.63907],
			"to": [11.3738, 22.47196, 9.41256],
			"rotation": {"angle": 0, "axis": "y", "origin": [8, 11.64125, 7.64638]},
			"faces": {
				"north": {"uv": [10.35294, 3.76471, 16, 10.70588], "rotation": 90, "texture": "#4"},
				"east": {"uv": [10.35294, 3.76471, 16, 10.70588], "rotation": 90, "texture": "#4"},
				"south": {"uv": [10.35294, 3.76471, 16, 10.70588], "rotation": 90, "texture": "#4"},
				"west": {"uv": [10.35294, 3.76471, 16, 10.70588], "rotation": 90, "texture": "#4"},
				"up": {"uv": [10.35294, 3.76471, 16, 10.70588], "rotation": 90, "texture": "#4"},
				"down": {"uv": [10.35294, 3.76471, 16, 10.70588], "rotation": 90, "texture": "#4"}
			}
		},
		{
			"from": [3.1424, 1.77916, 3.2174],
			"to": [12.8576, 6.79584, 12.9326],
			"rotation": {"angle": 0, "axis": "y", "origin": [8, 11.64125, 7.64638]},
			"faces": {
				"north": {"uv": [16, 16, 0, 0], "texture": "#3"},
				"east": {"uv": [16, 16, 0, 0], "texture": "#3"},
				"south": {"uv": [16, 16, 0, 0], "texture": "#3"},
				"west": {"uv": [16, 16, 0, 0], "texture": "#3"},
				"up": {"uv": [16, 16, 0, 0], "texture": "#3"},
				"down": {"uv": [16, 16, 0, 0], "texture": "#3"}
			}
		},
		{
			"from": [2.72, 0.748, 2.795],
			"to": [13.28, 6.377, 13.355],
			"rotation": {"angle": 0, "axis": "y", "origin": [8, 11.64125, 7.64638]},
			"faces": {
				"north": {"uv": [2, 3, 11, 12], "texture": "#2"},
				"east": {"uv": [2, 3, 11, 12], "texture": "#2"},
				"south": {"uv": [2, 3, 11, 12], "texture": "#2"},
				"west": {"uv": [2, 3, 11, 12], "texture": "#2"},
				"up": {"uv": [2, 3, 11, 12], "texture": "#2"},
				"down": {"uv": [2, 3, 11, 12], "texture": "#2"}
			}
		},
		{
			"from": [3.53312, 0.28876, 3.60812],
			"to": [12.46688, 1.91124, 12.54188],
			"rotation": {"angle": 0, "axis": "y", "origin": [8, 11.64125, 7.64638]},
			"faces": {
				"north": {"uv": [3, 8, 7, 12], "texture": "#2"},
				"east": {"uv": [3, 8, 7, 12], "texture": "#2"},
				"south": {"uv": [3, 8, 7, 12], "texture": "#2"},
				"west": {"uv": [3, 8, 7, 12], "texture": "#2"},
				"up": {"uv": [3, 9, 7, 13], "texture": "#2"},
				"down": {"uv": [3, 8, 7, 12], "texture": "#2"}
			}
		},
		{
			"from": [3.248, 0.4157, 3.323],
			"to": [12.752, 2.0843, 12.827],
			"rotation": {"angle": 0, "axis": "y", "origin": [8, 11.64125, 7.64638]},
			"faces": {
				"north": {"uv": [11, 11, 15, 15], "texture": "#2"},
				"east": {"uv": [11, 11, 15, 15], "texture": "#2"},
				"south": {"uv": [11, 11, 15, 15], "texture": "#2"},
				"west": {"uv": [11, 11, 15, 15], "texture": "#2"},
				"up": {"uv": [11, 12, 15, 16], "texture": "#2"},
				"down": {"uv": [11, 11, 15, 15], "texture": "#2"}
			}
		},
		{
			"from": [3.3536, 1.13674, 2.6636],
			"to": [12.6464, 6.08826, 4.1114],
			"rotation": {"angle": 0, "axis": "y", "origin": [8, 11.64125, 7.64638]},
			"faces": {
				"north": {"uv": [0, 0, 16, 9], "texture": "#2"},
				"east": {"uv": [11, 11, 15, 15], "texture": "#2"},
				"south": {"uv": [11, 11, 15, 15], "texture": "#2"},
				"west": {"uv": [14, 2, 16, 4], "texture": "#2"},
				"up": {"uv": [14, 1, 16, 3], "texture": "#2"},
				"down": {"uv": [11, 11, 15, 15], "texture": "#2"}
			}
		},
		{
			"name": "text_ONE",
			"from": [9.965, 1.3, 2.2],
			"to": [10.565, 3.7, 2.8],
			"rotation": {"angle": 0, "axis": "y", "origin": [10.565, 6.8, 7.7]},
			"faces": {
				"north": {"uv": [0, 0, 1, 1], "texture": "#1"},
				"east": {"uv": [0, 0, 1, 1], "texture": "#1"},
				"south": {"uv": [0, 0, 1, 1], "texture": "#1"},
				"west": {"uv": [0, 0, 1, 1], "texture": "#1"},
				"up": {"uv": [0, 0, 1, 1], "texture": "#1"},
				"down": {"uv": [0, 0, 1, 1], "texture": "#1"}
			}
		},
		{
			"name": "text_ONE",
			"from": [9.365, 3.1, 2.2],
			"to": [9.965, 3.7, 2.8],
			"rotation": {"angle": 0, "axis": "y", "origin": [10.565, 6.8, 7.7]},
			"faces": {
				"north": {"uv": [0, 0, 1, 1], "texture": "#1"},
				"east": {"uv": [0, 0, 1, 1], "texture": "#1"},
				"south": {"uv": [0, 0, 1, 1], "texture": "#1"},
				"west": {"uv": [0, 0, 1, 1], "texture": "#1"},
				"up": {"uv": [0, 0, 1, 1], "texture": "#1"},
				"down": {"uv": [0, 0, 1, 1], "texture": "#1"}
			}
		},
		{
			"name": "text_ONE",
			"from": [8.765, 1.3, 2.2],
			"to": [9.365, 3.7, 2.8],
			"rotation": {"angle": 0, "axis": "y", "origin": [10.565, 6.8, 7.7]},
			"faces": {
				"north": {"uv": [0, 0, 1, 1], "texture": "#1"},
				"east": {"uv": [0, 0, 1, 1], "texture": "#1"},
				"south": {"uv": [0, 0, 1, 1], "texture": "#1"},
				"west": {"uv": [0, 0, 1, 1], "texture": "#1"},
				"up": {"uv": [0, 0, 1, 1], "texture": "#1"},
				"down": {"uv": [0, 0, 1, 1], "texture": "#1"}
			}
		},
		{
			"name": "text_ONE",
			"from": [9.365, 1.3, 2.2],
			"to": [9.965, 1.9, 2.8],
			"rotation": {"angle": 0, "axis": "y", "origin": [10.565, 6.8, 7.7]},
			"faces": {
				"north": {"uv": [0, 0, 1, 1], "texture": "#1"},
				"east": {"uv": [0, 0, 1, 1], "texture": "#1"},
				"south": {"uv": [0, 0, 1, 1], "texture": "#1"},
				"west": {"uv": [0, 0, 1, 1], "texture": "#1"},
				"up": {"uv": [0, 0, 1, 1], "texture": "#1"},
				"down": {"uv": [0, 0, 1, 1], "texture": "#1"}
			}
		},
		{
			"name": "text_ONE",
			"from": [8.075, 1.3, 2.2],
			"to": [8.675, 3.7, 2.8],
			"rotation": {"angle": 0, "axis": "y", "origin": [10.565, 6.8, 7.7]},
			"faces": {
				"north": {"uv": [0, 0, 1, 1], "texture": "#1"},
				"east": {"uv": [0, 0, 1, 1], "texture": "#1"},
				"south": {"uv": [0, 0, 1, 1], "texture": "#1"},
				"west": {"uv": [0, 0, 1, 1], "texture": "#1"},
				"up": {"uv": [0, 0, 1, 1], "texture": "#1"},
				"down": {"uv": [0, 0, 1, 1], "texture": "#1"}
			}
		},
		{
			"name": "text_ONE",
			"from": [6.875, 1.3, 2.2],
			"to": [7.475, 3.7, 2.8],
			"rotation": {"angle": 0, "axis": "y", "origin": [10.565, 6.8, 7.7]},
			"faces": {
				"north": {"uv": [0, 0, 1, 1], "texture": "#1"},
				"east": {"uv": [0, 0, 1, 1], "texture": "#1"},
				"south": {"uv": [0, 0, 1, 1], "texture": "#1"},
				"west": {"uv": [0, 0, 1, 1], "texture": "#1"},
				"up": {"uv": [0, 0, 1, 1], "texture": "#1"},
				"down": {"uv": [0, 0, 1, 1], "texture": "#1"}
			}
		},
		{
			"name": "text_ONE",
			"from": [7.775, 2.2, 2.2],
			"to": [8.075, 3.1, 2.8],
			"rotation": {"angle": 0, "axis": "y", "origin": [10.565, 6.8, 7.7]},
			"faces": {
				"north": {"uv": [0, 0, 1, 1], "texture": "#1"},
				"east": {"uv": [0, 0, 1, 1], "texture": "#1"},
				"south": {"uv": [0, 0, 1, 1], "texture": "#1"},
				"west": {"uv": [0, 0, 1, 1], "texture": "#1"},
				"up": {"uv": [0, 0, 1, 1], "texture": "#1"},
				"down": {"uv": [0, 0, 1, 1], "texture": "#1"}
			}
		},
		{
			"name": "text_ONE",
			"from": [7.475, 1.9, 2.2],
			"to": [7.775, 2.8, 2.8],
			"rotation": {"angle": 0, "axis": "y", "origin": [10.565, 6.8, 7.7]},
			"faces": {
				"north": {"uv": [0, 0, 1, 1], "texture": "#1"},
				"east": {"uv": [0, 0, 1, 1], "texture": "#1"},
				"south": {"uv": [0, 0, 1, 1], "texture": "#1"},
				"west": {"uv": [0, 0, 1, 1], "texture": "#1"},
				"up": {"uv": [0, 0, 1, 1], "texture": "#1"},
				"down": {"uv": [0, 0, 1, 1], "texture": "#1"}
			}
		},
		{
			"name": "text_ONE",
			"from": [6.185, 1.3, 2.2],
			"to": [6.785, 3.7, 2.8],
			"rotation": {"angle": 0, "axis": "y", "origin": [10.565, 6.8, 7.7]},
			"faces": {
				"north": {"uv": [0, 0, 1, 1], "texture": "#1"},
				"east": {"uv": [0, 0, 1, 1], "texture": "#1"},
				"south": {"uv": [0, 0, 1, 1], "texture": "#1"},
				"west": {"uv": [0, 0, 1, 1], "texture": "#1"},
				"up": {"uv": [0, 0, 1, 1], "texture": "#1"},
				"down": {"uv": [0, 0, 1, 1], "texture": "#1"}
			}
		},
		{
			"name": "text_ONE",
			"from": [5.285, 3.1, 2.2],
			"to": [6.185, 3.7, 2.8],
			"rotation": {"angle": 0, "axis": "y", "origin": [10.565, 6.8, 7.7]},
			"faces": {
				"north": {"uv": [0, 0, 1, 1], "texture": "#1"},
				"east": {"uv": [0, 0, 1, 1], "texture": "#1"},
				"south": {"uv": [0, 0, 1, 1], "texture": "#1"},
				"west": {"uv": [0, 0, 1, 1], "texture": "#1"},
				"up": {"uv": [0, 0, 1, 1], "texture": "#1"},
				"down": {"uv": [0, 0, 1, 1], "texture": "#1"}
			}
		},
		{
			"name": "text_ONE",
			"from": [5.585, 2.2, 2.2],
			"to": [6.185, 2.8, 2.8],
			"rotation": {"angle": 0, "axis": "y", "origin": [10.565, 6.8, 7.7]},
			"faces": {
				"north": {"uv": [0, 0, 1, 1], "texture": "#1"},
				"east": {"uv": [0, 0, 1, 1], "texture": "#1"},
				"south": {"uv": [0, 0, 1, 1], "texture": "#1"},
				"west": {"uv": [0, 0, 1, 1], "texture": "#1"},
				"up": {"uv": [0, 0, 1, 1], "texture": "#1"},
				"down": {"uv": [0, 0, 1, 1], "texture": "#1"}
			}
		},
		{
			"name": "text_ONE",
			"from": [5.285, 1.3, 2.2],
			"to": [6.185, 1.9, 2.8],
			"rotation": {"angle": 0, "axis": "y", "origin": [10.565, 6.8, 7.7]},
			"faces": {
				"north": {"uv": [0, 0, 1, 1], "texture": "#1"},
				"east": {"uv": [0, 0, 1, 1], "texture": "#1"},
				"south": {"uv": [0, 0, 1, 1], "texture": "#1"},
				"west": {"uv": [0, 0, 1, 1], "texture": "#1"},
				"up": {"uv": [0, 0, 1, 1], "texture": "#1"},
				"down": {"uv": [0, 0, 1, 1], "texture": "#1"}
			}
		},
		{
			"name": "text_SEASON",
			"from": [10.9375, 4, 2.25],
			"to": [12.1875, 4.5, 2.75],
			"rotation": {"angle": 0, "axis": "y", "origin": [8, 11.64125, 7.64638]},
			"faces": {
				"north": {"uv": [0, 0, 1, 1], "texture": "#1"},
				"east": {"uv": [0, 0, 1, 1], "texture": "#1"},
				"south": {"uv": [0, 0, 1, 1], "texture": "#1"},
				"west": {"uv": [0, 0, 1, 1], "texture": "#1"},
				"up": {"uv": [0, 0, 1, 1], "texture": "#1"},
				"down": {"uv": [0, 0, 1, 1], "texture": "#1"}
			}
		},
		{
			"name": "text_SEASON",
			"from": [10.9375, 4.75, 2.25],
			"to": [12.1875, 5.25, 2.75],
			"rotation": {"angle": 0, "axis": "y", "origin": [8, 11.64125, 7.64638]},
			"faces": {
				"north": {"uv": [0, 0, 1, 1], "texture": "#1"},
				"east": {"uv": [0, 0, 1, 1], "texture": "#1"},
				"south": {"uv": [0, 0, 1, 1], "texture": "#1"},
				"west": {"uv": [0, 0, 1, 1], "texture": "#1"},
				"up": {"uv": [0, 0, 1, 1], "texture": "#1"},
				"down": {"uv": [0, 0, 1, 1], "texture": "#1"}
			}
		},
		{
			"name": "text_SEASON",
			"from": [10.9375, 5.5, 2.25],
			"to": [12.1875, 6, 2.75],
			"rotation": {"angle": 0, "axis": "y", "origin": [8, 11.64125, 7.64638]},
			"faces": {
				"north": {"uv": [0, 0, 1, 1], "texture": "#1"},
				"east": {"uv": [0, 0, 1, 1], "texture": "#1"},
				"south": {"uv": [0, 0, 1, 1], "texture": "#1"},
				"west": {"uv": [0, 0, 1, 1], "texture": "#1"},
				"up": {"uv": [0, 0, 1, 1], "texture": "#1"},
				"down": {"uv": [0, 0, 1, 1], "texture": "#1"}
			}
		},
		{
			"name": "text_SEASON",
			"from": [10.9375, 4.5, 2.25],
			"to": [11.4375, 4.75, 2.75],
			"rotation": {"angle": 0, "axis": "y", "origin": [8, 11.64125, 7.64638]},
			"faces": {
				"north": {"uv": [0, 0, 1, 1], "texture": "#1"},
				"east": {"uv": [0, 0, 1, 1], "texture": "#1"},
				"south": {"uv": [0, 0, 1, 1], "texture": "#1"},
				"west": {"uv": [0, 0, 1, 1], "texture": "#1"},
				"up": {"uv": [0, 0, 1, 1], "texture": "#1"},
				"down": {"uv": [0, 0, 1, 1], "texture": "#1"}
			}
		},
		{
			"name": "text_SEASON",
			"from": [11.6875, 5.25, 2.25],
			"to": [12.1875, 5.5, 2.75],
			"rotation": {"angle": 0, "axis": "y", "origin": [8, 11.64125, 7.64638]},
			"faces": {
				"north": {"uv": [0, 0, 1, 1], "texture": "#1"},
				"east": {"uv": [0, 0, 1, 1], "texture": "#1"},
				"south": {"uv": [0, 0, 1, 1], "texture": "#1"},
				"west": {"uv": [0, 0, 1, 1], "texture": "#1"},
				"up": {"uv": [0, 0, 1, 1], "texture": "#1"},
				"down": {"uv": [0, 0, 1, 1], "texture": "#1"}
			}
		},
		{
			"name": "text_SEASON",
			"from": [10.3625, 4, 2.25],
			"to": [10.8625, 6, 2.75],
			"rotation": {"angle": 0, "axis": "y", "origin": [8, 11.64125, 7.64638]},
			"faces": {
				"north": {"uv": [0, 0, 1, 1], "texture": "#1"},
				"east": {"uv": [0, 0, 1, 1], "texture": "#1"},
				"south": {"uv": [0, 0, 1, 1], "texture": "#1"},
				"west": {"uv": [0, 0, 1, 1], "texture": "#1"},
				"up": {"uv": [0, 0, 1, 1], "texture": "#1"},
				"down": {"uv": [0, 0, 1, 1], "texture": "#1"}
			}
		},
		{
			"name": "text_SEASON",
			"from": [9.6125, 5.5, 2.25],
			"to": [10.3625, 6, 2.75],
			"rotation": {"angle": 0, "axis": "y", "origin": [8, 11.64125, 7.64638]},
			"faces": {
				"north": {"uv": [0, 0, 1, 1], "texture": "#1"},
				"east": {"uv": [0, 0, 1, 1], "texture": "#1"},
				"south": {"uv": [0, 0, 1, 1], "texture": "#1"},
				"west": {"uv": [0, 0, 1, 1], "texture": "#1"},
				"up": {"uv": [0, 0, 1, 1], "texture": "#1"},
				"down": {"uv": [0, 0, 1, 1], "texture": "#1"}
			}
		},
		{
			"name": "text_SEASON",
			"from": [9.8625, 4.75, 2.25],
			"to": [10.3625, 5.25, 2.75],
			"rotation": {"angle": 0, "axis": "y", "origin": [8, 11.64125, 7.64638]},
			"faces": {
				"north": {"uv": [0, 0, 1, 1], "texture": "#1"},
				"east": {"uv": [0, 0, 1, 1], "texture": "#1"},
				"south": {"uv": [0, 0, 1, 1], "texture": "#1"},
				"west": {"uv": [0, 0, 1, 1], "texture": "#1"},
				"up": {"uv": [0, 0, 1, 1], "texture": "#1"},
				"down": {"uv": [0, 0, 1, 1], "texture": "#1"}
			}
		},
		{
			"name": "text_SEASON",
			"from": [9.6125, 4, 2.25],
			"to": [10.3625, 4.5, 2.75],
			"rotation": {"angle": 0, "axis": "y", "origin": [8, 11.64125, 7.64638]},
			"faces": {
				"north": {"uv": [0, 0, 1, 1], "texture": "#1"},
				"east": {"uv": [0, 0, 1, 1], "texture": "#1"},
				"south": {"uv": [0, 0, 1, 1], "texture": "#1"},
				"west": {"uv": [0, 0, 1, 1], "texture": "#1"},
				"up": {"uv": [0, 0, 1, 1], "texture": "#1"},
				"down": {"uv": [0, 0, 1, 1], "texture": "#1"}
			}
		},
		{
			"name": "text_SEASON",
			"from": [9.0375, 4, 2.25],
			"to": [9.5375, 6, 2.75],
			"rotation": {"angle": 0, "axis": "y", "origin": [8, 11.64125, 7.64638]},
			"faces": {
				"north": {"uv": [0, 0, 1, 1], "texture": "#1"},
				"east": {"uv": [0, 0, 1, 1], "texture": "#1"},
				"south": {"uv": [0, 0, 1, 1], "texture": "#1"},
				"west": {"uv": [0, 0, 1, 1], "texture": "#1"},
				"up": {"uv": [0, 0, 1, 1], "texture": "#1"},
				"down": {"uv": [0, 0, 1, 1], "texture": "#1"}
			}
		},
		{
			"name": "text_SEASON",
			"from": [8.7875, 5.5, 2.25],
			"to": [9.0375, 6, 2.75],
			"rotation": {"angle": 0, "axis": "y", "origin": [8, 11.64125, 7.64638]},
			"faces": {
				"north": {"uv": [0, 0, 1, 1], "texture": "#1"},
				"east": {"uv": [0, 0, 1, 1], "texture": "#1"},
				"south": {"uv": [0, 0, 1, 1], "texture": "#1"},
				"west": {"uv": [0, 0, 1, 1], "texture": "#1"},
				"up": {"uv": [0, 0, 1, 1], "texture": "#1"},
				"down": {"uv": [0, 0, 1, 1], "texture": "#1"}
			}
		},
		{
			"name": "text_SEASON",
			"from": [8.2875, 4, 2.25],
			"to": [8.7875, 6, 2.75],
			"rotation": {"angle": 0, "axis": "y", "origin": [8, 11.64125, 7.64638]},
			"faces": {
				"north": {"uv": [0, 0, 1, 1], "texture": "#1"},
				"east": {"uv": [0, 0, 1, 1], "texture": "#1"},
				"south": {"uv": [0, 0, 1, 1], "texture": "#1"},
				"west": {"uv": [0, 0, 1, 1], "texture": "#1"},
				"up": {"uv": [0, 0, 1, 1], "texture": "#1"},
				"down": {"uv": [0, 0, 1, 1], "texture": "#1"}
			}
		},
		{
			"name": "text_SEASON",
			"from": [8.7875, 4.75, 2.25],
			"to": [9.0375, 5.25, 2.75],
			"rotation": {"angle": 0, "axis": "y", "origin": [8, 11.64125, 7.64638]},
			"faces": {
				"north": {"uv": [0, 0, 1, 1], "texture": "#1"},
				"east": {"uv": [0, 0, 1, 1], "texture": "#1"},
				"south": {"uv": [0, 0, 1, 1], "texture": "#1"},
				"west": {"uv": [0, 0, 1, 1], "texture": "#1"},
				"up": {"uv": [0, 0, 1, 1], "texture": "#1"},
				"down": {"uv": [0, 0, 1, 1], "texture": "#1"}
			}
		},
		{
			"name": "text_SEASON",
			"from": [6.9625, 4, 2.25],
			"to": [8.2125, 4.5, 2.75],
			"rotation": {"angle": 0, "axis": "y", "origin": [8, 11.64125, 7.64638]},
			"faces": {
				"north": {"uv": [0, 0, 1, 1], "texture": "#1"},
				"east": {"uv": [0, 0, 1, 1], "texture": "#1"},
				"south": {"uv": [0, 0, 1, 1], "texture": "#1"},
				"west": {"uv": [0, 0, 1, 1], "texture": "#1"},
				"up": {"uv": [0, 0, 1, 1], "texture": "#1"},
				"down": {"uv": [0, 0, 1, 1], "texture": "#1"}
			}
		},
		{
			"name": "text_SEASON",
			"from": [6.9625, 4.75, 2.25],
			"to": [8.2125, 5.25, 2.75],
			"rotation": {"angle": 0, "axis": "y", "origin": [8, 11.64125, 7.64638]},
			"faces": {
				"north": {"uv": [0, 0, 1, 1], "texture": "#1"},
				"east": {"uv": [0, 0, 1, 1], "texture": "#1"},
				"south": {"uv": [0, 0, 1, 1], "texture": "#1"},
				"west": {"uv": [0, 0, 1, 1], "texture": "#1"},
				"up": {"uv": [0, 0, 1, 1], "texture": "#1"},
				"down": {"uv": [0, 0, 1, 1], "texture": "#1"}
			}
		},
		{
			"name": "text_SEASON",
			"from": [6.9625, 5.5, 2.25],
			"to": [8.2125, 6, 2.75],
			"rotation": {"angle": 0, "axis": "y", "origin": [8, 11.64125, 7.64638]},
			"faces": {
				"north": {"uv": [0, 0, 1, 1], "texture": "#1"},
				"east": {"uv": [0, 0, 1, 1], "texture": "#1"},
				"south": {"uv": [0, 0, 1, 1], "texture": "#1"},
				"west": {"uv": [0, 0, 1, 1], "texture": "#1"},
				"up": {"uv": [0, 0, 1, 1], "texture": "#1"},
				"down": {"uv": [0, 0, 1, 1], "texture": "#1"}
			}
		},
		{
			"name": "text_SEASON",
			"from": [6.9625, 4.5, 2.25],
			"to": [7.4625, 4.75, 2.75],
			"rotation": {"angle": 0, "axis": "y", "origin": [8, 11.64125, 7.64638]},
			"faces": {
				"north": {"uv": [0, 0, 1, 1], "texture": "#1"},
				"east": {"uv": [0, 0, 1, 1], "texture": "#1"},
				"south": {"uv": [0, 0, 1, 1], "texture": "#1"},
				"west": {"uv": [0, 0, 1, 1], "texture": "#1"},
				"up": {"uv": [0, 0, 1, 1], "texture": "#1"},
				"down": {"uv": [0, 0, 1, 1], "texture": "#1"}
			}
		},
		{
			"name": "text_SEASON",
			"from": [7.7125, 5.25, 2.25],
			"to": [8.2125, 5.5, 2.75],
			"rotation": {"angle": 0, "axis": "y", "origin": [8, 11.64125, 7.64638]},
			"faces": {
				"north": {"uv": [0, 0, 1, 1], "texture": "#1"},
				"east": {"uv": [0, 0, 1, 1], "texture": "#1"},
				"south": {"uv": [0, 0, 1, 1], "texture": "#1"},
				"west": {"uv": [0, 0, 1, 1], "texture": "#1"},
				"up": {"uv": [0, 0, 1, 1], "texture": "#1"},
				"down": {"uv": [0, 0, 1, 1], "texture": "#1"}
			}
		},
		{
			"name": "text_SEASON",
			"from": [6.3875, 4, 2.25],
			"to": [6.8875, 6, 2.75],
			"rotation": {"angle": 0, "axis": "y", "origin": [8, 11.64125, 7.64638]},
			"faces": {
				"north": {"uv": [0, 0, 1, 1], "texture": "#1"},
				"east": {"uv": [0, 0, 1, 1], "texture": "#1"},
				"south": {"uv": [0, 0, 1, 1], "texture": "#1"},
				"west": {"uv": [0, 0, 1, 1], "texture": "#1"},
				"up": {"uv": [0, 0, 1, 1], "texture": "#1"},
				"down": {"uv": [0, 0, 1, 1], "texture": "#1"}
			}
		},
		{
			"name": "text_SEASON",
			"from": [5.8875, 5.5, 2.25],
			"to": [6.3875, 6, 2.75],
			"rotation": {"angle": 0, "axis": "y", "origin": [8, 11.64125, 7.64638]},
			"faces": {
				"north": {"uv": [0, 0, 1, 1], "texture": "#1"},
				"east": {"uv": [0, 0, 1, 1], "texture": "#1"},
				"south": {"uv": [0, 0, 1, 1], "texture": "#1"},
				"west": {"uv": [0, 0, 1, 1], "texture": "#1"},
				"up": {"uv": [0, 0, 1, 1], "texture": "#1"},
				"down": {"uv": [0, 0, 1, 1], "texture": "#1"}
			}
		},
		{
			"name": "text_SEASON",
			"from": [5.3875, 4, 2.25],
			"to": [5.8875, 6, 2.75],
			"rotation": {"angle": 0, "axis": "y", "origin": [8, 11.64125, 7.64638]},
			"faces": {
				"north": {"uv": [0, 0, 1, 1], "texture": "#1"},
				"east": {"uv": [0, 0, 1, 1], "texture": "#1"},
				"south": {"uv": [0, 0, 1, 1], "texture": "#1"},
				"west": {"uv": [0, 0, 1, 1], "texture": "#1"},
				"up": {"uv": [0, 0, 1, 1], "texture": "#1"},
				"down": {"uv": [0, 0, 1, 1], "texture": "#1"}
			}
		},
		{
			"name": "text_SEASON",
			"from": [5.8875, 4, 2.25],
			"to": [6.3875, 4.5, 2.75],
			"rotation": {"angle": 0, "axis": "y", "origin": [8, 11.64125, 7.64638]},
			"faces": {
				"north": {"uv": [0, 0, 1, 1], "texture": "#1"},
				"east": {"uv": [0, 0, 1, 1], "texture": "#1"},
				"south": {"uv": [0, 0, 1, 1], "texture": "#1"},
				"west": {"uv": [0, 0, 1, 1], "texture": "#1"},
				"up": {"uv": [0, 0, 1, 1], "texture": "#1"},
				"down": {"uv": [0, 0, 1, 1], "texture": "#1"}
			}
		},
		{
			"name": "text_SEASON",
			"from": [4.8125, 4, 2.25],
			"to": [5.3125, 6, 2.75],
			"rotation": {"angle": 0, "axis": "y", "origin": [8, 11.64125, 7.64638]},
			"faces": {
				"north": {"uv": [0, 0, 1, 1], "texture": "#1"},
				"east": {"uv": [0, 0, 1, 1], "texture": "#1"},
				"south": {"uv": [0, 0, 1, 1], "texture": "#1"},
				"west": {"uv": [0, 0, 1, 1], "texture": "#1"},
				"up": {"uv": [0, 0, 1, 1], "texture": "#1"},
				"down": {"uv": [0, 0, 1, 1], "texture": "#1"}
			}
		},
		{
			"name": "text_SEASON",
			"from": [3.8125, 4, 2.25],
			"to": [4.3125, 6, 2.75],
			"rotation": {"angle": 0, "axis": "y", "origin": [8, 11.64125, 7.64638]},
			"faces": {
				"north": {"uv": [0, 0, 1, 1], "texture": "#1"},
				"east": {"uv": [0, 0, 1, 1], "texture": "#1"},
				"south": {"uv": [0, 0, 1, 1], "texture": "#1"},
				"west": {"uv": [0, 0, 1, 1], "texture": "#1"},
				"up": {"uv": [0, 0, 1, 1], "texture": "#1"},
				"down": {"uv": [0, 0, 1, 1], "texture": "#1"}
			}
		},
		{
			"name": "text_SEASON",
			"from": [4.5625, 4.75, 2.25],
			"to": [4.8125, 5.5, 2.75],
			"rotation": {"angle": 0, "axis": "y", "origin": [8, 11.64125, 7.64638]},
			"faces": {
				"north": {"uv": [0, 0, 1, 1], "texture": "#1"},
				"east": {"uv": [0, 0, 1, 1], "texture": "#1"},
				"south": {"uv": [0, 0, 1, 1], "texture": "#1"},
				"west": {"uv": [0, 0, 1, 1], "texture": "#1"},
				"up": {"uv": [0, 0, 1, 1], "texture": "#1"},
				"down": {"uv": [0, 0, 1, 1], "texture": "#1"}
			}
		},
		{
			"name": "text_SEASON",
			"from": [4.3125, 4.5, 2.25],
			"to": [4.5625, 5.25, 2.75],
			"rotation": {"angle": 0, "axis": "y", "origin": [8, 11.64125, 7.64638]},
			"faces": {
				"north": {"uv": [0, 0, 1, 1], "texture": "#1"},
				"east": {"uv": [0, 0, 1, 1], "texture": "#1"},
				"south": {"uv": [0, 0, 1, 1], "texture": "#1"},
				"west": {"uv": [0, 0, 1, 1], "texture": "#1"},
				"up": {"uv": [0, 0, 1, 1], "texture": "#1"},
				"down": {"uv": [0, 0, 1, 1], "texture": "#1"}
			}
		},
		{
			"from": [11.5, 6, 3.5],
			"to": [12.5, 7, 4.5],
			"faces": {
				"north": {"uv": [0, 0, 6, 7], "texture": "#4"},
				"east": {"uv": [0, 0, 6, 7], "texture": "#4"},
				"south": {"uv": [0, 0, 6, 7], "texture": "#4"},
				"west": {"uv": [0, 0, 6, 7], "texture": "#4"},
				"up": {"uv": [0, 0, 6, 7], "texture": "#4"},
				"down": {"uv": [0, 0, 6, 7], "texture": "#4"}
			}
		},
		{
			"from": [3.5, 6, 3.5],
			"to": [4.5, 7, 4.5],
			"faces": {
				"north": {"uv": [0, 0, 6, 7], "texture": "#4"},
				"east": {"uv": [0, 0, 6, 7], "texture": "#4"},
				"south": {"uv": [0, 0, 6, 7], "texture": "#4"},
				"west": {"uv": [0, 0, 6, 7], "texture": "#4"},
				"up": {"uv": [0, 0, 6, 7], "texture": "#4"},
				"down": {"uv": [0, 0, 6, 7], "texture": "#4"}
			}
		},
		{
			"from": [3.5, 6, 11.5],
			"to": [4.5, 7, 12.5],
			"faces": {
				"north": {"uv": [0, 0, 6, 7], "texture": "#4"},
				"east": {"uv": [0, 0, 6, 7], "texture": "#4"},
				"south": {"uv": [0, 0, 6, 7], "texture": "#4"},
				"west": {"uv": [0, 0, 6, 7], "texture": "#4"},
				"up": {"uv": [0, 0, 6, 7], "texture": "#4"},
				"down": {"uv": [0, 0, 6, 7], "texture": "#4"}
			}
		},
		{
			"from": [11.5, 6, 11.5],
			"to": [12.5, 7, 12.5],
			"faces": {
				"north": {"uv": [0, 0, 6, 7], "texture": "#4"},
				"east": {"uv": [0, 0, 6, 7], "texture": "#4"},
				"south": {"uv": [0, 0, 6, 7], "texture": "#4"},
				"west": {"uv": [0, 0, 6, 7], "texture": "#4"},
				"up": {"uv": [0, 0, 6, 7], "texture": "#4"},
				"down": {"uv": [0, 0, 6, 7], "texture": "#4"}
			}
		},
		{
			"name": "text_1st",
			"from": [9.925, 25.55, 7.5],
			"to": [10.425, 26.55, 8.5],
			"rotation": {"angle": 0, "axis": "y", "origin": [13.175, 16.5, 7.5]},
			"faces": {
				"north": {"uv": [0, 0, 1, 1], "texture": "#1"},
				"east": {"uv": [0, 0, 1, 1], "texture": "#1"},
				"south": {"uv": [0, 0, 1, 1], "texture": "#1"},
				"west": {"uv": [0, 0, 1, 1], "texture": "#1"},
				"up": {"uv": [0, 0, 1, 1], "texture": "#1"},
				"down": {"uv": [0, 0, 1, 1], "texture": "#1"}
			}
		},
		{
			"name": "text_1st",
			"from": [8.925, 23.05, 7.5],
			"to": [9.925, 27.05, 8.5],
			"rotation": {"angle": 0, "axis": "y", "origin": [13.175, 16.5, 7.5]},
			"faces": {
				"north": {"uv": [0, 0, 1, 1], "texture": "#1"},
				"east": {"uv": [0, 0, 1, 1], "texture": "#1"},
				"south": {"uv": [0, 0, 1, 1], "texture": "#1"},
				"west": {"uv": [0, 0, 1, 1], "texture": "#1"},
				"up": {"uv": [0, 0, 1, 1], "texture": "#1"},
				"down": {"uv": [0, 0, 1, 1], "texture": "#1"}
			}
		},
		{
			"name": "text_1st",
			"from": [7.17, 23.05, 7.7],
			"to": [8.67, 23.65, 8.3],
			"rotation": {"angle": 0, "axis": "y", "origin": [8.41, 20.8, 7.7]},
			"faces": {
				"north": {"uv": [0, 0, 1, 1], "texture": "#1"},
				"east": {"uv": [0, 0, 1, 1], "texture": "#1"},
				"south": {"uv": [0, 0, 1, 1], "texture": "#1"},
				"west": {"uv": [0, 0, 1, 1], "texture": "#1"},
				"up": {"uv": [0, 0, 1, 1], "texture": "#1"},
				"down": {"uv": [0, 0, 1, 1], "texture": "#1"}
			}
		},
		{
			"name": "text_1st",
			"from": [7.17, 23.95, 7.7],
			"to": [8.67, 24.55, 8.3],
			"rotation": {"angle": 0, "axis": "y", "origin": [8.41, 20.8, 7.7]},
			"faces": {
				"north": {"uv": [0, 0, 1, 1], "texture": "#1"},
				"east": {"uv": [0, 0, 1, 1], "texture": "#1"},
				"south": {"uv": [0, 0, 1, 1], "texture": "#1"},
				"west": {"uv": [0, 0, 1, 1], "texture": "#1"},
				"up": {"uv": [0, 0, 1, 1], "texture": "#1"},
				"down": {"uv": [0, 0, 1, 1], "texture": "#1"}
			}
		},
		{
			"name": "text_1st",
			"from": [7.17, 24.85, 7.7],
			"to": [8.67, 25.45, 8.3],
			"rotation": {"angle": 0, "axis": "y", "origin": [8.41, 20.8, 7.7]},
			"faces": {
				"north": {"uv": [0, 0, 1, 1], "texture": "#1"},
				"east": {"uv": [0, 0, 1, 1], "texture": "#1"},
				"south": {"uv": [0, 0, 1, 1], "texture": "#1"},
				"west": {"uv": [0, 0, 1, 1], "texture": "#1"},
				"up": {"uv": [0, 0, 1, 1], "texture": "#1"},
				"down": {"uv": [0, 0, 1, 1], "texture": "#1"}
			}
		},
		{
			"name": "text_1st",
			"from": [7.17, 23.65, 7.7],
			"to": [7.77, 23.95, 8.3],
			"rotation": {"angle": 0, "axis": "y", "origin": [8.41, 20.8, 7.7]},
			"faces": {
				"north": {"uv": [0, 0, 1, 1], "texture": "#1"},
				"east": {"uv": [0, 0, 1, 1], "texture": "#1"},
				"south": {"uv": [0, 0, 1, 1], "texture": "#1"},
				"west": {"uv": [0, 0, 1, 1], "texture": "#1"},
				"up": {"uv": [0, 0, 1, 1], "texture": "#1"},
				"down": {"uv": [0, 0, 1, 1], "texture": "#1"}
			}
		},
		{
			"name": "text_1st",
			"from": [8.07, 24.55, 7.7],
			"to": [8.67, 24.85, 8.3],
			"rotation": {"angle": 0, "axis": "y", "origin": [8.41, 20.8, 7.7]},
			"faces": {
				"north": {"uv": [0, 0, 1, 1], "texture": "#1"},
				"east": {"uv": [0, 0, 1, 1], "texture": "#1"},
				"south": {"uv": [0, 0, 1, 1], "texture": "#1"},
				"west": {"uv": [0, 0, 1, 1], "texture": "#1"},
				"up": {"uv": [0, 0, 1, 1], "texture": "#1"},
				"down": {"uv": [0, 0, 1, 1], "texture": "#1"}
			}
		},
		{
			"name": "text_1st",
			"from": [6.03, 23.05, 7.7],
			"to": [6.63, 24.85, 8.3],
			"rotation": {"angle": 0, "axis": "y", "origin": [8.41, 20.8, 7.7]},
			"faces": {
				"north": {"uv": [0, 0, 1, 1], "texture": "#1"},
				"east": {"uv": [0, 0, 1, 1], "texture": "#1"},
				"south": {"uv": [0, 0, 1, 1], "texture": "#1"},
				"west": {"uv": [0, 0, 1, 1], "texture": "#1"},
				"up": {"uv": [0, 0, 1, 1], "texture": "#1"},
				"down": {"uv": [0, 0, 1, 1], "texture": "#1"}
			}
		},
		{
			"name": "text_1st",
			"from": [5.58, 24.85, 7.7],
			"to": [7.08, 25.45, 8.3],
			"rotation": {"angle": 0, "axis": "y", "origin": [8.41, 20.8, 7.7]},
			"faces": {
				"north": {"uv": [0, 0, 1, 1], "texture": "#1"},
				"east": {"uv": [0, 0, 1, 1], "texture": "#1"},
				"south": {"uv": [0, 0, 1, 1], "texture": "#1"},
				"west": {"uv": [0, 0, 1, 1], "texture": "#1"},
				"up": {"uv": [0, 0, 1, 1], "texture": "#1"},
				"down": {"uv": [0, 0, 1, 1], "texture": "#1"}
			}
		}
	],
	"gui_light": "front",
	"display": {
		"thirdperson_righthand": {
			"rotation": [0, 60, 0],
			"translation": [0, -5.5, 0],
			"scale": [0.63, 0.63, 0.63]
		},
		"thirdperson_lefthand": {
			"translation": [0, -5.5, 0],
			"scale": [0.63, 0.63, 0.63]
		},
		"firstperson_righthand": {
			"rotation": [0, 110, 0],
			"translation": [2.5, 1.75, 0],
			"scale": [0.51, 0.51, 0.51]
		},
		"firstperson_lefthand": {
			"rotation": [0, 110, 0],
			"translation": [2.5, 1.75, 0],
			"scale": [0.51, 0.51, 0.51]
		},
		"ground": {
			"translation": [0, 1.75, 0],
			"scale": [0.58, 0.58, 0.58]
		},
		"gui": {
			"rotation": [30, 225, 0],
			"translation": [0, -1.5, 0],
			"scale": [0.625, 0.625, 0.625]
		},
		"head": {
			"translation": [0, 13.5, 0]
		},
		"fixed": {
			"rotation": [-90, 0, 0],
			"translation": [0, 0, -10.5],
			"scale": [1.62, 1.62, 1.62]
		}
	},
	"groups": [
		{
			"name": "octagon",
			"origin": [8, 8, 8],
			"color": 0,
			"children": [0, 1, 2, 3]
		},
		{
			"name": "octagon",
			"origin": [8, 8, 8],
			"color": 0,
			"children": [4, 5, 6, 7, 8, 9, 10, 11, 12, 13, 14, 15, 16, 17, 18, 19, 20, 21, 22]
		},
		{
			"name": "octagon",
			"origin": [8, 8, 8],
			"color": 0,
			"children": [23, 24, 25, 26]
		},
		{
			"name": "octagon",
			"origin": [8, 8, 8],
			"color": 0,
			"children": [27, 28, 29, 30]
		},
		{
			"name": "octagon",
			"origin": [8, 8, 8],
			"color": 0,
			"children": [31, 32, 33, 34]
		},
		{
			"name": "octagon",
			"origin": [8, 8, 8],
			"color": 0,
			"children": [35, 36, 37, 38]
		},
		{
			"name": "base",
			"origin": [6.75, 1.7126, 0.0009],
			"color": 0,
			"children": [39, 40, 41, 42, 43]
		},
		{
			"name": "text_st",
			"origin": [16.4, 12, 15],
			"color": 0,
			"children": [
				{
					"name": "character_s",
					"origin": [16.4, 12, 15],
					"color": 0,
					"children": []
				},
				{
					"name": "character_t",
					"origin": [16.4, 12, 15],
					"color": 0,
					"children": []
				},
				{
					"name": "text_1",
					"origin": [13.25, 11, 15],
					"color": 0,
					"children": [
						{
							"name": "character_1",
							"origin": [13.25, 11, 15],
							"color": 0,
							"children": []
						},
						{
							"name": "text_ONE",
							"origin": [20.55, 12, 15],
							"color": 0,
							"children": [
								{
									"name": "character_o",
									"origin": [20.55, 12, 15],
									"color": 0,
									"children": [44, 45, 46, 47]
								},
								{
									"name": "character_n",
									"origin": [20.55, 12, 15],
									"color": 0,
									"children": [48, 49, 50, 51]
								},
								{
									"name": "character_e",
									"origin": [20.55, 12, 15],
									"color": 0,
									"children": [52, 53, 54, 55]
								},
								{
									"name": "text_SEASON",
									"origin": [28.75, 12, 15],
									"color": 0,
									"children": [
										{
											"name": "character_s",
											"origin": [28.75, 12, 15],
											"color": 0,
											"children": [56, 57, 58, 59, 60]
										},
										{
											"name": "character_e",
											"origin": [28.75, 12, 15],
											"color": 0,
											"children": [61, 62, 63, 64]
										},
										{
											"name": "character_a",
											"origin": [28.75, 12, 15],
											"color": 0,
											"children": [65, 66, 67, 68]
										},
										{
											"name": "character_s",
											"origin": [28.75, 12, 15],
											"color": 0,
											"children": [69, 70, 71, 72, 73]
										},
										{
											"name": "character_o",
											"origin": [28.75, 12, 15],
											"color": 0,
											"children": [74, 75, 76, 77]
										},
										{
											"name": "character_n",
											"origin": [28.75, 12, 15],
											"color": 0,
											"children": [78, 79, 80, 81]
										}
									]
								}
							]
						}
					]
				}
			]
		},
		82,
		83,
		84,
		85,
		{
			"name": "text_1st",
			"origin": [17.8, 12, 15],
			"color": 0,
			"children": [
				{
					"name": "character_1",
					"origin": [17.8, 12, 15],
					"color": 0,
					"children": [86, 87]
				},
				{
					"name": "character_s",
					"origin": [17.8, 12, 15],
					"color": 0,
					"children": [88, 89, 90, 91, 92]
				},
				{
					"name": "character_t",
					"origin": [17.8, 12, 15],
					"color": 0,
					"children": [93, 94]
				}
			]
		}
	]
}