{"textures":{"0":"item/mobs/zahar/zahar"},"elements":[{"from":[6.8326325,5.7836113,7.428571],"to":[7.9754896,8.069325,8.571428],"rotation":{"angle":0.0,"axis":"y","origin":[5.689775,4.0693254,7.428571]},"faces":{"east":{"uv":[9.5125,3.2625,9.7375,3.7375],"rotation":0,"texture":"#0","tintindex":0},"south":{"uv":[7.0125,9.8875,7.2375,10.3625],"rotation":0,"texture":"#0","tintindex":0},"north":{"uv":[8.5125,2.8875,8.7375,3.3625],"rotation":0,"texture":"#0","tintindex":0},"west":{"uv":[1.2625,10.5125,1.4875,10.9875],"rotation":0,"texture":"#0","tintindex":0},"up":{"uv":[12.9875,8.6125,12.7625,8.3875],"rotation":0,"texture":"#0","tintindex":0},"down":{"uv":[9.9875,12.7625,9.7625,12.9875],"rotation":0,"texture":"#0","tintindex":0}}},{"from":[5.8571424,5.714286,7.714286],"to":[6.428571,6.285714,8.285714],"rotation":{"angle":-45.0,"axis":"z","origin":[6.428571,4.5714283,8.285714]},"faces":{"east":{"uv":[3.2625,6.5125,3.3625,6.6125],"rotation":0,"texture":"#0","tintindex":0},"south":{"uv":[3.3875,6.5125,3.4875,6.6125],"rotation":0,"texture":"#0","tintindex":0},"north":{"uv":[5.8875,1.2625,5.9875,1.3625],"rotation":0,"texture":"#0","tintindex":0},"west":{"uv":[6.2625,6.5125,6.3625,6.6125],"rotation":0,"texture":"#0","tintindex":0},"up":{"uv":[7.4875,1.2375,7.3875,1.1375],"rotation":0,"texture":"#0","tintindex":0},"down":{"uv":[7.6125,1.1375,7.5125,1.2375],"rotation":0,"texture":"#0","tintindex":0}}},{"from":[5.8571424,3.4285712,7.428571],"to":[7.0,5.714286,8.571428],"rotation":{"angle":-45.0,"axis":"z","origin":[6.428571,4.5714283,8.0]},"faces":{"east":{"uv":[4.1375,11.2625,4.3625,11.7375],"rotation":0,"texture":"#0","tintindex":0},"south":{"uv":[9.8875,11.5125,10.1125,11.9875],"rotation":0,"texture":"#0","tintindex":0},"north":{"uv":[11.0125,0.0125,11.2375,0.4875],"rotation":0,"texture":"#0","tintindex":0},"west":{"uv":[3.3875,12.2625,3.6125,12.7375],"rotation":0,"texture":"#0","tintindex":0},"up":{"uv":[12.9875,9.9875,12.7625,9.7625],"rotation":0,"texture":"#0","tintindex":0},"down":{"uv":[10.2375,12.7625,10.0125,12.9875],"rotation":0,"texture":"#0","tintindex":0}}}],"display":{"head":{"translation":[0.0,-6.4,0.0],"scale":[4.0,4.0,4.0]}}}{"textures":{"0":"item/mobs/zahar/zahar"},"elements":[{"from":[6.8326325,5.7836113,7.428571],"to":[7.9754896,8.069325,8.571428],"rotation":{"angle":0.0,"axis":"y","origin":[5.689775,4.0693254,7.428571]},"faces":{"east":{"uv":[9.5125,3.2625,9.7375,3.7375],"rotation":0,"texture":"#0","tintindex":0},"south":{"uv":[7.0125,9.8875,7.2375,10.3625],"rotation":0,"texture":"#0","tintindex":0},"north":{"uv":[8.5125,2.8875,8.7375,3.3625],"rotation":0,"texture":"#0","tintindex":0},"west":{"uv":[1.2625,10.5125,1.4875,10.9875],"rotation":0,"texture":"#0","tintindex":0},"up":{"uv":[12.9875,8.6125,12.7625,8.3875],"rotation":0,"texture":"#0","tintindex":0},"down":{"uv":[9.9875,12.7625,9.7625,12.9875],"rotation":0,"texture":"#0","tintindex":0}}},{"from":[5.8571424,5.714286,7.714286],"to":[6.428571,6.285714,8.285714],"rotation":{"angle":-45.0,"axis":"z","origin":[6.428571,4.5714283,8.285714]},"faces":{"east":{"uv":[3.2625,6.5125,3.3625,6.6125],"rotation":0,"texture":"#0","tintindex":0},"south":{"uv":[3.3875,6.5125,3.4875,6.6125],"rotation":0,"texture":"#0","tintindex":0},"north":{"uv":[5.8875,1.2625,5.9875,1.3625],"rotation":0,"texture":"#0","tintindex":0},"west":{"uv":[6.2625,6.5125,6.3625,6.6125],"rotation":0,"texture":"#0","tintindex":0},"up":{"uv":[7.4875,1.2375,7.3875,1.1375],"rotation":0,"texture":"#0","tintindex":0},"down":{"uv":[7.6125,1.1375,7.5125,1.2375],"rotation":0,"texture":"#0","tintindex":0}}},{"from":[5.8571424,3.4285712,7.428571],"to":[7.0,5.714286,8.571428],"rotation":{"angle":-45.0,"axis":"z","origin":[6.428571,4.5714283,8.0]},"faces":{"east":{"uv":[4.1375,11.2625,4.3625,11.7375],"rotation":0,"texture":"#0","tintindex":0},"south":{"uv":[9.8875,11.5125,10.1125,11.9875],"rotation":0,"texture":"#0","tintindex":0},"north":{"uv":[11.0125,0.0125,11.2375,0.4875],"rotation":0,"texture":"#0","tintindex":0},"west":{"uv":[3.3875,12.2625,3.6125,12.7375],"rotation":0,"texture":"#0","tintindex":0},"up":{"uv":[12.9875,9.9875,12.7625,9.7625],"rotation":0,"texture":"#0","tintindex":0},"down":{"uv":[10.2375,12.7625,10.0125,12.9875],"rotation":0,"texture":"#0","tintindex":0}}}],"display":{"head":{"translation":[0.0,-6.4,0.0],"scale":[4.0,4.0,4.0]}}}{"textures":{"0":"item/mobs/zahar/zahar"},"elements":[{"from":[6.8326325,5.7836113,7.428571],"to":[7.9754896,8.069325,8.571428],"rotation":{"angle":0.0,"axis":"y","origin":[5.689775,4.0693254,7.428571]},"faces":{"east":{"uv":[9.5125,3.2625,9.7375,3.7375],"rotation":0,"texture":"#0","tintindex":0},"south":{"uv":[7.0125,9.8875,7.2375,10.3625],"rotation":0,"texture":"#0","tintindex":0},"north":{"uv":[8.5125,2.8875,8.7375,3.3625],"rotation":0,"texture":"#0","tintindex":0},"west":{"uv":[1.2625,10.5125,1.4875,10.9875],"rotation":0,"texture":"#0","tintindex":0},"up":{"uv":[12.9875,8.6125,12.7625,8.3875],"rotation":0,"texture":"#0","tintindex":0},"down":{"uv":[9.9875,12.7625,9.7625,12.9875],"rotation":0,"texture":"#0","tintindex":0}}},{"from":[5.8571424,5.714286,7.714286],"to":[6.428571,6.285714,8.285714],"rotation":{"angle":-45.0,"axis":"z","origin":[6.428571,4.5714283,8.285714]},"faces":{"east":{"uv":[3.2625,6.5125,3.3625,6.6125],"rotation":0,"texture":"#0","tintindex":0},"south":{"uv":[3.3875,6.5125,3.4875,6.6125],"rotation":0,"texture":"#0","tintindex":0},"north":{"uv":[5.8875,1.2625,5.9875,1.3625],"rotation":0,"texture":"#0","tintindex":0},"west":{"uv":[6.2625,6.5125,6.3625,6.6125],"rotation":0,"texture":"#0","tintindex":0},"up":{"uv":[7.4875,1.2375,7.3875,1.1375],"rotation":0,"texture":"#0","tintindex":0},"down":{"uv":[7.6125,1.1375,7.5125,1.2375],"rotation":0,"texture":"#0","tintindex":0}}},{"from":[5.8571424,3.4285712,7.428571],"to":[7.0,5.714286,8.571428],"rotation":{"angle":-45.0,"axis":"z","origin":[6.428571,4.5714283,8.0]},"faces":{"east":{"uv":[4.1375,11.2625,4.3625,11.7375],"rotation":0,"texture":"#0","tintindex":0},"south":{"uv":[9.8875,11.5125,10.1125,11.9875],"rotation":0,"texture":"#0","tintindex":0},"north":{"uv":[11.0125,0.0125,11.2375,0.4875],"rotation":0,"texture":"#0","tintindex":0},"west":{"uv":[3.3875,12.2625,3.6125,12.7375],"rotation":0,"texture":"#0","tintindex":0},"up":{"uv":[12.9875,9.9875,12.7625,9.7625],"rotation":0,"texture":"#0","tintindex":0},"down":{"uv":[10.2375,12.7625,10.0125,12.9875],"rotation":0,"texture":"#0","tintindex":0}}}],"display":{"head":{"translation":[0.0,-6.4,0.0],"scale":[4.0,4.0,4.0]}}}{"textures":{"0":"item/mobs/zahar/zahar"},"elements":[{"from":[6.8326325,5.7836113,7.428571],"to":[7.9754896,8.069325,8.571428],"rotation":{"angle":0.0,"axis":"y","origin":[5.689775,4.0693254,7.428571]},"faces":{"east":{"uv":[9.5125,3.2625,9.7375,3.7375],"rotation":0,"texture":"#0","tintindex":0},"south":{"uv":[7.0125,9.8875,7.2375,10.3625],"rotation":0,"texture":"#0","tintindex":0},"north":{"uv":[8.5125,2.8875,8.7375,3.3625],"rotation":0,"texture":"#0","tintindex":0},"west":{"uv":[1.2625,10.5125,1.4875,10.9875],"rotation":0,"texture":"#0","tintindex":0},"up":{"uv":[12.9875,8.6125,12.7625,8.3875],"rotation":0,"texture":"#0","tintindex":0},"down":{"uv":[9.9875,12.7625,9.7625,12.9875],"rotation":0,"texture":"#0","tintindex":0}}},{"from":[5.8571424,5.714286,7.714286],"to":[6.428571,6.285714,8.285714],"rotation":{"angle":-45.0,"axis":"z","origin":[6.428571,4.5714283,8.285714]},"faces":{"east":{"uv":[3.2625,6.5125,3.3625,6.6125],"rotation":0,"texture":"#0","tintindex":0},"south":{"uv":[3.3875,6.5125,3.4875,6.6125],"rotation":0,"texture":"#0","tintindex":0},"north":{"uv":[5.8875,1.2625,5.9875,1.3625],"rotation":0,"texture":"#0","tintindex":0},"west":{"uv":[6.2625,6.5125,6.3625,6.6125],"rotation":0,"texture":"#0","tintindex":0},"up":{"uv":[7.4875,1.2375,7.3875,1.1375],"rotation":0,"texture":"#0","tintindex":0},"down":{"uv":[7.6125,1.1375,7.5125,1.2375],"rotation":0,"texture":"#0","tintindex":0}}},{"from":[5.8571424,3.4285712,7.428571],"to":[7.0,5.714286,8.571428],"rotation":{"angle":-45.0,"axis":"z","origin":[6.428571,4.5714283,8.0]},"faces":{"east":{"uv":[4.1375,11.2625,4.3625,11.7375],"rotation":0,"texture":"#0","tintindex":0},"south":{"uv":[9.8875,11.5125,10.1125,11.9875],"rotation":0,"texture":"#0","tintindex":0},"north":{"uv":[11.0125,0.0125,11.2375,0.4875],"rotation":0,"texture":"#0","tintindex":0},"west":{"uv":[3.3875,12.2625,3.6125,12.7375],"rotation":0,"texture":"#0","tintindex":0},"up":{"uv":[12.9875,9.9875,12.7625,9.7625],"rotation":0,"texture":"#0","tintindex":0},"down":{"uv":[10.2375,12.7625,10.0125,12.9875],"rotation":0,"texture":"#0","tintindex":0}}}],"display":{"head":{"translation":[0.0,-6.4,0.0],"scale":[4.0,4.0,4.0]}}}{"textures":{"0":"item/mobs/zahar/zahar"},"elements":[{"from":[6.8326325,5.7836113,7.428571],"to":[7.9754896,8.069325,8.571428],"rotation":{"angle":0.0,"axis":"y","origin":[5.689775,4.0693254,7.428571]},"faces":{"east":{"uv":[9.5125,3.2625,9.7375,3.7375],"rotation":0,"texture":"#0","tintindex":0},"south":{"uv":[7.0125,9.8875,7.2375,10.3625],"rotation":0,"texture":"#0","tintindex":0},"north":{"uv":[8.5125,2.8875,8.7375,3.3625],"rotation":0,"texture":"#0","tintindex":0},"west":{"uv":[1.2625,10.5125,1.4875,10.9875],"rotation":0,"texture":"#0","tintindex":0},"up":{"uv":[12.9875,8.6125,12.7625,8.3875],"rotation":0,"texture":"#0","tintindex":0},"down":{"uv":[9.9875,12.7625,9.7625,12.9875],"rotation":0,"texture":"#0","tintindex":0}}},{"from":[5.8571424,5.714286,7.714286],"to":[6.428571,6.285714,8.285714],"rotation":{"angle":-45.0,"axis":"z","origin":[6.428571,4.5714283,8.285714]},"faces":{"east":{"uv":[3.2625,6.5125,3.3625,6.6125],"rotation":0,"texture":"#0","tintindex":0},"south":{"uv":[3.3875,6.5125,3.4875,6.6125],"rotation":0,"texture":"#0","tintindex":0},"north":{"uv":[5.8875,1.2625,5.9875,1.3625],"rotation":0,"texture":"#0","tintindex":0},"west":{"uv":[6.2625,6.5125,6.3625,6.6125],"rotation":0,"texture":"#0","tintindex":0},"up":{"uv":[7.4875,1.2375,7.3875,1.1375],"rotation":0,"texture":"#0","tintindex":0},"down":{"uv":[7.6125,1.1375,7.5125,1.2375],"rotation":0,"texture":"#0","tintindex":0}}},{"from":[5.8571424,3.4285712,7.428571],"to":[7.0,5.714286,8.571428],"rotation":{"angle":-45.0,"axis":"z","origin":[6.428571,4.5714283,8.0]},"faces":{"east":{"uv":[4.1375,11.2625,4.3625,11.7375],"rotation":0,"texture":"#0","tintindex":0},"south":{"uv":[9.8875,11.5125,10.1125,11.9875],"rotation":0,"texture":"#0","tintindex":0},"north":{"uv":[11.0125,0.0125,11.2375,0.4875],"rotation":0,"texture":"#0","tintindex":0},"west":{"uv":[3.3875,12.2625,3.6125,12.7375],"rotation":0,"texture":"#0","tintindex":0},"up":{"uv":[12.9875,9.9875,12.7625,9.7625],"rotation":0,"texture":"#0","tintindex":0},"down":{"uv":[10.2375,12.7625,10.0125,12.9875],"rotation":0,"texture":"#0","tintindex":0}}}],"display":{"head":{"translation":[0.0,-6.4,0.0],"scale":[4.0,4.0,4.0]}}}{"textures":{"0":"item/mobs/zahar/zahar"},"elements":[{"from":[6.8326325,5.7836113,7.428571],"to":[7.9754896,8.069325,8.571428],"rotation":{"angle":0.0,"axis":"y","origin":[5.689775,4.0693254,7.428571]},"faces":{"east":{"uv":[9.5125,3.2625,9.7375,3.7375],"rotation":0,"texture":"#0","tintindex":0},"south":{"uv":[7.0125,9.8875,7.2375,10.3625],"rotation":0,"texture":"#0","tintindex":0},"north":{"uv":[8.5125,2.8875,8.7375,3.3625],"rotation":0,"texture":"#0","tintindex":0},"west":{"uv":[1.2625,10.5125,1.4875,10.9875],"rotation":0,"texture":"#0","tintindex":0},"up":{"uv":[12.9875,8.6125,12.7625,8.3875],"rotation":0,"texture":"#0","tintindex":0},"down":{"uv":[9.9875,12.7625,9.7625,12.9875],"rotation":0,"texture":"#0","tintindex":0}}},{"from":[5.8571424,5.714286,7.714286],"to":[6.428571,6.285714,8.285714],"rotation":{"angle":-45.0,"axis":"z","origin":[6.428571,4.5714283,8.285714]},"faces":{"east":{"uv":[3.2625,6.5125,3.3625,6.6125],"rotation":0,"texture":"#0","tintindex":0},"south":{"uv":[3.3875,6.5125,3.4875,6.6125],"rotation":0,"texture":"#0","tintindex":0},"north":{"uv":[5.8875,1.2625,5.9875,1.3625],"rotation":0,"texture":"#0","tintindex":0},"west":{"uv":[6.2625,6.5125,6.3625,6.6125],"rotation":0,"texture":"#0","tintindex":0},"up":{"uv":[7.4875,1.2375,7.3875,1.1375],"rotation":0,"texture":"#0","tintindex":0},"down":{"uv":[7.6125,1.1375,7.5125,1.2375],"rotation":0,"texture":"#0","tintindex":0}}},{"from":[5.8571424,3.4285712,7.428571],"to":[7.0,5.714286,8.571428],"rotation":{"angle":-45.0,"axis":"z","origin":[6.428571,4.5714283,8.0]},"faces":{"east":{"uv":[4.1375,11.2625,4.3625,11.7375],"rotation":0,"texture":"#0","tintindex":0},"south":{"uv":[9.8875,11.5125,10.1125,11.9875],"rotation":0,"texture":"#0","tintindex":0},"north":{"uv":[11.0125,0.0125,11.2375,0.4875],"rotation":0,"texture":"#0","tintindex":0},"west":{"uv":[3.3875,12.2625,3.6125,12.7375],"rotation":0,"texture":"#0","tintindex":0},"up":{"uv":[12.9875,9.9875,12.7625,9.7625],"rotation":0,"texture":"#0","tintindex":0},"down":{"uv":[10.2375,12.7625,10.0125,12.9875],"rotation":0,"texture":"#0","tintindex":0}}}],"display":{"head":{"translation":[0.0,-6.4,0.0],"scale":[4.0,4.0,4.0]}}}{"textures":{"0":"item/mobs/zahar/zahar"},"elements":[{"from":[6.8326325,5.7836113,7.428571],"to":[7.9754896,8.069325,8.571428],"rotation":{"angle":0.0,"axis":"y","origin":[5.689775,4.0693254,7.428571]},"faces":{"east":{"uv":[9.5125,3.2625,9.7375,3.7375],"rotation":0,"texture":"#0","tintindex":0},"south":{"uv":[7.0125,9.8875,7.2375,10.3625],"rotation":0,"texture":"#0","tintindex":0},"north":{"uv":[8.5125,2.8875,8.7375,3.3625],"rotation":0,"texture":"#0","tintindex":0},"west":{"uv":[1.2625,10.5125,1.4875,10.9875],"rotation":0,"texture":"#0","tintindex":0},"up":{"uv":[12.9875,8.6125,12.7625,8.3875],"rotation":0,"texture":"#0","tintindex":0},"down":{"uv":[9.9875,12.7625,9.7625,12.9875],"rotation":0,"texture":"#0","tintindex":0}}},{"from":[5.8571424,5.714286,7.714286],"to":[6.428571,6.285714,8.285714],"rotation":{"angle":-45.0,"axis":"z","origin":[6.428571,4.5714283,8.285714]},"faces":{"east":{"uv":[3.2625,6.5125,3.3625,6.6125],"rotation":0,"texture":"#0","tintindex":0},"south":{"uv":[3.3875,6.5125,3.4875,6.6125],"rotation":0,"texture":"#0","tintindex":0},"north":{"uv":[5.8875,1.2625,5.9875,1.3625],"rotation":0,"texture":"#0","tintindex":0},"west":{"uv":[6.2625,6.5125,6.3625,6.6125],"rotation":0,"texture":"#0","tintindex":0},"up":{"uv":[7.4875,1.2375,7.3875,1.1375],"rotation":0,"texture":"#0","tintindex":0},"down":{"uv":[7.6125,1.1375,7.5125,1.2375],"rotation":0,"texture":"#0","tintindex":0}}},{"from":[5.8571424,3.4285712,7.428571],"to":[7.0,5.714286,8.571428],"rotation":{"angle":-45.0,"axis":"z","origin":[6.428571,4.5714283,8.0]},"faces":{"east":{"uv":[4.1375,11.2625,4.3625,11.7375],"rotation":0,"texture":"#0","tintindex":0},"south":{"uv":[9.8875,11.5125,10.1125,11.9875],"rotation":0,"texture":"#0","tintindex":0},"north":{"uv":[11.0125,0.0125,11.2375,0.4875],"rotation":0,"texture":"#0","tintindex":0},"west":{"uv":[3.3875,12.2625,3.6125,12.7375],"rotation":0,"texture":"#0","tintindex":0},"up":{"uv":[12.9875,9.9875,12.7625,9.7625],"rotation":0,"texture":"#0","tintindex":0},"down":{"uv":[10.2375,12.7625,10.0125,12.9875],"rotation":0,"texture":"#0","tintindex":0}}}],"display":{"head":{"translation":[0.0,-6.4,0.0],"scale":[4.0,4.0,4.0]}}}{"textures":{"0":"item/mobs/zahar/zahar"},"elements":[{"from":[6.8326325,5.7836113,7.428571],"to":[7.9754896,8.069325,8.571428],"rotation":{"angle":0.0,"axis":"y","origin":[5.689775,4.0693254,7.428571]},"faces":{"east":{"uv":[9.5125,3.2625,9.7375,3.7375],"rotation":0,"texture":"#0","tintindex":0},"south":{"uv":[7.0125,9.8875,7.2375,10.3625],"rotation":0,"texture":"#0","tintindex":0},"north":{"uv":[8.5125,2.8875,8.7375,3.3625],"rotation":0,"texture":"#0","tintindex":0},"west":{"uv":[1.2625,10.5125,1.4875,10.9875],"rotation":0,"texture":"#0","tintindex":0},"up":{"uv":[12.9875,8.6125,12.7625,8.3875],"rotation":0,"texture":"#0","tintindex":0},"down":{"uv":[9.9875,12.7625,9.7625,12.9875],"rotation":0,"texture":"#0","tintindex":0}}},{"from":[5.8571424,5.714286,7.714286],"to":[6.428571,6.285714,8.285714],"rotation":{"angle":-45.0,"axis":"z","origin":[6.428571,4.5714283,8.285714]},"faces":{"east":{"uv":[3.2625,6.5125,3.3625,6.6125],"rotation":0,"texture":"#0","tintindex":0},"south":{"uv":[3.3875,6.5125,3.4875,6.6125],"rotation":0,"texture":"#0","tintindex":0},"north":{"uv":[5.8875,1.2625,5.9875,1.3625],"rotation":0,"texture":"#0","tintindex":0},"west":{"uv":[6.2625,6.5125,6.3625,6.6125],"rotation":0,"texture":"#0","tintindex":0},"up":{"uv":[7.4875,1.2375,7.3875,1.1375],"rotation":0,"texture":"#0","tintindex":0},"down":{"uv":[7.6125,1.1375,7.5125,1.2375],"rotation":0,"texture":"#0","tintindex":0}}},{"from":[5.8571424,3.4285712,7.428571],"to":[7.0,5.714286,8.571428],"rotation":{"angle":-45.0,"axis":"z","origin":[6.428571,4.5714283,8.0]},"faces":{"east":{"uv":[4.1375,11.2625,4.3625,11.7375],"rotation":0,"texture":"#0","tintindex":0},"south":{"uv":[9.8875,11.5125,10.1125,11.9875],"rotation":0,"texture":"#0","tintindex":0},"north":{"uv":[11.0125,0.0125,11.2375,0.4875],"rotation":0,"texture":"#0","tintindex":0},"west":{"uv":[3.3875,12.2625,3.6125,12.7375],"rotation":0,"texture":"#0","tintindex":0},"up":{"uv":[12.9875,9.9875,12.7625,9.7625],"rotation":0,"texture":"#0","tintindex":0},"down":{"uv":[10.2375,12.7625,10.0125,12.9875],"rotation":0,"texture":"#0","tintindex":0}}}],"display":{"head":{"translation":[0.0,-6.4,0.0],"scale":[4.0,4.0,4.0]}}}