{"textures":{"0":"item/mobs/zahar/zahar"},"elements":[{"from":[6.5714283,3.6004033,8.597876],"to":[9.428572,8.171832,12.026447],"rotation":{"angle":0.0,"axis":"y","origin":[7.714286,7.314689,9.740733]},"faces":{"east":{"uv":[9.4875,2.8875,8.7625,3.8625],"rotation":0,"texture":"#0","tintindex":0},"south":{"uv":[4.9875,9.8875,4.3875,10.8625],"rotation":0,"texture":"#0","tintindex":0},"north":{"uv":[4.8625,6.6375,4.2625,7.6125],"rotation":0,"texture":"#0","tintindex":0},"west":{"uv":[3.6125,8.7625,2.8875,9.7375],"rotation":0,"texture":"#0","tintindex":0},"up":{"uv":[11.0125,7.3625,11.6125,6.6375],"rotation":0,"texture":"#0","tintindex":0},"down":{"uv":[11.0125,9.6375,11.6125,10.3625],"rotation":0,"texture":"#0","tintindex":0}}},{"from":[6.857143,-0.39959717,8.597876],"to":[9.142858,3.6004033,11.455019],"rotation":{"angle":0.0,"axis":"y","origin":[7.428571,3.8861175,9.740733]},"faces":{"east":{"uv":[11.1125,4.8875,10.5125,5.7375],"rotation":0,"texture":"#0","tintindex":0},"south":{"uv":[2.3625,11.2625,1.8875,12.1125],"rotation":0,"texture":"#0","tintindex":0},"north":{"uv":[11.7375,0.7625,11.2625,1.6125],"rotation":0,"texture":"#0","tintindex":0},"west":{"uv":[11.1125,4.0125,10.5125,4.8625],"rotation":0,"texture":"#0","tintindex":0},"up":{"uv":[6.2625,12.3625,6.7375,11.7625],"rotation":0,"texture":"#0","tintindex":0},"down":{"uv":[11.7625,7.2625,12.2375,7.8625],"rotation":0,"texture":"#0","tintindex":0}}}],"display":{"head":{"translation":[0.0,-6.4,0.0],"scale":[4.0,4.0,4.0]}}}{"textures":{"0":"item/mobs/zahar/zahar"},"elements":[{"from":[6.5714283,3.6004033,8.597876],"to":[9.428572,8.171832,12.026447],"rotation":{"angle":0.0,"axis":"y","origin":[7.714286,7.314689,9.740733]},"faces":{"east":{"uv":[9.4875,2.8875,8.7625,3.8625],"rotation":0,"texture":"#0","tintindex":0},"south":{"uv":[4.9875,9.8875,4.3875,10.8625],"rotation":0,"texture":"#0","tintindex":0},"north":{"uv":[4.8625,6.6375,4.2625,7.6125],"rotation":0,"texture":"#0","tintindex":0},"west":{"uv":[3.6125,8.7625,2.8875,9.7375],"rotation":0,"texture":"#0","tintindex":0},"up":{"uv":[11.0125,7.3625,11.6125,6.6375],"rotation":0,"texture":"#0","tintindex":0},"down":{"uv":[11.0125,9.6375,11.6125,10.3625],"rotation":0,"texture":"#0","tintindex":0}}},{"from":[6.857143,-0.39959717,8.597876],"to":[9.142858,3.6004033,11.455019],"rotation":{"angle":0.0,"axis":"y","origin":[7.428571,3.8861175,9.740733]},"faces":{"east":{"uv":[11.1125,4.8875,10.5125,5.7375],"rotation":0,"texture":"#0","tintindex":0},"south":{"uv":[2.3625,11.2625,1.8875,12.1125],"rotation":0,"texture":"#0","tintindex":0},"north":{"uv":[11.7375,0.7625,11.2625,1.6125],"rotation":0,"texture":"#0","tintindex":0},"west":{"uv":[11.1125,4.0125,10.5125,4.8625],"rotation":0,"texture":"#0","tintindex":0},"up":{"uv":[6.2625,12.3625,6.7375,11.7625],"rotation":0,"texture":"#0","tintindex":0},"down":{"uv":[11.7625,7.2625,12.2375,7.8625],"rotation":0,"texture":"#0","tintindex":0}}}],"display":{"head":{"translation":[0.0,-6.4,0.0],"scale":[4.0,4.0,4.0]}}}{"textures":{"0":"item/mobs/zahar/zahar"},"elements":[{"from":[6.5714283,3.6004033,8.597876],"to":[9.428572,8.171832,12.026447],"rotation":{"angle":0.0,"axis":"y","origin":[7.714286,7.314689,9.740733]},"faces":{"east":{"uv":[9.4875,2.8875,8.7625,3.8625],"rotation":0,"texture":"#0","tintindex":0},"south":{"uv":[4.9875,9.8875,4.3875,10.8625],"rotation":0,"texture":"#0","tintindex":0},"north":{"uv":[4.8625,6.6375,4.2625,7.6125],"rotation":0,"texture":"#0","tintindex":0},"west":{"uv":[3.6125,8.7625,2.8875,9.7375],"rotation":0,"texture":"#0","tintindex":0},"up":{"uv":[11.0125,7.3625,11.6125,6.6375],"rotation":0,"texture":"#0","tintindex":0},"down":{"uv":[11.0125,9.6375,11.6125,10.3625],"rotation":0,"texture":"#0","tintindex":0}}},{"from":[6.857143,-0.39959717,8.597876],"to":[9.142858,3.6004033,11.455019],"rotation":{"angle":0.0,"axis":"y","origin":[7.428571,3.8861175,9.740733]},"faces":{"east":{"uv":[11.1125,4.8875,10.5125,5.7375],"rotation":0,"texture":"#0","tintindex":0},"south":{"uv":[2.3625,11.2625,1.8875,12.1125],"rotation":0,"texture":"#0","tintindex":0},"north":{"uv":[11.7375,0.7625,11.2625,1.6125],"rotation":0,"texture":"#0","tintindex":0},"west":{"uv":[11.1125,4.0125,10.5125,4.8625],"rotation":0,"texture":"#0","tintindex":0},"up":{"uv":[6.2625,12.3625,6.7375,11.7625],"rotation":0,"texture":"#0","tintindex":0},"down":{"uv":[11.7625,7.2625,12.2375,7.8625],"rotation":0,"texture":"#0","tintindex":0}}}],"display":{"head":{"translation":[0.0,-6.4,0.0],"scale":[4.0,4.0,4.0]}}}{"textures":{"0":"item/mobs/zahar/zahar"},"elements":[{"from":[6.5714283,3.6004033,8.597876],"to":[9.428572,8.171832,12.026447],"rotation":{"angle":0.0,"axis":"y","origin":[7.714286,7.314689,9.740733]},"faces":{"east":{"uv":[9.4875,2.8875,8.7625,3.8625],"rotation":0,"texture":"#0","tintindex":0},"south":{"uv":[4.9875,9.8875,4.3875,10.8625],"rotation":0,"texture":"#0","tintindex":0},"north":{"uv":[4.8625,6.6375,4.2625,7.6125],"rotation":0,"texture":"#0","tintindex":0},"west":{"uv":[3.6125,8.7625,2.8875,9.7375],"rotation":0,"texture":"#0","tintindex":0},"up":{"uv":[11.0125,7.3625,11.6125,6.6375],"rotation":0,"texture":"#0","tintindex":0},"down":{"uv":[11.0125,9.6375,11.6125,10.3625],"rotation":0,"texture":"#0","tintindex":0}}},{"from":[6.857143,-0.39959717,8.597876],"to":[9.142858,3.6004033,11.455019],"rotation":{"angle":0.0,"axis":"y","origin":[7.428571,3.8861175,9.740733]},"faces":{"east":{"uv":[11.1125,4.8875,10.5125,5.7375],"rotation":0,"texture":"#0","tintindex":0},"south":{"uv":[2.3625,11.2625,1.8875,12.1125],"rotation":0,"texture":"#0","tintindex":0},"north":{"uv":[11.7375,0.7625,11.2625,1.6125],"rotation":0,"texture":"#0","tintindex":0},"west":{"uv":[11.1125,4.0125,10.5125,4.8625],"rotation":0,"texture":"#0","tintindex":0},"up":{"uv":[6.2625,12.3625,6.7375,11.7625],"rotation":0,"texture":"#0","tintindex":0},"down":{"uv":[11.7625,7.2625,12.2375,7.8625],"rotation":0,"texture":"#0","tintindex":0}}}],"display":{"head":{"translation":[0.0,-6.4,0.0],"scale":[4.0,4.0,4.0]}}}{"textures":{"0":"item/mobs/zahar/zahar"},"elements":[{"from":[6.5714283,3.6004033,8.597876],"to":[9.428572,8.171832,12.026447],"rotation":{"angle":0.0,"axis":"y","origin":[7.714286,7.314689,9.740733]},"faces":{"east":{"uv":[9.4875,2.8875,8.7625,3.8625],"rotation":0,"texture":"#0","tintindex":0},"south":{"uv":[4.9875,9.8875,4.3875,10.8625],"rotation":0,"texture":"#0","tintindex":0},"north":{"uv":[4.8625,6.6375,4.2625,7.6125],"rotation":0,"texture":"#0","tintindex":0},"west":{"uv":[3.6125,8.7625,2.8875,9.7375],"rotation":0,"texture":"#0","tintindex":0},"up":{"uv":[11.0125,7.3625,11.6125,6.6375],"rotation":0,"texture":"#0","tintindex":0},"down":{"uv":[11.0125,9.6375,11.6125,10.3625],"rotation":0,"texture":"#0","tintindex":0}}},{"from":[6.857143,-0.39959717,8.597876],"to":[9.142858,3.6004033,11.455019],"rotation":{"angle":0.0,"axis":"y","origin":[7.428571,3.8861175,9.740733]},"faces":{"east":{"uv":[11.1125,4.8875,10.5125,5.7375],"rotation":0,"texture":"#0","tintindex":0},"south":{"uv":[2.3625,11.2625,1.8875,12.1125],"rotation":0,"texture":"#0","tintindex":0},"north":{"uv":[11.7375,0.7625,11.2625,1.6125],"rotation":0,"texture":"#0","tintindex":0},"west":{"uv":[11.1125,4.0125,10.5125,4.8625],"rotation":0,"texture":"#0","tintindex":0},"up":{"uv":[6.2625,12.3625,6.7375,11.7625],"rotation":0,"texture":"#0","tintindex":0},"down":{"uv":[11.7625,7.2625,12.2375,7.8625],"rotation":0,"texture":"#0","tintindex":0}}}],"display":{"head":{"translation":[0.0,-6.4,0.0],"scale":[4.0,4.0,4.0]}}}{"textures":{"0":"item/mobs/zahar/zahar"},"elements":[{"from":[6.5714283,3.6004033,8.597876],"to":[9.428572,8.171832,12.026447],"rotation":{"angle":0.0,"axis":"y","origin":[7.714286,7.314689,9.740733]},"faces":{"east":{"uv":[9.4875,2.8875,8.7625,3.8625],"rotation":0,"texture":"#0","tintindex":0},"south":{"uv":[4.9875,9.8875,4.3875,10.8625],"rotation":0,"texture":"#0","tintindex":0},"north":{"uv":[4.8625,6.6375,4.2625,7.6125],"rotation":0,"texture":"#0","tintindex":0},"west":{"uv":[3.6125,8.7625,2.8875,9.7375],"rotation":0,"texture":"#0","tintindex":0},"up":{"uv":[11.0125,7.3625,11.6125,6.6375],"rotation":0,"texture":"#0","tintindex":0},"down":{"uv":[11.0125,9.6375,11.6125,10.3625],"rotation":0,"texture":"#0","tintindex":0}}},{"from":[6.857143,-0.39959717,8.597876],"to":[9.142858,3.6004033,11.455019],"rotation":{"angle":0.0,"axis":"y","origin":[7.428571,3.8861175,9.740733]},"faces":{"east":{"uv":[11.1125,4.8875,10.5125,5.7375],"rotation":0,"texture":"#0","tintindex":0},"south":{"uv":[2.3625,11.2625,1.8875,12.1125],"rotation":0,"texture":"#0","tintindex":0},"north":{"uv":[11.7375,0.7625,11.2625,1.6125],"rotation":0,"texture":"#0","tintindex":0},"west":{"uv":[11.1125,4.0125,10.5125,4.8625],"rotation":0,"texture":"#0","tintindex":0},"up":{"uv":[6.2625,12.3625,6.7375,11.7625],"rotation":0,"texture":"#0","tintindex":0},"down":{"uv":[11.7625,7.2625,12.2375,7.8625],"rotation":0,"texture":"#0","tintindex":0}}}],"display":{"head":{"translation":[0.0,-6.4,0.0],"scale":[4.0,4.0,4.0]}}}{"textures":{"0":"item/mobs/zahar/zahar"},"elements":[{"from":[6.5714283,3.6004033,8.597876],"to":[9.428572,8.171832,12.026447],"rotation":{"angle":0.0,"axis":"y","origin":[7.714286,7.314689,9.740733]},"faces":{"east":{"uv":[9.4875,2.8875,8.7625,3.8625],"rotation":0,"texture":"#0","tintindex":0},"south":{"uv":[4.9875,9.8875,4.3875,10.8625],"rotation":0,"texture":"#0","tintindex":0},"north":{"uv":[4.8625,6.6375,4.2625,7.6125],"rotation":0,"texture":"#0","tintindex":0},"west":{"uv":[3.6125,8.7625,2.8875,9.7375],"rotation":0,"texture":"#0","tintindex":0},"up":{"uv":[11.0125,7.3625,11.6125,6.6375],"rotation":0,"texture":"#0","tintindex":0},"down":{"uv":[11.0125,9.6375,11.6125,10.3625],"rotation":0,"texture":"#0","tintindex":0}}},{"from":[6.857143,-0.39959717,8.597876],"to":[9.142858,3.6004033,11.455019],"rotation":{"angle":0.0,"axis":"y","origin":[7.428571,3.8861175,9.740733]},"faces":{"east":{"uv":[11.1125,4.8875,10.5125,5.7375],"rotation":0,"texture":"#0","tintindex":0},"south":{"uv":[2.3625,11.2625,1.8875,12.1125],"rotation":0,"texture":"#0","tintindex":0},"north":{"uv":[11.7375,0.7625,11.2625,1.6125],"rotation":0,"texture":"#0","tintindex":0},"west":{"uv":[11.1125,4.0125,10.5125,4.8625],"rotation":0,"texture":"#0","tintindex":0},"up":{"uv":[6.2625,12.3625,6.7375,11.7625],"rotation":0,"texture":"#0","tintindex":0},"down":{"uv":[11.7625,7.2625,12.2375,7.8625],"rotation":0,"texture":"#0","tintindex":0}}}],"display":{"head":{"translation":[0.0,-6.4,0.0],"scale":[4.0,4.0,4.0]}}}{"textures":{"0":"item/mobs/zahar/zahar"},"elements":[{"from":[6.5714283,3.6004033,8.597876],"to":[9.428572,8.171832,12.026447],"rotation":{"angle":0.0,"axis":"y","origin":[7.714286,7.314689,9.740733]},"faces":{"east":{"uv":[9.4875,2.8875,8.7625,3.8625],"rotation":0,"texture":"#0","tintindex":0},"south":{"uv":[4.9875,9.8875,4.3875,10.8625],"rotation":0,"texture":"#0","tintindex":0},"north":{"uv":[4.8625,6.6375,4.2625,7.6125],"rotation":0,"texture":"#0","tintindex":0},"west":{"uv":[3.6125,8.7625,2.8875,9.7375],"rotation":0,"texture":"#0","tintindex":0},"up":{"uv":[11.0125,7.3625,11.6125,6.6375],"rotation":0,"texture":"#0","tintindex":0},"down":{"uv":[11.0125,9.6375,11.6125,10.3625],"rotation":0,"texture":"#0","tintindex":0}}},{"from":[6.857143,-0.39959717,8.597876],"to":[9.142858,3.6004033,11.455019],"rotation":{"angle":0.0,"axis":"y","origin":[7.428571,3.8861175,9.740733]},"faces":{"east":{"uv":[11.1125,4.8875,10.5125,5.7375],"rotation":0,"texture":"#0","tintindex":0},"south":{"uv":[2.3625,11.2625,1.8875,12.1125],"rotation":0,"texture":"#0","tintindex":0},"north":{"uv":[11.7375,0.7625,11.2625,1.6125],"rotation":0,"texture":"#0","tintindex":0},"west":{"uv":[11.1125,4.0125,10.5125,4.8625],"rotation":0,"texture":"#0","tintindex":0},"up":{"uv":[6.2625,12.3625,6.7375,11.7625],"rotation":0,"texture":"#0","tintindex":0},"down":{"uv":[11.7625,7.2625,12.2375,7.8625],"rotation":0,"texture":"#0","tintindex":0}}}],"display":{"head":{"translation":[0.0,-6.4,0.0],"scale":[4.0,4.0,4.0]}}}