{"textures":{"0":"item/mobs/zahar/zahar"},"elements":[{"from":[5.142857,17.142857,3.142857],"to":[10.285714,19.428572,9.428572],"rotation":{"angle":-22.5,"axis":"x","origin":[8.0,18.285715,6.285714]},"faces":{"east":{"uv":[8.2625,9.2625,9.6125,9.7375],"rotation":0,"texture":"#0","tintindex":0},"south":{"uv":[10.2625,2.7625,11.3625,3.2375],"rotation":0,"texture":"#0","tintindex":0},"north":{"uv":[10.2625,2.2625,11.3625,2.7375],"rotation":0,"texture":"#0","tintindex":0},"west":{"uv":[9.2625,8.3875,10.6125,8.8625],"rotation":0,"texture":"#0","tintindex":0},"up":{"uv":[5.8625,1.3625,4.7625,0.0125],"rotation":0,"texture":"#0","tintindex":0},"down":{"uv":[2.1125,4.7625,1.0125,6.1125],"rotation":0,"texture":"#0","tintindex":0}}},{"from":[3.4285712,12.0,3.142857],"to":[12.571428,17.142857,9.428572],"rotation":{"angle":-22.5,"axis":"x","origin":[8.0,18.285715,6.285714]},"faces":{"east":{"uv":[2.1375,4.7625,3.4875,5.8625],"rotation":0,"texture":"#0","tintindex":0},"south":{"uv":[4.5125,2.7625,6.4875,3.8625],"rotation":0,"texture":"#0","tintindex":0},"north":{"uv":[4.0125,1.6375,5.9875,2.7375],"rotation":0,"texture":"#0","tintindex":0},"west":{"uv":[3.5125,5.5125,4.8625,6.6125],"rotation":0,"texture":"#0","tintindex":0},"up":{"uv":[1.9875,3.1125,0.0125,1.7625],"rotation":0,"texture":"#0","tintindex":0},"down":{"uv":[3.9875,1.7625,2.0125,3.1125],"rotation":0,"texture":"#0","tintindex":0}}},{"from":[12.571428,12.0,6.0],"to":[14.857143,17.142857,8.285714],"rotation":{"angle":-22.5,"axis":"x","origin":[8.0,18.285715,6.285714]},"faces":{"east":{"uv":[7.0125,10.3875,7.4875,11.4875],"rotation":0,"texture":"#0","tintindex":0},"south":{"uv":[7.5125,10.3875,7.9875,11.4875],"rotation":0,"texture":"#0","tintindex":0},"north":{"uv":[3.1375,9.7625,3.6125,10.8625],"rotation":0,"texture":"#0","tintindex":0},"west":{"uv":[0.0125,10.5125,0.4875,11.6125],"rotation":0,"texture":"#0","tintindex":0},"up":{"uv":[3.3625,12.7375,2.8875,12.2625],"rotation":0,"texture":"#0","tintindex":0},"down":{"uv":[12.7375,7.2625,12.2625,7.7375],"rotation":0,"texture":"#0","tintindex":0}}},{"from":[4.5714283,5.714286,5.428571],"to":[11.428572,13.142858,10.0],"rotation":{"angle":0.0,"axis":"y","origin":[8.0,18.285715,6.285714]},"faces":{"east":{"uv":[4.5125,3.8875,5.4875,5.4875],"rotation":0,"texture":"#0","tintindex":0},"south":{"uv":[1.5125,3.1375,2.9875,4.7375],"rotation":0,"texture":"#0","tintindex":0},"north":{"uv":[0.0125,3.1375,1.4875,4.7375],"rotation":0,"texture":"#0","tintindex":0},"west":{"uv":[0.0125,4.7625,0.9875,6.3625],"rotation":0,"texture":"#0","tintindex":0},"up":{"uv":[6.9875,4.8625,5.5125,3.8875],"rotation":0,"texture":"#0","tintindex":0},"down":{"uv":[6.3625,5.5125,4.8875,6.4875],"rotation":0,"texture":"#0","tintindex":0}}},{"from":[5.714286,4.989847,7.385498],"to":[10.285714,8.418419,10.81407],"rotation":{"angle":-45.0,"axis":"x","origin":[8.0,4.704133,9.671212]},"faces":{"east":{"uv":[2.2625,10.5125,2.9875,11.2375],"rotation":0,"texture":"#0","tintindex":0},"south":{"uv":[9.2625,6.1375,10.2375,6.8625],"rotation":0,"texture":"#0","tintindex":0},"north":{"uv":[4.6375,9.1375,5.6125,9.8625],"rotation":0,"texture":"#0","tintindex":0},"west":{"uv":[3.6375,10.5125,4.3625,11.2375],"rotation":0,"texture":"#0","tintindex":0},"up":{"uv":[10.2375,7.6125,9.2625,6.8875],"rotation":0,"texture":"#0","tintindex":0},"down":{"uv":[10.2375,7.6375,9.2625,8.3625],"rotation":0,"texture":"#0","tintindex":0}}},{"from":[12.857143,17.142857,10.0],"to":[15.714286,22.857143,12.857143],"rotation":{"angle":-45.0,"axis":"z","origin":[14.285715,21.714287,11.428572]},"faces":{"east":{"uv":[1.6375,8.2625,2.2375,9.4875],"rotation":0,"texture":"#0","tintindex":0},"south":{"uv":[2.2625,8.2625,2.8625,9.4875],"rotation":0,"texture":"#0","tintindex":0},"north":{"uv":[8.1375,5.3875,8.7375,6.6125],"rotation":0,"texture":"#0","tintindex":0},"west":{"uv":[5.7625,8.2625,6.3625,9.4875],"rotation":0,"texture":"#0","tintindex":0},"up":{"uv":[11.9875,2.8625,11.3875,2.2625],"rotation":0,"texture":"#0","tintindex":0},"down":{"uv":[10.7375,11.3875,10.1375,11.9875],"rotation":0,"texture":"#0","tintindex":0}}},{"from":[11.142858,12.0,9.428572],"to":[12.857143,15.428572,13.428572],"rotation":{"angle":-45.0,"axis":"z","origin":[14.285715,21.714287,11.428572]},"faces":{"east":{"uv":[6.3875,9.1375,7.2375,9.8625],"rotation":0,"texture":"#0","tintindex":0},"south":{"uv":[12.1375,4.3875,12.4875,5.1125],"rotation":0,"texture":"#0","tintindex":0},"north":{"uv":[3.6375,12.1375,3.9875,12.8625],"rotation":0,"texture":"#0","tintindex":0},"west":{"uv":[9.3875,1.6375,10.2375,2.3625],"rotation":0,"texture":"#0","tintindex":0},"up":{"uv":[4.2375,8.7375,3.8875,7.8875],"rotation":0,"texture":"#0","tintindex":0},"down":{"uv":[7.9875,11.5125,7.6375,12.3625],"rotation":0,"texture":"#0","tintindex":0}}},{"from":[8.857143,12.0,10.0],"to":[11.142858,14.285715,12.857143],"rotation":{"angle":-45.0,"axis":"z","origin":[14.285715,21.714287,11.428572]},"faces":{"east":{"uv":[11.7625,8.6375,12.3625,9.1125],"rotation":0,"texture":"#0","tintindex":0},"south":{"uv":[11.7625,12.1375,12.2375,12.6125],"rotation":0,"texture":"#0","tintindex":0},"north":{"uv":[12.1375,10.3875,12.6125,10.8625],"rotation":0,"texture":"#0","tintindex":0},"west":{"uv":[11.8875,0.0125,12.4875,0.4875],"rotation":0,"texture":"#0","tintindex":0},"up":{"uv":[0.8625,12.4875,0.3875,11.8875],"rotation":0,"texture":"#0","tintindex":0},"down":{"uv":[1.3625,11.8875,0.8875,12.4875],"rotation":0,"texture":"#0","tintindex":0}}},{"from":[11.142858,15.428572,12.285715],"to":[12.857143,17.142857,13.428572],"rotation":{"angle":-45.0,"axis":"z","origin":[14.285715,21.714287,11.428572]},"faces":{"east":{"uv":[12.6375,5.1375,12.8625,5.4875],"rotation":0,"texture":"#0","tintindex":0},"south":{"uv":[11.3875,12.3875,11.7375,12.7375],"rotation":0,"texture":"#0","tintindex":0},"north":{"uv":[11.0125,12.3875,11.3625,12.7375],"rotation":0,"texture":"#0","tintindex":0},"west":{"uv":[5.2625,12.6375,5.4875,12.9875],"rotation":0,"texture":"#0","tintindex":0},"up":{"uv":[12.7375,10.3625,12.3875,10.1375],"rotation":0,"texture":"#0","tintindex":0},"down":{"uv":[12.8625,9.1375,12.5125,9.3625],"rotation":0,"texture":"#0","tintindex":0}}},{"from":[11.142858,15.428572,9.428572],"to":[12.857143,17.142857,10.571428],"rotation":{"angle":-45.0,"axis":"z","origin":[14.285715,21.714287,8.571428]},"faces":{"east":{"uv":[12.6375,10.3875,12.8625,10.7375],"rotation":0,"texture":"#0","tintindex":0},"south":{"uv":[12.3875,11.7625,12.7375,12.1125],"rotation":0,"texture":"#0","tintindex":0},"north":{"uv":[12.3875,11.3875,12.7375,11.7375],"rotation":0,"texture":"#0","tintindex":0},"west":{"uv":[11.7625,12.6375,11.9875,12.9875],"rotation":0,"texture":"#0","tintindex":0},"up":{"uv":[12.3625,12.8625,12.0125,12.6375],"rotation":0,"texture":"#0","tintindex":0},"down":{"uv":[12.7375,12.6375,12.3875,12.8625],"rotation":0,"texture":"#0","tintindex":0}}},{"from":[12.857143,11.428572,8.857143],"to":[17.428572,17.142857,14.0],"rotation":{"angle":-45.0,"axis":"z","origin":[14.285715,21.714287,11.428572]},"faces":{"east":{"uv":[5.8875,0.0125,6.9875,1.2375],"rotation":0,"texture":"#0","tintindex":0},"south":{"uv":[3.2625,6.6375,4.2375,7.8625],"rotation":0,"texture":"#0","tintindex":0},"north":{"uv":[4.8875,6.5125,5.8625,7.7375],"rotation":0,"texture":"#0","tintindex":0},"west":{"uv":[2.1375,5.8875,3.2375,7.1125],"rotation":0,"texture":"#0","tintindex":0},"up":{"uv":[7.4875,3.8625,6.5125,2.7625],"rotation":0,"texture":"#0","tintindex":0},"down":{"uv":[7.8625,1.2625,6.8875,2.3625],"rotation":0,"texture":"#0","tintindex":0}}},{"from":[12.857143,8.571428,8.857143],"to":[17.428572,11.428572,12.285715],"rotation":{"angle":-45.0,"axis":"z","origin":[14.285715,21.714287,11.428572]},"faces":{"east":{"uv":[11.0125,7.3875,11.7375,7.9875],"rotation":0,"texture":"#0","tintindex":0},"south":{"uv":[10.2625,1.6375,11.2375,2.2375],"rotation":0,"texture":"#0","tintindex":0},"north":{"uv":[10.0125,0.0125,10.9875,0.6125],"rotation":0,"texture":"#0","tintindex":0},"west":{"uv":[0.5125,11.2625,1.2375,11.8625],"rotation":0,"texture":"#0","tintindex":0},"up":{"uv":[4.6125,9.6125,3.6375,8.8875],"rotation":0,"texture":"#0","tintindex":0},"down":{"uv":[9.9875,0.0125,9.0125,0.7375],"rotation":0,"texture":"#0","tintindex":0}}},{"from":[17.428572,12.0,9.428572],"to":[19.142857,16.0,13.428572],"rotation":{"angle":-45.0,"axis":"z","origin":[14.285715,21.714287,11.428572]},"faces":{"east":{"uv":[6.3875,8.2625,7.2375,9.1125],"rotation":0,"texture":"#0","tintindex":0},"south":{"uv":[4.1375,11.7625,4.4875,12.6125],"rotation":0,"texture":"#0","tintindex":0},"north":{"uv":[0.0125,11.6375,0.3625,12.4875],"rotation":0,"texture":"#0","tintindex":0},"west":{"uv":[8.3875,6.6375,9.2375,7.4875],"rotation":0,"texture":"#0","tintindex":0},"up":{"uv":[12.1125,5.2375,11.7625,4.3875],"rotation":0,"texture":"#0","tintindex":0},"down":{"uv":[4.8625,11.7625,4.5125,12.6125],"rotation":0,"texture":"#0","tintindex":0}}},{"from":[12.571428,22.857143,9.714286],"to":[16.0,24.0,13.142858],"rotation":{"angle":-45.0,"axis":"z","origin":[14.285715,21.714287,11.428572]},"faces":{"east":{"uv":[11.8875,0.5125,12.6125,0.7375],"rotation":0,"texture":"#0","tintindex":0},"south":{"uv":[12.3875,1.6375,13.1125,1.8625],"rotation":0,"texture":"#0","tintindex":0},"north":{"uv":[11.7625,9.1375,12.4875,9.3625],"rotation":0,"texture":"#0","tintindex":0},"west":{"uv":[12.3875,8.6375,13.1125,8.8625],"rotation":0,"texture":"#0","tintindex":0},"up":{"uv":[10.9875,6.4875,10.2625,5.7625],"rotation":0,"texture":"#0","tintindex":0},"down":{"uv":[10.9875,6.5125,10.2625,7.2375],"rotation":0,"texture":"#0","tintindex":0}}},{"from":[10.571428,16.57143,6.5714283],"to":[14.571428,19.428572,9.428572],"rotation":{"angle":-22.5,"axis":"z","origin":[12.571428,17.714287,8.0]},"faces":{"east":{"uv":[10.7625,11.3875,11.3625,11.9875],"rotation":0,"texture":"#0","tintindex":0},"south":{"uv":[10.6375,3.2625,11.4875,3.8625],"rotation":0,"texture":"#0","tintindex":0},"north":{"uv":[5.5125,4.8875,6.3625,5.4875],"rotation":0,"texture":"#0","tintindex":0},"west":{"uv":[11.3875,11.3875,11.9875,11.9875],"rotation":0,"texture":"#0","tintindex":0},"up":{"uv":[8.8625,11.2375,8.0125,10.6375],"rotation":0,"texture":"#0","tintindex":0},"down":{"uv":[11.4875,8.0125,10.6375,8.6125],"rotation":0,"texture":"#0","tintindex":0}}}],"display":{"head":{"translation":[0.0,-6.4,0.0],"scale":[4.0,4.0,4.0]}}}{"textures":{"0":"item/mobs/zahar/zahar"},"elements":[{"from":[5.142857,17.142857,3.142857],"to":[10.285714,19.428572,9.428572],"rotation":{"angle":-22.5,"axis":"x","origin":[8.0,18.285715,6.285714]},"faces":{"east":{"uv":[8.2625,9.2625,9.6125,9.7375],"rotation":0,"texture":"#0","tintindex":0},"south":{"uv":[10.2625,2.7625,11.3625,3.2375],"rotation":0,"texture":"#0","tintindex":0},"north":{"uv":[10.2625,2.2625,11.3625,2.7375],"rotation":0,"texture":"#0","tintindex":0},"west":{"uv":[9.2625,8.3875,10.6125,8.8625],"rotation":0,"texture":"#0","tintindex":0},"up":{"uv":[5.8625,1.3625,4.7625,0.0125],"rotation":0,"texture":"#0","tintindex":0},"down":{"uv":[2.1125,4.7625,1.0125,6.1125],"rotation":0,"texture":"#0","tintindex":0}}},{"from":[3.4285712,12.0,3.142857],"to":[12.571428,17.142857,9.428572],"rotation":{"angle":-22.5,"axis":"x","origin":[8.0,18.285715,6.285714]},"faces":{"east":{"uv":[2.1375,4.7625,3.4875,5.8625],"rotation":0,"texture":"#0","tintindex":0},"south":{"uv":[4.5125,2.7625,6.4875,3.8625],"rotation":0,"texture":"#0","tintindex":0},"north":{"uv":[4.0125,1.6375,5.9875,2.7375],"rotation":0,"texture":"#0","tintindex":0},"west":{"uv":[3.5125,5.5125,4.8625,6.6125],"rotation":0,"texture":"#0","tintindex":0},"up":{"uv":[1.9875,3.1125,0.0125,1.7625],"rotation":0,"texture":"#0","tintindex":0},"down":{"uv":[3.9875,1.7625,2.0125,3.1125],"rotation":0,"texture":"#0","tintindex":0}}},{"from":[12.571428,12.0,6.0],"to":[14.857143,17.142857,8.285714],"rotation":{"angle":-22.5,"axis":"x","origin":[8.0,18.285715,6.285714]},"faces":{"east":{"uv":[7.0125,10.3875,7.4875,11.4875],"rotation":0,"texture":"#0","tintindex":0},"south":{"uv":[7.5125,10.3875,7.9875,11.4875],"rotation":0,"texture":"#0","tintindex":0},"north":{"uv":[3.1375,9.7625,3.6125,10.8625],"rotation":0,"texture":"#0","tintindex":0},"west":{"uv":[0.0125,10.5125,0.4875,11.6125],"rotation":0,"texture":"#0","tintindex":0},"up":{"uv":[3.3625,12.7375,2.8875,12.2625],"rotation":0,"texture":"#0","tintindex":0},"down":{"uv":[12.7375,7.2625,12.2625,7.7375],"rotation":0,"texture":"#0","tintindex":0}}},{"from":[4.5714283,5.714286,5.428571],"to":[11.428572,13.142858,10.0],"rotation":{"angle":0.0,"axis":"y","origin":[8.0,18.285715,6.285714]},"faces":{"east":{"uv":[4.5125,3.8875,5.4875,5.4875],"rotation":0,"texture":"#0","tintindex":0},"south":{"uv":[1.5125,3.1375,2.9875,4.7375],"rotation":0,"texture":"#0","tintindex":0},"north":{"uv":[0.0125,3.1375,1.4875,4.7375],"rotation":0,"texture":"#0","tintindex":0},"west":{"uv":[0.0125,4.7625,0.9875,6.3625],"rotation":0,"texture":"#0","tintindex":0},"up":{"uv":[6.9875,4.8625,5.5125,3.8875],"rotation":0,"texture":"#0","tintindex":0},"down":{"uv":[6.3625,5.5125,4.8875,6.4875],"rotation":0,"texture":"#0","tintindex":0}}},{"from":[5.714286,4.989847,7.385498],"to":[10.285714,8.418419,10.81407],"rotation":{"angle":-45.0,"axis":"x","origin":[8.0,4.704133,9.671212]},"faces":{"east":{"uv":[2.2625,10.5125,2.9875,11.2375],"rotation":0,"texture":"#0","tintindex":0},"south":{"uv":[9.2625,6.1375,10.2375,6.8625],"rotation":0,"texture":"#0","tintindex":0},"north":{"uv":[4.6375,9.1375,5.6125,9.8625],"rotation":0,"texture":"#0","tintindex":0},"west":{"uv":[3.6375,10.5125,4.3625,11.2375],"rotation":0,"texture":"#0","tintindex":0},"up":{"uv":[10.2375,7.6125,9.2625,6.8875],"rotation":0,"texture":"#0","tintindex":0},"down":{"uv":[10.2375,7.6375,9.2625,8.3625],"rotation":0,"texture":"#0","tintindex":0}}},{"from":[12.857143,17.142857,10.0],"to":[15.714286,22.857143,12.857143],"rotation":{"angle":-45.0,"axis":"z","origin":[14.285715,21.714287,11.428572]},"faces":{"east":{"uv":[1.6375,8.2625,2.2375,9.4875],"rotation":0,"texture":"#0","tintindex":0},"south":{"uv":[2.2625,8.2625,2.8625,9.4875],"rotation":0,"texture":"#0","tintindex":0},"north":{"uv":[8.1375,5.3875,8.7375,6.6125],"rotation":0,"texture":"#0","tintindex":0},"west":{"uv":[5.7625,8.2625,6.3625,9.4875],"rotation":0,"texture":"#0","tintindex":0},"up":{"uv":[11.9875,2.8625,11.3875,2.2625],"rotation":0,"texture":"#0","tintindex":0},"down":{"uv":[10.7375,11.3875,10.1375,11.9875],"rotation":0,"texture":"#0","tintindex":0}}},{"from":[11.142858,12.0,9.428572],"to":[12.857143,15.428572,13.428572],"rotation":{"angle":-45.0,"axis":"z","origin":[14.285715,21.714287,11.428572]},"faces":{"east":{"uv":[6.3875,9.1375,7.2375,9.8625],"rotation":0,"texture":"#0","tintindex":0},"south":{"uv":[12.1375,4.3875,12.4875,5.1125],"rotation":0,"texture":"#0","tintindex":0},"north":{"uv":[3.6375,12.1375,3.9875,12.8625],"rotation":0,"texture":"#0","tintindex":0},"west":{"uv":[9.3875,1.6375,10.2375,2.3625],"rotation":0,"texture":"#0","tintindex":0},"up":{"uv":[4.2375,8.7375,3.8875,7.8875],"rotation":0,"texture":"#0","tintindex":0},"down":{"uv":[7.9875,11.5125,7.6375,12.3625],"rotation":0,"texture":"#0","tintindex":0}}},{"from":[8.857143,12.0,10.0],"to":[11.142858,14.285715,12.857143],"rotation":{"angle":-45.0,"axis":"z","origin":[14.285715,21.714287,11.428572]},"faces":{"east":{"uv":[11.7625,8.6375,12.3625,9.1125],"rotation":0,"texture":"#0","tintindex":0},"south":{"uv":[11.7625,12.1375,12.2375,12.6125],"rotation":0,"texture":"#0","tintindex":0},"north":{"uv":[12.1375,10.3875,12.6125,10.8625],"rotation":0,"texture":"#0","tintindex":0},"west":{"uv":[11.8875,0.0125,12.4875,0.4875],"rotation":0,"texture":"#0","tintindex":0},"up":{"uv":[0.8625,12.4875,0.3875,11.8875],"rotation":0,"texture":"#0","tintindex":0},"down":{"uv":[1.3625,11.8875,0.8875,12.4875],"rotation":0,"texture":"#0","tintindex":0}}},{"from":[11.142858,15.428572,12.285715],"to":[12.857143,17.142857,13.428572],"rotation":{"angle":-45.0,"axis":"z","origin":[14.285715,21.714287,11.428572]},"faces":{"east":{"uv":[12.6375,5.1375,12.8625,5.4875],"rotation":0,"texture":"#0","tintindex":0},"south":{"uv":[11.3875,12.3875,11.7375,12.7375],"rotation":0,"texture":"#0","tintindex":0},"north":{"uv":[11.0125,12.3875,11.3625,12.7375],"rotation":0,"texture":"#0","tintindex":0},"west":{"uv":[5.2625,12.6375,5.4875,12.9875],"rotation":0,"texture":"#0","tintindex":0},"up":{"uv":[12.7375,10.3625,12.3875,10.1375],"rotation":0,"texture":"#0","tintindex":0},"down":{"uv":[12.8625,9.1375,12.5125,9.3625],"rotation":0,"texture":"#0","tintindex":0}}},{"from":[11.142858,15.428572,9.428572],"to":[12.857143,17.142857,10.571428],"rotation":{"angle":-45.0,"axis":"z","origin":[14.285715,21.714287,8.571428]},"faces":{"east":{"uv":[12.6375,10.3875,12.8625,10.7375],"rotation":0,"texture":"#0","tintindex":0},"south":{"uv":[12.3875,11.7625,12.7375,12.1125],"rotation":0,"texture":"#0","tintindex":0},"north":{"uv":[12.3875,11.3875,12.7375,11.7375],"rotation":0,"texture":"#0","tintindex":0},"west":{"uv":[11.7625,12.6375,11.9875,12.9875],"rotation":0,"texture":"#0","tintindex":0},"up":{"uv":[12.3625,12.8625,12.0125,12.6375],"rotation":0,"texture":"#0","tintindex":0},"down":{"uv":[12.7375,12.6375,12.3875,12.8625],"rotation":0,"texture":"#0","tintindex":0}}},{"from":[12.857143,11.428572,8.857143],"to":[17.428572,17.142857,14.0],"rotation":{"angle":-45.0,"axis":"z","origin":[14.285715,21.714287,11.428572]},"faces":{"east":{"uv":[5.8875,0.0125,6.9875,1.2375],"rotation":0,"texture":"#0","tintindex":0},"south":{"uv":[3.2625,6.6375,4.2375,7.8625],"rotation":0,"texture":"#0","tintindex":0},"north":{"uv":[4.8875,6.5125,5.8625,7.7375],"rotation":0,"texture":"#0","tintindex":0},"west":{"uv":[2.1375,5.8875,3.2375,7.1125],"rotation":0,"texture":"#0","tintindex":0},"up":{"uv":[7.4875,3.8625,6.5125,2.7625],"rotation":0,"texture":"#0","tintindex":0},"down":{"uv":[7.8625,1.2625,6.8875,2.3625],"rotation":0,"texture":"#0","tintindex":0}}},{"from":[12.857143,8.571428,8.857143],"to":[17.428572,11.428572,12.285715],"rotation":{"angle":-45.0,"axis":"z","origin":[14.285715,21.714287,11.428572]},"faces":{"east":{"uv":[11.0125,7.3875,11.7375,7.9875],"rotation":0,"texture":"#0","tintindex":0},"south":{"uv":[10.2625,1.6375,11.2375,2.2375],"rotation":0,"texture":"#0","tintindex":0},"north":{"uv":[10.0125,0.0125,10.9875,0.6125],"rotation":0,"texture":"#0","tintindex":0},"west":{"uv":[0.5125,11.2625,1.2375,11.8625],"rotation":0,"texture":"#0","tintindex":0},"up":{"uv":[4.6125,9.6125,3.6375,8.8875],"rotation":0,"texture":"#0","tintindex":0},"down":{"uv":[9.9875,0.0125,9.0125,0.7375],"rotation":0,"texture":"#0","tintindex":0}}},{"from":[17.428572,12.0,9.428572],"to":[19.142857,16.0,13.428572],"rotation":{"angle":-45.0,"axis":"z","origin":[14.285715,21.714287,11.428572]},"faces":{"east":{"uv":[6.3875,8.2625,7.2375,9.1125],"rotation":0,"texture":"#0","tintindex":0},"south":{"uv":[4.1375,11.7625,4.4875,12.6125],"rotation":0,"texture":"#0","tintindex":0},"north":{"uv":[0.0125,11.6375,0.3625,12.4875],"rotation":0,"texture":"#0","tintindex":0},"west":{"uv":[8.3875,6.6375,9.2375,7.4875],"rotation":0,"texture":"#0","tintindex":0},"up":{"uv":[12.1125,5.2375,11.7625,4.3875],"rotation":0,"texture":"#0","tintindex":0},"down":{"uv":[4.8625,11.7625,4.5125,12.6125],"rotation":0,"texture":"#0","tintindex":0}}},{"from":[12.571428,22.857143,9.714286],"to":[16.0,24.0,13.142858],"rotation":{"angle":-45.0,"axis":"z","origin":[14.285715,21.714287,11.428572]},"faces":{"east":{"uv":[11.8875,0.5125,12.6125,0.7375],"rotation":0,"texture":"#0","tintindex":0},"south":{"uv":[12.3875,1.6375,13.1125,1.8625],"rotation":0,"texture":"#0","tintindex":0},"north":{"uv":[11.7625,9.1375,12.4875,9.3625],"rotation":0,"texture":"#0","tintindex":0},"west":{"uv":[12.3875,8.6375,13.1125,8.8625],"rotation":0,"texture":"#0","tintindex":0},"up":{"uv":[10.9875,6.4875,10.2625,5.7625],"rotation":0,"texture":"#0","tintindex":0},"down":{"uv":[10.9875,6.5125,10.2625,7.2375],"rotation":0,"texture":"#0","tintindex":0}}},{"from":[10.571428,16.57143,6.5714283],"to":[14.571428,19.428572,9.428572],"rotation":{"angle":-22.5,"axis":"z","origin":[12.571428,17.714287,8.0]},"faces":{"east":{"uv":[10.7625,11.3875,11.3625,11.9875],"rotation":0,"texture":"#0","tintindex":0},"south":{"uv":[10.6375,3.2625,11.4875,3.8625],"rotation":0,"texture":"#0","tintindex":0},"north":{"uv":[5.5125,4.8875,6.3625,5.4875],"rotation":0,"texture":"#0","tintindex":0},"west":{"uv":[11.3875,11.3875,11.9875,11.9875],"rotation":0,"texture":"#0","tintindex":0},"up":{"uv":[8.8625,11.2375,8.0125,10.6375],"rotation":0,"texture":"#0","tintindex":0},"down":{"uv":[11.4875,8.0125,10.6375,8.6125],"rotation":0,"texture":"#0","tintindex":0}}}],"display":{"head":{"translation":[0.0,-6.4,0.0],"scale":[4.0,4.0,4.0]}}}{"textures":{"0":"item/mobs/zahar/zahar"},"elements":[{"from":[5.142857,17.142857,3.142857],"to":[10.285714,19.428572,9.428572],"rotation":{"angle":-22.5,"axis":"x","origin":[8.0,18.285715,6.285714]},"faces":{"east":{"uv":[8.2625,9.2625,9.6125,9.7375],"rotation":0,"texture":"#0","tintindex":0},"south":{"uv":[10.2625,2.7625,11.3625,3.2375],"rotation":0,"texture":"#0","tintindex":0},"north":{"uv":[10.2625,2.2625,11.3625,2.7375],"rotation":0,"texture":"#0","tintindex":0},"west":{"uv":[9.2625,8.3875,10.6125,8.8625],"rotation":0,"texture":"#0","tintindex":0},"up":{"uv":[5.8625,1.3625,4.7625,0.0125],"rotation":0,"texture":"#0","tintindex":0},"down":{"uv":[2.1125,4.7625,1.0125,6.1125],"rotation":0,"texture":"#0","tintindex":0}}},{"from":[3.4285712,12.0,3.142857],"to":[12.571428,17.142857,9.428572],"rotation":{"angle":-22.5,"axis":"x","origin":[8.0,18.285715,6.285714]},"faces":{"east":{"uv":[2.1375,4.7625,3.4875,5.8625],"rotation":0,"texture":"#0","tintindex":0},"south":{"uv":[4.5125,2.7625,6.4875,3.8625],"rotation":0,"texture":"#0","tintindex":0},"north":{"uv":[4.0125,1.6375,5.9875,2.7375],"rotation":0,"texture":"#0","tintindex":0},"west":{"uv":[3.5125,5.5125,4.8625,6.6125],"rotation":0,"texture":"#0","tintindex":0},"up":{"uv":[1.9875,3.1125,0.0125,1.7625],"rotation":0,"texture":"#0","tintindex":0},"down":{"uv":[3.9875,1.7625,2.0125,3.1125],"rotation":0,"texture":"#0","tintindex":0}}},{"from":[12.571428,12.0,6.0],"to":[14.857143,17.142857,8.285714],"rotation":{"angle":-22.5,"axis":"x","origin":[8.0,18.285715,6.285714]},"faces":{"east":{"uv":[7.0125,10.3875,7.4875,11.4875],"rotation":0,"texture":"#0","tintindex":0},"south":{"uv":[7.5125,10.3875,7.9875,11.4875],"rotation":0,"texture":"#0","tintindex":0},"north":{"uv":[3.1375,9.7625,3.6125,10.8625],"rotation":0,"texture":"#0","tintindex":0},"west":{"uv":[0.0125,10.5125,0.4875,11.6125],"rotation":0,"texture":"#0","tintindex":0},"up":{"uv":[3.3625,12.7375,2.8875,12.2625],"rotation":0,"texture":"#0","tintindex":0},"down":{"uv":[12.7375,7.2625,12.2625,7.7375],"rotation":0,"texture":"#0","tintindex":0}}},{"from":[4.5714283,5.714286,5.428571],"to":[11.428572,13.142858,10.0],"rotation":{"angle":0.0,"axis":"y","origin":[8.0,18.285715,6.285714]},"faces":{"east":{"uv":[4.5125,3.8875,5.4875,5.4875],"rotation":0,"texture":"#0","tintindex":0},"south":{"uv":[1.5125,3.1375,2.9875,4.7375],"rotation":0,"texture":"#0","tintindex":0},"north":{"uv":[0.0125,3.1375,1.4875,4.7375],"rotation":0,"texture":"#0","tintindex":0},"west":{"uv":[0.0125,4.7625,0.9875,6.3625],"rotation":0,"texture":"#0","tintindex":0},"up":{"uv":[6.9875,4.8625,5.5125,3.8875],"rotation":0,"texture":"#0","tintindex":0},"down":{"uv":[6.3625,5.5125,4.8875,6.4875],"rotation":0,"texture":"#0","tintindex":0}}},{"from":[5.714286,4.989847,7.385498],"to":[10.285714,8.418419,10.81407],"rotation":{"angle":-45.0,"axis":"x","origin":[8.0,4.704133,9.671212]},"faces":{"east":{"uv":[2.2625,10.5125,2.9875,11.2375],"rotation":0,"texture":"#0","tintindex":0},"south":{"uv":[9.2625,6.1375,10.2375,6.8625],"rotation":0,"texture":"#0","tintindex":0},"north":{"uv":[4.6375,9.1375,5.6125,9.8625],"rotation":0,"texture":"#0","tintindex":0},"west":{"uv":[3.6375,10.5125,4.3625,11.2375],"rotation":0,"texture":"#0","tintindex":0},"up":{"uv":[10.2375,7.6125,9.2625,6.8875],"rotation":0,"texture":"#0","tintindex":0},"down":{"uv":[10.2375,7.6375,9.2625,8.3625],"rotation":0,"texture":"#0","tintindex":0}}},{"from":[12.857143,17.142857,10.0],"to":[15.714286,22.857143,12.857143],"rotation":{"angle":-45.0,"axis":"z","origin":[14.285715,21.714287,11.428572]},"faces":{"east":{"uv":[1.6375,8.2625,2.2375,9.4875],"rotation":0,"texture":"#0","tintindex":0},"south":{"uv":[2.2625,8.2625,2.8625,9.4875],"rotation":0,"texture":"#0","tintindex":0},"north":{"uv":[8.1375,5.3875,8.7375,6.6125],"rotation":0,"texture":"#0","tintindex":0},"west":{"uv":[5.7625,8.2625,6.3625,9.4875],"rotation":0,"texture":"#0","tintindex":0},"up":{"uv":[11.9875,2.8625,11.3875,2.2625],"rotation":0,"texture":"#0","tintindex":0},"down":{"uv":[10.7375,11.3875,10.1375,11.9875],"rotation":0,"texture":"#0","tintindex":0}}},{"from":[11.142858,12.0,9.428572],"to":[12.857143,15.428572,13.428572],"rotation":{"angle":-45.0,"axis":"z","origin":[14.285715,21.714287,11.428572]},"faces":{"east":{"uv":[6.3875,9.1375,7.2375,9.8625],"rotation":0,"texture":"#0","tintindex":0},"south":{"uv":[12.1375,4.3875,12.4875,5.1125],"rotation":0,"texture":"#0","tintindex":0},"north":{"uv":[3.6375,12.1375,3.9875,12.8625],"rotation":0,"texture":"#0","tintindex":0},"west":{"uv":[9.3875,1.6375,10.2375,2.3625],"rotation":0,"texture":"#0","tintindex":0},"up":{"uv":[4.2375,8.7375,3.8875,7.8875],"rotation":0,"texture":"#0","tintindex":0},"down":{"uv":[7.9875,11.5125,7.6375,12.3625],"rotation":0,"texture":"#0","tintindex":0}}},{"from":[8.857143,12.0,10.0],"to":[11.142858,14.285715,12.857143],"rotation":{"angle":-45.0,"axis":"z","origin":[14.285715,21.714287,11.428572]},"faces":{"east":{"uv":[11.7625,8.6375,12.3625,9.1125],"rotation":0,"texture":"#0","tintindex":0},"south":{"uv":[11.7625,12.1375,12.2375,12.6125],"rotation":0,"texture":"#0","tintindex":0},"north":{"uv":[12.1375,10.3875,12.6125,10.8625],"rotation":0,"texture":"#0","tintindex":0},"west":{"uv":[11.8875,0.0125,12.4875,0.4875],"rotation":0,"texture":"#0","tintindex":0},"up":{"uv":[0.8625,12.4875,0.3875,11.8875],"rotation":0,"texture":"#0","tintindex":0},"down":{"uv":[1.3625,11.8875,0.8875,12.4875],"rotation":0,"texture":"#0","tintindex":0}}},{"from":[11.142858,15.428572,12.285715],"to":[12.857143,17.142857,13.428572],"rotation":{"angle":-45.0,"axis":"z","origin":[14.285715,21.714287,11.428572]},"faces":{"east":{"uv":[12.6375,5.1375,12.8625,5.4875],"rotation":0,"texture":"#0","tintindex":0},"south":{"uv":[11.3875,12.3875,11.7375,12.7375],"rotation":0,"texture":"#0","tintindex":0},"north":{"uv":[11.0125,12.3875,11.3625,12.7375],"rotation":0,"texture":"#0","tintindex":0},"west":{"uv":[5.2625,12.6375,5.4875,12.9875],"rotation":0,"texture":"#0","tintindex":0},"up":{"uv":[12.7375,10.3625,12.3875,10.1375],"rotation":0,"texture":"#0","tintindex":0},"down":{"uv":[12.8625,9.1375,12.5125,9.3625],"rotation":0,"texture":"#0","tintindex":0}}},{"from":[11.142858,15.428572,9.428572],"to":[12.857143,17.142857,10.571428],"rotation":{"angle":-45.0,"axis":"z","origin":[14.285715,21.714287,8.571428]},"faces":{"east":{"uv":[12.6375,10.3875,12.8625,10.7375],"rotation":0,"texture":"#0","tintindex":0},"south":{"uv":[12.3875,11.7625,12.7375,12.1125],"rotation":0,"texture":"#0","tintindex":0},"north":{"uv":[12.3875,11.3875,12.7375,11.7375],"rotation":0,"texture":"#0","tintindex":0},"west":{"uv":[11.7625,12.6375,11.9875,12.9875],"rotation":0,"texture":"#0","tintindex":0},"up":{"uv":[12.3625,12.8625,12.0125,12.6375],"rotation":0,"texture":"#0","tintindex":0},"down":{"uv":[12.7375,12.6375,12.3875,12.8625],"rotation":0,"texture":"#0","tintindex":0}}},{"from":[12.857143,11.428572,8.857143],"to":[17.428572,17.142857,14.0],"rotation":{"angle":-45.0,"axis":"z","origin":[14.285715,21.714287,11.428572]},"faces":{"east":{"uv":[5.8875,0.0125,6.9875,1.2375],"rotation":0,"texture":"#0","tintindex":0},"south":{"uv":[3.2625,6.6375,4.2375,7.8625],"rotation":0,"texture":"#0","tintindex":0},"north":{"uv":[4.8875,6.5125,5.8625,7.7375],"rotation":0,"texture":"#0","tintindex":0},"west":{"uv":[2.1375,5.8875,3.2375,7.1125],"rotation":0,"texture":"#0","tintindex":0},"up":{"uv":[7.4875,3.8625,6.5125,2.7625],"rotation":0,"texture":"#0","tintindex":0},"down":{"uv":[7.8625,1.2625,6.8875,2.3625],"rotation":0,"texture":"#0","tintindex":0}}},{"from":[12.857143,8.571428,8.857143],"to":[17.428572,11.428572,12.285715],"rotation":{"angle":-45.0,"axis":"z","origin":[14.285715,21.714287,11.428572]},"faces":{"east":{"uv":[11.0125,7.3875,11.7375,7.9875],"rotation":0,"texture":"#0","tintindex":0},"south":{"uv":[10.2625,1.6375,11.2375,2.2375],"rotation":0,"texture":"#0","tintindex":0},"north":{"uv":[10.0125,0.0125,10.9875,0.6125],"rotation":0,"texture":"#0","tintindex":0},"west":{"uv":[0.5125,11.2625,1.2375,11.8625],"rotation":0,"texture":"#0","tintindex":0},"up":{"uv":[4.6125,9.6125,3.6375,8.8875],"rotation":0,"texture":"#0","tintindex":0},"down":{"uv":[9.9875,0.0125,9.0125,0.7375],"rotation":0,"texture":"#0","tintindex":0}}},{"from":[17.428572,12.0,9.428572],"to":[19.142857,16.0,13.428572],"rotation":{"angle":-45.0,"axis":"z","origin":[14.285715,21.714287,11.428572]},"faces":{"east":{"uv":[6.3875,8.2625,7.2375,9.1125],"rotation":0,"texture":"#0","tintindex":0},"south":{"uv":[4.1375,11.7625,4.4875,12.6125],"rotation":0,"texture":"#0","tintindex":0},"north":{"uv":[0.0125,11.6375,0.3625,12.4875],"rotation":0,"texture":"#0","tintindex":0},"west":{"uv":[8.3875,6.6375,9.2375,7.4875],"rotation":0,"texture":"#0","tintindex":0},"up":{"uv":[12.1125,5.2375,11.7625,4.3875],"rotation":0,"texture":"#0","tintindex":0},"down":{"uv":[4.8625,11.7625,4.5125,12.6125],"rotation":0,"texture":"#0","tintindex":0}}},{"from":[12.571428,22.857143,9.714286],"to":[16.0,24.0,13.142858],"rotation":{"angle":-45.0,"axis":"z","origin":[14.285715,21.714287,11.428572]},"faces":{"east":{"uv":[11.8875,0.5125,12.6125,0.7375],"rotation":0,"texture":"#0","tintindex":0},"south":{"uv":[12.3875,1.6375,13.1125,1.8625],"rotation":0,"texture":"#0","tintindex":0},"north":{"uv":[11.7625,9.1375,12.4875,9.3625],"rotation":0,"texture":"#0","tintindex":0},"west":{"uv":[12.3875,8.6375,13.1125,8.8625],"rotation":0,"texture":"#0","tintindex":0},"up":{"uv":[10.9875,6.4875,10.2625,5.7625],"rotation":0,"texture":"#0","tintindex":0},"down":{"uv":[10.9875,6.5125,10.2625,7.2375],"rotation":0,"texture":"#0","tintindex":0}}},{"from":[10.571428,16.57143,6.5714283],"to":[14.571428,19.428572,9.428572],"rotation":{"angle":-22.5,"axis":"z","origin":[12.571428,17.714287,8.0]},"faces":{"east":{"uv":[10.7625,11.3875,11.3625,11.9875],"rotation":0,"texture":"#0","tintindex":0},"south":{"uv":[10.6375,3.2625,11.4875,3.8625],"rotation":0,"texture":"#0","tintindex":0},"north":{"uv":[5.5125,4.8875,6.3625,5.4875],"rotation":0,"texture":"#0","tintindex":0},"west":{"uv":[11.3875,11.3875,11.9875,11.9875],"rotation":0,"texture":"#0","tintindex":0},"up":{"uv":[8.8625,11.2375,8.0125,10.6375],"rotation":0,"texture":"#0","tintindex":0},"down":{"uv":[11.4875,8.0125,10.6375,8.6125],"rotation":0,"texture":"#0","tintindex":0}}}],"display":{"head":{"translation":[0.0,-6.4,0.0],"scale":[4.0,4.0,4.0]}}}{"textures":{"0":"item/mobs/zahar/zahar"},"elements":[{"from":[5.142857,17.142857,3.142857],"to":[10.285714,19.428572,9.428572],"rotation":{"angle":-22.5,"axis":"x","origin":[8.0,18.285715,6.285714]},"faces":{"east":{"uv":[8.2625,9.2625,9.6125,9.7375],"rotation":0,"texture":"#0","tintindex":0},"south":{"uv":[10.2625,2.7625,11.3625,3.2375],"rotation":0,"texture":"#0","tintindex":0},"north":{"uv":[10.2625,2.2625,11.3625,2.7375],"rotation":0,"texture":"#0","tintindex":0},"west":{"uv":[9.2625,8.3875,10.6125,8.8625],"rotation":0,"texture":"#0","tintindex":0},"up":{"uv":[5.8625,1.3625,4.7625,0.0125],"rotation":0,"texture":"#0","tintindex":0},"down":{"uv":[2.1125,4.7625,1.0125,6.1125],"rotation":0,"texture":"#0","tintindex":0}}},{"from":[3.4285712,12.0,3.142857],"to":[12.571428,17.142857,9.428572],"rotation":{"angle":-22.5,"axis":"x","origin":[8.0,18.285715,6.285714]},"faces":{"east":{"uv":[2.1375,4.7625,3.4875,5.8625],"rotation":0,"texture":"#0","tintindex":0},"south":{"uv":[4.5125,2.7625,6.4875,3.8625],"rotation":0,"texture":"#0","tintindex":0},"north":{"uv":[4.0125,1.6375,5.9875,2.7375],"rotation":0,"texture":"#0","tintindex":0},"west":{"uv":[3.5125,5.5125,4.8625,6.6125],"rotation":0,"texture":"#0","tintindex":0},"up":{"uv":[1.9875,3.1125,0.0125,1.7625],"rotation":0,"texture":"#0","tintindex":0},"down":{"uv":[3.9875,1.7625,2.0125,3.1125],"rotation":0,"texture":"#0","tintindex":0}}},{"from":[12.571428,12.0,6.0],"to":[14.857143,17.142857,8.285714],"rotation":{"angle":-22.5,"axis":"x","origin":[8.0,18.285715,6.285714]},"faces":{"east":{"uv":[7.0125,10.3875,7.4875,11.4875],"rotation":0,"texture":"#0","tintindex":0},"south":{"uv":[7.5125,10.3875,7.9875,11.4875],"rotation":0,"texture":"#0","tintindex":0},"north":{"uv":[3.1375,9.7625,3.6125,10.8625],"rotation":0,"texture":"#0","tintindex":0},"west":{"uv":[0.0125,10.5125,0.4875,11.6125],"rotation":0,"texture":"#0","tintindex":0},"up":{"uv":[3.3625,12.7375,2.8875,12.2625],"rotation":0,"texture":"#0","tintindex":0},"down":{"uv":[12.7375,7.2625,12.2625,7.7375],"rotation":0,"texture":"#0","tintindex":0}}},{"from":[4.5714283,5.714286,5.428571],"to":[11.428572,13.142858,10.0],"rotation":{"angle":0.0,"axis":"y","origin":[8.0,18.285715,6.285714]},"faces":{"east":{"uv":[4.5125,3.8875,5.4875,5.4875],"rotation":0,"texture":"#0","tintindex":0},"south":{"uv":[1.5125,3.1375,2.9875,4.7375],"rotation":0,"texture":"#0","tintindex":0},"north":{"uv":[0.0125,3.1375,1.4875,4.7375],"rotation":0,"texture":"#0","tintindex":0},"west":{"uv":[0.0125,4.7625,0.9875,6.3625],"rotation":0,"texture":"#0","tintindex":0},"up":{"uv":[6.9875,4.8625,5.5125,3.8875],"rotation":0,"texture":"#0","tintindex":0},"down":{"uv":[6.3625,5.5125,4.8875,6.4875],"rotation":0,"texture":"#0","tintindex":0}}},{"from":[5.714286,4.989847,7.385498],"to":[10.285714,8.418419,10.81407],"rotation":{"angle":-45.0,"axis":"x","origin":[8.0,4.704133,9.671212]},"faces":{"east":{"uv":[2.2625,10.5125,2.9875,11.2375],"rotation":0,"texture":"#0","tintindex":0},"south":{"uv":[9.2625,6.1375,10.2375,6.8625],"rotation":0,"texture":"#0","tintindex":0},"north":{"uv":[4.6375,9.1375,5.6125,9.8625],"rotation":0,"texture":"#0","tintindex":0},"west":{"uv":[3.6375,10.5125,4.3625,11.2375],"rotation":0,"texture":"#0","tintindex":0},"up":{"uv":[10.2375,7.6125,9.2625,6.8875],"rotation":0,"texture":"#0","tintindex":0},"down":{"uv":[10.2375,7.6375,9.2625,8.3625],"rotation":0,"texture":"#0","tintindex":0}}},{"from":[12.857143,17.142857,10.0],"to":[15.714286,22.857143,12.857143],"rotation":{"angle":-45.0,"axis":"z","origin":[14.285715,21.714287,11.428572]},"faces":{"east":{"uv":[1.6375,8.2625,2.2375,9.4875],"rotation":0,"texture":"#0","tintindex":0},"south":{"uv":[2.2625,8.2625,2.8625,9.4875],"rotation":0,"texture":"#0","tintindex":0},"north":{"uv":[8.1375,5.3875,8.7375,6.6125],"rotation":0,"texture":"#0","tintindex":0},"west":{"uv":[5.7625,8.2625,6.3625,9.4875],"rotation":0,"texture":"#0","tintindex":0},"up":{"uv":[11.9875,2.8625,11.3875,2.2625],"rotation":0,"texture":"#0","tintindex":0},"down":{"uv":[10.7375,11.3875,10.1375,11.9875],"rotation":0,"texture":"#0","tintindex":0}}},{"from":[11.142858,12.0,9.428572],"to":[12.857143,15.428572,13.428572],"rotation":{"angle":-45.0,"axis":"z","origin":[14.285715,21.714287,11.428572]},"faces":{"east":{"uv":[6.3875,9.1375,7.2375,9.8625],"rotation":0,"texture":"#0","tintindex":0},"south":{"uv":[12.1375,4.3875,12.4875,5.1125],"rotation":0,"texture":"#0","tintindex":0},"north":{"uv":[3.6375,12.1375,3.9875,12.8625],"rotation":0,"texture":"#0","tintindex":0},"west":{"uv":[9.3875,1.6375,10.2375,2.3625],"rotation":0,"texture":"#0","tintindex":0},"up":{"uv":[4.2375,8.7375,3.8875,7.8875],"rotation":0,"texture":"#0","tintindex":0},"down":{"uv":[7.9875,11.5125,7.6375,12.3625],"rotation":0,"texture":"#0","tintindex":0}}},{"from":[8.857143,12.0,10.0],"to":[11.142858,14.285715,12.857143],"rotation":{"angle":-45.0,"axis":"z","origin":[14.285715,21.714287,11.428572]},"faces":{"east":{"uv":[11.7625,8.6375,12.3625,9.1125],"rotation":0,"texture":"#0","tintindex":0},"south":{"uv":[11.7625,12.1375,12.2375,12.6125],"rotation":0,"texture":"#0","tintindex":0},"north":{"uv":[12.1375,10.3875,12.6125,10.8625],"rotation":0,"texture":"#0","tintindex":0},"west":{"uv":[11.8875,0.0125,12.4875,0.4875],"rotation":0,"texture":"#0","tintindex":0},"up":{"uv":[0.8625,12.4875,0.3875,11.8875],"rotation":0,"texture":"#0","tintindex":0},"down":{"uv":[1.3625,11.8875,0.8875,12.4875],"rotation":0,"texture":"#0","tintindex":0}}},{"from":[11.142858,15.428572,12.285715],"to":[12.857143,17.142857,13.428572],"rotation":{"angle":-45.0,"axis":"z","origin":[14.285715,21.714287,11.428572]},"faces":{"east":{"uv":[12.6375,5.1375,12.8625,5.4875],"rotation":0,"texture":"#0","tintindex":0},"south":{"uv":[11.3875,12.3875,11.7375,12.7375],"rotation":0,"texture":"#0","tintindex":0},"north":{"uv":[11.0125,12.3875,11.3625,12.7375],"rotation":0,"texture":"#0","tintindex":0},"west":{"uv":[5.2625,12.6375,5.4875,12.9875],"rotation":0,"texture":"#0","tintindex":0},"up":{"uv":[12.7375,10.3625,12.3875,10.1375],"rotation":0,"texture":"#0","tintindex":0},"down":{"uv":[12.8625,9.1375,12.5125,9.3625],"rotation":0,"texture":"#0","tintindex":0}}},{"from":[11.142858,15.428572,9.428572],"to":[12.857143,17.142857,10.571428],"rotation":{"angle":-45.0,"axis":"z","origin":[14.285715,21.714287,8.571428]},"faces":{"east":{"uv":[12.6375,10.3875,12.8625,10.7375],"rotation":0,"texture":"#0","tintindex":0},"south":{"uv":[12.3875,11.7625,12.7375,12.1125],"rotation":0,"texture":"#0","tintindex":0},"north":{"uv":[12.3875,11.3875,12.7375,11.7375],"rotation":0,"texture":"#0","tintindex":0},"west":{"uv":[11.7625,12.6375,11.9875,12.9875],"rotation":0,"texture":"#0","tintindex":0},"up":{"uv":[12.3625,12.8625,12.0125,12.6375],"rotation":0,"texture":"#0","tintindex":0},"down":{"uv":[12.7375,12.6375,12.3875,12.8625],"rotation":0,"texture":"#0","tintindex":0}}},{"from":[12.857143,11.428572,8.857143],"to":[17.428572,17.142857,14.0],"rotation":{"angle":-45.0,"axis":"z","origin":[14.285715,21.714287,11.428572]},"faces":{"east":{"uv":[5.8875,0.0125,6.9875,1.2375],"rotation":0,"texture":"#0","tintindex":0},"south":{"uv":[3.2625,6.6375,4.2375,7.8625],"rotation":0,"texture":"#0","tintindex":0},"north":{"uv":[4.8875,6.5125,5.8625,7.7375],"rotation":0,"texture":"#0","tintindex":0},"west":{"uv":[2.1375,5.8875,3.2375,7.1125],"rotation":0,"texture":"#0","tintindex":0},"up":{"uv":[7.4875,3.8625,6.5125,2.7625],"rotation":0,"texture":"#0","tintindex":0},"down":{"uv":[7.8625,1.2625,6.8875,2.3625],"rotation":0,"texture":"#0","tintindex":0}}},{"from":[12.857143,8.571428,8.857143],"to":[17.428572,11.428572,12.285715],"rotation":{"angle":-45.0,"axis":"z","origin":[14.285715,21.714287,11.428572]},"faces":{"east":{"uv":[11.0125,7.3875,11.7375,7.9875],"rotation":0,"texture":"#0","tintindex":0},"south":{"uv":[10.2625,1.6375,11.2375,2.2375],"rotation":0,"texture":"#0","tintindex":0},"north":{"uv":[10.0125,0.0125,10.9875,0.6125],"rotation":0,"texture":"#0","tintindex":0},"west":{"uv":[0.5125,11.2625,1.2375,11.8625],"rotation":0,"texture":"#0","tintindex":0},"up":{"uv":[4.6125,9.6125,3.6375,8.8875],"rotation":0,"texture":"#0","tintindex":0},"down":{"uv":[9.9875,0.0125,9.0125,0.7375],"rotation":0,"texture":"#0","tintindex":0}}},{"from":[17.428572,12.0,9.428572],"to":[19.142857,16.0,13.428572],"rotation":{"angle":-45.0,"axis":"z","origin":[14.285715,21.714287,11.428572]},"faces":{"east":{"uv":[6.3875,8.2625,7.2375,9.1125],"rotation":0,"texture":"#0","tintindex":0},"south":{"uv":[4.1375,11.7625,4.4875,12.6125],"rotation":0,"texture":"#0","tintindex":0},"north":{"uv":[0.0125,11.6375,0.3625,12.4875],"rotation":0,"texture":"#0","tintindex":0},"west":{"uv":[8.3875,6.6375,9.2375,7.4875],"rotation":0,"texture":"#0","tintindex":0},"up":{"uv":[12.1125,5.2375,11.7625,4.3875],"rotation":0,"texture":"#0","tintindex":0},"down":{"uv":[4.8625,11.7625,4.5125,12.6125],"rotation":0,"texture":"#0","tintindex":0}}},{"from":[12.571428,22.857143,9.714286],"to":[16.0,24.0,13.142858],"rotation":{"angle":-45.0,"axis":"z","origin":[14.285715,21.714287,11.428572]},"faces":{"east":{"uv":[11.8875,0.5125,12.6125,0.7375],"rotation":0,"texture":"#0","tintindex":0},"south":{"uv":[12.3875,1.6375,13.1125,1.8625],"rotation":0,"texture":"#0","tintindex":0},"north":{"uv":[11.7625,9.1375,12.4875,9.3625],"rotation":0,"texture":"#0","tintindex":0},"west":{"uv":[12.3875,8.6375,13.1125,8.8625],"rotation":0,"texture":"#0","tintindex":0},"up":{"uv":[10.9875,6.4875,10.2625,5.7625],"rotation":0,"texture":"#0","tintindex":0},"down":{"uv":[10.9875,6.5125,10.2625,7.2375],"rotation":0,"texture":"#0","tintindex":0}}},{"from":[10.571428,16.57143,6.5714283],"to":[14.571428,19.428572,9.428572],"rotation":{"angle":-22.5,"axis":"z","origin":[12.571428,17.714287,8.0]},"faces":{"east":{"uv":[10.7625,11.3875,11.3625,11.9875],"rotation":0,"texture":"#0","tintindex":0},"south":{"uv":[10.6375,3.2625,11.4875,3.8625],"rotation":0,"texture":"#0","tintindex":0},"north":{"uv":[5.5125,4.8875,6.3625,5.4875],"rotation":0,"texture":"#0","tintindex":0},"west":{"uv":[11.3875,11.3875,11.9875,11.9875],"rotation":0,"texture":"#0","tintindex":0},"up":{"uv":[8.8625,11.2375,8.0125,10.6375],"rotation":0,"texture":"#0","tintindex":0},"down":{"uv":[11.4875,8.0125,10.6375,8.6125],"rotation":0,"texture":"#0","tintindex":0}}}],"display":{"head":{"translation":[0.0,-6.4,0.0],"scale":[4.0,4.0,4.0]}}}{"textures":{"0":"item/mobs/zahar/zahar"},"elements":[{"from":[5.142857,17.142857,3.142857],"to":[10.285714,19.428572,9.428572],"rotation":{"angle":-22.5,"axis":"x","origin":[8.0,18.285715,6.285714]},"faces":{"east":{"uv":[8.2625,9.2625,9.6125,9.7375],"rotation":0,"texture":"#0","tintindex":0},"south":{"uv":[10.2625,2.7625,11.3625,3.2375],"rotation":0,"texture":"#0","tintindex":0},"north":{"uv":[10.2625,2.2625,11.3625,2.7375],"rotation":0,"texture":"#0","tintindex":0},"west":{"uv":[9.2625,8.3875,10.6125,8.8625],"rotation":0,"texture":"#0","tintindex":0},"up":{"uv":[5.8625,1.3625,4.7625,0.0125],"rotation":0,"texture":"#0","tintindex":0},"down":{"uv":[2.1125,4.7625,1.0125,6.1125],"rotation":0,"texture":"#0","tintindex":0}}},{"from":[3.4285712,12.0,3.142857],"to":[12.571428,17.142857,9.428572],"rotation":{"angle":-22.5,"axis":"x","origin":[8.0,18.285715,6.285714]},"faces":{"east":{"uv":[2.1375,4.7625,3.4875,5.8625],"rotation":0,"texture":"#0","tintindex":0},"south":{"uv":[4.5125,2.7625,6.4875,3.8625],"rotation":0,"texture":"#0","tintindex":0},"north":{"uv":[4.0125,1.6375,5.9875,2.7375],"rotation":0,"texture":"#0","tintindex":0},"west":{"uv":[3.5125,5.5125,4.8625,6.6125],"rotation":0,"texture":"#0","tintindex":0},"up":{"uv":[1.9875,3.1125,0.0125,1.7625],"rotation":0,"texture":"#0","tintindex":0},"down":{"uv":[3.9875,1.7625,2.0125,3.1125],"rotation":0,"texture":"#0","tintindex":0}}},{"from":[12.571428,12.0,6.0],"to":[14.857143,17.142857,8.285714],"rotation":{"angle":-22.5,"axis":"x","origin":[8.0,18.285715,6.285714]},"faces":{"east":{"uv":[7.0125,10.3875,7.4875,11.4875],"rotation":0,"texture":"#0","tintindex":0},"south":{"uv":[7.5125,10.3875,7.9875,11.4875],"rotation":0,"texture":"#0","tintindex":0},"north":{"uv":[3.1375,9.7625,3.6125,10.8625],"rotation":0,"texture":"#0","tintindex":0},"west":{"uv":[0.0125,10.5125,0.4875,11.6125],"rotation":0,"texture":"#0","tintindex":0},"up":{"uv":[3.3625,12.7375,2.8875,12.2625],"rotation":0,"texture":"#0","tintindex":0},"down":{"uv":[12.7375,7.2625,12.2625,7.7375],"rotation":0,"texture":"#0","tintindex":0}}},{"from":[4.5714283,5.714286,5.428571],"to":[11.428572,13.142858,10.0],"rotation":{"angle":0.0,"axis":"y","origin":[8.0,18.285715,6.285714]},"faces":{"east":{"uv":[4.5125,3.8875,5.4875,5.4875],"rotation":0,"texture":"#0","tintindex":0},"south":{"uv":[1.5125,3.1375,2.9875,4.7375],"rotation":0,"texture":"#0","tintindex":0},"north":{"uv":[0.0125,3.1375,1.4875,4.7375],"rotation":0,"texture":"#0","tintindex":0},"west":{"uv":[0.0125,4.7625,0.9875,6.3625],"rotation":0,"texture":"#0","tintindex":0},"up":{"uv":[6.9875,4.8625,5.5125,3.8875],"rotation":0,"texture":"#0","tintindex":0},"down":{"uv":[6.3625,5.5125,4.8875,6.4875],"rotation":0,"texture":"#0","tintindex":0}}},{"from":[5.714286,4.989847,7.385498],"to":[10.285714,8.418419,10.81407],"rotation":{"angle":-45.0,"axis":"x","origin":[8.0,4.704133,9.671212]},"faces":{"east":{"uv":[2.2625,10.5125,2.9875,11.2375],"rotation":0,"texture":"#0","tintindex":0},"south":{"uv":[9.2625,6.1375,10.2375,6.8625],"rotation":0,"texture":"#0","tintindex":0},"north":{"uv":[4.6375,9.1375,5.6125,9.8625],"rotation":0,"texture":"#0","tintindex":0},"west":{"uv":[3.6375,10.5125,4.3625,11.2375],"rotation":0,"texture":"#0","tintindex":0},"up":{"uv":[10.2375,7.6125,9.2625,6.8875],"rotation":0,"texture":"#0","tintindex":0},"down":{"uv":[10.2375,7.6375,9.2625,8.3625],"rotation":0,"texture":"#0","tintindex":0}}},{"from":[12.857143,17.142857,10.0],"to":[15.714286,22.857143,12.857143],"rotation":{"angle":-45.0,"axis":"z","origin":[14.285715,21.714287,11.428572]},"faces":{"east":{"uv":[1.6375,8.2625,2.2375,9.4875],"rotation":0,"texture":"#0","tintindex":0},"south":{"uv":[2.2625,8.2625,2.8625,9.4875],"rotation":0,"texture":"#0","tintindex":0},"north":{"uv":[8.1375,5.3875,8.7375,6.6125],"rotation":0,"texture":"#0","tintindex":0},"west":{"uv":[5.7625,8.2625,6.3625,9.4875],"rotation":0,"texture":"#0","tintindex":0},"up":{"uv":[11.9875,2.8625,11.3875,2.2625],"rotation":0,"texture":"#0","tintindex":0},"down":{"uv":[10.7375,11.3875,10.1375,11.9875],"rotation":0,"texture":"#0","tintindex":0}}},{"from":[11.142858,12.0,9.428572],"to":[12.857143,15.428572,13.428572],"rotation":{"angle":-45.0,"axis":"z","origin":[14.285715,21.714287,11.428572]},"faces":{"east":{"uv":[6.3875,9.1375,7.2375,9.8625],"rotation":0,"texture":"#0","tintindex":0},"south":{"uv":[12.1375,4.3875,12.4875,5.1125],"rotation":0,"texture":"#0","tintindex":0},"north":{"uv":[3.6375,12.1375,3.9875,12.8625],"rotation":0,"texture":"#0","tintindex":0},"west":{"uv":[9.3875,1.6375,10.2375,2.3625],"rotation":0,"texture":"#0","tintindex":0},"up":{"uv":[4.2375,8.7375,3.8875,7.8875],"rotation":0,"texture":"#0","tintindex":0},"down":{"uv":[7.9875,11.5125,7.6375,12.3625],"rotation":0,"texture":"#0","tintindex":0}}},{"from":[8.857143,12.0,10.0],"to":[11.142858,14.285715,12.857143],"rotation":{"angle":-45.0,"axis":"z","origin":[14.285715,21.714287,11.428572]},"faces":{"east":{"uv":[11.7625,8.6375,12.3625,9.1125],"rotation":0,"texture":"#0","tintindex":0},"south":{"uv":[11.7625,12.1375,12.2375,12.6125],"rotation":0,"texture":"#0","tintindex":0},"north":{"uv":[12.1375,10.3875,12.6125,10.8625],"rotation":0,"texture":"#0","tintindex":0},"west":{"uv":[11.8875,0.0125,12.4875,0.4875],"rotation":0,"texture":"#0","tintindex":0},"up":{"uv":[0.8625,12.4875,0.3875,11.8875],"rotation":0,"texture":"#0","tintindex":0},"down":{"uv":[1.3625,11.8875,0.8875,12.4875],"rotation":0,"texture":"#0","tintindex":0}}},{"from":[11.142858,15.428572,12.285715],"to":[12.857143,17.142857,13.428572],"rotation":{"angle":-45.0,"axis":"z","origin":[14.285715,21.714287,11.428572]},"faces":{"east":{"uv":[12.6375,5.1375,12.8625,5.4875],"rotation":0,"texture":"#0","tintindex":0},"south":{"uv":[11.3875,12.3875,11.7375,12.7375],"rotation":0,"texture":"#0","tintindex":0},"north":{"uv":[11.0125,12.3875,11.3625,12.7375],"rotation":0,"texture":"#0","tintindex":0},"west":{"uv":[5.2625,12.6375,5.4875,12.9875],"rotation":0,"texture":"#0","tintindex":0},"up":{"uv":[12.7375,10.3625,12.3875,10.1375],"rotation":0,"texture":"#0","tintindex":0},"down":{"uv":[12.8625,9.1375,12.5125,9.3625],"rotation":0,"texture":"#0","tintindex":0}}},{"from":[11.142858,15.428572,9.428572],"to":[12.857143,17.142857,10.571428],"rotation":{"angle":-45.0,"axis":"z","origin":[14.285715,21.714287,8.571428]},"faces":{"east":{"uv":[12.6375,10.3875,12.8625,10.7375],"rotation":0,"texture":"#0","tintindex":0},"south":{"uv":[12.3875,11.7625,12.7375,12.1125],"rotation":0,"texture":"#0","tintindex":0},"north":{"uv":[12.3875,11.3875,12.7375,11.7375],"rotation":0,"texture":"#0","tintindex":0},"west":{"uv":[11.7625,12.6375,11.9875,12.9875],"rotation":0,"texture":"#0","tintindex":0},"up":{"uv":[12.3625,12.8625,12.0125,12.6375],"rotation":0,"texture":"#0","tintindex":0},"down":{"uv":[12.7375,12.6375,12.3875,12.8625],"rotation":0,"texture":"#0","tintindex":0}}},{"from":[12.857143,11.428572,8.857143],"to":[17.428572,17.142857,14.0],"rotation":{"angle":-45.0,"axis":"z","origin":[14.285715,21.714287,11.428572]},"faces":{"east":{"uv":[5.8875,0.0125,6.9875,1.2375],"rotation":0,"texture":"#0","tintindex":0},"south":{"uv":[3.2625,6.6375,4.2375,7.8625],"rotation":0,"texture":"#0","tintindex":0},"north":{"uv":[4.8875,6.5125,5.8625,7.7375],"rotation":0,"texture":"#0","tintindex":0},"west":{"uv":[2.1375,5.8875,3.2375,7.1125],"rotation":0,"texture":"#0","tintindex":0},"up":{"uv":[7.4875,3.8625,6.5125,2.7625],"rotation":0,"texture":"#0","tintindex":0},"down":{"uv":[7.8625,1.2625,6.8875,2.3625],"rotation":0,"texture":"#0","tintindex":0}}},{"from":[12.857143,8.571428,8.857143],"to":[17.428572,11.428572,12.285715],"rotation":{"angle":-45.0,"axis":"z","origin":[14.285715,21.714287,11.428572]},"faces":{"east":{"uv":[11.0125,7.3875,11.7375,7.9875],"rotation":0,"texture":"#0","tintindex":0},"south":{"uv":[10.2625,1.6375,11.2375,2.2375],"rotation":0,"texture":"#0","tintindex":0},"north":{"uv":[10.0125,0.0125,10.9875,0.6125],"rotation":0,"texture":"#0","tintindex":0},"west":{"uv":[0.5125,11.2625,1.2375,11.8625],"rotation":0,"texture":"#0","tintindex":0},"up":{"uv":[4.6125,9.6125,3.6375,8.8875],"rotation":0,"texture":"#0","tintindex":0},"down":{"uv":[9.9875,0.0125,9.0125,0.7375],"rotation":0,"texture":"#0","tintindex":0}}},{"from":[17.428572,12.0,9.428572],"to":[19.142857,16.0,13.428572],"rotation":{"angle":-45.0,"axis":"z","origin":[14.285715,21.714287,11.428572]},"faces":{"east":{"uv":[6.3875,8.2625,7.2375,9.1125],"rotation":0,"texture":"#0","tintindex":0},"south":{"uv":[4.1375,11.7625,4.4875,12.6125],"rotation":0,"texture":"#0","tintindex":0},"north":{"uv":[0.0125,11.6375,0.3625,12.4875],"rotation":0,"texture":"#0","tintindex":0},"west":{"uv":[8.3875,6.6375,9.2375,7.4875],"rotation":0,"texture":"#0","tintindex":0},"up":{"uv":[12.1125,5.2375,11.7625,4.3875],"rotation":0,"texture":"#0","tintindex":0},"down":{"uv":[4.8625,11.7625,4.5125,12.6125],"rotation":0,"texture":"#0","tintindex":0}}},{"from":[12.571428,22.857143,9.714286],"to":[16.0,24.0,13.142858],"rotation":{"angle":-45.0,"axis":"z","origin":[14.285715,21.714287,11.428572]},"faces":{"east":{"uv":[11.8875,0.5125,12.6125,0.7375],"rotation":0,"texture":"#0","tintindex":0},"south":{"uv":[12.3875,1.6375,13.1125,1.8625],"rotation":0,"texture":"#0","tintindex":0},"north":{"uv":[11.7625,9.1375,12.4875,9.3625],"rotation":0,"texture":"#0","tintindex":0},"west":{"uv":[12.3875,8.6375,13.1125,8.8625],"rotation":0,"texture":"#0","tintindex":0},"up":{"uv":[10.9875,6.4875,10.2625,5.7625],"rotation":0,"texture":"#0","tintindex":0},"down":{"uv":[10.9875,6.5125,10.2625,7.2375],"rotation":0,"texture":"#0","tintindex":0}}},{"from":[10.571428,16.57143,6.5714283],"to":[14.571428,19.428572,9.428572],"rotation":{"angle":-22.5,"axis":"z","origin":[12.571428,17.714287,8.0]},"faces":{"east":{"uv":[10.7625,11.3875,11.3625,11.9875],"rotation":0,"texture":"#0","tintindex":0},"south":{"uv":[10.6375,3.2625,11.4875,3.8625],"rotation":0,"texture":"#0","tintindex":0},"north":{"uv":[5.5125,4.8875,6.3625,5.4875],"rotation":0,"texture":"#0","tintindex":0},"west":{"uv":[11.3875,11.3875,11.9875,11.9875],"rotation":0,"texture":"#0","tintindex":0},"up":{"uv":[8.8625,11.2375,8.0125,10.6375],"rotation":0,"texture":"#0","tintindex":0},"down":{"uv":[11.4875,8.0125,10.6375,8.6125],"rotation":0,"texture":"#0","tintindex":0}}}],"display":{"head":{"translation":[0.0,-6.4,0.0],"scale":[4.0,4.0,4.0]}}}{"textures":{"0":"item/mobs/zahar/zahar"},"elements":[{"from":[5.142857,17.142857,3.142857],"to":[10.285714,19.428572,9.428572],"rotation":{"angle":-22.5,"axis":"x","origin":[8.0,18.285715,6.285714]},"faces":{"east":{"uv":[8.2625,9.2625,9.6125,9.7375],"rotation":0,"texture":"#0","tintindex":0},"south":{"uv":[10.2625,2.7625,11.3625,3.2375],"rotation":0,"texture":"#0","tintindex":0},"north":{"uv":[10.2625,2.2625,11.3625,2.7375],"rotation":0,"texture":"#0","tintindex":0},"west":{"uv":[9.2625,8.3875,10.6125,8.8625],"rotation":0,"texture":"#0","tintindex":0},"up":{"uv":[5.8625,1.3625,4.7625,0.0125],"rotation":0,"texture":"#0","tintindex":0},"down":{"uv":[2.1125,4.7625,1.0125,6.1125],"rotation":0,"texture":"#0","tintindex":0}}},{"from":[3.4285712,12.0,3.142857],"to":[12.571428,17.142857,9.428572],"rotation":{"angle":-22.5,"axis":"x","origin":[8.0,18.285715,6.285714]},"faces":{"east":{"uv":[2.1375,4.7625,3.4875,5.8625],"rotation":0,"texture":"#0","tintindex":0},"south":{"uv":[4.5125,2.7625,6.4875,3.8625],"rotation":0,"texture":"#0","tintindex":0},"north":{"uv":[4.0125,1.6375,5.9875,2.7375],"rotation":0,"texture":"#0","tintindex":0},"west":{"uv":[3.5125,5.5125,4.8625,6.6125],"rotation":0,"texture":"#0","tintindex":0},"up":{"uv":[1.9875,3.1125,0.0125,1.7625],"rotation":0,"texture":"#0","tintindex":0},"down":{"uv":[3.9875,1.7625,2.0125,3.1125],"rotation":0,"texture":"#0","tintindex":0}}},{"from":[12.571428,12.0,6.0],"to":[14.857143,17.142857,8.285714],"rotation":{"angle":-22.5,"axis":"x","origin":[8.0,18.285715,6.285714]},"faces":{"east":{"uv":[7.0125,10.3875,7.4875,11.4875],"rotation":0,"texture":"#0","tintindex":0},"south":{"uv":[7.5125,10.3875,7.9875,11.4875],"rotation":0,"texture":"#0","tintindex":0},"north":{"uv":[3.1375,9.7625,3.6125,10.8625],"rotation":0,"texture":"#0","tintindex":0},"west":{"uv":[0.0125,10.5125,0.4875,11.6125],"rotation":0,"texture":"#0","tintindex":0},"up":{"uv":[3.3625,12.7375,2.8875,12.2625],"rotation":0,"texture":"#0","tintindex":0},"down":{"uv":[12.7375,7.2625,12.2625,7.7375],"rotation":0,"texture":"#0","tintindex":0}}},{"from":[4.5714283,5.714286,5.428571],"to":[11.428572,13.142858,10.0],"rotation":{"angle":0.0,"axis":"y","origin":[8.0,18.285715,6.285714]},"faces":{"east":{"uv":[4.5125,3.8875,5.4875,5.4875],"rotation":0,"texture":"#0","tintindex":0},"south":{"uv":[1.5125,3.1375,2.9875,4.7375],"rotation":0,"texture":"#0","tintindex":0},"north":{"uv":[0.0125,3.1375,1.4875,4.7375],"rotation":0,"texture":"#0","tintindex":0},"west":{"uv":[0.0125,4.7625,0.9875,6.3625],"rotation":0,"texture":"#0","tintindex":0},"up":{"uv":[6.9875,4.8625,5.5125,3.8875],"rotation":0,"texture":"#0","tintindex":0},"down":{"uv":[6.3625,5.5125,4.8875,6.4875],"rotation":0,"texture":"#0","tintindex":0}}},{"from":[5.714286,4.989847,7.385498],"to":[10.285714,8.418419,10.81407],"rotation":{"angle":-45.0,"axis":"x","origin":[8.0,4.704133,9.671212]},"faces":{"east":{"uv":[2.2625,10.5125,2.9875,11.2375],"rotation":0,"texture":"#0","tintindex":0},"south":{"uv":[9.2625,6.1375,10.2375,6.8625],"rotation":0,"texture":"#0","tintindex":0},"north":{"uv":[4.6375,9.1375,5.6125,9.8625],"rotation":0,"texture":"#0","tintindex":0},"west":{"uv":[3.6375,10.5125,4.3625,11.2375],"rotation":0,"texture":"#0","tintindex":0},"up":{"uv":[10.2375,7.6125,9.2625,6.8875],"rotation":0,"texture":"#0","tintindex":0},"down":{"uv":[10.2375,7.6375,9.2625,8.3625],"rotation":0,"texture":"#0","tintindex":0}}},{"from":[12.857143,17.142857,10.0],"to":[15.714286,22.857143,12.857143],"rotation":{"angle":-45.0,"axis":"z","origin":[14.285715,21.714287,11.428572]},"faces":{"east":{"uv":[1.6375,8.2625,2.2375,9.4875],"rotation":0,"texture":"#0","tintindex":0},"south":{"uv":[2.2625,8.2625,2.8625,9.4875],"rotation":0,"texture":"#0","tintindex":0},"north":{"uv":[8.1375,5.3875,8.7375,6.6125],"rotation":0,"texture":"#0","tintindex":0},"west":{"uv":[5.7625,8.2625,6.3625,9.4875],"rotation":0,"texture":"#0","tintindex":0},"up":{"uv":[11.9875,2.8625,11.3875,2.2625],"rotation":0,"texture":"#0","tintindex":0},"down":{"uv":[10.7375,11.3875,10.1375,11.9875],"rotation":0,"texture":"#0","tintindex":0}}},{"from":[11.142858,12.0,9.428572],"to":[12.857143,15.428572,13.428572],"rotation":{"angle":-45.0,"axis":"z","origin":[14.285715,21.714287,11.428572]},"faces":{"east":{"uv":[6.3875,9.1375,7.2375,9.8625],"rotation":0,"texture":"#0","tintindex":0},"south":{"uv":[12.1375,4.3875,12.4875,5.1125],"rotation":0,"texture":"#0","tintindex":0},"north":{"uv":[3.6375,12.1375,3.9875,12.8625],"rotation":0,"texture":"#0","tintindex":0},"west":{"uv":[9.3875,1.6375,10.2375,2.3625],"rotation":0,"texture":"#0","tintindex":0},"up":{"uv":[4.2375,8.7375,3.8875,7.8875],"rotation":0,"texture":"#0","tintindex":0},"down":{"uv":[7.9875,11.5125,7.6375,12.3625],"rotation":0,"texture":"#0","tintindex":0}}},{"from":[8.857143,12.0,10.0],"to":[11.142858,14.285715,12.857143],"rotation":{"angle":-45.0,"axis":"z","origin":[14.285715,21.714287,11.428572]},"faces":{"east":{"uv":[11.7625,8.6375,12.3625,9.1125],"rotation":0,"texture":"#0","tintindex":0},"south":{"uv":[11.7625,12.1375,12.2375,12.6125],"rotation":0,"texture":"#0","tintindex":0},"north":{"uv":[12.1375,10.3875,12.6125,10.8625],"rotation":0,"texture":"#0","tintindex":0},"west":{"uv":[11.8875,0.0125,12.4875,0.4875],"rotation":0,"texture":"#0","tintindex":0},"up":{"uv":[0.8625,12.4875,0.3875,11.8875],"rotation":0,"texture":"#0","tintindex":0},"down":{"uv":[1.3625,11.8875,0.8875,12.4875],"rotation":0,"texture":"#0","tintindex":0}}},{"from":[11.142858,15.428572,12.285715],"to":[12.857143,17.142857,13.428572],"rotation":{"angle":-45.0,"axis":"z","origin":[14.285715,21.714287,11.428572]},"faces":{"east":{"uv":[12.6375,5.1375,12.8625,5.4875],"rotation":0,"texture":"#0","tintindex":0},"south":{"uv":[11.3875,12.3875,11.7375,12.7375],"rotation":0,"texture":"#0","tintindex":0},"north":{"uv":[11.0125,12.3875,11.3625,12.7375],"rotation":0,"texture":"#0","tintindex":0},"west":{"uv":[5.2625,12.6375,5.4875,12.9875],"rotation":0,"texture":"#0","tintindex":0},"up":{"uv":[12.7375,10.3625,12.3875,10.1375],"rotation":0,"texture":"#0","tintindex":0},"down":{"uv":[12.8625,9.1375,12.5125,9.3625],"rotation":0,"texture":"#0","tintindex":0}}},{"from":[11.142858,15.428572,9.428572],"to":[12.857143,17.142857,10.571428],"rotation":{"angle":-45.0,"axis":"z","origin":[14.285715,21.714287,8.571428]},"faces":{"east":{"uv":[12.6375,10.3875,12.8625,10.7375],"rotation":0,"texture":"#0","tintindex":0},"south":{"uv":[12.3875,11.7625,12.7375,12.1125],"rotation":0,"texture":"#0","tintindex":0},"north":{"uv":[12.3875,11.3875,12.7375,11.7375],"rotation":0,"texture":"#0","tintindex":0},"west":{"uv":[11.7625,12.6375,11.9875,12.9875],"rotation":0,"texture":"#0","tintindex":0},"up":{"uv":[12.3625,12.8625,12.0125,12.6375],"rotation":0,"texture":"#0","tintindex":0},"down":{"uv":[12.7375,12.6375,12.3875,12.8625],"rotation":0,"texture":"#0","tintindex":0}}},{"from":[12.857143,11.428572,8.857143],"to":[17.428572,17.142857,14.0],"rotation":{"angle":-45.0,"axis":"z","origin":[14.285715,21.714287,11.428572]},"faces":{"east":{"uv":[5.8875,0.0125,6.9875,1.2375],"rotation":0,"texture":"#0","tintindex":0},"south":{"uv":[3.2625,6.6375,4.2375,7.8625],"rotation":0,"texture":"#0","tintindex":0},"north":{"uv":[4.8875,6.5125,5.8625,7.7375],"rotation":0,"texture":"#0","tintindex":0},"west":{"uv":[2.1375,5.8875,3.2375,7.1125],"rotation":0,"texture":"#0","tintindex":0},"up":{"uv":[7.4875,3.8625,6.5125,2.7625],"rotation":0,"texture":"#0","tintindex":0},"down":{"uv":[7.8625,1.2625,6.8875,2.3625],"rotation":0,"texture":"#0","tintindex":0}}},{"from":[12.857143,8.571428,8.857143],"to":[17.428572,11.428572,12.285715],"rotation":{"angle":-45.0,"axis":"z","origin":[14.285715,21.714287,11.428572]},"faces":{"east":{"uv":[11.0125,7.3875,11.7375,7.9875],"rotation":0,"texture":"#0","tintindex":0},"south":{"uv":[10.2625,1.6375,11.2375,2.2375],"rotation":0,"texture":"#0","tintindex":0},"north":{"uv":[10.0125,0.0125,10.9875,0.6125],"rotation":0,"texture":"#0","tintindex":0},"west":{"uv":[0.5125,11.2625,1.2375,11.8625],"rotation":0,"texture":"#0","tintindex":0},"up":{"uv":[4.6125,9.6125,3.6375,8.8875],"rotation":0,"texture":"#0","tintindex":0},"down":{"uv":[9.9875,0.0125,9.0125,0.7375],"rotation":0,"texture":"#0","tintindex":0}}},{"from":[17.428572,12.0,9.428572],"to":[19.142857,16.0,13.428572],"rotation":{"angle":-45.0,"axis":"z","origin":[14.285715,21.714287,11.428572]},"faces":{"east":{"uv":[6.3875,8.2625,7.2375,9.1125],"rotation":0,"texture":"#0","tintindex":0},"south":{"uv":[4.1375,11.7625,4.4875,12.6125],"rotation":0,"texture":"#0","tintindex":0},"north":{"uv":[0.0125,11.6375,0.3625,12.4875],"rotation":0,"texture":"#0","tintindex":0},"west":{"uv":[8.3875,6.6375,9.2375,7.4875],"rotation":0,"texture":"#0","tintindex":0},"up":{"uv":[12.1125,5.2375,11.7625,4.3875],"rotation":0,"texture":"#0","tintindex":0},"down":{"uv":[4.8625,11.7625,4.5125,12.6125],"rotation":0,"texture":"#0","tintindex":0}}},{"from":[12.571428,22.857143,9.714286],"to":[16.0,24.0,13.142858],"rotation":{"angle":-45.0,"axis":"z","origin":[14.285715,21.714287,11.428572]},"faces":{"east":{"uv":[11.8875,0.5125,12.6125,0.7375],"rotation":0,"texture":"#0","tintindex":0},"south":{"uv":[12.3875,1.6375,13.1125,1.8625],"rotation":0,"texture":"#0","tintindex":0},"north":{"uv":[11.7625,9.1375,12.4875,9.3625],"rotation":0,"texture":"#0","tintindex":0},"west":{"uv":[12.3875,8.6375,13.1125,8.8625],"rotation":0,"texture":"#0","tintindex":0},"up":{"uv":[10.9875,6.4875,10.2625,5.7625],"rotation":0,"texture":"#0","tintindex":0},"down":{"uv":[10.9875,6.5125,10.2625,7.2375],"rotation":0,"texture":"#0","tintindex":0}}},{"from":[10.571428,16.57143,6.5714283],"to":[14.571428,19.428572,9.428572],"rotation":{"angle":-22.5,"axis":"z","origin":[12.571428,17.714287,8.0]},"faces":{"east":{"uv":[10.7625,11.3875,11.3625,11.9875],"rotation":0,"texture":"#0","tintindex":0},"south":{"uv":[10.6375,3.2625,11.4875,3.8625],"rotation":0,"texture":"#0","tintindex":0},"north":{"uv":[5.5125,4.8875,6.3625,5.4875],"rotation":0,"texture":"#0","tintindex":0},"west":{"uv":[11.3875,11.3875,11.9875,11.9875],"rotation":0,"texture":"#0","tintindex":0},"up":{"uv":[8.8625,11.2375,8.0125,10.6375],"rotation":0,"texture":"#0","tintindex":0},"down":{"uv":[11.4875,8.0125,10.6375,8.6125],"rotation":0,"texture":"#0","tintindex":0}}}],"display":{"head":{"translation":[0.0,-6.4,0.0],"scale":[4.0,4.0,4.0]}}}{"textures":{"0":"item/mobs/zahar/zahar"},"elements":[{"from":[5.142857,17.142857,3.142857],"to":[10.285714,19.428572,9.428572],"rotation":{"angle":-22.5,"axis":"x","origin":[8.0,18.285715,6.285714]},"faces":{"east":{"uv":[8.2625,9.2625,9.6125,9.7375],"rotation":0,"texture":"#0","tintindex":0},"south":{"uv":[10.2625,2.7625,11.3625,3.2375],"rotation":0,"texture":"#0","tintindex":0},"north":{"uv":[10.2625,2.2625,11.3625,2.7375],"rotation":0,"texture":"#0","tintindex":0},"west":{"uv":[9.2625,8.3875,10.6125,8.8625],"rotation":0,"texture":"#0","tintindex":0},"up":{"uv":[5.8625,1.3625,4.7625,0.0125],"rotation":0,"texture":"#0","tintindex":0},"down":{"uv":[2.1125,4.7625,1.0125,6.1125],"rotation":0,"texture":"#0","tintindex":0}}},{"from":[3.4285712,12.0,3.142857],"to":[12.571428,17.142857,9.428572],"rotation":{"angle":-22.5,"axis":"x","origin":[8.0,18.285715,6.285714]},"faces":{"east":{"uv":[2.1375,4.7625,3.4875,5.8625],"rotation":0,"texture":"#0","tintindex":0},"south":{"uv":[4.5125,2.7625,6.4875,3.8625],"rotation":0,"texture":"#0","tintindex":0},"north":{"uv":[4.0125,1.6375,5.9875,2.7375],"rotation":0,"texture":"#0","tintindex":0},"west":{"uv":[3.5125,5.5125,4.8625,6.6125],"rotation":0,"texture":"#0","tintindex":0},"up":{"uv":[1.9875,3.1125,0.0125,1.7625],"rotation":0,"texture":"#0","tintindex":0},"down":{"uv":[3.9875,1.7625,2.0125,3.1125],"rotation":0,"texture":"#0","tintindex":0}}},{"from":[12.571428,12.0,6.0],"to":[14.857143,17.142857,8.285714],"rotation":{"angle":-22.5,"axis":"x","origin":[8.0,18.285715,6.285714]},"faces":{"east":{"uv":[7.0125,10.3875,7.4875,11.4875],"rotation":0,"texture":"#0","tintindex":0},"south":{"uv":[7.5125,10.3875,7.9875,11.4875],"rotation":0,"texture":"#0","tintindex":0},"north":{"uv":[3.1375,9.7625,3.6125,10.8625],"rotation":0,"texture":"#0","tintindex":0},"west":{"uv":[0.0125,10.5125,0.4875,11.6125],"rotation":0,"texture":"#0","tintindex":0},"up":{"uv":[3.3625,12.7375,2.8875,12.2625],"rotation":0,"texture":"#0","tintindex":0},"down":{"uv":[12.7375,7.2625,12.2625,7.7375],"rotation":0,"texture":"#0","tintindex":0}}},{"from":[4.5714283,5.714286,5.428571],"to":[11.428572,13.142858,10.0],"rotation":{"angle":0.0,"axis":"y","origin":[8.0,18.285715,6.285714]},"faces":{"east":{"uv":[4.5125,3.8875,5.4875,5.4875],"rotation":0,"texture":"#0","tintindex":0},"south":{"uv":[1.5125,3.1375,2.9875,4.7375],"rotation":0,"texture":"#0","tintindex":0},"north":{"uv":[0.0125,3.1375,1.4875,4.7375],"rotation":0,"texture":"#0","tintindex":0},"west":{"uv":[0.0125,4.7625,0.9875,6.3625],"rotation":0,"texture":"#0","tintindex":0},"up":{"uv":[6.9875,4.8625,5.5125,3.8875],"rotation":0,"texture":"#0","tintindex":0},"down":{"uv":[6.3625,5.5125,4.8875,6.4875],"rotation":0,"texture":"#0","tintindex":0}}},{"from":[5.714286,4.989847,7.385498],"to":[10.285714,8.418419,10.81407],"rotation":{"angle":-45.0,"axis":"x","origin":[8.0,4.704133,9.671212]},"faces":{"east":{"uv":[2.2625,10.5125,2.9875,11.2375],"rotation":0,"texture":"#0","tintindex":0},"south":{"uv":[9.2625,6.1375,10.2375,6.8625],"rotation":0,"texture":"#0","tintindex":0},"north":{"uv":[4.6375,9.1375,5.6125,9.8625],"rotation":0,"texture":"#0","tintindex":0},"west":{"uv":[3.6375,10.5125,4.3625,11.2375],"rotation":0,"texture":"#0","tintindex":0},"up":{"uv":[10.2375,7.6125,9.2625,6.8875],"rotation":0,"texture":"#0","tintindex":0},"down":{"uv":[10.2375,7.6375,9.2625,8.3625],"rotation":0,"texture":"#0","tintindex":0}}},{"from":[12.857143,17.142857,10.0],"to":[15.714286,22.857143,12.857143],"rotation":{"angle":-45.0,"axis":"z","origin":[14.285715,21.714287,11.428572]},"faces":{"east":{"uv":[1.6375,8.2625,2.2375,9.4875],"rotation":0,"texture":"#0","tintindex":0},"south":{"uv":[2.2625,8.2625,2.8625,9.4875],"rotation":0,"texture":"#0","tintindex":0},"north":{"uv":[8.1375,5.3875,8.7375,6.6125],"rotation":0,"texture":"#0","tintindex":0},"west":{"uv":[5.7625,8.2625,6.3625,9.4875],"rotation":0,"texture":"#0","tintindex":0},"up":{"uv":[11.9875,2.8625,11.3875,2.2625],"rotation":0,"texture":"#0","tintindex":0},"down":{"uv":[10.7375,11.3875,10.1375,11.9875],"rotation":0,"texture":"#0","tintindex":0}}},{"from":[11.142858,12.0,9.428572],"to":[12.857143,15.428572,13.428572],"rotation":{"angle":-45.0,"axis":"z","origin":[14.285715,21.714287,11.428572]},"faces":{"east":{"uv":[6.3875,9.1375,7.2375,9.8625],"rotation":0,"texture":"#0","tintindex":0},"south":{"uv":[12.1375,4.3875,12.4875,5.1125],"rotation":0,"texture":"#0","tintindex":0},"north":{"uv":[3.6375,12.1375,3.9875,12.8625],"rotation":0,"texture":"#0","tintindex":0},"west":{"uv":[9.3875,1.6375,10.2375,2.3625],"rotation":0,"texture":"#0","tintindex":0},"up":{"uv":[4.2375,8.7375,3.8875,7.8875],"rotation":0,"texture":"#0","tintindex":0},"down":{"uv":[7.9875,11.5125,7.6375,12.3625],"rotation":0,"texture":"#0","tintindex":0}}},{"from":[8.857143,12.0,10.0],"to":[11.142858,14.285715,12.857143],"rotation":{"angle":-45.0,"axis":"z","origin":[14.285715,21.714287,11.428572]},"faces":{"east":{"uv":[11.7625,8.6375,12.3625,9.1125],"rotation":0,"texture":"#0","tintindex":0},"south":{"uv":[11.7625,12.1375,12.2375,12.6125],"rotation":0,"texture":"#0","tintindex":0},"north":{"uv":[12.1375,10.3875,12.6125,10.8625],"rotation":0,"texture":"#0","tintindex":0},"west":{"uv":[11.8875,0.0125,12.4875,0.4875],"rotation":0,"texture":"#0","tintindex":0},"up":{"uv":[0.8625,12.4875,0.3875,11.8875],"rotation":0,"texture":"#0","tintindex":0},"down":{"uv":[1.3625,11.8875,0.8875,12.4875],"rotation":0,"texture":"#0","tintindex":0}}},{"from":[11.142858,15.428572,12.285715],"to":[12.857143,17.142857,13.428572],"rotation":{"angle":-45.0,"axis":"z","origin":[14.285715,21.714287,11.428572]},"faces":{"east":{"uv":[12.6375,5.1375,12.8625,5.4875],"rotation":0,"texture":"#0","tintindex":0},"south":{"uv":[11.3875,12.3875,11.7375,12.7375],"rotation":0,"texture":"#0","tintindex":0},"north":{"uv":[11.0125,12.3875,11.3625,12.7375],"rotation":0,"texture":"#0","tintindex":0},"west":{"uv":[5.2625,12.6375,5.4875,12.9875],"rotation":0,"texture":"#0","tintindex":0},"up":{"uv":[12.7375,10.3625,12.3875,10.1375],"rotation":0,"texture":"#0","tintindex":0},"down":{"uv":[12.8625,9.1375,12.5125,9.3625],"rotation":0,"texture":"#0","tintindex":0}}},{"from":[11.142858,15.428572,9.428572],"to":[12.857143,17.142857,10.571428],"rotation":{"angle":-45.0,"axis":"z","origin":[14.285715,21.714287,8.571428]},"faces":{"east":{"uv":[12.6375,10.3875,12.8625,10.7375],"rotation":0,"texture":"#0","tintindex":0},"south":{"uv":[12.3875,11.7625,12.7375,12.1125],"rotation":0,"texture":"#0","tintindex":0},"north":{"uv":[12.3875,11.3875,12.7375,11.7375],"rotation":0,"texture":"#0","tintindex":0},"west":{"uv":[11.7625,12.6375,11.9875,12.9875],"rotation":0,"texture":"#0","tintindex":0},"up":{"uv":[12.3625,12.8625,12.0125,12.6375],"rotation":0,"texture":"#0","tintindex":0},"down":{"uv":[12.7375,12.6375,12.3875,12.8625],"rotation":0,"texture":"#0","tintindex":0}}},{"from":[12.857143,11.428572,8.857143],"to":[17.428572,17.142857,14.0],"rotation":{"angle":-45.0,"axis":"z","origin":[14.285715,21.714287,11.428572]},"faces":{"east":{"uv":[5.8875,0.0125,6.9875,1.2375],"rotation":0,"texture":"#0","tintindex":0},"south":{"uv":[3.2625,6.6375,4.2375,7.8625],"rotation":0,"texture":"#0","tintindex":0},"north":{"uv":[4.8875,6.5125,5.8625,7.7375],"rotation":0,"texture":"#0","tintindex":0},"west":{"uv":[2.1375,5.8875,3.2375,7.1125],"rotation":0,"texture":"#0","tintindex":0},"up":{"uv":[7.4875,3.8625,6.5125,2.7625],"rotation":0,"texture":"#0","tintindex":0},"down":{"uv":[7.8625,1.2625,6.8875,2.3625],"rotation":0,"texture":"#0","tintindex":0}}},{"from":[12.857143,8.571428,8.857143],"to":[17.428572,11.428572,12.285715],"rotation":{"angle":-45.0,"axis":"z","origin":[14.285715,21.714287,11.428572]},"faces":{"east":{"uv":[11.0125,7.3875,11.7375,7.9875],"rotation":0,"texture":"#0","tintindex":0},"south":{"uv":[10.2625,1.6375,11.2375,2.2375],"rotation":0,"texture":"#0","tintindex":0},"north":{"uv":[10.0125,0.0125,10.9875,0.6125],"rotation":0,"texture":"#0","tintindex":0},"west":{"uv":[0.5125,11.2625,1.2375,11.8625],"rotation":0,"texture":"#0","tintindex":0},"up":{"uv":[4.6125,9.6125,3.6375,8.8875],"rotation":0,"texture":"#0","tintindex":0},"down":{"uv":[9.9875,0.0125,9.0125,0.7375],"rotation":0,"texture":"#0","tintindex":0}}},{"from":[17.428572,12.0,9.428572],"to":[19.142857,16.0,13.428572],"rotation":{"angle":-45.0,"axis":"z","origin":[14.285715,21.714287,11.428572]},"faces":{"east":{"uv":[6.3875,8.2625,7.2375,9.1125],"rotation":0,"texture":"#0","tintindex":0},"south":{"uv":[4.1375,11.7625,4.4875,12.6125],"rotation":0,"texture":"#0","tintindex":0},"north":{"uv":[0.0125,11.6375,0.3625,12.4875],"rotation":0,"texture":"#0","tintindex":0},"west":{"uv":[8.3875,6.6375,9.2375,7.4875],"rotation":0,"texture":"#0","tintindex":0},"up":{"uv":[12.1125,5.2375,11.7625,4.3875],"rotation":0,"texture":"#0","tintindex":0},"down":{"uv":[4.8625,11.7625,4.5125,12.6125],"rotation":0,"texture":"#0","tintindex":0}}},{"from":[12.571428,22.857143,9.714286],"to":[16.0,24.0,13.142858],"rotation":{"angle":-45.0,"axis":"z","origin":[14.285715,21.714287,11.428572]},"faces":{"east":{"uv":[11.8875,0.5125,12.6125,0.7375],"rotation":0,"texture":"#0","tintindex":0},"south":{"uv":[12.3875,1.6375,13.1125,1.8625],"rotation":0,"texture":"#0","tintindex":0},"north":{"uv":[11.7625,9.1375,12.4875,9.3625],"rotation":0,"texture":"#0","tintindex":0},"west":{"uv":[12.3875,8.6375,13.1125,8.8625],"rotation":0,"texture":"#0","tintindex":0},"up":{"uv":[10.9875,6.4875,10.2625,5.7625],"rotation":0,"texture":"#0","tintindex":0},"down":{"uv":[10.9875,6.5125,10.2625,7.2375],"rotation":0,"texture":"#0","tintindex":0}}},{"from":[10.571428,16.57143,6.5714283],"to":[14.571428,19.428572,9.428572],"rotation":{"angle":-22.5,"axis":"z","origin":[12.571428,17.714287,8.0]},"faces":{"east":{"uv":[10.7625,11.3875,11.3625,11.9875],"rotation":0,"texture":"#0","tintindex":0},"south":{"uv":[10.6375,3.2625,11.4875,3.8625],"rotation":0,"texture":"#0","tintindex":0},"north":{"uv":[5.5125,4.8875,6.3625,5.4875],"rotation":0,"texture":"#0","tintindex":0},"west":{"uv":[11.3875,11.3875,11.9875,11.9875],"rotation":0,"texture":"#0","tintindex":0},"up":{"uv":[8.8625,11.2375,8.0125,10.6375],"rotation":0,"texture":"#0","tintindex":0},"down":{"uv":[11.4875,8.0125,10.6375,8.6125],"rotation":0,"texture":"#0","tintindex":0}}}],"display":{"head":{"translation":[0.0,-6.4,0.0],"scale":[4.0,4.0,4.0]}}}{"textures":{"0":"item/mobs/zahar/zahar"},"elements":[{"from":[5.142857,17.142857,3.142857],"to":[10.285714,19.428572,9.428572],"rotation":{"angle":-22.5,"axis":"x","origin":[8.0,18.285715,6.285714]},"faces":{"east":{"uv":[8.2625,9.2625,9.6125,9.7375],"rotation":0,"texture":"#0","tintindex":0},"south":{"uv":[10.2625,2.7625,11.3625,3.2375],"rotation":0,"texture":"#0","tintindex":0},"north":{"uv":[10.2625,2.2625,11.3625,2.7375],"rotation":0,"texture":"#0","tintindex":0},"west":{"uv":[9.2625,8.3875,10.6125,8.8625],"rotation":0,"texture":"#0","tintindex":0},"up":{"uv":[5.8625,1.3625,4.7625,0.0125],"rotation":0,"texture":"#0","tintindex":0},"down":{"uv":[2.1125,4.7625,1.0125,6.1125],"rotation":0,"texture":"#0","tintindex":0}}},{"from":[3.4285712,12.0,3.142857],"to":[12.571428,17.142857,9.428572],"rotation":{"angle":-22.5,"axis":"x","origin":[8.0,18.285715,6.285714]},"faces":{"east":{"uv":[2.1375,4.7625,3.4875,5.8625],"rotation":0,"texture":"#0","tintindex":0},"south":{"uv":[4.5125,2.7625,6.4875,3.8625],"rotation":0,"texture":"#0","tintindex":0},"north":{"uv":[4.0125,1.6375,5.9875,2.7375],"rotation":0,"texture":"#0","tintindex":0},"west":{"uv":[3.5125,5.5125,4.8625,6.6125],"rotation":0,"texture":"#0","tintindex":0},"up":{"uv":[1.9875,3.1125,0.0125,1.7625],"rotation":0,"texture":"#0","tintindex":0},"down":{"uv":[3.9875,1.7625,2.0125,3.1125],"rotation":0,"texture":"#0","tintindex":0}}},{"from":[12.571428,12.0,6.0],"to":[14.857143,17.142857,8.285714],"rotation":{"angle":-22.5,"axis":"x","origin":[8.0,18.285715,6.285714]},"faces":{"east":{"uv":[7.0125,10.3875,7.4875,11.4875],"rotation":0,"texture":"#0","tintindex":0},"south":{"uv":[7.5125,10.3875,7.9875,11.4875],"rotation":0,"texture":"#0","tintindex":0},"north":{"uv":[3.1375,9.7625,3.6125,10.8625],"rotation":0,"texture":"#0","tintindex":0},"west":{"uv":[0.0125,10.5125,0.4875,11.6125],"rotation":0,"texture":"#0","tintindex":0},"up":{"uv":[3.3625,12.7375,2.8875,12.2625],"rotation":0,"texture":"#0","tintindex":0},"down":{"uv":[12.7375,7.2625,12.2625,7.7375],"rotation":0,"texture":"#0","tintindex":0}}},{"from":[4.5714283,5.714286,5.428571],"to":[11.428572,13.142858,10.0],"rotation":{"angle":0.0,"axis":"y","origin":[8.0,18.285715,6.285714]},"faces":{"east":{"uv":[4.5125,3.8875,5.4875,5.4875],"rotation":0,"texture":"#0","tintindex":0},"south":{"uv":[1.5125,3.1375,2.9875,4.7375],"rotation":0,"texture":"#0","tintindex":0},"north":{"uv":[0.0125,3.1375,1.4875,4.7375],"rotation":0,"texture":"#0","tintindex":0},"west":{"uv":[0.0125,4.7625,0.9875,6.3625],"rotation":0,"texture":"#0","tintindex":0},"up":{"uv":[6.9875,4.8625,5.5125,3.8875],"rotation":0,"texture":"#0","tintindex":0},"down":{"uv":[6.3625,5.5125,4.8875,6.4875],"rotation":0,"texture":"#0","tintindex":0}}},{"from":[5.714286,4.989847,7.385498],"to":[10.285714,8.418419,10.81407],"rotation":{"angle":-45.0,"axis":"x","origin":[8.0,4.704133,9.671212]},"faces":{"east":{"uv":[2.2625,10.5125,2.9875,11.2375],"rotation":0,"texture":"#0","tintindex":0},"south":{"uv":[9.2625,6.1375,10.2375,6.8625],"rotation":0,"texture":"#0","tintindex":0},"north":{"uv":[4.6375,9.1375,5.6125,9.8625],"rotation":0,"texture":"#0","tintindex":0},"west":{"uv":[3.6375,10.5125,4.3625,11.2375],"rotation":0,"texture":"#0","tintindex":0},"up":{"uv":[10.2375,7.6125,9.2625,6.8875],"rotation":0,"texture":"#0","tintindex":0},"down":{"uv":[10.2375,7.6375,9.2625,8.3625],"rotation":0,"texture":"#0","tintindex":0}}},{"from":[12.857143,17.142857,10.0],"to":[15.714286,22.857143,12.857143],"rotation":{"angle":-45.0,"axis":"z","origin":[14.285715,21.714287,11.428572]},"faces":{"east":{"uv":[1.6375,8.2625,2.2375,9.4875],"rotation":0,"texture":"#0","tintindex":0},"south":{"uv":[2.2625,8.2625,2.8625,9.4875],"rotation":0,"texture":"#0","tintindex":0},"north":{"uv":[8.1375,5.3875,8.7375,6.6125],"rotation":0,"texture":"#0","tintindex":0},"west":{"uv":[5.7625,8.2625,6.3625,9.4875],"rotation":0,"texture":"#0","tintindex":0},"up":{"uv":[11.9875,2.8625,11.3875,2.2625],"rotation":0,"texture":"#0","tintindex":0},"down":{"uv":[10.7375,11.3875,10.1375,11.9875],"rotation":0,"texture":"#0","tintindex":0}}},{"from":[11.142858,12.0,9.428572],"to":[12.857143,15.428572,13.428572],"rotation":{"angle":-45.0,"axis":"z","origin":[14.285715,21.714287,11.428572]},"faces":{"east":{"uv":[6.3875,9.1375,7.2375,9.8625],"rotation":0,"texture":"#0","tintindex":0},"south":{"uv":[12.1375,4.3875,12.4875,5.1125],"rotation":0,"texture":"#0","tintindex":0},"north":{"uv":[3.6375,12.1375,3.9875,12.8625],"rotation":0,"texture":"#0","tintindex":0},"west":{"uv":[9.3875,1.6375,10.2375,2.3625],"rotation":0,"texture":"#0","tintindex":0},"up":{"uv":[4.2375,8.7375,3.8875,7.8875],"rotation":0,"texture":"#0","tintindex":0},"down":{"uv":[7.9875,11.5125,7.6375,12.3625],"rotation":0,"texture":"#0","tintindex":0}}},{"from":[8.857143,12.0,10.0],"to":[11.142858,14.285715,12.857143],"rotation":{"angle":-45.0,"axis":"z","origin":[14.285715,21.714287,11.428572]},"faces":{"east":{"uv":[11.7625,8.6375,12.3625,9.1125],"rotation":0,"texture":"#0","tintindex":0},"south":{"uv":[11.7625,12.1375,12.2375,12.6125],"rotation":0,"texture":"#0","tintindex":0},"north":{"uv":[12.1375,10.3875,12.6125,10.8625],"rotation":0,"texture":"#0","tintindex":0},"west":{"uv":[11.8875,0.0125,12.4875,0.4875],"rotation":0,"texture":"#0","tintindex":0},"up":{"uv":[0.8625,12.4875,0.3875,11.8875],"rotation":0,"texture":"#0","tintindex":0},"down":{"uv":[1.3625,11.8875,0.8875,12.4875],"rotation":0,"texture":"#0","tintindex":0}}},{"from":[11.142858,15.428572,12.285715],"to":[12.857143,17.142857,13.428572],"rotation":{"angle":-45.0,"axis":"z","origin":[14.285715,21.714287,11.428572]},"faces":{"east":{"uv":[12.6375,5.1375,12.8625,5.4875],"rotation":0,"texture":"#0","tintindex":0},"south":{"uv":[11.3875,12.3875,11.7375,12.7375],"rotation":0,"texture":"#0","tintindex":0},"north":{"uv":[11.0125,12.3875,11.3625,12.7375],"rotation":0,"texture":"#0","tintindex":0},"west":{"uv":[5.2625,12.6375,5.4875,12.9875],"rotation":0,"texture":"#0","tintindex":0},"up":{"uv":[12.7375,10.3625,12.3875,10.1375],"rotation":0,"texture":"#0","tintindex":0},"down":{"uv":[12.8625,9.1375,12.5125,9.3625],"rotation":0,"texture":"#0","tintindex":0}}},{"from":[11.142858,15.428572,9.428572],"to":[12.857143,17.142857,10.571428],"rotation":{"angle":-45.0,"axis":"z","origin":[14.285715,21.714287,8.571428]},"faces":{"east":{"uv":[12.6375,10.3875,12.8625,10.7375],"rotation":0,"texture":"#0","tintindex":0},"south":{"uv":[12.3875,11.7625,12.7375,12.1125],"rotation":0,"texture":"#0","tintindex":0},"north":{"uv":[12.3875,11.3875,12.7375,11.7375],"rotation":0,"texture":"#0","tintindex":0},"west":{"uv":[11.7625,12.6375,11.9875,12.9875],"rotation":0,"texture":"#0","tintindex":0},"up":{"uv":[12.3625,12.8625,12.0125,12.6375],"rotation":0,"texture":"#0","tintindex":0},"down":{"uv":[12.7375,12.6375,12.3875,12.8625],"rotation":0,"texture":"#0","tintindex":0}}},{"from":[12.857143,11.428572,8.857143],"to":[17.428572,17.142857,14.0],"rotation":{"angle":-45.0,"axis":"z","origin":[14.285715,21.714287,11.428572]},"faces":{"east":{"uv":[5.8875,0.0125,6.9875,1.2375],"rotation":0,"texture":"#0","tintindex":0},"south":{"uv":[3.2625,6.6375,4.2375,7.8625],"rotation":0,"texture":"#0","tintindex":0},"north":{"uv":[4.8875,6.5125,5.8625,7.7375],"rotation":0,"texture":"#0","tintindex":0},"west":{"uv":[2.1375,5.8875,3.2375,7.1125],"rotation":0,"texture":"#0","tintindex":0},"up":{"uv":[7.4875,3.8625,6.5125,2.7625],"rotation":0,"texture":"#0","tintindex":0},"down":{"uv":[7.8625,1.2625,6.8875,2.3625],"rotation":0,"texture":"#0","tintindex":0}}},{"from":[12.857143,8.571428,8.857143],"to":[17.428572,11.428572,12.285715],"rotation":{"angle":-45.0,"axis":"z","origin":[14.285715,21.714287,11.428572]},"faces":{"east":{"uv":[11.0125,7.3875,11.7375,7.9875],"rotation":0,"texture":"#0","tintindex":0},"south":{"uv":[10.2625,1.6375,11.2375,2.2375],"rotation":0,"texture":"#0","tintindex":0},"north":{"uv":[10.0125,0.0125,10.9875,0.6125],"rotation":0,"texture":"#0","tintindex":0},"west":{"uv":[0.5125,11.2625,1.2375,11.8625],"rotation":0,"texture":"#0","tintindex":0},"up":{"uv":[4.6125,9.6125,3.6375,8.8875],"rotation":0,"texture":"#0","tintindex":0},"down":{"uv":[9.9875,0.0125,9.0125,0.7375],"rotation":0,"texture":"#0","tintindex":0}}},{"from":[17.428572,12.0,9.428572],"to":[19.142857,16.0,13.428572],"rotation":{"angle":-45.0,"axis":"z","origin":[14.285715,21.714287,11.428572]},"faces":{"east":{"uv":[6.3875,8.2625,7.2375,9.1125],"rotation":0,"texture":"#0","tintindex":0},"south":{"uv":[4.1375,11.7625,4.4875,12.6125],"rotation":0,"texture":"#0","tintindex":0},"north":{"uv":[0.0125,11.6375,0.3625,12.4875],"rotation":0,"texture":"#0","tintindex":0},"west":{"uv":[8.3875,6.6375,9.2375,7.4875],"rotation":0,"texture":"#0","tintindex":0},"up":{"uv":[12.1125,5.2375,11.7625,4.3875],"rotation":0,"texture":"#0","tintindex":0},"down":{"uv":[4.8625,11.7625,4.5125,12.6125],"rotation":0,"texture":"#0","tintindex":0}}},{"from":[12.571428,22.857143,9.714286],"to":[16.0,24.0,13.142858],"rotation":{"angle":-45.0,"axis":"z","origin":[14.285715,21.714287,11.428572]},"faces":{"east":{"uv":[11.8875,0.5125,12.6125,0.7375],"rotation":0,"texture":"#0","tintindex":0},"south":{"uv":[12.3875,1.6375,13.1125,1.8625],"rotation":0,"texture":"#0","tintindex":0},"north":{"uv":[11.7625,9.1375,12.4875,9.3625],"rotation":0,"texture":"#0","tintindex":0},"west":{"uv":[12.3875,8.6375,13.1125,8.8625],"rotation":0,"texture":"#0","tintindex":0},"up":{"uv":[10.9875,6.4875,10.2625,5.7625],"rotation":0,"texture":"#0","tintindex":0},"down":{"uv":[10.9875,6.5125,10.2625,7.2375],"rotation":0,"texture":"#0","tintindex":0}}},{"from":[10.571428,16.57143,6.5714283],"to":[14.571428,19.428572,9.428572],"rotation":{"angle":-22.5,"axis":"z","origin":[12.571428,17.714287,8.0]},"faces":{"east":{"uv":[10.7625,11.3875,11.3625,11.9875],"rotation":0,"texture":"#0","tintindex":0},"south":{"uv":[10.6375,3.2625,11.4875,3.8625],"rotation":0,"texture":"#0","tintindex":0},"north":{"uv":[5.5125,4.8875,6.3625,5.4875],"rotation":0,"texture":"#0","tintindex":0},"west":{"uv":[11.3875,11.3875,11.9875,11.9875],"rotation":0,"texture":"#0","tintindex":0},"up":{"uv":[8.8625,11.2375,8.0125,10.6375],"rotation":0,"texture":"#0","tintindex":0},"down":{"uv":[11.4875,8.0125,10.6375,8.6125],"rotation":0,"texture":"#0","tintindex":0}}}],"display":{"head":{"translation":[0.0,-6.4,0.0],"scale":[4.0,4.0,4.0]}}}