{"textures":{"0":"item/mobs/toro_type02"},"elements":[{"from":[2.8678398,6.1289616,8.0],"to":[13.13216,19.101921,15.128],"rotation":{"angle":22.5,"axis":"x","origin":[8.0,14.037442,11.42144]},"faces":{"east":{"uv":[1.65625,0.0,2.09375,0.78125],"rotation":0,"texture":"#0","tintindex":0},"south":{"uv":[0.0,1.4375,0.625,2.21875],"rotation":0,"texture":"#0","tintindex":0},"north":{"uv":[0.875,1.3125,1.5,2.09375],"rotation":0,"texture":"#0","tintindex":0},"west":{"uv":[1.5,1.6875,1.9375,2.46875],"rotation":0,"texture":"#0","tintindex":0},"up":{"uv":[0.625,2.65625,0.0,2.21875],"rotation":0,"texture":"#0","tintindex":0},"down":{"uv":[3.09375,1.6875,2.46875,2.125],"rotation":0,"texture":"#0","tintindex":0}}},{"from":[-8.331039,10.330882,8.0],"to":[24.17264,13.039522,10.8512],"rotation":{"angle":22.5,"axis":"x","origin":[7.06544,14.037442,11.42144]},"faces":{"east":{"uv":[7.4375,0.15625,7.625,0.3125],"rotation":0,"texture":"#0","tintindex":0},"south":{"uv":[1.15625,2.46875,3.125,2.625],"rotation":0,"texture":"#0","tintindex":0},"north":{"uv":[1.9375,2.3125,3.90625,2.46875],"rotation":0,"texture":"#0","tintindex":0},"west":{"uv":[0.25,7.4375,0.4375,7.59375],"rotation":0,"texture":"#0","tintindex":0},"up":{"uv":[3.46875,1.5,1.5,1.3125],"rotation":0,"texture":"#0","tintindex":0},"down":{"uv":[3.46875,1.5,1.5,1.6875],"rotation":0,"texture":"#0","tintindex":0}}},{"from":[-2.3435202,7.479682,5.1488],"to":[5.0696,17.744003,13.7024],"rotation":{"angle":0.0,"axis":"y","origin":[7.9208,-16.470398,8.0]},"faces":{"east":{"uv":[0.625,2.09375,1.15625,2.71875],"rotation":0,"texture":"#0","tintindex":0},"south":{"uv":[2.46875,2.625,2.90625,3.25],"rotation":0,"texture":"#0","tintindex":0},"north":{"uv":[2.03125,2.625,2.46875,3.25],"rotation":0,"texture":"#0","tintindex":0},"west":{"uv":[2.09375,0.625,2.625,1.25],"rotation":0,"texture":"#0","tintindex":0},"up":{"uv":[3.9375,1.0625,3.5,0.53125],"rotation":0,"texture":"#0","tintindex":0},"down":{"uv":[3.9375,1.0625,3.5,1.59375],"rotation":0,"texture":"#0","tintindex":0}}},{"from":[4.29344,15.463042,3.4380798],"to":[11.70656,18.314241,13.7024],"rotation":{"angle":0.0,"axis":"y","origin":[1.4422402,-16.470398,8.0]},"faces":{"east":{"uv":[2.46875,2.125,3.09375,2.3125],"rotation":0,"texture":"#0","tintindex":0},"south":{"uv":[1.53125,6.5625,1.96875,6.75],"rotation":0,"texture":"#0","tintindex":0},"north":{"uv":[6.46875,6.21875,6.90625,6.40625],"rotation":0,"texture":"#0","tintindex":0},"west":{"uv":[5.875,4.65625,6.5,4.84375],"rotation":0,"texture":"#0","tintindex":0},"up":{"uv":[1.59375,3.25,1.15625,2.625],"rotation":0,"texture":"#0","tintindex":0},"down":{"uv":[2.03125,2.625,1.59375,3.25],"rotation":0,"texture":"#0","tintindex":0}}},{"from":[-5.1947203,12.041602,3.4380798],"to":[1.0779195,18.314241,8.57024],"rotation":{"angle":0.0,"axis":"y","origin":[7.9208,-16.470398,8.0]},"faces":{"east":{"uv":[1.15625,2.09375,1.46875,2.46875],"rotation":0,"texture":"#0","tintindex":0},"south":{"uv":[5.28125,1.25,5.65625,1.625],"rotation":0,"texture":"#0","tintindex":0},"north":{"uv":[1.59375,5.3125,1.96875,5.6875],"rotation":0,"texture":"#0","tintindex":0},"west":{"uv":[5.78125,5.1875,6.09375,5.5625],"rotation":0,"texture":"#0","tintindex":0},"up":{"uv":[6.15625,5.875,5.78125,5.5625],"rotation":0,"texture":"#0","tintindex":0},"down":{"uv":[0.375,5.84375,0.0,6.15625],"rotation":0,"texture":"#0","tintindex":0}}},{"from":[-4.05424,13.182082,8.57024],"to":[3.9291196,20.595201,14.84288],"rotation":{"angle":0.0,"axis":"y","origin":[7.9208,-16.470398,8.0]},"faces":{"east":{"uv":[0.46875,4.75,0.84375,5.1875],"rotation":0,"texture":"#0","tintindex":0},"south":{"uv":[3.9375,1.09375,4.40625,1.53125],"rotation":0,"texture":"#0","tintindex":0},"north":{"uv":[3.90625,2.03125,4.375,2.46875],"rotation":0,"texture":"#0","tintindex":0},"west":{"uv":[4.8125,0.0,5.1875,0.4375],"rotation":0,"texture":"#0","tintindex":0},"up":{"uv":[5.09375,4.59375,4.625,4.21875],"rotation":0,"texture":"#0","tintindex":0},"down":{"uv":[5.09375,4.59375,4.625,4.96875],"rotation":0,"texture":"#0","tintindex":0}}},{"from":[2.68496,13.182082,13.495041],"to":[4.3179197,24.742401,14.972481],"rotation":{"angle":0.0,"axis":"y","origin":[7.9208,-16.470398,8.0]},"faces":{"east":{"uv":[0.4375,6.8125,0.53125,7.5],"rotation":0,"texture":"#0","tintindex":0},"south":{"uv":[1.4375,6.875,1.53125,7.5625],"rotation":0,"texture":"#0","tintindex":0},"north":{"uv":[3.09375,6.78125,3.1875,7.46875],"rotation":0,"texture":"#0","tintindex":0},"west":{"uv":[2.15625,6.875,2.25,7.5625],"rotation":0,"texture":"#0","tintindex":0},"up":{"uv":[0.34375,6.25,0.25,6.15625],"rotation":0,"texture":"#0","tintindex":0},"down":{"uv":[2.59375,6.375,2.5,6.46875],"rotation":0,"texture":"#0","tintindex":0}}},{"from":[3.20336,24.586884,14.01344],"to":[3.79952,32.0,14.454081],"rotation":{"angle":0.0,"axis":"y","origin":[7.9208,-16.470398,8.0]},"faces":{"east":{"uv":[2.40625,5.75,2.4375,6.1875],"rotation":0,"texture":"#0","tintindex":0},"south":{"uv":[4.65625,6.6875,4.6875,7.125],"rotation":0,"texture":"#0","tintindex":0},"north":{"uv":[3.84375,4.09375,3.875,4.53125],"rotation":0,"texture":"#0","tintindex":0},"west":{"uv":[0.40625,7.59375,0.4375,8.03125],"rotation":0,"texture":"#0","tintindex":0},"up":{"uv":[1.15625,3.25,1.125,3.21875],"rotation":0,"texture":"#0","tintindex":0},"down":{"uv":[2.90625,3.3125,2.875,3.34375],"rotation":0,"texture":"#0","tintindex":0}}},{"from":[-14.31856,14.322562,8.57024],"to":[-4.05424,18.884483,13.7024],"rotation":{"angle":0.0,"axis":"y","origin":[7.9208,-16.470398,8.0]},"faces":{"east":{"uv":[6.09375,6.40625,6.40625,6.6875],"rotation":0,"texture":"#0","tintindex":0},"south":{"uv":[1.1875,4.625,1.8125,4.90625],"rotation":0,"texture":"#0","tintindex":0},"north":{"uv":[4.40625,2.875,5.03125,3.15625],"rotation":0,"texture":"#0","tintindex":0},"west":{"uv":[6.40625,6.40625,6.71875,6.6875],"rotation":0,"texture":"#0","tintindex":0},"up":{"uv":[4.65625,1.84375,4.03125,1.53125],"rotation":0,"texture":"#0","tintindex":0},"down":{"uv":[4.8125,3.28125,4.1875,3.59375],"rotation":0,"texture":"#0","tintindex":0}}},{"from":[11.0024,7.479682,5.1488],"to":[18.41552,17.744003,13.7024],"rotation":{"angle":0.0,"axis":"y","origin":[8.1512,-16.470398,8.0]},"faces":{"east":{"uv":[2.625,0.625,2.09375,1.25],"rotation":0,"texture":"#0","tintindex":0},"south":{"uv":[2.90625,2.625,2.46875,3.25],"rotation":0,"texture":"#0","tintindex":0},"north":{"uv":[2.46875,2.625,2.03125,3.25],"rotation":0,"texture":"#0","tintindex":0},"west":{"uv":[1.15625,2.09375,0.625,2.71875],"rotation":0,"texture":"#0","tintindex":0},"up":{"uv":[3.5,1.0625,3.9375,0.53125],"rotation":0,"texture":"#0","tintindex":0},"down":{"uv":[3.5,1.0625,3.9375,1.59375],"rotation":0,"texture":"#0","tintindex":0}}},{"from":[14.994081,12.041602,3.4380798],"to":[21.26672,18.314241,8.57024],"rotation":{"angle":0.0,"axis":"y","origin":[8.1512,-16.470398,8.0]},"faces":{"east":{"uv":[6.09375,5.1875,5.78125,5.5625],"rotation":0,"texture":"#0","tintindex":0},"south":{"uv":[5.65625,1.25,5.28125,1.625],"rotation":0,"texture":"#0","tintindex":0},"north":{"uv":[1.53125,5.28125,1.15625,5.65625],"rotation":0,"texture":"#0","tintindex":0},"west":{"uv":[1.46875,2.09375,1.15625,2.46875],"rotation":0,"texture":"#0","tintindex":0},"up":{"uv":[5.78125,5.875,6.15625,5.5625],"rotation":0,"texture":"#0","tintindex":0},"down":{"uv":[0.0,5.84375,0.375,6.15625],"rotation":0,"texture":"#0","tintindex":0}}},{"from":[12.1428795,13.182082,8.57024],"to":[20.12624,20.595201,14.84288],"rotation":{"angle":0.0,"axis":"y","origin":[8.1512,-16.470398,8.0]},"faces":{"east":{"uv":[5.1875,0.0,4.8125,0.4375],"rotation":0,"texture":"#0","tintindex":0},"south":{"uv":[4.40625,1.09375,3.9375,1.53125],"rotation":0,"texture":"#0","tintindex":0},"north":{"uv":[4.375,2.03125,3.90625,2.46875],"rotation":0,"texture":"#0","tintindex":0},"west":{"uv":[0.84375,4.75,0.46875,5.1875],"rotation":0,"texture":"#0","tintindex":0},"up":{"uv":[4.625,4.59375,5.09375,4.21875],"rotation":0,"texture":"#0","tintindex":0},"down":{"uv":[4.625,4.59375,5.09375,4.96875],"rotation":0,"texture":"#0","tintindex":0}}},{"from":[20.12624,14.322562,8.57024],"to":[30.39056,18.884483,13.7024],"rotation":{"angle":0.0,"axis":"y","origin":[8.1512,-16.470398,8.0]},"faces":{"east":{"uv":[6.71875,6.40625,6.40625,6.6875],"rotation":0,"texture":"#0","tintindex":0},"south":{"uv":[1.8125,4.625,1.1875,4.90625],"rotation":0,"texture":"#0","tintindex":0},"north":{"uv":[5.03125,2.875,4.40625,3.15625],"rotation":0,"texture":"#0","tintindex":0},"west":{"uv":[6.40625,6.40625,6.09375,6.6875],"rotation":0,"texture":"#0","tintindex":0},"up":{"uv":[4.03125,1.84375,4.65625,1.53125],"rotation":0,"texture":"#0","tintindex":0},"down":{"uv":[4.1875,3.28125,4.8125,3.59375],"rotation":0,"texture":"#0","tintindex":0}}},{"from":[1.0779195,10.473442,-0.8387203],"to":[2.2183995,15.035362,3.1529598],"rotation":{"angle":0.0,"axis":"y","origin":[7.9208,-16.470398,8.0]},"faces":{"east":{"uv":[6.59375,3.625,6.84375,3.90625],"rotation":0,"texture":"#0","tintindex":0},"south":{"uv":[3.09375,5.46875,3.15625,5.75],"rotation":0,"texture":"#0","tintindex":0},"north":{"uv":[5.15625,1.09375,5.21875,1.375],"rotation":0,"texture":"#0","tintindex":0},"west":{"uv":[6.6875,0.6875,6.9375,0.96875],"rotation":0,"texture":"#0","tintindex":0},"up":{"uv":[6.21875,0.25,6.15625,0.0],"rotation":0,"texture":"#0","tintindex":0},"down":{"uv":[4.9375,6.375,4.875,6.625],"rotation":0,"texture":"#0","tintindex":0}}},{"from":[3.3588796,10.473442,-0.8387203],"to":[4.49936,15.035362,3.1529598],"rotation":{"angle":0.0,"axis":"y","origin":[7.9208,-16.470398,8.0]},"faces":{"east":{"uv":[6.65625,6.6875,6.90625,6.96875],"rotation":0,"texture":"#0","tintindex":0},"south":{"uv":[4.5625,7.59375,4.625,7.875],"rotation":0,"texture":"#0","tintindex":0},"north":{"uv":[6.78125,4.1875,6.84375,4.46875],"rotation":0,"texture":"#0","tintindex":0},"west":{"uv":[0.6875,6.71875,0.9375,7.0],"rotation":0,"texture":"#0","tintindex":0},"up":{"uv":[6.53125,7.90625,6.46875,7.65625],"rotation":0,"texture":"#0","tintindex":0},"down":{"uv":[6.59375,7.65625,6.53125,7.90625],"rotation":0,"texture":"#0","tintindex":0}}},{"from":[11.34224,10.473442,-0.8387203],"to":[12.48272,15.035362,3.1529598],"rotation":{"angle":0.0,"axis":"y","origin":[7.9208,-16.470398,8.0]},"faces":{"east":{"uv":[3.84375,6.71875,4.09375,7.0],"rotation":0,"texture":"#0","tintindex":0},"south":{"uv":[0.53125,7.65625,0.59375,7.9375],"rotation":0,"texture":"#0","tintindex":0},"north":{"uv":[7.375,7.625,7.4375,7.90625],"rotation":0,"texture":"#0","tintindex":0},"west":{"uv":[5.375,6.71875,5.625,7.0],"rotation":0,"texture":"#0","tintindex":0},"up":{"uv":[3.875,7.9375,3.8125,7.6875],"rotation":0,"texture":"#0","tintindex":0},"down":{"uv":[3.9375,7.6875,3.875,7.9375],"rotation":0,"texture":"#0","tintindex":0}}},{"from":[4.61456,9.190402,14.4152],"to":[11.45744,16.033283,15.98336],"rotation":{"angle":22.5,"axis":"x","origin":[8.036,14.037442,11.42144]},"faces":{"east":{"uv":[5.46875,4.90625,5.5625,5.3125],"rotation":0,"texture":"#0","tintindex":0},"south":{"uv":[1.8125,4.75,2.21875,5.15625],"rotation":0,"texture":"#0","tintindex":0},"north":{"uv":[4.1875,4.65625,4.59375,5.0625],"rotation":0,"texture":"#0","tintindex":0},"west":{"uv":[3.0,5.84375,3.09375,6.25],"rotation":0,"texture":"#0","tintindex":0},"up":{"uv":[3.5,2.3125,3.09375,2.21875],"rotation":0,"texture":"#0","tintindex":0},"down":{"uv":[7.5,6.9375,7.09375,7.03125],"rotation":0,"texture":"#0","tintindex":0}}},{"from":[13.623199,10.473442,-0.8387203],"to":[14.76368,15.035362,3.1529598],"rotation":{"angle":0.0,"axis":"y","origin":[7.9208,-16.470398,8.0]},"faces":{"east":{"uv":[3.34375,6.71875,3.59375,7.0],"rotation":0,"texture":"#0","tintindex":0},"south":{"uv":[7.3125,7.625,7.375,7.90625],"rotation":0,"texture":"#0","tintindex":0},"north":{"uv":[2.0625,7.625,2.125,7.90625],"rotation":0,"texture":"#0","tintindex":0},"west":{"uv":[3.59375,6.71875,3.84375,7.0],"rotation":0,"texture":"#0","tintindex":0},"up":{"uv":[1.1875,7.9375,1.125,7.6875],"rotation":0,"texture":"#0","tintindex":0},"down":{"uv":[3.8125,7.6875,3.75,7.9375],"rotation":0,"texture":"#0","tintindex":0}}},{"from":[-0.06256008,8.049922,0.01663971],"to":[6.21008,14.322562,5.1488],"rotation":{"angle":0.0,"axis":"y","origin":[7.9208,-16.470398,8.0]},"faces":{"east":{"uv":[4.3125,6.0,4.625,6.375],"rotation":0,"texture":"#0","tintindex":0},"south":{"uv":[5.34375,2.0,5.71875,2.375],"rotation":0,"texture":"#0","tintindex":0},"north":{"uv":[5.34375,1.625,5.71875,2.0],"rotation":0,"texture":"#0","tintindex":0},"west":{"uv":[4.625,6.0,4.9375,6.375],"rotation":0,"texture":"#0","tintindex":0},"up":{"uv":[6.375,3.625,6.0,3.3125],"rotation":0,"texture":"#0","tintindex":0},"down":{"uv":[6.46875,3.0,6.09375,3.3125],"rotation":0,"texture":"#0","tintindex":0}}},{"from":[9.86192,8.049922,0.01663971],"to":[16.13456,14.322562,5.1488],"rotation":{"angle":0.0,"axis":"y","origin":[8.1512,-16.470398,8.0]},"faces":{"east":{"uv":[4.9375,6.0,4.625,6.375],"rotation":0,"texture":"#0","tintindex":0},"south":{"uv":[5.71875,2.0,5.34375,2.375],"rotation":0,"texture":"#0","tintindex":0},"north":{"uv":[5.71875,1.625,5.34375,2.0],"rotation":0,"texture":"#0","tintindex":0},"west":{"uv":[4.625,6.0,4.3125,6.375],"rotation":0,"texture":"#0","tintindex":0},"up":{"uv":[6.0,3.625,6.375,3.3125],"rotation":0,"texture":"#0","tintindex":0},"down":{"uv":[6.09375,3.0,6.46875,3.3125],"rotation":0,"texture":"#0","tintindex":0}}},{"from":[-1.2030401,5.198722,1.1571198],"to":[5.92496,10.901122,9.71072],"rotation":{"angle":0.0,"axis":"y","origin":[6.78032,-16.470398,8.0]},"faces":{"east":{"uv":[4.40625,2.1875,4.9375,2.53125],"rotation":0,"texture":"#0","tintindex":0},"south":{"uv":[5.09375,4.03125,5.53125,4.375],"rotation":0,"texture":"#0","tintindex":0},"north":{"uv":[5.03125,4.96875,5.46875,5.3125],"rotation":0,"texture":"#0","tintindex":0},"west":{"uv":[4.40625,2.53125,4.9375,2.875],"rotation":0,"texture":"#0","tintindex":0},"up":{"uv":[3.875,0.53125,3.4375,0.0],"rotation":0,"texture":"#0","tintindex":0},"down":{"uv":[0.875,3.4375,0.4375,3.96875],"rotation":0,"texture":"#0","tintindex":0}}},{"from":[10.14704,5.198722,1.1571198],"to":[17.27504,10.901122,9.71072],"rotation":{"angle":0.0,"axis":"y","origin":[9.29168,-16.470398,8.0]},"faces":{"east":{"uv":[4.9375,2.53125,4.40625,2.875],"rotation":0,"texture":"#0","tintindex":0},"south":{"uv":[5.53125,4.03125,5.09375,4.375],"rotation":0,"texture":"#0","tintindex":0},"north":{"uv":[5.46875,4.96875,5.03125,5.3125],"rotation":0,"texture":"#0","tintindex":0},"west":{"uv":[4.9375,2.1875,4.40625,2.53125],"rotation":0,"texture":"#0","tintindex":0},"up":{"uv":[3.4375,0.53125,3.875,0.0],"rotation":0,"texture":"#0","tintindex":0},"down":{"uv":[0.4375,3.4375,0.875,3.96875],"rotation":0,"texture":"#0","tintindex":0}}},{"from":[4.3568,2.9177618,4.57856],"to":[11.4848,7.479682,10.8512],"rotation":{"angle":0.0,"axis":"y","origin":[12.34016,-16.470398,8.0]},"faces":{"east":{"uv":[3.53125,2.03125,3.90625,2.3125],"rotation":0,"texture":"#0","tintindex":0},"south":{"uv":[5.78125,4.90625,6.21875,5.1875],"rotation":0,"texture":"#0","tintindex":0},"north":{"uv":[5.71875,4.375,6.15625,4.65625],"rotation":0,"texture":"#0","tintindex":0},"west":{"uv":[6.09375,5.1875,6.46875,5.46875],"rotation":0,"texture":"#0","tintindex":0},"up":{"uv":[1.625,5.28125,1.1875,4.90625],"rotation":0,"texture":"#0","tintindex":0},"down":{"uv":[5.34375,1.6875,4.90625,2.0625],"rotation":0,"texture":"#0","tintindex":0}}},{"from":[3.78656,3.7731218,4.00832],"to":[12.05504,4.913602,11.42144],"rotation":{"angle":0.0,"axis":"y","origin":[12.34016,-16.470398,8.0]},"faces":{"east":{"uv":[5.46875,3.625,5.90625,3.6875],"rotation":0,"texture":"#0","tintindex":0},"south":{"uv":[2.59375,1.25,3.09375,1.3125],"rotation":0,"texture":"#0","tintindex":0},"north":{"uv":[2.09375,1.25,2.59375,1.3125],"rotation":0,"texture":"#0","tintindex":0},"west":{"uv":[6.78125,3.46875,7.21875,3.53125],"rotation":0,"texture":"#0","tintindex":0},"up":{"uv":[4.03125,2.03125,3.53125,1.59375],"rotation":0,"texture":"#0","tintindex":0},"down":{"uv":[4.375,0.0,3.875,0.4375],"rotation":0,"texture":"#0","tintindex":0}}}],"display":{"head":{"translation":[0.0,4.9260726,0.0],"scale":[4.0,4.0,4.0]}}}