{"textures":{"0":"item/mobs/toro_type02"},"elements":[{"from":[4.212571,0.36799955,-0.886858],"to":[12.358857,6.2925715,11.5177145],"rotation":{"angle":0.0,"axis":"y","origin":[16.802286,15.92,8.740571]},"faces":{"east":{"uv":[5.46875,3.375,6.0,3.625],"rotation":0,"texture":"#0","tintindex":0},"south":{"uv":[6.53125,2.59375,6.875,2.84375],"rotation":0,"texture":"#0","tintindex":0},"north":{"uv":[6.53125,0.0,6.875,0.25],"rotation":0,"texture":"#0","tintindex":0},"west":{"uv":[5.625,0.0,6.15625,0.25],"rotation":0,"texture":"#0","tintindex":0},"up":{"uv":[1.1875,4.9375,0.84375,4.40625],"rotation":0,"texture":"#0","tintindex":0},"down":{"uv":[4.75,0.875,4.40625,1.40625],"rotation":0,"texture":"#0","tintindex":0}}},{"from":[3.4720001,-0.0022859573,8.1851425],"to":[13.099428,2.96,15.405714],"rotation":{"angle":-22.5,"axis":"x","origin":[8.285714,3.3302855,10.592]},"faces":{"east":{"uv":[0.0,4.625,0.3125,4.75],"rotation":0,"texture":"#0","tintindex":0},"south":{"uv":[7.15625,1.9375,7.5625,2.0625],"rotation":0,"texture":"#0","tintindex":0},"north":{"uv":[7.15625,0.5,7.5625,0.625],"rotation":0,"texture":"#0","tintindex":0},"west":{"uv":[1.8125,4.625,2.125,4.75],"rotation":0,"texture":"#0","tintindex":0},"up":{"uv":[5.15625,1.40625,4.75,1.09375],"rotation":0,"texture":"#0","tintindex":0},"down":{"uv":[6.09375,3.0,5.6875,3.3125],"rotation":0,"texture":"#0","tintindex":0}}},{"from":[3.4720001,3.700571,10.0365715],"to":[13.099428,7.4034286,14.8502865],"rotation":{"angle":-22.5,"axis":"x","origin":[8.285714,3.3302855,10.592]},"faces":{"east":{"uv":[7.40625,5.15625,7.625,5.3125],"rotation":0,"texture":"#0","tintindex":0},"south":{"uv":[6.875,2.625,7.28125,2.78125],"rotation":0,"texture":"#0","tintindex":0},"north":{"uv":[6.84375,3.625,7.25,3.78125],"rotation":0,"texture":"#0","tintindex":0},"west":{"uv":[5.625,7.40625,5.84375,7.5625],"rotation":0,"texture":"#0","tintindex":0},"up":{"uv":[6.75,4.21875,6.34375,4.0],"rotation":0,"texture":"#0","tintindex":0},"down":{"uv":[2.5,6.375,2.09375,6.59375],"rotation":0,"texture":"#0","tintindex":0}}},{"from":[3.1017141,2.0342855,7.0742855],"to":[13.469714,4.9965715,10.0365715],"rotation":{"angle":-22.5,"axis":"x","origin":[8.285714,3.3302855,10.592]},"faces":{"east":{"uv":[7.65625,3.65625,7.78125,3.78125],"rotation":0,"texture":"#0","tintindex":0},"south":{"uv":[6.78125,3.09375,7.21875,3.21875],"rotation":0,"texture":"#0","tintindex":0},"north":{"uv":[5.71875,2.625,6.15625,2.75],"rotation":0,"texture":"#0","tintindex":0},"west":{"uv":[7.65625,4.3125,7.78125,4.4375],"rotation":0,"texture":"#0","tintindex":0},"up":{"uv":[7.375,0.96875,6.9375,0.84375],"rotation":0,"texture":"#0","tintindex":0},"down":{"uv":[7.4375,3.96875,7.0,4.09375],"rotation":0,"texture":"#0","tintindex":0}}},{"from":[4.0274286,0.55314255,-5.071086],"to":[7.36,3.700571,-0.6276579],"rotation":{"angle":0.0,"axis":"y","origin":[4.953143,3.7931428,-2.738286]},"faces":{"east":{"uv":[7.5625,2.9375,7.75,3.0625],"rotation":0,"texture":"#0","tintindex":0},"south":{"uv":[7.59375,4.1875,7.75,4.3125],"rotation":0,"texture":"#0","tintindex":0},"north":{"uv":[6.84375,3.78125,7.0,3.90625],"rotation":0,"texture":"#0","tintindex":0},"west":{"uv":[7.5625,4.78125,7.75,4.90625],"rotation":0,"texture":"#0","tintindex":0},"up":{"uv":[4.40625,1.0625,4.25,0.875],"rotation":0,"texture":"#0","tintindex":0},"down":{"uv":[2.21875,5.15625,2.0625,5.34375],"rotation":0,"texture":"#0","tintindex":0}}},{"from":[3.8422856,0.55314255,-3.2937145],"to":[7.5451427,3.700571,0.038856506],"rotation":{"angle":-22.5,"axis":"x","origin":[4.953143,3.7931428,-2.738286]},"faces":{"east":{"uv":[7.59375,6.5625,7.75,6.6875],"rotation":0,"texture":"#0","tintindex":0},"south":{"uv":[7.59375,6.6875,7.75,6.8125],"rotation":0,"texture":"#0","tintindex":0},"north":{"uv":[5.84375,7.59375,6.0,7.71875],"rotation":0,"texture":"#0","tintindex":0},"west":{"uv":[7.59375,6.8125,7.75,6.9375],"rotation":0,"texture":"#0","tintindex":0},"up":{"uv":[3.28125,2.625,3.125,2.46875],"rotation":0,"texture":"#0","tintindex":0},"down":{"uv":[5.78125,6.34375,5.625,6.5],"rotation":0,"texture":"#0","tintindex":0}}},{"from":[9.211429,0.55314255,-3.2937145],"to":[12.914286,3.700571,0.038856506],"rotation":{"angle":-22.5,"axis":"x","origin":[10.322286,3.7931428,-2.738286]},"faces":{"east":{"uv":[7.625,1.0625,7.78125,1.1875],"rotation":0,"texture":"#0","tintindex":0},"south":{"uv":[1.21875,7.625,1.375,7.75],"rotation":0,"texture":"#0","tintindex":0},"north":{"uv":[0.6875,7.625,0.84375,7.75],"rotation":0,"texture":"#0","tintindex":0},"west":{"uv":[1.90625,7.625,2.0625,7.75],"rotation":0,"texture":"#0","tintindex":0},"up":{"uv":[4.4375,7.6875,4.28125,7.53125],"rotation":0,"texture":"#0","tintindex":0},"down":{"uv":[7.6875,6.9375,7.53125,7.09375],"rotation":0,"texture":"#0","tintindex":0}}},{"from":[9.396571,0.55314255,-5.071086],"to":[12.729143,3.700571,-0.6276579],"rotation":{"angle":0.0,"axis":"y","origin":[10.322286,3.7931428,-2.738286]},"faces":{"east":{"uv":[7.5625,4.90625,7.75,5.03125],"rotation":0,"texture":"#0","tintindex":0},"south":{"uv":[7.625,0.15625,7.78125,0.28125],"rotation":0,"texture":"#0","tintindex":0},"north":{"uv":[0.0,7.625,0.15625,7.75],"rotation":0,"texture":"#0","tintindex":0},"west":{"uv":[7.5625,5.03125,7.75,5.15625],"rotation":0,"texture":"#0","tintindex":0},"up":{"uv":[4.46875,5.65625,4.3125,5.46875],"rotation":0,"texture":"#0","tintindex":0},"down":{"uv":[6.0,7.40625,5.84375,7.59375],"rotation":0,"texture":"#0","tintindex":0}}},{"from":[3.8422856,2.219428,0.964571],"to":[12.729143,7.5885715,3.371428],"rotation":{"angle":-45.0,"axis":"x","origin":[8.656,6.2925715,0.5942855]},"faces":{"east":{"uv":[1.53125,5.28125,1.625,5.5],"rotation":0,"texture":"#0","tintindex":0},"south":{"uv":[6.59375,0.25,6.96875,0.46875],"rotation":0,"texture":"#0","tintindex":0},"north":{"uv":[2.8125,6.5625,3.1875,6.78125],"rotation":0,"texture":"#0","tintindex":0},"west":{"uv":[6.875,1.9375,6.96875,2.15625],"rotation":0,"texture":"#0","tintindex":0},"up":{"uv":[7.5625,5.5,7.1875,5.40625],"rotation":0,"texture":"#0","tintindex":0},"down":{"uv":[7.625,4.5625,7.25,4.65625],"rotation":0,"texture":"#0","tintindex":0}}},{"from":[3.6571426,0.92342854,1.7051425],"to":[12.914286,3.700571,4.6674285],"rotation":{"angle":-22.5,"axis":"x","origin":[8.656,6.2925715,0.5942855]},"faces":{"east":{"uv":[2.09375,6.25,2.21875,6.375],"rotation":0,"texture":"#0","tintindex":0},"south":{"uv":[7.0625,1.8125,7.46875,1.9375],"rotation":0,"texture":"#0","tintindex":0},"north":{"uv":[4.40625,3.15625,4.8125,3.28125],"rotation":0,"texture":"#0","tintindex":0},"west":{"uv":[7.65625,2.5625,7.78125,2.6875],"rotation":0,"texture":"#0","tintindex":0},"up":{"uv":[7.5,6.34375,7.09375,6.21875],"rotation":0,"texture":"#0","tintindex":0},"down":{"uv":[7.5625,0.375,7.15625,0.5],"rotation":0,"texture":"#0","tintindex":0}}}],"display":{"head":{"translation":[0.0,-6.4,0.0],"scale":[4.0,4.0,4.0]}}}