{"textures":{"0":"item/mobs/toro_type02"},"elements":[{"from":[4.108571,3.7199998,4.749714],"to":[11.514286,11.125714,12.155429],"rotation":{"angle":0.0,"axis":"y","origin":[-15.886858,-31.82743,6.9714284]},"faces":{"east":{"uv":[6.46875,6.09375,6.15625,6.40625],"rotation":0,"texture":"#0","tintindex":0},"south":{"uv":[6.46875,4.25,6.15625,4.5625],"rotation":0,"texture":"#0","tintindex":0},"north":{"uv":[6.46875,4.25,6.15625,4.5625],"rotation":0,"texture":"#0","tintindex":0},"west":{"uv":[6.46875,5.46875,6.15625,5.78125],"rotation":0,"texture":"#0","tintindex":0},"up":{"uv":[5.78125,6.5,6.09375,6.1875],"rotation":0,"texture":"#0","tintindex":0},"down":{"uv":[6.21875,0.0,6.53125,0.3125],"rotation":0,"texture":"#0","tintindex":0}}},{"from":[11.514286,4.4605713,6.230857],"to":[14.476572,8.904,10.674286],"rotation":{"angle":0.0,"axis":"y","origin":[-15.886858,-31.82743,6.9714284]},"faces":{"east":{"uv":[7.53125,0.625,7.34375,0.8125],"rotation":0,"texture":"#0","tintindex":0},"south":{"uv":[6.34375,0.3125,6.21875,0.5],"rotation":0,"texture":"#0","tintindex":0},"north":{"uv":[3.28125,3.96875,3.15625,4.15625],"rotation":0,"texture":"#0","tintindex":0},"west":{"uv":[7.0625,7.3125,6.875,7.5],"rotation":0,"texture":"#0","tintindex":0},"up":{"uv":[1.40625,7.75,1.53125,7.5625],"rotation":0,"texture":"#0","tintindex":0},"down":{"uv":[4.4375,7.5625,4.5625,7.75],"rotation":0,"texture":"#0","tintindex":0}}},{"from":[5.589714,-13.313145,6.230857],"to":[10.033143,3.7199998,10.674286],"rotation":{"angle":0.0,"axis":"y","origin":[-15.886858,-31.82743,6.9714284]},"faces":{"east":{"uv":[5.71875,3.875,5.53125,4.59375],"rotation":0,"texture":"#0","tintindex":0},"south":{"uv":[2.625,5.53125,2.4375,6.25],"rotation":0,"texture":"#0","tintindex":0},"north":{"uv":[0.5625,5.53125,0.375,6.25],"rotation":0,"texture":"#0","tintindex":0},"west":{"uv":[0.75,5.53125,0.5625,6.25],"rotation":0,"texture":"#0","tintindex":0},"up":{"uv":[7.3125,3.90625,7.5,3.71875],"rotation":0,"texture":"#0","tintindex":0},"down":{"uv":[4.875,7.3125,5.0625,7.5],"rotation":0,"texture":"#0","tintindex":0}}},{"from":[3.368,-13.313145,6.9714284],"to":[4.849143,3.7199998,8.452572],"rotation":{"angle":0.0,"axis":"y","origin":[-15.886858,-31.82743,6.9714284]},"faces":{"east":{"uv":[2.40625,7.21875,2.34375,7.9375],"rotation":0,"texture":"#0","tintindex":0},"south":{"uv":[0.25,7.21875,0.1875,7.9375],"rotation":0,"texture":"#0","tintindex":0},"north":{"uv":[6.09375,7.125,6.03125,7.84375],"rotation":0,"texture":"#0","tintindex":0},"west":{"uv":[4.03125,7.1875,3.96875,7.90625],"rotation":0,"texture":"#0","tintindex":0},"up":{"uv":[5.21875,1.40625,5.28125,1.34375],"rotation":0,"texture":"#0","tintindex":0},"down":{"uv":[5.28125,1.625,5.34375,1.6875],"rotation":0,"texture":"#0","tintindex":0}}},{"from":[2.627428,0.7577143,6.230857],"to":[5.589714,5.9417143,9.193143],"rotation":{"angle":0.0,"axis":"y","origin":[-15.886858,-31.82743,6.9714284]},"faces":{"east":{"uv":[1.0625,7.53125,0.9375,7.75],"rotation":0,"texture":"#0","tintindex":0},"south":{"uv":[7.5625,7.5,7.4375,7.71875],"rotation":0,"texture":"#0","tintindex":0},"north":{"uv":[4.59375,5.0625,4.46875,5.28125],"rotation":0,"texture":"#0","tintindex":0},"west":{"uv":[7.625,7.21875,7.5,7.4375],"rotation":0,"texture":"#0","tintindex":0},"up":{"uv":[7.65625,5.40625,7.78125,5.28125],"rotation":0,"texture":"#0","tintindex":0},"down":{"uv":[7.65625,5.84375,7.78125,5.96875],"rotation":0,"texture":"#0","tintindex":0}}},{"from":[2.627428,-12.94286,6.230857],"to":[5.589714,-8.49943,9.193143],"rotation":{"angle":0.0,"axis":"y","origin":[-15.886858,-31.82743,6.9714284]},"faces":{"east":{"uv":[6.34375,7.5625,6.21875,7.75],"rotation":0,"texture":"#0","tintindex":0},"south":{"uv":[6.21875,7.5625,6.09375,7.75],"rotation":0,"texture":"#0","tintindex":0},"north":{"uv":[5.75,7.5625,5.625,7.75],"rotation":0,"texture":"#0","tintindex":0},"west":{"uv":[7.6875,6.03125,7.5625,6.21875],"rotation":0,"texture":"#0","tintindex":0},"up":{"uv":[4.28125,7.8125,4.40625,7.6875],"rotation":0,"texture":"#0","tintindex":0},"down":{"uv":[4.71875,7.6875,4.84375,7.8125],"rotation":0,"texture":"#0","tintindex":0}}},{"from":[4.478857,-14.053717,5.8605714],"to":[8.922286,-5.1668577,11.785143],"rotation":{"angle":0.0,"axis":"y","origin":[-15.886858,-31.82743,7.3417144]},"faces":{"east":{"uv":[6.59375,0.3125,6.34375,0.6875],"rotation":0,"texture":"#0","tintindex":0},"south":{"uv":[2.6875,6.75,2.5,7.125],"rotation":0,"texture":"#0","tintindex":0},"north":{"uv":[1.96875,6.75,1.78125,7.125],"rotation":0,"texture":"#0","tintindex":0},"west":{"uv":[5.375,6.1875,5.125,6.5625],"rotation":0,"texture":"#0","tintindex":0},"up":{"uv":[1.625,5.15625,1.8125,4.90625],"rotation":0,"texture":"#0","tintindex":0},"down":{"uv":[0.0,7.21875,0.1875,7.46875],"rotation":0,"texture":"#0","tintindex":0}}},{"from":[10.588572,-14.053717,7.712],"to":[12.254858,5.9417143,9.193143],"rotation":{"angle":0.0,"axis":"y","origin":[-15.886858,-31.82743,6.9714284]},"faces":{"east":{"uv":[0.9375,7.0,0.875,7.84375],"rotation":0,"texture":"#0","tintindex":0},"south":{"uv":[0.59375,6.8125,0.53125,7.65625],"rotation":0,"texture":"#0","tintindex":0},"north":{"uv":[3.25,6.5625,3.1875,7.40625],"rotation":0,"texture":"#0","tintindex":0},"west":{"uv":[5.125,6.625,5.0625,7.46875],"rotation":0,"texture":"#0","tintindex":0},"up":{"uv":[4.6875,0.875,4.75,0.8125],"rotation":0,"texture":"#0","tintindex":0},"down":{"uv":[4.9375,2.8125,5.0,2.875],"rotation":0,"texture":"#0","tintindex":0}}}],"display":{"head":{"translation":[0.0,-6.4,0.0],"scale":[4.0,4.0,4.0]}}}