{"textures":{"0":"item/mobs/giant_zombie"},"elements":[{"from":[6.285714,6.857143,6.857143],"to":[10.857143,8.571428,9.142858],"rotation":{"angle":0.0,"axis":"y","origin":[8.0,-18.285715,5.714286]},"faces":{"east":{"uv":[8.0,1.75,8.5,2.125],"rotation":0,"texture":"#0","tintindex":0},"south":{"uv":[9.125,1.375,10.125,1.75],"rotation":0,"texture":"#0","tintindex":0},"north":{"uv":[9.0,6.625,10.0,7.0],"rotation":0,"texture":"#0","tintindex":0},"west":{"uv":[8.25,7.0,8.75,7.375],"rotation":0,"texture":"#0","tintindex":0},"up":{"uv":[5.625,3.5,4.625,3.0],"rotation":0,"texture":"#0","tintindex":0},"down":{"uv":[9.625,2.625,8.625,3.125],"rotation":0,"texture":"#0","tintindex":0}}},{"from":[6.285714,5.142857,4.5714283],"to":[10.857143,6.857143,9.142858],"rotation":{"angle":0.0,"axis":"y","origin":[8.0,-18.285715,5.714286]},"faces":{"east":{"uv":[9.25,2.125,10.25,2.5],"rotation":0,"texture":"#0","tintindex":0},"south":{"uv":[7.5,9.25,8.5,9.625],"rotation":0,"texture":"#0","tintindex":0},"north":{"uv":[9.25,1.75,10.25,2.125],"rotation":0,"texture":"#0","tintindex":0},"west":{"uv":[0.0,9.375,1.0,9.75],"rotation":0,"texture":"#0","tintindex":0},"up":{"uv":[8.0,8.375,7.0,7.375],"rotation":0,"texture":"#0","tintindex":0},"down":{"uv":[8.5,0.0,7.5,1.0],"rotation":0,"texture":"#0","tintindex":0}}}],"display":{"head":{"translation":[0.0,-6.4,0.0],"scale":[4.0,4.0,4.0]}}}