{"textures":{"0":"item/mobs/giant_zombie"},"elements":[{"from":[6.0,4.0,3.4285712],"to":[10.0,8.0,8.0],"rotation":{"angle":0.0,"axis":"y","origin":[16.0,-5.4285717,2.5714283]},"faces":{"east":{"uv":[2.0,7.75,1.0,8.625],"rotation":0,"texture":"#0","tintindex":0},"south":{"uv":[8.875,7.375,8.0,8.25],"rotation":0,"texture":"#0","tintindex":0},"north":{"uv":[8.875,5.125,8.0,6.0],"rotation":0,"texture":"#0","tintindex":0},"west":{"uv":[8.625,2.25,7.625,3.125],"rotation":0,"texture":"#0","tintindex":0},"up":{"uv":[2.0,8.75,2.875,7.75],"rotation":0,"texture":"#0","tintindex":0},"down":{"uv":[5.625,7.75,6.5,8.75],"rotation":0,"texture":"#0","tintindex":0}}},{"from":[6.0,1.1428566,3.4285712],"to":[8.857143,4.0,7.428571],"rotation":{"angle":0.0,"axis":"y","origin":[16.0,-5.4285717,2.5714283]},"faces":{"east":{"uv":[1.625,8.625,0.75,9.25],"rotation":0,"texture":"#0","tintindex":0},"south":{"uv":[9.875,0.0,9.25,0.625],"rotation":0,"texture":"#0","tintindex":0},"north":{"uv":[7.5,9.125,6.875,9.75],"rotation":0,"texture":"#0","tintindex":0},"west":{"uv":[8.0,5.125,7.125,5.75],"rotation":0,"texture":"#0","tintindex":0},"up":{"uv":[8.625,2.625,9.25,1.75],"rotation":0,"texture":"#0","tintindex":0},"down":{"uv":[4.375,8.625,5.0,9.5],"rotation":0,"texture":"#0","tintindex":0}}},{"from":[6.857143,6.857143,6.857143],"to":[9.142858,9.714286,8.571428],"rotation":{"angle":0.0,"axis":"y","origin":[16.0,-5.4285717,2.5714283]},"faces":{"east":{"uv":[4.5,9.5,4.125,10.125],"rotation":0,"texture":"#0","tintindex":0},"south":{"uv":[10.0,3.875,9.5,4.5],"rotation":0,"texture":"#0","tintindex":0},"north":{"uv":[2.875,9.5,2.375,10.125],"rotation":0,"texture":"#0","tintindex":0},"west":{"uv":[6.0,7.0,5.625,7.625],"rotation":0,"texture":"#0","tintindex":0},"up":{"uv":[5.75,9.875,6.25,9.5],"rotation":0,"texture":"#0","tintindex":0},"down":{"uv":[9.625,2.5,10.125,2.875],"rotation":0,"texture":"#0","tintindex":0}}}],"display":{"head":{"translation":[0.0,-6.4,0.0],"scale":[4.0,4.0,4.0]}}}