{"textures":{"0":"item/mobs/giant_zombie"},"elements":[{"from":[5.714286,2.8571424,4.5714283],"to":[8.571428,6.285714,8.0],"rotation":{"angle":0.0,"axis":"y","origin":[9.142858,13.142858,8.0]},"faces":{"east":{"uv":[9.25,0.0,8.5,0.75],"rotation":0,"texture":"#0","tintindex":0},"south":{"uv":[3.5,8.875,2.875,9.625],"rotation":0,"texture":"#0","tintindex":0},"north":{"uv":[9.375,8.25,8.75,9.0],"rotation":0,"texture":"#0","tintindex":0},"west":{"uv":[8.0,8.375,7.25,9.125],"rotation":0,"texture":"#0","tintindex":0},"up":{"uv":[8.875,4.625,9.5,3.875],"rotation":0,"texture":"#0","tintindex":0},"down":{"uv":[8.875,4.625,9.5,5.375],"rotation":0,"texture":"#0","tintindex":0}}},{"from":[5.428571,1.7142854,4.0],"to":[8.857143,9.714286,8.571428],"rotation":{"angle":0.0,"axis":"y","origin":[9.142858,13.142858,8.0]},"faces":{"east":{"uv":[5.625,1.25,4.625,3.0],"rotation":0,"texture":"#0","tintindex":0},"south":{"uv":[7.125,3.25,6.375,5.0],"rotation":0,"texture":"#0","tintindex":0},"north":{"uv":[4.375,6.25,3.625,8.0],"rotation":0,"texture":"#0","tintindex":0},"west":{"uv":[4.75,4.5,3.75,6.25],"rotation":0,"texture":"#0","tintindex":0},"up":{"uv":[8.125,5.125,8.875,4.125],"rotation":0,"texture":"#0","tintindex":0},"down":{"uv":[8.25,6.0,9.0,7.0],"rotation":0,"texture":"#0","tintindex":0}}}],"display":{"head":{"translation":[0.0,-6.4,0.0],"scale":[4.0,4.0,4.0]}}}