{"textures":{"0":"item/mobs/giant_zombie"},"elements":[{"from":[6.2380953,5.2380953,8.0],"to":[9.095238,8.666667,11.428572],"rotation":{"angle":0.0,"axis":"y","origin":[5.8095236,18.952381,11.428572]},"faces":{"east":{"uv":[1.875,3.75,2.625,4.5],"rotation":0,"texture":"#0","tintindex":0},"south":{"uv":[1.625,8.75,2.25,9.5],"rotation":0,"texture":"#0","tintindex":0},"north":{"uv":[5.0,8.625,5.625,9.375],"rotation":0,"texture":"#0","tintindex":0},"west":{"uv":[6.5,8.375,7.25,9.125],"rotation":0,"texture":"#0","tintindex":0},"up":{"uv":[2.875,9.5,2.25,8.75],"rotation":0,"texture":"#0","tintindex":0},"down":{"uv":[6.25,8.75,5.625,9.5],"rotation":0,"texture":"#0","tintindex":0}}},{"from":[6.8095236,2.3809524,8.0],"to":[9.095238,5.2380953,10.857143],"rotation":{"angle":0.0,"axis":"y","origin":[5.8095236,18.952381,11.428572]},"faces":{"east":{"uv":[8.75,9.0,9.375,9.625],"rotation":0,"texture":"#0","tintindex":0},"south":{"uv":[6.5,7.75,7.0,8.375],"rotation":0,"texture":"#0","tintindex":0},"north":{"uv":[1.375,4.75,1.875,5.375],"rotation":0,"texture":"#0","tintindex":0},"west":{"uv":[9.125,0.75,9.75,1.375],"rotation":0,"texture":"#0","tintindex":0},"up":{"uv":[1.875,10.125,1.375,9.5],"rotation":0,"texture":"#0","tintindex":0},"down":{"uv":[2.375,9.5,1.875,10.125],"rotation":0,"texture":"#0","tintindex":0}}},{"from":[6.8095236,2.3809524,6.857143],"to":[9.095238,3.5238094,8.0],"rotation":{"angle":0.0,"axis":"y","origin":[5.8095236,18.952381,11.428572]},"faces":{"east":{"uv":[6.125,3.25,6.375,3.5],"rotation":0,"texture":"#0","tintindex":0},"south":{"uv":[6.875,2.25,7.375,2.5],"rotation":0,"texture":"#0","tintindex":0},"north":{"uv":[5.625,3.25,6.125,3.5],"rotation":0,"texture":"#0","tintindex":0},"west":{"uv":[6.125,4.5,6.375,4.75],"rotation":0,"texture":"#0","tintindex":0},"up":{"uv":[8.0,1.25,7.5,1.0],"rotation":0,"texture":"#0","tintindex":0},"down":{"uv":[8.875,3.875,8.375,4.125],"rotation":0,"texture":"#0","tintindex":0}}}],"display":{"head":{"translation":[0.0,-6.4,0.0],"scale":[4.0,4.0,4.0]}}}