{"textures":{"0":"item/mobs/giant_zombie"},"elements":[{"from":[6.0,4.0,3.4285712],"to":[10.0,8.0,8.0],"rotation":{"angle":0.0,"axis":"y","origin":[0.0,-5.4285717,2.5714283]},"faces":{"east":{"uv":[7.625,2.25,8.625,3.125],"rotation":0,"texture":"#0","tintindex":0},"south":{"uv":[8.0,7.375,8.875,8.25],"rotation":0,"texture":"#0","tintindex":0},"north":{"uv":[8.0,5.125,8.875,6.0],"rotation":0,"texture":"#0","tintindex":0},"west":{"uv":[1.0,7.75,2.0,8.625],"rotation":0,"texture":"#0","tintindex":0},"up":{"uv":[2.875,8.75,2.0,7.75],"rotation":0,"texture":"#0","tintindex":0},"down":{"uv":[6.5,7.75,5.625,8.75],"rotation":0,"texture":"#0","tintindex":0}}},{"from":[7.142857,1.1428566,3.4285712],"to":[10.0,4.0,7.428571],"rotation":{"angle":0.0,"axis":"y","origin":[0.0,-5.4285717,2.5714283]},"faces":{"east":{"uv":[7.125,5.125,8.0,5.75],"rotation":0,"texture":"#0","tintindex":0},"south":{"uv":[9.25,0.0,9.875,0.625],"rotation":0,"texture":"#0","tintindex":0},"north":{"uv":[6.875,9.125,7.5,9.75],"rotation":0,"texture":"#0","tintindex":0},"west":{"uv":[0.75,8.625,1.625,9.25],"rotation":0,"texture":"#0","tintindex":0},"up":{"uv":[9.25,2.625,8.625,1.75],"rotation":0,"texture":"#0","tintindex":0},"down":{"uv":[5.0,8.625,4.375,9.5],"rotation":0,"texture":"#0","tintindex":0}}},{"from":[6.857143,6.857143,6.857143],"to":[9.142858,9.714286,8.571428],"rotation":{"angle":0.0,"axis":"y","origin":[0.0,-5.4285717,2.5714283]},"faces":{"east":{"uv":[5.625,7.0,6.0,7.625],"rotation":0,"texture":"#0","tintindex":0},"south":{"uv":[9.5,3.875,10.0,4.5],"rotation":0,"texture":"#0","tintindex":0},"north":{"uv":[2.375,9.5,2.875,10.125],"rotation":0,"texture":"#0","tintindex":0},"west":{"uv":[4.125,9.5,4.5,10.125],"rotation":0,"texture":"#0","tintindex":0},"up":{"uv":[6.25,9.875,5.75,9.5],"rotation":0,"texture":"#0","tintindex":0},"down":{"uv":[10.125,2.5,9.625,2.875],"rotation":0,"texture":"#0","tintindex":0}}}],"display":{"head":{"translation":[0.0,-6.4,0.0],"scale":[4.0,4.0,4.0]}}}