{
	"credit": "Made with Blockbench",
	"texture_size": [32, 32],
	"textures": {
		"0": "item/medical/bandage",
		"particle": "item/medical/bandage"
	},
	"elements": [
		{
			"name": "hexadecagon",
			"from": [4.5, 3.05218, 6],
			"to": [11.5, 3.84782, 10],
			"rotation": {"angle": -45, "axis": "x", "origin": [8, 3.45, 8]},
			"faces": {
				"north": {"uv": [3.5, 10, 7, 10.375], "texture": "#0"},
				"east": {"uv": [10.5, 6.5, 12.5, 6.875], "texture": "#0"},
				"south": {"uv": [7, 10, 10.5, 10.375], "texture": "#0"},
				"west": {"uv": [7, 10.5, 9, 10.875], "texture": "#0"},
				"up": {"uv": [3.5, 2, 0, 0], "texture": "#0"},
				"down": {"uv": [3.5, 2, 0, 4], "texture": "#0"}
			}
		},
		{
			"name": "hexadecagon",
			"from": [4.5, 3.05218, 6],
			"to": [11.5, 3.84782, 10],
			"rotation": {"angle": -22.5, "axis": "x", "origin": [8, 3.45, 8]},
			"faces": {
				"north": {"uv": [10.5, 0, 14, 0.375], "texture": "#0"},
				"east": {"uv": [10.5, 7, 12.5, 7.375], "texture": "#0"},
				"south": {"uv": [10.5, 0.5, 14, 0.875], "texture": "#0"},
				"west": {"uv": [10.5, 7.5, 12.5, 7.875], "texture": "#0"},
				"up": {"uv": [7, 2, 3.5, 0], "texture": "#0"},
				"down": {"uv": [7, 2, 3.5, 4], "texture": "#0"}
			}
		},
		{
			"name": "hexadecagon",
			"from": [4.5, 3.05218, 6],
			"to": [11.5, 3.84782, 10],
			"rotation": {"angle": 0, "axis": "x", "origin": [8, 3.45, 8]},
			"faces": {
				"north": {"uv": [10.5, 1, 14, 1.375], "texture": "#0"},
				"east": {"uv": [10.5, 8, 12.5, 8.375], "texture": "#0"},
				"south": {"uv": [10.5, 1.5, 14, 1.875], "texture": "#0"},
				"west": {"uv": [10.5, 8.5, 12.5, 8.875], "texture": "#0"},
				"up": {"uv": [3.5, 6, 0, 4], "texture": "#0"},
				"down": {"uv": [7, 4, 3.5, 6], "texture": "#0"}
			}
		},
		{
			"name": "hexadecagon",
			"from": [4.5, 3.05218, 6],
			"to": [11.5, 3.84782, 10],
			"rotation": {"angle": 22.5, "axis": "x", "origin": [8, 3.45, 8]},
			"faces": {
				"north": {"uv": [10.5, 2, 14, 2.375], "texture": "#0"},
				"east": {"uv": [9, 10.5, 11, 10.875], "texture": "#0"},
				"south": {"uv": [10.5, 2.5, 14, 2.875], "texture": "#0"},
				"west": {"uv": [10.5, 9, 12.5, 9.375], "texture": "#0"},
				"up": {"uv": [3.5, 8, 0, 6], "texture": "#0"},
				"down": {"uv": [7, 6, 3.5, 8], "texture": "#0"}
			}
		},
		{
			"name": "hexadecagon",
			"from": [4.5, 3.05218, 6],
			"to": [11.5, 3.84782, 10],
			"rotation": {"angle": 45, "axis": "x", "origin": [8, 3.45, 8]},
			"faces": {
				"north": {"uv": [10.5, 3, 14, 3.375], "texture": "#0"},
				"east": {"uv": [10.5, 9.5, 12.5, 9.875], "texture": "#0"},
				"south": {"uv": [3.5, 10.5, 7, 10.875], "texture": "#0"},
				"west": {"uv": [10.5, 10, 12.5, 10.375], "texture": "#0"},
				"up": {"uv": [10.5, 2, 7, 0], "texture": "#0"},
				"down": {"uv": [10.5, 2, 7, 4], "texture": "#0"}
			}
		},
		{
			"name": "hexadecagon",
			"from": [4.5, 1.45, 7.60218],
			"to": [11.5, 5.45, 8.39782],
			"rotation": {"angle": -22.5, "axis": "x", "origin": [8, 3.45, 8]},
			"faces": {
				"north": {"uv": [7, 4, 10.5, 6], "texture": "#0"},
				"east": {"uv": [3.5, 11, 3.875, 13], "texture": "#0"},
				"south": {"uv": [7, 6, 10.5, 8], "texture": "#0"},
				"west": {"uv": [4, 11, 4.375, 13], "texture": "#0"},
				"up": {"uv": [14, 3.875, 10.5, 3.5], "texture": "#0"},
				"down": {"uv": [14, 4, 10.5, 4.375], "texture": "#0"}
			}
		},
		{
			"name": "hexadecagon",
			"from": [4.5, 1.45, 7.60218],
			"to": [11.5, 5.45, 8.39782],
			"rotation": {"angle": 0, "axis": "x", "origin": [8, 3.45, 8]},
			"faces": {
				"north": {"uv": [0, 8, 3.5, 10], "texture": "#0"},
				"east": {"uv": [4.5, 11, 4.875, 13], "texture": "#0"},
				"south": {"uv": [3.5, 8, 7, 10], "texture": "#0"},
				"west": {"uv": [5, 11, 5.375, 13], "texture": "#0"},
				"up": {"uv": [14, 4.875, 10.5, 4.5], "texture": "#0"},
				"down": {"uv": [14, 5, 10.5, 5.375], "texture": "#0"}
			}
		},
		{
			"name": "hexadecagon",
			"from": [4.5, 1.45, 7.60218],
			"to": [11.5, 5.45, 8.39782],
			"rotation": {"angle": 22.5, "axis": "x", "origin": [8, 3.45, 8]},
			"faces": {
				"north": {"uv": [7, 8, 10.5, 10], "texture": "#0"},
				"east": {"uv": [5.5, 11, 5.875, 13], "texture": "#0"},
				"south": {"uv": [0, 10, 3.5, 12], "texture": "#0"},
				"west": {"uv": [6, 11, 6.375, 13], "texture": "#0"},
				"up": {"uv": [14, 5.875, 10.5, 5.5], "texture": "#0"},
				"down": {"uv": [14, 6, 10.5, 6.375], "texture": "#0"}
			}
		},
		{
			"name": "hexadecagon",
			"from": [7, 3.00984, 5.85],
			"to": [9, 3.86516, 10.15],
			"rotation": {"angle": -45, "axis": "x", "origin": [8, 3.4375, 8]},
			"faces": {
				"north": {"uv": [0, 0, 0.5, 0.5], "texture": "#0"},
				"east": {"uv": [0, 0, 0.5, 0.5], "texture": "#0"},
				"south": {"uv": [0, 0, 0.5, 0.5], "texture": "#0"},
				"west": {"uv": [0, 0, 0.5, 0.5], "texture": "#0"},
				"up": {"uv": [0, 0, 0.5, 0.5], "texture": "#0"},
				"down": {"uv": [0, 0, 0.5, 0.5], "texture": "#0"}
			}
		},
		{
			"name": "hexadecagon",
			"from": [7, 3.00984, 5.85],
			"to": [9, 3.86516, 10.15],
			"rotation": {"angle": -22.5, "axis": "x", "origin": [8, 3.4375, 8]},
			"faces": {
				"north": {"uv": [0, 0, 0.5, 0.5], "texture": "#0"},
				"east": {"uv": [0, 0, 0.5, 0.5], "texture": "#0"},
				"south": {"uv": [0, 0, 0.5, 0.5], "texture": "#0"},
				"west": {"uv": [0, 0, 0.5, 0.5], "texture": "#0"},
				"up": {"uv": [0, 0, 0.5, 0.5], "texture": "#0"},
				"down": {"uv": [0, 0, 0.5, 0.5], "texture": "#0"}
			}
		},
		{
			"name": "hexadecagon",
			"from": [7, 3.00984, 5.85],
			"to": [9, 3.86516, 10.15],
			"rotation": {"angle": 0, "axis": "x", "origin": [8, 3.4375, 8]},
			"faces": {
				"north": {"uv": [0, 0, 0.5, 0.5], "texture": "#0"},
				"east": {"uv": [0, 0, 0.5, 0.5], "texture": "#0"},
				"south": {"uv": [0, 0, 0.5, 0.5], "texture": "#0"},
				"west": {"uv": [0, 0, 0.5, 0.5], "texture": "#0"},
				"up": {"uv": [0, 0, 0.5, 0.5], "texture": "#0"},
				"down": {"uv": [0, 0, 0.5, 0.5], "texture": "#0"}
			}
		},
		{
			"name": "hexadecagon",
			"from": [7, 1.2875, 7.57234],
			"to": [9, 5.5875, 8.42766],
			"rotation": {"angle": -22.5, "axis": "x", "origin": [8, 3.4375, 8]},
			"faces": {
				"north": {"uv": [0, 0, 0.5, 0.5], "texture": "#0"},
				"east": {"uv": [0, 0, 0.5, 0.5], "texture": "#0"},
				"south": {"uv": [0, 0, 0.5, 0.5], "texture": "#0"},
				"west": {"uv": [0, 0, 0.5, 0.5], "texture": "#0"},
				"up": {"uv": [0, 0, 0.5, 0.5], "texture": "#0"},
				"down": {"uv": [0, 0, 0.5, 0.5], "texture": "#0"}
			}
		},
		{
			"name": "hexadecagon",
			"from": [7, 1.2875, 7.57234],
			"to": [9, 5.5875, 8.42766],
			"rotation": {"angle": 0, "axis": "x", "origin": [8, 3.4375, 8]},
			"faces": {
				"north": {"uv": [0, 0, 0.5, 0.5], "texture": "#0"},
				"east": {"uv": [0, 0, 0.5, 0.5], "texture": "#0"},
				"south": {"uv": [0, 0, 0.5, 0.5], "texture": "#0"},
				"west": {"uv": [0, 0, 0.5, 0.5], "texture": "#0"},
				"up": {"uv": [0, 0, 0.5, 0.5], "texture": "#0"},
				"down": {"uv": [0, 0, 0.5, 0.5], "texture": "#0"}
			}
		},
		{
			"name": "hexadecagon",
			"from": [7, 1.2875, 7.57234],
			"to": [9, 5.5875, 8.42766],
			"rotation": {"angle": 22.5, "axis": "x", "origin": [8, 3.4375, 8]},
			"faces": {
				"north": {"uv": [0, 0, 0.5, 0.5], "texture": "#0"},
				"east": {"uv": [0, 0, 0.5, 0.5], "texture": "#0"},
				"south": {"uv": [0, 0, 0.5, 0.5], "texture": "#0"},
				"west": {"uv": [0, 0, 0.5, 0.5], "texture": "#0"},
				"up": {"uv": [0, 0, 0.5, 0.5], "texture": "#0"},
				"down": {"uv": [0, 0, 0.5, 0.5], "texture": "#0"}
			}
		},
		{
			"name": "hexadecagon",
			"from": [7, 3.00984, 5.85],
			"to": [9, 3.86516, 10.15],
			"rotation": {"angle": 45, "axis": "x", "origin": [8, 3.4375, 8]},
			"faces": {
				"north": {"uv": [0, 0, 0.5, 0.5], "texture": "#0"},
				"east": {"uv": [0, 0, 0.5, 0.5], "texture": "#0"},
				"south": {"uv": [0, 0, 0.5, 0.5], "texture": "#0"},
				"west": {"uv": [0, 0, 0.5, 0.5], "texture": "#0"},
				"up": {"uv": [0, 0, 0.5, 0.5], "texture": "#0"},
				"down": {"uv": [0, 0, 0.5, 0.5], "texture": "#0"}
			}
		},
		{
			"name": "hexadecagon",
			"from": [7, 3.00984, 5.85],
			"to": [9, 3.86516, 6],
			"rotation": {"angle": 45, "axis": "x", "origin": [8, 3.4375, 8]},
			"faces": {
				"north": {"uv": [0, 0, 0.5, 0.5], "texture": "#0"},
				"east": {"uv": [0, 0, 0.5, 0.5], "texture": "#0"},
				"south": {"uv": [0, 0, 0.5, 0.5], "texture": "#0"},
				"west": {"uv": [0, 0, 0.5, 0.5], "texture": "#0"},
				"up": {"uv": [0, 0, 0.5, 0.5], "texture": "#0"},
				"down": {"uv": [0, 0, 0.5, 0.5], "texture": "#0"}
			}
		},
		{
			"name": "hexadecagon",
			"from": [7, 3.00984, 5.85],
			"to": [9, 3.86516, 10.15],
			"rotation": {"angle": 22.5, "axis": "x", "origin": [8, 3.4375, 8]},
			"faces": {
				"north": {"uv": [0, 0, 0.5, 0.5], "texture": "#0"},
				"east": {"uv": [0, 0, 0.5, 0.5], "texture": "#0"},
				"south": {"uv": [0, 0, 0.5, 0.5], "texture": "#0"},
				"west": {"uv": [0, 0, 0.5, 0.5], "texture": "#0"},
				"up": {"uv": [0, 0, 0.5, 0.5], "texture": "#0"},
				"down": {"uv": [0, 0, 0.5, 0.5], "texture": "#0"}
			}
		}
	],
	"gui_light": "front",
	"display": {
		"thirdperson_righthand": {
			"rotation": [0, 90, 0],
			"translation": [0, 2.25, 0],
			"scale": [0.5, 0.5, 0.5]
		},
		"thirdperson_lefthand": {
			"rotation": [0, 90, 0],
			"translation": [0, 2.5, 0.25],
			"scale": [0.5, 0.5, 0.5]
		},
		"firstperson_righthand": {
			"rotation": [0, 0, 78.25],
			"translation": [-2.5, 2.75, 1.5],
			"scale": [0.5, 0.5, 0.5]
		},
		"firstperson_lefthand": {
			"rotation": [0, 0, 71.5],
			"translation": [-2.75, 3.5, 2.25],
			"scale": [0.5, 0.5, 0.5]
		},
		"ground": {
			"translation": [0, 3.25, 0],
			"scale": [0.6, 0.6, 0.6]
		},
		"gui": {
			"rotation": [-48.65, 53.27, 144.79],
			"translation": [-2.25, -1.5, 0],
			"scale": [1.6, 1.6, 1.6]
		},
		"head": {
			"translation": [0, 14.5, 0],
			"scale": [1.6, 1.6, 1.6]
		},
		"fixed": {
			"rotation": [-52, 0, 0],
			"translation": [0, 6.5, -6],
			"scale": [2, 2, 2]
		}
	},
	"groups": [
		{
			"name": "hexadecagon",
			"origin": [8, 8, 8],
			"color": 0,
			"children": [0, 1, 2, 3, 4, 5, 6, 7]
		},
		{
			"name": "hexadecagon",
			"origin": [8, 8, 8],
			"color": 0,
			"children": [8, 9, 10, 11, 12, 13]
		},
		14,
		15,
		16
	]
}