{
	"credit": "Made with Blockbench",
	"texture_size": [32, 32],
	"textures": {
		"0": "item/medical/medkit",
		"particle": "item/medical/medkit"
	},
	"elements": [
		{
			"from": [5, 0.25, 11],
			"to": [11, 2.25, 11.125],
			"rotation": {"angle": 0, "axis": "y", "origin": [8, 1.25, 11.0625]},
			"faces": {
				"north": {"uv": [0, 6, 3, 7], "texture": "#0"},
				"east": {"uv": [4.5, 10, 4.5625, 11], "texture": "#0"},
				"south": {"uv": [3, 6, 6, 7], "texture": "#0"},
				"west": {"uv": [10, 4.5, 10.0625, 5.5], "texture": "#0"},
				"up": {"uv": [3, 9.0625, 0, 9], "texture": "#0"},
				"down": {"uv": [6, 9, 3, 9.0625], "texture": "#0"}
			}
		},
		{
			"from": [5, 0.25, 5.02647],
			"to": [11, 2.25, 5.15147],
			"rotation": {"angle": 0, "axis": "y", "origin": [8, 1.25, 7.08897]},
			"faces": {
				"north": {"uv": [6, 6, 9, 7], "texture": "#0"},
				"east": {"uv": [10.5, 1, 10.5625, 2], "texture": "#0"},
				"south": {"uv": [0, 7, 3, 8], "texture": "#0"},
				"west": {"uv": [1.5, 10.5, 1.5625, 11.5], "texture": "#0"},
				"up": {"uv": [9, 9.0625, 6, 9], "texture": "#0"},
				"down": {"uv": [12, 6, 9, 6.0625], "texture": "#0"}
			}
		},
		{
			"from": [11.29926, 0.25, 5.45074],
			"to": [11.42426, 2.25, 10.70074],
			"rotation": {"angle": 0, "axis": "y", "origin": [11.36176, 1.25, 7.70074]},
			"faces": {
				"north": {"uv": [7, 10, 7.0625, 11], "texture": "#0"},
				"east": {"uv": [7, 0, 9.625, 1], "texture": "#0"},
				"south": {"uv": [7.5, 10, 7.5625, 11], "texture": "#0"},
				"west": {"uv": [7, 1, 9.625, 2], "texture": "#0"},
				"up": {"uv": [0.0625, 12.625, 0, 10], "texture": "#0"},
				"down": {"uv": [10.0625, 0, 10, 2.625], "texture": "#0"}
			}
		},
		{
			"from": [4.57574, 0.25, 5.45074],
			"to": [4.70074, 2.25, 10.70074],
			"rotation": {"angle": 0, "axis": "y", "origin": [9.63824, 1.25, 7.70074]},
			"faces": {
				"north": {"uv": [8, 10, 8.0625, 11], "texture": "#0"},
				"east": {"uv": [7, 2, 9.625, 3], "texture": "#0"},
				"south": {"uv": [8.5, 10, 8.5625, 11], "texture": "#0"},
				"west": {"uv": [3, 7, 5.625, 8], "texture": "#0"},
				"up": {"uv": [0.5625, 12.625, 0.5, 10], "texture": "#0"},
				"down": {"uv": [1.0625, 10, 1, 12.625], "texture": "#0"}
			}
		},
		{
			"from": [4.68676, 2.25, 5.45074],
			"to": [11.29926, 2.375, 10.70074],
			"rotation": {"angle": 0, "axis": "z", "origin": [7.99301, 2.3125, 8.07574]},
			"faces": {
				"north": {"uv": [4, 8, 7.3125, 8.0625], "texture": "#0"},
				"east": {"uv": [1.5, 10, 4.125, 10.0625], "texture": "#0"},
				"south": {"uv": [7.5, 8, 10.8125, 8.0625], "texture": "#0"},
				"west": {"uv": [10, 3, 12.625, 3.0625], "texture": "#0"},
				"up": {"uv": [3.3125, 2.625, 0, 0], "texture": "#0"},
				"down": {"uv": [3.3125, 3, 0, 5.625], "texture": "#0"}
			}
		},
		{
			"from": [5, 2.25, 5.15147],
			"to": [11, 2.375, 5.46397],
			"rotation": {"angle": 0, "axis": "y", "origin": [7.625, 2.1875, 8.32022]},
			"faces": {
				"north": {"uv": [9, 6.5, 12, 6.5625], "texture": "#0"},
				"east": {"uv": [10, 11, 10.125, 11.0625], "texture": "#0"},
				"south": {"uv": [9, 7, 12, 7.0625], "texture": "#0"},
				"west": {"uv": [11, 10, 11.125, 10.0625], "texture": "#0"},
				"up": {"uv": [10, 3.125, 7, 3], "texture": "#0"},
				"down": {"uv": [10, 3.5, 7, 3.625], "texture": "#0"}
			}
		},
		{
			"from": [5, 2.25, 10.70147],
			"to": [11, 2.375, 11.01397],
			"rotation": {"angle": 0, "axis": "y", "origin": [7.625, 2.1875, 8.32022]},
			"faces": {
				"north": {"uv": [9, 7.5, 12, 7.5625], "texture": "#0"},
				"east": {"uv": [10.5, 11, 10.625, 11.0625], "texture": "#0"},
				"south": {"uv": [9, 9, 12, 9.0625], "texture": "#0"},
				"west": {"uv": [11, 10.5, 11.125, 10.5625], "texture": "#0"},
				"up": {"uv": [10, 4.125, 7, 4], "texture": "#0"},
				"down": {"uv": [10, 4.5, 7, 4.625], "texture": "#0"}
			}
		},
		{
			"from": [13.67158, 2.25, 9.0117],
			"to": [13.97158, 2.375, 9.4492],
			"rotation": {"angle": -45, "axis": "y", "origin": [10.59658, 2.1875, 6.63045]},
			"faces": {
				"north": {"uv": [11, 11, 11.125, 11.0625], "texture": "#0"},
				"east": {"uv": [4.5, 11, 4.6875, 11.0625], "texture": "#0"},
				"south": {"uv": [11.5, 0, 11.625, 0.0625], "texture": "#0"},
				"west": {"uv": [11, 4.5, 11.1875, 4.5625], "texture": "#0"},
				"up": {"uv": [10.125, 5.6875, 10, 5.5], "texture": "#0"},
				"down": {"uv": [2.125, 10.5, 2, 10.6875], "texture": "#0"}
			}
		},
		{
			"from": [5.27059, 2.25, 9.26071],
			"to": [5.57059, 2.375, 9.69821],
			"rotation": {"angle": -45, "axis": "y", "origin": [10.09559, 2.1875, 6.87946]},
			"faces": {
				"north": {"uv": [2, 11.5, 2.125, 11.5625], "texture": "#0"},
				"east": {"uv": [6, 11, 6.1875, 11.0625], "texture": "#0"},
				"south": {"uv": [11.5, 2, 11.625, 2.0625], "texture": "#0"},
				"west": {"uv": [6.5, 11, 6.6875, 11.0625], "texture": "#0"},
				"up": {"uv": [3.625, 10.6875, 3.5, 10.5], "texture": "#0"},
				"down": {"uv": [4.125, 10.5, 4, 10.6875], "texture": "#0"}
			}
		},
		{
			"from": [4.80139, 2.25, 10.53448],
			"to": [5.10139, 2.375, 10.97198],
			"rotation": {"angle": 45, "axis": "y", "origin": [4.95139, 2.3125, 10.75323]},
			"faces": {
				"north": {"uv": [11.5, 0.5, 11.625, 0.5625], "texture": "#0"},
				"east": {"uv": [5, 11, 5.1875, 11.0625], "texture": "#0"},
				"south": {"uv": [11.5, 1, 11.625, 1.0625], "texture": "#0"},
				"west": {"uv": [11, 5, 11.1875, 5.0625], "texture": "#0"},
				"up": {"uv": [10.625, 2.1875, 10.5, 2], "texture": "#0"},
				"down": {"uv": [2.625, 10.5, 2.5, 10.6875], "texture": "#0"}
			}
		},
		{
			"from": [13.24176, 2.25, 10.85032],
			"to": [13.54176, 2.375, 11.28782],
			"rotation": {"angle": 45, "axis": "y", "origin": [5.39176, 2.3125, 11.06907]},
			"faces": {
				"north": {"uv": [1.5, 11.5, 1.625, 11.5625], "texture": "#0"},
				"east": {"uv": [5.5, 11, 5.6875, 11.0625], "texture": "#0"},
				"south": {"uv": [11.5, 1.5, 11.625, 1.5625], "texture": "#0"},
				"west": {"uv": [11, 5.5, 11.1875, 5.5625], "texture": "#0"},
				"up": {"uv": [10.625, 2.6875, 10.5, 2.5], "texture": "#0"},
				"down": {"uv": [3.125, 10.5, 3, 10.6875], "texture": "#0"}
			}
		},
		{
			"from": [4.68676, 0.175, 5.45074],
			"to": [11.29926, 0.3, 10.70074],
			"rotation": {"angle": 0, "axis": "z", "origin": [7.99301, 0.2375, 8.07574]},
			"faces": {
				"north": {"uv": [4, 8.5, 7.3125, 8.5625], "texture": "#0"},
				"east": {"uv": [10, 3.5, 12.625, 3.5625], "texture": "#0"},
				"south": {"uv": [7.5, 8.5, 10.8125, 8.5625], "texture": "#0"},
				"west": {"uv": [10, 4, 12.625, 4.0625], "texture": "#0"},
				"up": {"uv": [6.8125, 2.625, 3.5, 0], "texture": "#0"},
				"down": {"uv": [6.8125, 3, 3.5, 5.625], "texture": "#0"}
			}
		},
		{
			"from": [5, 0.175, 5.15147],
			"to": [11, 0.3, 5.46397],
			"rotation": {"angle": 0, "axis": "y", "origin": [7.625, 0.1125, 8.32022]},
			"faces": {
				"north": {"uv": [6, 9.5, 9, 9.5625], "texture": "#0"},
				"east": {"uv": [11.5, 5.5, 11.625, 5.5625], "texture": "#0"},
				"south": {"uv": [9, 9.5, 12, 9.5625], "texture": "#0"},
				"west": {"uv": [6, 11.5, 6.125, 11.5625], "texture": "#0"},
				"up": {"uv": [9, 7.125, 6, 7], "texture": "#0"},
				"down": {"uv": [9, 7.5, 6, 7.625], "texture": "#0"}
			}
		},
		{
			"from": [5, 0.175, 10.70147],
			"to": [11, 0.3, 11.01397],
			"rotation": {"angle": 0, "axis": "y", "origin": [7.625, 0.1125, 8.32022]},
			"faces": {
				"north": {"uv": [0, 9.5, 3, 9.5625], "texture": "#0"},
				"east": {"uv": [11.5, 5, 11.625, 5.0625], "texture": "#0"},
				"south": {"uv": [3, 9.5, 6, 9.5625], "texture": "#0"},
				"west": {"uv": [5.5, 11.5, 5.625, 11.5625], "texture": "#0"},
				"up": {"uv": [10, 5.125, 7, 5], "texture": "#0"},
				"down": {"uv": [10, 5.5, 7, 5.625], "texture": "#0"}
			}
		},
		{
			"from": [13.67158, 0.175, 9.0117],
			"to": [13.97158, 0.3, 9.4492],
			"rotation": {"angle": -45, "axis": "y", "origin": [10.59658, 0.1125, 6.63045]},
			"faces": {
				"north": {"uv": [11.5, 4.5, 11.625, 4.5625], "texture": "#0"},
				"east": {"uv": [9, 11, 9.1875, 11.0625], "texture": "#0"},
				"south": {"uv": [5, 11.5, 5.125, 11.5625], "texture": "#0"},
				"west": {"uv": [9.5, 11, 9.6875, 11.0625], "texture": "#0"},
				"up": {"uv": [11.125, 0.6875, 11, 0.5], "texture": "#0"},
				"down": {"uv": [11.125, 1, 11, 1.1875], "texture": "#0"}
			}
		},
		{
			"from": [4.80139, 0.175, 10.53448],
			"to": [5.10139, 0.3, 10.97198],
			"rotation": {"angle": 45, "axis": "y", "origin": [4.95139, 0.2375, 10.75323]},
			"faces": {
				"north": {"uv": [4, 11.5, 4.125, 11.5625], "texture": "#0"},
				"east": {"uv": [8.5, 11, 8.6875, 11.0625], "texture": "#0"},
				"south": {"uv": [4.5, 11.5, 4.625, 11.5625], "texture": "#0"},
				"west": {"uv": [11, 8.5, 11.1875, 8.5625], "texture": "#0"},
				"up": {"uv": [10.625, 10.6875, 10.5, 10.5], "texture": "#0"},
				"down": {"uv": [11.125, 0, 11, 0.1875], "texture": "#0"}
			}
		},
		{
			"from": [13.24176, 0.175, 10.85032],
			"to": [13.54176, 0.3, 11.28782],
			"rotation": {"angle": 45, "axis": "y", "origin": [5.39176, 0.2375, 11.06907]},
			"faces": {
				"north": {"uv": [3, 11.5, 3.125, 11.5625], "texture": "#0"},
				"east": {"uv": [8, 11, 8.1875, 11.0625], "texture": "#0"},
				"south": {"uv": [3.5, 11.5, 3.625, 11.5625], "texture": "#0"},
				"west": {"uv": [11, 8, 11.1875, 8.0625], "texture": "#0"},
				"up": {"uv": [10.625, 5.6875, 10.5, 5.5], "texture": "#0"},
				"down": {"uv": [10.625, 10, 10.5, 10.1875], "texture": "#0"}
			}
		},
		{
			"from": [5.27059, 0.175, 9.26071],
			"to": [5.57059, 0.3, 9.69821],
			"rotation": {"angle": -45, "axis": "y", "origin": [10.09559, 0.1125, 6.87946]},
			"faces": {
				"north": {"uv": [2.5, 11.5, 2.625, 11.5625], "texture": "#0"},
				"east": {"uv": [7, 11, 7.1875, 11.0625], "texture": "#0"},
				"south": {"uv": [11.5, 2.5, 11.625, 2.5625], "texture": "#0"},
				"west": {"uv": [7.5, 11, 7.6875, 11.0625], "texture": "#0"},
				"up": {"uv": [10.625, 4.6875, 10.5, 4.5], "texture": "#0"},
				"down": {"uv": [10.625, 5, 10.5, 5.1875], "texture": "#0"}
			}
		},
		{
			"from": [10.07713, 0.25, 8.89699],
			"to": [10.67713, 2.25, 9.02199],
			"rotation": {"angle": 45, "axis": "y", "origin": [13.07713, 1.25, 8.95949]},
			"faces": {
				"north": {"uv": [0, 8, 0.3125, 9], "texture": "#0"},
				"east": {"uv": [5, 10, 5.0625, 11], "texture": "#0"},
				"south": {"uv": [0.5, 8, 0.8125, 9], "texture": "#0"},
				"west": {"uv": [5.5, 10, 5.5625, 11], "texture": "#0"},
				"up": {"uv": [11.3125, 1.5625, 11, 1.5], "texture": "#0"},
				"down": {"uv": [2.3125, 11, 2, 11.0625], "texture": "#0"}
			}
		},
		{
			"from": [9.3981, 0.25, 0.96796],
			"to": [9.9981, 2.25, 1.09296],
			"rotation": {"angle": 45, "axis": "y", "origin": [12.3981, 1.25, 9.03046]},
			"faces": {
				"north": {"uv": [2, 8, 2.3125, 9], "texture": "#0"},
				"east": {"uv": [9, 10, 9.0625, 11], "texture": "#0"},
				"south": {"uv": [2.5, 8, 2.8125, 9], "texture": "#0"},
				"west": {"uv": [9.5, 10, 9.5625, 11], "texture": "#0"},
				"up": {"uv": [11.3125, 2.5625, 11, 2.5], "texture": "#0"},
				"down": {"uv": [3.3125, 11, 3, 11.0625], "texture": "#0"}
			}
		},
		{
			"from": [2.86037, 0.25, 11.35949],
			"to": [2.98537, 2.25, 11.95949],
			"rotation": {"angle": 45, "axis": "y", "origin": [2.92287, 1.25, 8.95949]},
			"faces": {
				"north": {"uv": [6, 10, 6.0625, 11], "texture": "#0"},
				"east": {"uv": [1, 8, 1.3125, 9], "texture": "#0"},
				"south": {"uv": [6.5, 10, 6.5625, 11], "texture": "#0"},
				"west": {"uv": [1.5, 8, 1.8125, 9], "texture": "#0"},
				"up": {"uv": [11.0625, 2.3125, 11, 2], "texture": "#0"},
				"down": {"uv": [2.5625, 11, 2.5, 11.3125], "texture": "#0"}
			}
		},
		{
			"from": [11.5394, 0.25, 11.43046],
			"to": [11.6644, 2.25, 12.03046],
			"rotation": {"angle": 45, "axis": "y", "origin": [3.6019, 1.25, 9.03046]},
			"faces": {
				"north": {"uv": [10, 10, 10.0625, 11], "texture": "#0"},
				"east": {"uv": [3, 8, 3.3125, 9], "texture": "#0"},
				"south": {"uv": [10.5, 0, 10.5625, 1], "texture": "#0"},
				"west": {"uv": [3.5, 8, 3.8125, 9], "texture": "#0"},
				"up": {"uv": [3.5625, 11.3125, 3.5, 11], "texture": "#0"},
				"down": {"uv": [4.0625, 11, 4, 11.3125], "texture": "#0"}
			}
		},
		{
			"from": [9.125, 0.825, 4.2375],
			"to": [9.375, 1.175, 5.9625],
			"rotation": {"angle": 0, "axis": "y", "origin": [8.125, 1, 11.23125]},
			"faces": {
				"north": {"uv": [0, 0, 0.125, 0.175], "texture": "#0"},
				"east": {"uv": [0, 0, 0.8625, 0.175], "texture": "#0"},
				"south": {"uv": [0, 0, 0.125, 0.175], "texture": "#0"},
				"west": {"uv": [0, 0, 0.8625, 0.175], "texture": "#0"},
				"up": {"uv": [0, 0, 0.125, 0.8625], "rotation": 180, "texture": "#0"},
				"down": {"uv": [0, 0, 0.125, 0.8625], "rotation": 180, "texture": "#0"}
			}
		},
		{
			"from": [6.875, 0.825, 4.2375],
			"to": [9.25, 1.175, 4.4875],
			"rotation": {"angle": 0, "axis": "y", "origin": [8.125, 1, 11.23125]},
			"faces": {
				"north": {"uv": [0, 0, 1.1875, 0.175], "texture": "#0"},
				"east": {"uv": [0, 0, 0.125, 0.175], "texture": "#0"},
				"south": {"uv": [0, 0, 1.1875, 0.175], "texture": "#0"},
				"west": {"uv": [0, 0, 0.125, 0.175], "texture": "#0"},
				"up": {"uv": [0, 0, 0.125, 1.1875], "rotation": 90, "texture": "#0"},
				"down": {"uv": [0, 0, 0.125, 1.1875], "rotation": 270, "texture": "#0"}
			}
		},
		{
			"from": [6.625, 0.825, 4.2375],
			"to": [6.875, 1.175, 5.9625],
			"rotation": {"angle": 0, "axis": "y", "origin": [8.125, 1, 11.23125]},
			"faces": {
				"north": {"uv": [0, 0, 0.125, 0.175], "texture": "#0"},
				"east": {"uv": [0, 0, 0.8625, 0.175], "texture": "#0"},
				"south": {"uv": [0, 0, 0.125, 0.175], "texture": "#0"},
				"west": {"uv": [0, 0, 0.8625, 0.175], "texture": "#0"},
				"up": {"uv": [0, 0, 0.125, 0.8625], "rotation": 180, "texture": "#0"},
				"down": {"uv": [0, 0, 0.125, 0.8625], "rotation": 180, "texture": "#0"}
			}
		}
	],
	"gui_light": "front",
	"display": {
		"thirdperson_righthand": {
			"rotation": [-16, -180, 90],
			"translation": [6.75, -2.5, -3]
		},
		"thirdperson_lefthand": {
			"rotation": [-16, -180, 90],
			"translation": [7.25, -2.5, -3]
		},
		"firstperson_righthand": {
			"rotation": [71, 0, 0],
			"translation": [-2, 5.5, 8],
			"scale": [0.7, 0.7, 0.7]
		},
		"firstperson_lefthand": {
			"rotation": [71, 0, 0],
			"translation": [-2, 5.5, 8],
			"scale": [0.7, 0.7, 0.7]
		},
		"ground": {
			"translation": [0, 8, 0],
			"scale": [1.1, 1.1, 1.1]
		},
		"gui": {
			"rotation": [90, 0, 5],
			"translation": [-0.75, 0, 0],
			"scale": [1.5, 1.5, 1.5]
		},
		"head": {
			"rotation": [0, -180, 0],
			"translation": [0, 17, 0],
			"scale": [1.5, 1.5, 1.5]
		},
		"fixed": {
			"rotation": [-90, -180, 0],
			"translation": [0, 0, -10],
			"scale": [1.5, 1.5, 1.5]
		}
	}
}