{
	"credit": "Made by Aiden (feignedmars4438 on discord)",
	"texture_size": [32, 32],
	"textures": {
		"particle": "item/medical/syringe"
	},
	"elements": [
		{
			"from": [7.972, 0.08, 7.972],
			"to": [8.028, 2.92, 8.028],
			"rotation": {"angle": 0, "axis": "y", "origin": [7.86, 2.08, 7.86]},
			"faces": {
				"north": {"uv": [1, 10, 1.125, 11.375], "texture": "#particle"},
				"east": {"uv": [10, 1, 10.125, 2.375], "texture": "#particle"},
				"south": {"uv": [1.5, 10, 1.625, 11.375], "texture": "#particle"},
				"west": {"uv": [10, 2.5, 10.125, 3.875], "texture": "#particle"},
				"up": {"uv": [12.625, 5.625, 12.5, 5.5], "texture": "#particle"},
				"down": {"uv": [6.125, 12.5, 6, 12.625], "texture": "#particle"}
			}
		},
		{
			"name": "hexadecagon",
			"from": [7.92938, 2.21038, 7.645],
			"to": [8.07062, 2.56538, 8.355],
			"rotation": {"angle": -45, "axis": "y", "origin": [8, 2.38788, 8]},
			"faces": {
				"north": {"uv": [12.5, 6, 12.625, 6.125], "texture": "#particle"},
				"east": {"uv": [11.5, 1.5, 11.875, 1.625], "texture": "#particle"},
				"south": {"uv": [6.5, 12.5, 6.625, 12.625], "texture": "#particle"},
				"west": {"uv": [2, 11.5, 2.375, 11.625], "texture": "#particle"},
				"up": {"uv": [11.625, 2.375, 11.5, 2], "texture": "#particle"},
				"down": {"uv": [2.625, 11.5, 2.5, 11.875], "texture": "#particle"}
			}
		},
		{
			"name": "hexadecagon",
			"from": [7.92938, 2.21038, 7.645],
			"to": [8.07062, 2.56538, 8.355],
			"rotation": {"angle": -22.5, "axis": "y", "origin": [8, 2.38788, 8]},
			"faces": {
				"north": {"uv": [12.5, 6.5, 12.625, 6.625], "texture": "#particle"},
				"east": {"uv": [11.5, 2.5, 11.875, 2.625], "texture": "#particle"},
				"south": {"uv": [7, 12.5, 7.125, 12.625], "texture": "#particle"},
				"west": {"uv": [3, 11.5, 3.375, 11.625], "texture": "#particle"},
				"up": {"uv": [11.625, 3.375, 11.5, 3], "texture": "#particle"},
				"down": {"uv": [3.625, 11.5, 3.5, 11.875], "texture": "#particle"}
			}
		},
		{
			"name": "hexadecagon",
			"from": [7.92938, 2.21038, 7.645],
			"to": [8.07062, 2.56538, 8.355],
			"rotation": {"angle": 0, "axis": "y", "origin": [8, 2.38788, 8]},
			"faces": {
				"north": {"uv": [12.5, 7, 12.625, 7.125], "texture": "#particle"},
				"east": {"uv": [11.5, 3.5, 11.875, 3.625], "texture": "#particle"},
				"south": {"uv": [7.5, 12.5, 7.625, 12.625], "texture": "#particle"},
				"west": {"uv": [4, 11.5, 4.375, 11.625], "texture": "#particle"},
				"up": {"uv": [11.625, 4.375, 11.5, 4], "texture": "#particle"},
				"down": {"uv": [4.625, 11.5, 4.5, 11.875], "texture": "#particle"}
			}
		},
		{
			"name": "hexadecagon",
			"from": [7.92938, 2.21038, 7.645],
			"to": [8.07062, 2.56538, 8.355],
			"rotation": {"angle": 22.5, "axis": "y", "origin": [8, 2.38788, 8]},
			"faces": {
				"north": {"uv": [12.5, 7.5, 12.625, 7.625], "texture": "#particle"},
				"east": {"uv": [11.5, 4.5, 11.875, 4.625], "texture": "#particle"},
				"south": {"uv": [8, 12.5, 8.125, 12.625], "texture": "#particle"},
				"west": {"uv": [5, 11.5, 5.375, 11.625], "texture": "#particle"},
				"up": {"uv": [11.625, 5.375, 11.5, 5], "texture": "#particle"},
				"down": {"uv": [5.625, 11.5, 5.5, 11.875], "texture": "#particle"}
			}
		},
		{
			"name": "hexadecagon",
			"from": [7.92938, 2.21038, 7.645],
			"to": [8.07062, 2.56538, 8.355],
			"rotation": {"angle": 45, "axis": "y", "origin": [8, 2.38788, 8]},
			"faces": {
				"north": {"uv": [12.5, 8, 12.625, 8.125], "texture": "#particle"},
				"east": {"uv": [11.5, 5.5, 11.875, 5.625], "texture": "#particle"},
				"south": {"uv": [8.5, 12.5, 8.625, 12.625], "texture": "#particle"},
				"west": {"uv": [6, 11.5, 6.375, 11.625], "texture": "#particle"},
				"up": {"uv": [11.625, 6.375, 11.5, 6], "texture": "#particle"},
				"down": {"uv": [6.625, 11.5, 6.5, 11.875], "texture": "#particle"}
			}
		},
		{
			"name": "hexadecagon",
			"from": [7.645, 2.21038, 7.92938],
			"to": [8.355, 2.56538, 8.07062],
			"rotation": {"angle": -22.5, "axis": "y", "origin": [8, 2.38788, 8]},
			"faces": {
				"north": {"uv": [11.5, 6.5, 11.875, 6.625], "texture": "#particle"},
				"east": {"uv": [12.5, 8.5, 12.625, 8.625], "texture": "#particle"},
				"south": {"uv": [7, 11.5, 7.375, 11.625], "texture": "#particle"},
				"west": {"uv": [9, 12.5, 9.125, 12.625], "texture": "#particle"},
				"up": {"uv": [11.875, 7.125, 11.5, 7], "texture": "#particle"},
				"down": {"uv": [7.875, 11.5, 7.5, 11.625], "texture": "#particle"}
			}
		},
		{
			"name": "hexadecagon",
			"from": [7.645, 2.21038, 7.92938],
			"to": [8.355, 2.56538, 8.07062],
			"rotation": {"angle": 0, "axis": "y", "origin": [8, 2.38788, 8]},
			"faces": {
				"north": {"uv": [11.5, 7.5, 11.875, 7.625], "texture": "#particle"},
				"east": {"uv": [12.5, 9, 12.625, 9.125], "texture": "#particle"},
				"south": {"uv": [8, 11.5, 8.375, 11.625], "texture": "#particle"},
				"west": {"uv": [9.5, 12.5, 9.625, 12.625], "texture": "#particle"},
				"up": {"uv": [11.875, 8.125, 11.5, 8], "texture": "#particle"},
				"down": {"uv": [8.875, 11.5, 8.5, 11.625], "texture": "#particle"}
			}
		},
		{
			"name": "hexadecagon",
			"from": [7.645, 2.21038, 7.92938],
			"to": [8.355, 2.56538, 8.07062],
			"rotation": {"angle": 22.5, "axis": "y", "origin": [8, 2.38788, 8]},
			"faces": {
				"north": {"uv": [11.5, 8.5, 11.875, 8.625], "texture": "#particle"},
				"east": {"uv": [12.5, 9.5, 12.625, 9.625], "texture": "#particle"},
				"south": {"uv": [9, 11.5, 9.375, 11.625], "texture": "#particle"},
				"west": {"uv": [10, 12.5, 10.125, 12.625], "texture": "#particle"},
				"up": {"uv": [11.875, 9.125, 11.5, 9], "texture": "#particle"},
				"down": {"uv": [9.875, 11.5, 9.5, 11.625], "texture": "#particle"}
			}
		},
		{
			"name": "hexadecagon",
			"from": [7.97387, 1.86038, 7.86865],
			"to": [8.02613, 2.21538, 8.13135],
			"rotation": {"angle": -45, "axis": "y", "origin": [8, 2.03788, 8]},
			"faces": {
				"north": {"uv": [13.5, 10.5, 13.625, 10.625], "texture": "#particle"},
				"east": {"uv": [11, 13.5, 11.125, 13.625], "texture": "#particle"},
				"south": {"uv": [13.5, 11, 13.625, 11.125], "texture": "#particle"},
				"west": {"uv": [11.5, 13.5, 11.625, 13.625], "texture": "#particle"},
				"up": {"uv": [13.625, 11.625, 13.5, 11.5], "texture": "#particle"},
				"down": {"uv": [12.125, 13.5, 12, 13.625], "texture": "#particle"}
			}
		},
		{
			"name": "hexadecagon",
			"from": [7.97387, 1.86038, 7.86865],
			"to": [8.02613, 2.21538, 8.13135],
			"rotation": {"angle": -22.5, "axis": "y", "origin": [8, 2.03788, 8]},
			"faces": {
				"north": {"uv": [13.5, 9, 13.625, 9.125], "texture": "#particle"},
				"east": {"uv": [9.5, 13.5, 9.625, 13.625], "texture": "#particle"},
				"south": {"uv": [13.5, 9.5, 13.625, 9.625], "texture": "#particle"},
				"west": {"uv": [10, 13.5, 10.125, 13.625], "texture": "#particle"},
				"up": {"uv": [13.625, 10.125, 13.5, 10], "texture": "#particle"},
				"down": {"uv": [10.625, 13.5, 10.5, 13.625], "texture": "#particle"}
			}
		},
		{
			"name": "hexadecagon",
			"from": [7.97387, 1.86038, 7.86865],
			"to": [8.02613, 2.21538, 8.13135],
			"rotation": {"angle": 0, "axis": "y", "origin": [8, 2.03788, 8]},
			"faces": {
				"north": {"uv": [13.5, 7.5, 13.625, 7.625], "texture": "#particle"},
				"east": {"uv": [8, 13.5, 8.125, 13.625], "texture": "#particle"},
				"south": {"uv": [13.5, 8, 13.625, 8.125], "texture": "#particle"},
				"west": {"uv": [8.5, 13.5, 8.625, 13.625], "texture": "#particle"},
				"up": {"uv": [13.625, 8.625, 13.5, 8.5], "texture": "#particle"},
				"down": {"uv": [9.125, 13.5, 9, 13.625], "texture": "#particle"}
			}
		},
		{
			"name": "hexadecagon",
			"from": [7.97387, 1.86038, 7.86865],
			"to": [8.02613, 2.21538, 8.13135],
			"rotation": {"angle": 22.5, "axis": "y", "origin": [8, 2.03788, 8]},
			"faces": {
				"north": {"uv": [13.5, 6, 13.625, 6.125], "texture": "#particle"},
				"east": {"uv": [6.5, 13.5, 6.625, 13.625], "texture": "#particle"},
				"south": {"uv": [13.5, 6.5, 13.625, 6.625], "texture": "#particle"},
				"west": {"uv": [7, 13.5, 7.125, 13.625], "texture": "#particle"},
				"up": {"uv": [13.625, 7.125, 13.5, 7], "texture": "#particle"},
				"down": {"uv": [7.625, 13.5, 7.5, 13.625], "texture": "#particle"}
			}
		},
		{
			"name": "hexadecagon",
			"from": [7.97387, 1.86038, 7.86865],
			"to": [8.02613, 2.21538, 8.13135],
			"rotation": {"angle": 45, "axis": "y", "origin": [8, 2.03788, 8]},
			"faces": {
				"north": {"uv": [13.5, 4.5, 13.625, 4.625], "texture": "#particle"},
				"east": {"uv": [5, 13.5, 5.125, 13.625], "texture": "#particle"},
				"south": {"uv": [13.5, 5, 13.625, 5.125], "texture": "#particle"},
				"west": {"uv": [5.5, 13.5, 5.625, 13.625], "texture": "#particle"},
				"up": {"uv": [13.625, 5.625, 13.5, 5.5], "texture": "#particle"},
				"down": {"uv": [6.125, 13.5, 6, 13.625], "texture": "#particle"}
			}
		},
		{
			"name": "hexadecagon",
			"from": [7.86865, 1.86038, 7.97387],
			"to": [8.13135, 2.21538, 8.02613],
			"rotation": {"angle": -22.5, "axis": "y", "origin": [8, 2.03788, 8]},
			"faces": {
				"north": {"uv": [13.5, 3, 13.625, 3.125], "texture": "#particle"},
				"east": {"uv": [3.5, 13.5, 3.625, 13.625], "texture": "#particle"},
				"south": {"uv": [13.5, 3.5, 13.625, 3.625], "texture": "#particle"},
				"west": {"uv": [4, 13.5, 4.125, 13.625], "texture": "#particle"},
				"up": {"uv": [13.625, 4.125, 13.5, 4], "texture": "#particle"},
				"down": {"uv": [4.625, 13.5, 4.5, 13.625], "texture": "#particle"}
			}
		},
		{
			"name": "hexadecagon",
			"from": [7.86865, 1.86038, 7.97387],
			"to": [8.13135, 2.21538, 8.02613],
			"rotation": {"angle": 0, "axis": "y", "origin": [8, 2.03788, 8]},
			"faces": {
				"north": {"uv": [13.5, 1.5, 13.625, 1.625], "texture": "#particle"},
				"east": {"uv": [2, 13.5, 2.125, 13.625], "texture": "#particle"},
				"south": {"uv": [13.5, 2, 13.625, 2.125], "texture": "#particle"},
				"west": {"uv": [2.5, 13.5, 2.625, 13.625], "texture": "#particle"},
				"up": {"uv": [13.625, 2.625, 13.5, 2.5], "texture": "#particle"},
				"down": {"uv": [3.125, 13.5, 3, 13.625], "texture": "#particle"}
			}
		},
		{
			"name": "hexadecagon",
			"from": [7.86865, 1.86038, 7.97387],
			"to": [8.13135, 2.21538, 8.02613],
			"rotation": {"angle": 22.5, "axis": "y", "origin": [8, 2.03788, 8]},
			"faces": {
				"north": {"uv": [13.5, 0, 13.625, 0.125], "texture": "#particle"},
				"east": {"uv": [0.5, 13.5, 0.625, 13.625], "texture": "#particle"},
				"south": {"uv": [13.5, 0.5, 13.625, 0.625], "texture": "#particle"},
				"west": {"uv": [1, 13.5, 1.125, 13.625], "texture": "#particle"},
				"up": {"uv": [13.625, 1.125, 13.5, 1], "texture": "#particle"},
				"down": {"uv": [1.625, 13.5, 1.5, 13.625], "texture": "#particle"}
			}
		},
		{
			"name": "hexadecagon",
			"from": [7.8969, 2.56538, 7.4817],
			"to": [8.1031, 2.92038, 8.5183],
			"rotation": {"angle": -45, "axis": "y", "origin": [8, 2.74288, 8]},
			"faces": {
				"north": {"uv": [12.5, 10, 12.625, 10.125], "texture": "#particle"},
				"east": {"uv": [10.5, 5, 11, 5.125], "texture": "#particle"},
				"south": {"uv": [10.5, 12.5, 10.625, 12.625], "texture": "#particle"},
				"west": {"uv": [10.5, 5.5, 11, 5.625], "texture": "#particle"},
				"up": {"uv": [6.125, 11, 6, 10.5], "texture": "#particle"},
				"down": {"uv": [10.625, 6, 10.5, 6.5], "texture": "#particle"}
			}
		},
		{
			"name": "hexadecagon",
			"from": [7.8969, 2.56538, 7.4817],
			"to": [8.1031, 2.92038, 8.5183],
			"rotation": {"angle": -22.5, "axis": "y", "origin": [8, 2.74288, 8]},
			"faces": {
				"north": {"uv": [12.5, 10.5, 12.625, 10.625], "texture": "#particle"},
				"east": {"uv": [6.5, 10.5, 7, 10.625], "texture": "#particle"},
				"south": {"uv": [11, 12.5, 11.125, 12.625], "texture": "#particle"},
				"west": {"uv": [10.5, 6.5, 11, 6.625], "texture": "#particle"},
				"up": {"uv": [7.125, 11, 7, 10.5], "texture": "#particle"},
				"down": {"uv": [10.625, 7, 10.5, 7.5], "texture": "#particle"}
			}
		},
		{
			"name": "hexadecagon",
			"from": [7.8969, 2.56538, 7.4817],
			"to": [8.1031, 2.92038, 8.5183],
			"rotation": {"angle": 0, "axis": "y", "origin": [8, 2.74288, 8]},
			"faces": {
				"north": {"uv": [12.5, 11, 12.625, 11.125], "texture": "#particle"},
				"east": {"uv": [7.5, 10.5, 8, 10.625], "texture": "#particle"},
				"south": {"uv": [11.5, 12.5, 11.625, 12.625], "texture": "#particle"},
				"west": {"uv": [8, 10.5, 8.5, 10.625], "texture": "#particle"},
				"up": {"uv": [8.625, 11, 8.5, 10.5], "texture": "#particle"},
				"down": {"uv": [10.625, 8.5, 10.5, 9], "texture": "#particle"}
			}
		},
		{
			"name": "hexadecagon",
			"from": [7.8969, 2.56538, 7.4817],
			"to": [8.1031, 2.92038, 8.5183],
			"rotation": {"angle": 22.5, "axis": "y", "origin": [8, 2.74288, 8]},
			"faces": {
				"north": {"uv": [12.5, 11.5, 12.625, 11.625], "texture": "#particle"},
				"east": {"uv": [9, 10.5, 9.5, 10.625], "texture": "#particle"},
				"south": {"uv": [12, 12.5, 12.125, 12.625], "texture": "#particle"},
				"west": {"uv": [10.5, 9, 11, 9.125], "texture": "#particle"},
				"up": {"uv": [9.625, 11, 9.5, 10.5], "texture": "#particle"},
				"down": {"uv": [10.625, 9.5, 10.5, 10], "texture": "#particle"}
			}
		},
		{
			"name": "hexadecagon",
			"from": [7.8969, 2.56538, 7.4817],
			"to": [8.1031, 2.92038, 8.5183],
			"rotation": {"angle": 45, "axis": "y", "origin": [8, 2.74288, 8]},
			"faces": {
				"north": {"uv": [12.5, 12, 12.625, 12.125], "texture": "#particle"},
				"east": {"uv": [10, 10.5, 10.5, 10.625], "texture": "#particle"},
				"south": {"uv": [12.5, 12.5, 12.625, 12.625], "texture": "#particle"},
				"west": {"uv": [10.5, 10, 11, 10.125], "texture": "#particle"},
				"up": {"uv": [10.625, 11, 10.5, 10.5], "texture": "#particle"},
				"down": {"uv": [0.125, 11, 0, 11.5], "texture": "#particle"}
			}
		},
		{
			"name": "hexadecagon",
			"from": [7.4817, 2.56538, 7.8969],
			"to": [8.5183, 2.92038, 8.1031],
			"rotation": {"angle": -22.5, "axis": "y", "origin": [8, 2.74288, 8]},
			"faces": {
				"north": {"uv": [0.5, 11, 1, 11.125], "texture": "#particle"},
				"east": {"uv": [0, 13, 0.125, 13.125], "texture": "#particle"},
				"south": {"uv": [11, 1, 11.5, 1.125], "texture": "#particle"},
				"west": {"uv": [13, 0, 13.125, 0.125], "texture": "#particle"},
				"up": {"uv": [11.5, 1.625, 11, 1.5], "texture": "#particle"},
				"down": {"uv": [2.5, 11, 2, 11.125], "texture": "#particle"}
			}
		},
		{
			"name": "hexadecagon",
			"from": [7.4817, 2.56538, 7.8969],
			"to": [8.5183, 2.92038, 8.1031],
			"rotation": {"angle": 0, "axis": "y", "origin": [8, 2.74288, 8]},
			"faces": {
				"north": {"uv": [11, 2, 11.5, 2.125], "texture": "#particle"},
				"east": {"uv": [0.5, 13, 0.625, 13.125], "texture": "#particle"},
				"south": {"uv": [2.5, 11, 3, 11.125], "texture": "#particle"},
				"west": {"uv": [13, 0.5, 13.125, 0.625], "texture": "#particle"},
				"up": {"uv": [11.5, 2.625, 11, 2.5], "texture": "#particle"},
				"down": {"uv": [3.5, 11, 3, 11.125], "texture": "#particle"}
			}
		},
		{
			"name": "hexadecagon",
			"from": [7.4817, 2.56538, 7.8969],
			"to": [8.5183, 2.92038, 8.1031],
			"rotation": {"angle": 22.5, "axis": "y", "origin": [8, 2.74288, 8]},
			"faces": {
				"north": {"uv": [11, 3, 11.5, 3.125], "texture": "#particle"},
				"east": {"uv": [1, 13, 1.125, 13.125], "texture": "#particle"},
				"south": {"uv": [3.5, 11, 4, 11.125], "texture": "#particle"},
				"west": {"uv": [13, 1, 13.125, 1.125], "texture": "#particle"},
				"up": {"uv": [11.5, 3.625, 11, 3.5], "texture": "#particle"},
				"down": {"uv": [4.5, 11, 4, 11.125], "texture": "#particle"}
			}
		},
		{
			"name": "hexadecagon",
			"from": [7.92541, 3.75, 7.625],
			"to": [8.07459, 4.25, 8.375],
			"rotation": {"angle": -45, "axis": "y", "origin": [8, 4, 8]},
			"faces": {
				"north": {"uv": [12.5, 1.5, 12.625, 1.75], "texture": "#particle"},
				"east": {"uv": [10, 8.5, 10.375, 8.75], "texture": "#particle"},
				"south": {"uv": [2, 12.5, 2.125, 12.75], "texture": "#particle"},
				"west": {"uv": [10, 9, 10.375, 9.25], "texture": "#particle"},
				"up": {"uv": [11.625, 9.875, 11.5, 9.5], "texture": "#particle"},
				"down": {"uv": [10.125, 11.5, 10, 11.875], "texture": "#particle"}
			}
		},
		{
			"name": "hexadecagon",
			"from": [7.92541, 3.75, 7.625],
			"to": [8.07459, 4.25, 8.375],
			"rotation": {"angle": -22.5, "axis": "y", "origin": [8, 4, 8]},
			"faces": {
				"north": {"uv": [12.5, 2, 12.625, 2.25], "texture": "#particle"},
				"east": {"uv": [9.5, 10, 9.875, 10.25], "texture": "#particle"},
				"south": {"uv": [2.5, 12.5, 2.625, 12.75], "texture": "#particle"},
				"west": {"uv": [10, 9.5, 10.375, 9.75], "texture": "#particle"},
				"up": {"uv": [11.625, 10.375, 11.5, 10], "texture": "#particle"},
				"down": {"uv": [10.625, 11.5, 10.5, 11.875], "texture": "#particle"}
			}
		},
		{
			"name": "hexadecagon",
			"from": [7.92541, 3.75, 7.625],
			"to": [8.07459, 4.25, 8.375],
			"rotation": {"angle": 0, "axis": "y", "origin": [8, 4, 8]},
			"faces": {
				"north": {"uv": [12.5, 2.5, 12.625, 2.75], "texture": "#particle"},
				"east": {"uv": [10, 10, 10.375, 10.25], "texture": "#particle"},
				"south": {"uv": [3, 12.5, 3.125, 12.75], "texture": "#particle"},
				"west": {"uv": [10.5, 1, 10.875, 1.25], "texture": "#particle"},
				"up": {"uv": [11.625, 10.875, 11.5, 10.5], "texture": "#particle"},
				"down": {"uv": [11.125, 11.5, 11, 11.875], "texture": "#particle"}
			}
		},
		{
			"name": "hexadecagon",
			"from": [7.92541, 3.75, 7.625],
			"to": [8.07459, 4.25, 8.375],
			"rotation": {"angle": 22.5, "axis": "y", "origin": [8, 4, 8]},
			"faces": {
				"north": {"uv": [12.5, 3, 12.625, 3.25], "texture": "#particle"},
				"east": {"uv": [10.5, 1.5, 10.875, 1.75], "texture": "#particle"},
				"south": {"uv": [3.5, 12.5, 3.625, 12.75], "texture": "#particle"},
				"west": {"uv": [10.5, 2, 10.875, 2.25], "texture": "#particle"},
				"up": {"uv": [11.625, 11.375, 11.5, 11], "texture": "#particle"},
				"down": {"uv": [11.625, 11.5, 11.5, 11.875], "texture": "#particle"}
			}
		},
		{
			"name": "hexadecagon",
			"from": [7.92541, 3.75, 7.625],
			"to": [8.07459, 4.25, 8.375],
			"rotation": {"angle": 45, "axis": "y", "origin": [8, 4, 8]},
			"faces": {
				"north": {"uv": [12.5, 3.5, 12.625, 3.75], "texture": "#particle"},
				"east": {"uv": [10.5, 2.5, 10.875, 2.75], "texture": "#particle"},
				"south": {"uv": [4, 12.5, 4.125, 12.75], "texture": "#particle"},
				"west": {"uv": [3, 10.5, 3.375, 10.75], "texture": "#particle"},
				"up": {"uv": [0.125, 12.375, 0, 12], "texture": "#particle"},
				"down": {"uv": [12.125, 0, 12, 0.375], "texture": "#particle"}
			}
		},
		{
			"name": "hexadecagon",
			"from": [7.625, 3.75, 7.92541],
			"to": [8.375, 4.25, 8.07459],
			"rotation": {"angle": -22.5, "axis": "y", "origin": [8, 4, 8]},
			"faces": {
				"north": {"uv": [10.5, 3, 10.875, 3.25], "texture": "#particle"},
				"east": {"uv": [12.5, 4, 12.625, 4.25], "texture": "#particle"},
				"south": {"uv": [3.5, 10.5, 3.875, 10.75], "texture": "#particle"},
				"west": {"uv": [4.5, 12.5, 4.625, 12.75], "texture": "#particle"},
				"up": {"uv": [0.875, 12.125, 0.5, 12], "texture": "#particle"},
				"down": {"uv": [12.375, 0.5, 12, 0.625], "texture": "#particle"}
			}
		},
		{
			"name": "hexadecagon",
			"from": [7.625, 3.75, 7.92541],
			"to": [8.375, 4.25, 8.07459],
			"rotation": {"angle": 0, "axis": "y", "origin": [8, 4, 8]},
			"faces": {
				"north": {"uv": [10.5, 3.5, 10.875, 3.75], "texture": "#particle"},
				"east": {"uv": [12.5, 4.5, 12.625, 4.75], "texture": "#particle"},
				"south": {"uv": [4, 10.5, 4.375, 10.75], "texture": "#particle"},
				"west": {"uv": [5, 12.5, 5.125, 12.75], "texture": "#particle"},
				"up": {"uv": [1.375, 12.125, 1, 12], "texture": "#particle"},
				"down": {"uv": [12.375, 1, 12, 1.125], "texture": "#particle"}
			}
		},
		{
			"name": "hexadecagon",
			"from": [7.625, 3.75, 7.92541],
			"to": [8.375, 4.25, 8.07459],
			"rotation": {"angle": 22.5, "axis": "y", "origin": [8, 4, 8]},
			"faces": {
				"north": {"uv": [10.5, 4, 10.875, 4.25], "texture": "#particle"},
				"east": {"uv": [12.5, 5, 12.625, 5.25], "texture": "#particle"},
				"south": {"uv": [4.5, 10.5, 4.875, 10.75], "texture": "#particle"},
				"west": {"uv": [5.5, 12.5, 5.625, 12.75], "texture": "#particle"},
				"up": {"uv": [1.875, 12.125, 1.5, 12], "texture": "#particle"},
				"down": {"uv": [12.375, 1.5, 12, 1.625], "texture": "#particle"}
			}
		},
		{
			"name": "hexadecagon",
			"from": [7.91348, 2.9, 7.565],
			"to": [8.08652, 3.7, 8.435],
			"rotation": {"angle": -45, "axis": "y", "origin": [8, 3, 8]},
			"faces": {
				"north": {"uv": [12.5, 0.5, 12.625, 0.875], "texture": "#particle"},
				"east": {"uv": [7, 10, 7.375, 10.375], "texture": "#particle"},
				"south": {"uv": [1, 12.5, 1.125, 12.875], "texture": "#particle"},
				"west": {"uv": [10, 7, 10.375, 7.375], "texture": "#particle"},
				"up": {"uv": [12.625, 1.375, 12.5, 1], "texture": "#particle"},
				"down": {"uv": [1.625, 12.5, 1.5, 12.875], "texture": "#particle"}
			}
		},
		{
			"name": "hexadecagon",
			"from": [7.91348, 2.9, 7.565],
			"to": [8.08652, 3.7, 8.435],
			"rotation": {"angle": -22.5, "axis": "y", "origin": [8, 3, 8]},
			"faces": {
				"north": {"uv": [12, 12, 12.125, 12.375], "texture": "#particle"},
				"east": {"uv": [6.5, 10, 6.875, 10.375], "texture": "#particle"},
				"south": {"uv": [0, 12.5, 0.125, 12.875], "texture": "#particle"},
				"west": {"uv": [10, 6.5, 10.375, 6.875], "texture": "#particle"},
				"up": {"uv": [12.625, 0.375, 12.5, 0], "texture": "#particle"},
				"down": {"uv": [0.625, 12.5, 0.5, 12.875], "texture": "#particle"}
			}
		},
		{
			"name": "hexadecagon",
			"from": [7.91348, 2.9, 7.565],
			"to": [8.08652, 3.7, 8.435],
			"rotation": {"angle": 0, "axis": "y", "origin": [8, 3, 8]},
			"faces": {
				"north": {"uv": [11, 12, 11.125, 12.375], "texture": "#particle"},
				"east": {"uv": [6, 10, 6.375, 10.375], "texture": "#particle"},
				"south": {"uv": [12, 11, 12.125, 11.375], "texture": "#particle"},
				"west": {"uv": [10, 6, 10.375, 6.375], "texture": "#particle"},
				"up": {"uv": [11.625, 12.375, 11.5, 12], "texture": "#particle"},
				"down": {"uv": [12.125, 11.5, 12, 11.875], "texture": "#particle"}
			}
		},
		{
			"name": "hexadecagon",
			"from": [7.91348, 2.9, 7.565],
			"to": [8.08652, 3.7, 8.435],
			"rotation": {"angle": 22.5, "axis": "y", "origin": [8, 3, 8]},
			"faces": {
				"north": {"uv": [10, 12, 10.125, 12.375], "texture": "#particle"},
				"east": {"uv": [5.5, 10, 5.875, 10.375], "texture": "#particle"},
				"south": {"uv": [12, 10, 12.125, 10.375], "texture": "#particle"},
				"west": {"uv": [10, 5.5, 10.375, 5.875], "texture": "#particle"},
				"up": {"uv": [10.625, 12.375, 10.5, 12], "texture": "#particle"},
				"down": {"uv": [12.125, 10.5, 12, 10.875], "texture": "#particle"}
			}
		},
		{
			"name": "hexadecagon",
			"from": [7.91348, 2.9, 7.565],
			"to": [8.08652, 3.7, 8.435],
			"rotation": {"angle": 45, "axis": "y", "origin": [8, 3, 8]},
			"faces": {
				"north": {"uv": [9, 12, 9.125, 12.375], "texture": "#particle"},
				"east": {"uv": [5, 10, 5.375, 10.375], "texture": "#particle"},
				"south": {"uv": [12, 9, 12.125, 9.375], "texture": "#particle"},
				"west": {"uv": [10, 5, 10.375, 5.375], "texture": "#particle"},
				"up": {"uv": [9.625, 12.375, 9.5, 12], "texture": "#particle"},
				"down": {"uv": [12.125, 9.5, 12, 9.875], "texture": "#particle"}
			}
		},
		{
			"name": "hexadecagon",
			"from": [7.565, 2.9, 7.91348],
			"to": [8.435, 3.7, 8.08652],
			"rotation": {"angle": -22.5, "axis": "y", "origin": [8, 3, 8]},
			"faces": {
				"north": {"uv": [4.5, 10, 4.875, 10.375], "texture": "#particle"},
				"east": {"uv": [8, 12, 8.125, 12.375], "texture": "#particle"},
				"south": {"uv": [10, 4.5, 10.375, 4.875], "texture": "#particle"},
				"west": {"uv": [12, 8, 12.125, 8.375], "texture": "#particle"},
				"up": {"uv": [8.875, 12.125, 8.5, 12], "texture": "#particle"},
				"down": {"uv": [12.375, 8.5, 12, 8.625], "texture": "#particle"}
			}
		},
		{
			"name": "hexadecagon",
			"from": [7.565, 2.9, 7.91348],
			"to": [8.435, 3.7, 8.08652],
			"rotation": {"angle": 0, "axis": "y", "origin": [8, 3, 8]},
			"faces": {
				"north": {"uv": [4, 10, 4.375, 10.375], "texture": "#particle"},
				"east": {"uv": [7, 12, 7.125, 12.375], "texture": "#particle"},
				"south": {"uv": [10, 4, 10.375, 4.375], "texture": "#particle"},
				"west": {"uv": [12, 7, 12.125, 7.375], "texture": "#particle"},
				"up": {"uv": [7.875, 12.125, 7.5, 12], "texture": "#particle"},
				"down": {"uv": [12.375, 7.5, 12, 7.625], "texture": "#particle"}
			}
		},
		{
			"name": "hexadecagon",
			"from": [7.565, 2.9, 7.91348],
			"to": [8.435, 3.7, 8.08652],
			"rotation": {"angle": 22.5, "axis": "y", "origin": [8, 3, 8]},
			"faces": {
				"north": {"uv": [3, 10, 3.375, 10.375], "texture": "#particle"},
				"east": {"uv": [6, 12, 6.125, 12.375], "texture": "#particle"},
				"south": {"uv": [3.5, 10, 3.875, 10.375], "texture": "#particle"},
				"west": {"uv": [12, 6, 12.125, 6.375], "texture": "#particle"},
				"up": {"uv": [6.875, 12.125, 6.5, 12], "texture": "#particle"},
				"down": {"uv": [12.375, 6.5, 12, 6.625], "texture": "#particle"}
			}
		},
		{
			"name": "hexadecagon",
			"from": [7.93538, 4.25, 7.67511],
			"to": [8.06462, 8.325, 8.32489],
			"rotation": {"angle": -45, "axis": "y", "origin": [8, 4, 8]},
			"faces": {
				"north": {"uv": [3, 4, 3.125, 6], "texture": "#particle"},
				"east": {"uv": [1, 2, 1.375, 4], "texture": "#particle"},
				"south": {"uv": [3.5, 4, 3.625, 6], "texture": "#particle"},
				"west": {"uv": [2, 1, 2.375, 3], "texture": "#particle"},
				"up": {"uv": [2.125, 12.375, 2, 12], "texture": "#particle"},
				"down": {"uv": [12.125, 2, 12, 2.375], "texture": "#particle"}
			}
		},
		{
			"name": "hexadecagon",
			"from": [7.93538, 4.25, 7.67511],
			"to": [8.06462, 8.325, 8.32489],
			"rotation": {"angle": -22.5, "axis": "y", "origin": [8, 4, 8]},
			"faces": {
				"north": {"uv": [4, 4, 4.125, 6], "texture": "#particle"},
				"east": {"uv": [1.5, 2, 1.875, 4], "texture": "#particle"},
				"south": {"uv": [4.5, 0, 4.625, 2], "texture": "#particle"},
				"west": {"uv": [2.5, 1, 2.875, 3], "texture": "#particle"},
				"up": {"uv": [2.625, 12.375, 2.5, 12], "texture": "#particle"},
				"down": {"uv": [12.125, 2.5, 12, 2.875], "texture": "#particle"}
			}
		},
		{
			"name": "hexadecagon",
			"from": [7.93538, 4.25, 7.67511],
			"to": [8.06462, 8.325, 8.32489],
			"rotation": {"angle": 0, "axis": "y", "origin": [8, 4, 8]},
			"faces": {
				"north": {"uv": [4.5, 2, 4.625, 4], "texture": "#particle"},
				"east": {"uv": [0, 3, 0.375, 5], "texture": "#particle"},
				"south": {"uv": [4.5, 4, 4.625, 6], "texture": "#particle"},
				"west": {"uv": [3, 0, 3.375, 2], "texture": "#particle"},
				"up": {"uv": [3.125, 12.375, 3, 12], "texture": "#particle"},
				"down": {"uv": [12.125, 3, 12, 3.375], "texture": "#particle"}
			}
		},
		{
			"name": "hexadecagon",
			"from": [7.93538, 4.25, 7.67511],
			"to": [8.06462, 8.325, 8.32489],
			"rotation": {"angle": 22.5, "axis": "y", "origin": [8, 4, 8]},
			"faces": {
				"north": {"uv": [0, 5, 0.125, 7], "texture": "#particle"},
				"east": {"uv": [0.5, 3, 0.875, 5], "texture": "#particle"},
				"south": {"uv": [5, 0, 5.125, 2], "texture": "#particle"},
				"west": {"uv": [2, 3, 2.375, 5], "texture": "#particle"},
				"up": {"uv": [3.625, 12.375, 3.5, 12], "texture": "#particle"},
				"down": {"uv": [12.125, 3.5, 12, 3.875], "texture": "#particle"}
			}
		},
		{
			"name": "hexadecagon",
			"from": [7.93538, 4.25, 7.67511],
			"to": [8.06462, 8.325, 8.32489],
			"rotation": {"angle": 45, "axis": "y", "origin": [8, 4, 8]},
			"faces": {
				"north": {"uv": [0.5, 5, 0.625, 7], "texture": "#particle"},
				"east": {"uv": [3, 2, 3.375, 4], "texture": "#particle"},
				"south": {"uv": [2, 5, 2.125, 7], "texture": "#particle"},
				"west": {"uv": [2.5, 3, 2.875, 5], "texture": "#particle"},
				"up": {"uv": [4.125, 12.375, 4, 12], "texture": "#particle"},
				"down": {"uv": [12.125, 4, 12, 4.375], "texture": "#particle"}
			}
		},
		{
			"name": "hexadecagon",
			"from": [7.67511, 4.25, 7.93538],
			"to": [8.32489, 8.325, 8.06462],
			"rotation": {"angle": -22.5, "axis": "y", "origin": [8, 4, 8]},
			"faces": {
				"north": {"uv": [3.5, 0, 3.875, 2], "texture": "#particle"},
				"east": {"uv": [5, 2, 5.125, 4], "texture": "#particle"},
				"south": {"uv": [3.5, 2, 3.875, 4], "texture": "#particle"},
				"west": {"uv": [2.5, 5, 2.625, 7], "texture": "#particle"},
				"up": {"uv": [4.875, 12.125, 4.5, 12], "texture": "#particle"},
				"down": {"uv": [12.375, 4.5, 12, 4.625], "texture": "#particle"}
			}
		},
		{
			"name": "hexadecagon",
			"from": [7.67511, 4.25, 7.93538],
			"to": [8.32489, 8.325, 8.06462],
			"rotation": {"angle": 0, "axis": "y", "origin": [8, 4, 8]},
			"faces": {
				"north": {"uv": [4, 0, 4.375, 2], "texture": "#particle"},
				"east": {"uv": [5, 4, 5.125, 6], "texture": "#particle"},
				"south": {"uv": [1, 4, 1.375, 6], "texture": "#particle"},
				"west": {"uv": [5.5, 0, 5.625, 2], "texture": "#particle"},
				"up": {"uv": [5.375, 12.125, 5, 12], "texture": "#particle"},
				"down": {"uv": [12.375, 5, 12, 5.125], "texture": "#particle"}
			}
		},
		{
			"name": "hexadecagon",
			"from": [7.67511, 4.25, 7.93538],
			"to": [8.32489, 8.325, 8.06462],
			"rotation": {"angle": 22.5, "axis": "y", "origin": [8, 4, 8]},
			"faces": {
				"north": {"uv": [1.5, 4, 1.875, 6], "texture": "#particle"},
				"east": {"uv": [5.5, 2, 5.625, 4], "texture": "#particle"},
				"south": {"uv": [4, 2, 4.375, 4], "texture": "#particle"},
				"west": {"uv": [5.5, 4, 5.625, 6], "texture": "#particle"},
				"up": {"uv": [5.875, 12.125, 5.5, 12], "texture": "#particle"},
				"down": {"uv": [12.375, 5.5, 12, 5.625], "texture": "#particle"}
			}
		},
		{
			"name": "hexadecagon",
			"from": [7.90565, 8.1, 7.52567],
			"to": [8.09435, 8.425, 8.47433],
			"rotation": {"angle": -45, "axis": "y", "origin": [8, 4.1, 8]},
			"faces": {
				"north": {"uv": [1.5, 13, 1.625, 13.125], "texture": "#particle"},
				"east": {"uv": [11, 4, 11.5, 4.125], "texture": "#particle"},
				"south": {"uv": [13, 1.5, 13.125, 1.625], "texture": "#particle"},
				"west": {"uv": [4.5, 11, 5, 11.125], "texture": "#particle"},
				"up": {"uv": [5.125, 11.5, 5, 11], "texture": "#particle"},
				"down": {"uv": [11.125, 5, 11, 5.5], "texture": "#particle"}
			}
		},
		{
			"name": "hexadecagon",
			"from": [7.90565, 8.1, 7.52567],
			"to": [8.09435, 8.425, 8.47433],
			"rotation": {"angle": -22.5, "axis": "y", "origin": [8, 4.1, 8]},
			"faces": {
				"north": {"uv": [2, 13, 2.125, 13.125], "texture": "#particle"},
				"east": {"uv": [5.5, 11, 6, 11.125], "texture": "#particle"},
				"south": {"uv": [13, 2, 13.125, 2.125], "texture": "#particle"},
				"west": {"uv": [11, 5.5, 11.5, 5.625], "texture": "#particle"},
				"up": {"uv": [6.125, 11.5, 6, 11], "texture": "#particle"},
				"down": {"uv": [11.125, 6, 11, 6.5], "texture": "#particle"}
			}
		},
		{
			"name": "hexadecagon",
			"from": [7.90565, 8.1, 7.52567],
			"to": [8.09435, 8.425, 8.47433],
			"rotation": {"angle": 0, "axis": "y", "origin": [8, 4.1, 8]},
			"faces": {
				"north": {"uv": [2.5, 13, 2.625, 13.125], "texture": "#particle"},
				"east": {"uv": [6.5, 11, 7, 11.125], "texture": "#particle"},
				"south": {"uv": [13, 2.5, 13.125, 2.625], "texture": "#particle"},
				"west": {"uv": [11, 6.5, 11.5, 6.625], "texture": "#particle"},
				"up": {"uv": [7.125, 11.5, 7, 11], "texture": "#particle"},
				"down": {"uv": [11.125, 7, 11, 7.5], "texture": "#particle"}
			}
		},
		{
			"name": "hexadecagon",
			"from": [7.90565, 8.1, 7.52567],
			"to": [8.09435, 8.425, 8.47433],
			"rotation": {"angle": 22.5, "axis": "y", "origin": [8, 4.1, 8]},
			"faces": {
				"north": {"uv": [3, 13, 3.125, 13.125], "texture": "#particle"},
				"east": {"uv": [7.5, 11, 8, 11.125], "texture": "#particle"},
				"south": {"uv": [13, 3, 13.125, 3.125], "texture": "#particle"},
				"west": {"uv": [11, 7.5, 11.5, 7.625], "texture": "#particle"},
				"up": {"uv": [8.125, 11.5, 8, 11], "texture": "#particle"},
				"down": {"uv": [11.125, 8, 11, 8.5], "texture": "#particle"}
			}
		},
		{
			"name": "hexadecagon",
			"from": [7.90565, 8.1, 7.52567],
			"to": [8.09435, 8.425, 8.47433],
			"rotation": {"angle": 45, "axis": "y", "origin": [8, 4.1, 8]},
			"faces": {
				"north": {"uv": [3.5, 13, 3.625, 13.125], "texture": "#particle"},
				"east": {"uv": [8.5, 11, 9, 11.125], "texture": "#particle"},
				"south": {"uv": [13, 3.5, 13.125, 3.625], "texture": "#particle"},
				"west": {"uv": [11, 8.5, 11.5, 8.625], "texture": "#particle"},
				"up": {"uv": [9.125, 11.5, 9, 11], "texture": "#particle"},
				"down": {"uv": [11.125, 9, 11, 9.5], "texture": "#particle"}
			}
		},
		{
			"name": "hexadecagon",
			"from": [7.52567, 8.1, 7.90565],
			"to": [8.47433, 8.425, 8.09435],
			"rotation": {"angle": -22.5, "axis": "y", "origin": [8, 4.1, 8]},
			"faces": {
				"north": {"uv": [9.5, 11, 10, 11.125], "texture": "#particle"},
				"east": {"uv": [4, 13, 4.125, 13.125], "texture": "#particle"},
				"south": {"uv": [11, 9.5, 11.5, 9.625], "texture": "#particle"},
				"west": {"uv": [13, 4, 13.125, 4.125], "texture": "#particle"},
				"up": {"uv": [10.5, 11.125, 10, 11], "texture": "#particle"},
				"down": {"uv": [11.5, 10, 11, 10.125], "texture": "#particle"}
			}
		},
		{
			"name": "hexadecagon",
			"from": [7.52567, 8.1, 7.90565],
			"to": [8.47433, 8.425, 8.09435],
			"rotation": {"angle": 0, "axis": "y", "origin": [8, 4.1, 8]},
			"faces": {
				"north": {"uv": [10.5, 11, 11, 11.125], "texture": "#particle"},
				"east": {"uv": [4.5, 13, 4.625, 13.125], "texture": "#particle"},
				"south": {"uv": [11, 10.5, 11.5, 10.625], "texture": "#particle"},
				"west": {"uv": [13, 4.5, 13.125, 4.625], "texture": "#particle"},
				"up": {"uv": [11.5, 11.125, 11, 11], "texture": "#particle"},
				"down": {"uv": [0.5, 11.5, 0, 11.625], "texture": "#particle"}
			}
		},
		{
			"name": "hexadecagon",
			"from": [7.52567, 8.1, 7.90565],
			"to": [8.47433, 8.425, 8.09435],
			"rotation": {"angle": 22.5, "axis": "y", "origin": [8, 4.1, 8]},
			"faces": {
				"north": {"uv": [0.5, 11.5, 1, 11.625], "texture": "#particle"},
				"east": {"uv": [5, 13, 5.125, 13.125], "texture": "#particle"},
				"south": {"uv": [1, 11.5, 1.5, 11.625], "texture": "#particle"},
				"west": {"uv": [13, 5, 13.125, 5.125], "texture": "#particle"},
				"up": {"uv": [12, 1.125, 11.5, 1], "texture": "#particle"},
				"down": {"uv": [2, 11.5, 1.5, 11.625], "texture": "#particle"}
			}
		},
		{
			"name": "hexadecagon",
			"from": [7.8856, 2.86713, 7.4249],
			"to": [8.1144, 6.70713, 7.53992],
			"rotation": {"angle": -45, "axis": "y", "origin": [8, 3.57712, 8]},
			"faces": {
				"north": {"uv": [6, 0, 6.125, 1.875], "texture": "#particle"},
				"east": {"uv": [1, 6, 1.125, 7.875], "texture": "#particle"},
				"south": {"uv": [1.5, 6, 1.625, 7.875], "texture": "#particle"},
				"west": {"uv": [6, 2, 6.125, 3.875], "texture": "#particle"},
				"up": {"uv": [5.625, 13.125, 5.5, 13], "texture": "#particle"},
				"down": {"uv": [13.125, 5.5, 13, 5.625], "texture": "#particle"}
			}
		},
		{
			"name": "hexadecagon",
			"from": [7.8856, 2.86713, 7.4249],
			"to": [8.1144, 6.70713, 7.53992],
			"rotation": {"angle": -22.5, "axis": "y", "origin": [8, 3.57712, 8]},
			"faces": {
				"north": {"uv": [3, 6, 3.125, 7.875], "texture": "#particle"},
				"east": {"uv": [3.5, 6, 3.625, 7.875], "texture": "#particle"},
				"south": {"uv": [4, 6, 4.125, 7.875], "texture": "#particle"},
				"west": {"uv": [6, 4, 6.125, 5.875], "texture": "#particle"},
				"up": {"uv": [6.125, 13.125, 6, 13], "texture": "#particle"},
				"down": {"uv": [13.125, 6, 13, 6.125], "texture": "#particle"}
			}
		},
		{
			"name": "hexadecagon",
			"from": [7.8856, 2.86713, 7.4249],
			"to": [8.1144, 6.70713, 7.53992],
			"rotation": {"angle": 0, "axis": "y", "origin": [8, 3.57712, 8]},
			"faces": {
				"north": {"uv": [4.5, 6, 4.625, 7.875], "texture": "#particle"},
				"east": {"uv": [5, 6, 5.125, 7.875], "texture": "#particle"},
				"south": {"uv": [5.5, 6, 5.625, 7.875], "texture": "#particle"},
				"west": {"uv": [6, 6, 6.125, 7.875], "texture": "#particle"},
				"up": {"uv": [6.625, 13.125, 6.5, 13], "texture": "#particle"},
				"down": {"uv": [13.125, 6.5, 13, 6.625], "texture": "#particle"}
			}
		},
		{
			"name": "hexadecagon",
			"from": [7.8856, 2.86713, 7.4249],
			"to": [8.1144, 6.70713, 7.53992],
			"rotation": {"angle": 22.5, "axis": "y", "origin": [8, 3.57712, 8]},
			"faces": {
				"north": {"uv": [6.5, 0, 6.625, 1.875], "texture": "#particle"},
				"east": {"uv": [6.5, 2, 6.625, 3.875], "texture": "#particle"},
				"south": {"uv": [6.5, 4, 6.625, 5.875], "texture": "#particle"},
				"west": {"uv": [6.5, 6, 6.625, 7.875], "texture": "#particle"},
				"up": {"uv": [7.125, 13.125, 7, 13], "texture": "#particle"},
				"down": {"uv": [13.125, 7, 13, 7.125], "texture": "#particle"}
			}
		},
		{
			"name": "hexadecagon",
			"from": [7.8856, 2.86713, 7.4249],
			"to": [8.1144, 6.70713, 7.53992],
			"rotation": {"angle": 45, "axis": "y", "origin": [8, 3.57712, 8]},
			"faces": {
				"north": {"uv": [0, 7, 0.125, 8.875], "texture": "#particle"},
				"east": {"uv": [7, 0, 7.125, 1.875], "texture": "#particle"},
				"south": {"uv": [0.5, 7, 0.625, 8.875], "texture": "#particle"},
				"west": {"uv": [2, 7, 2.125, 8.875], "texture": "#particle"},
				"up": {"uv": [7.625, 13.125, 7.5, 13], "texture": "#particle"},
				"down": {"uv": [13.125, 7.5, 13, 7.625], "texture": "#particle"}
			}
		},
		{
			"name": "hexadecagon",
			"from": [7.8856, 2.86713, 8.46008],
			"to": [8.1144, 6.70713, 8.5751],
			"rotation": {"angle": -45, "axis": "y", "origin": [8, 3.57712, 8]},
			"faces": {
				"north": {"uv": [7, 2, 7.125, 3.875], "texture": "#particle"},
				"east": {"uv": [2.5, 7, 2.625, 8.875], "texture": "#particle"},
				"south": {"uv": [7, 4, 7.125, 5.875], "texture": "#particle"},
				"west": {"uv": [7, 6, 7.125, 7.875], "texture": "#particle"},
				"up": {"uv": [8.125, 13.125, 8, 13], "texture": "#particle"},
				"down": {"uv": [13.125, 8, 13, 8.125], "texture": "#particle"}
			}
		},
		{
			"name": "hexadecagon",
			"from": [7.8856, 2.86713, 8.46008],
			"to": [8.1144, 6.70713, 8.5751],
			"rotation": {"angle": -22.5, "axis": "y", "origin": [8, 3.57712, 8]},
			"faces": {
				"north": {"uv": [7.5, 0, 7.625, 1.875], "texture": "#particle"},
				"east": {"uv": [7.5, 2, 7.625, 3.875], "texture": "#particle"},
				"south": {"uv": [7.5, 4, 7.625, 5.875], "texture": "#particle"},
				"west": {"uv": [7.5, 6, 7.625, 7.875], "texture": "#particle"},
				"up": {"uv": [8.625, 13.125, 8.5, 13], "texture": "#particle"},
				"down": {"uv": [13.125, 8.5, 13, 8.625], "texture": "#particle"}
			}
		},
		{
			"name": "hexadecagon",
			"from": [7.8856, 2.86713, 8.46008],
			"to": [8.1144, 6.70713, 8.5751],
			"rotation": {"angle": 0, "axis": "y", "origin": [8, 3.57712, 8]},
			"faces": {
				"north": {"uv": [8, 0, 8.125, 1.875], "texture": "#particle"},
				"east": {"uv": [1, 8, 1.125, 9.875], "texture": "#particle"},
				"south": {"uv": [1.5, 8, 1.625, 9.875], "texture": "#particle"},
				"west": {"uv": [8, 2, 8.125, 3.875], "texture": "#particle"},
				"up": {"uv": [9.125, 13.125, 9, 13], "texture": "#particle"},
				"down": {"uv": [13.125, 9, 13, 9.125], "texture": "#particle"}
			}
		},
		{
			"name": "hexadecagon",
			"from": [7.8856, 2.86713, 8.46008],
			"to": [8.1144, 6.70713, 8.5751],
			"rotation": {"angle": 22.5, "axis": "y", "origin": [8, 3.57712, 8]},
			"faces": {
				"north": {"uv": [3, 8, 3.125, 9.875], "texture": "#particle"},
				"east": {"uv": [3.5, 8, 3.625, 9.875], "texture": "#particle"},
				"south": {"uv": [4, 8, 4.125, 9.875], "texture": "#particle"},
				"west": {"uv": [8, 4, 8.125, 5.875], "texture": "#particle"},
				"up": {"uv": [9.625, 13.125, 9.5, 13], "texture": "#particle"},
				"down": {"uv": [13.125, 9.5, 13, 9.625], "texture": "#particle"}
			}
		},
		{
			"name": "hexadecagon",
			"from": [7.8856, 2.86713, 8.46008],
			"to": [8.1144, 6.70713, 8.5751],
			"rotation": {"angle": 45, "axis": "y", "origin": [8, 3.57712, 8]},
			"faces": {
				"north": {"uv": [4.5, 8, 4.625, 9.875], "texture": "#particle"},
				"east": {"uv": [5, 8, 5.125, 9.875], "texture": "#particle"},
				"south": {"uv": [5.5, 8, 5.625, 9.875], "texture": "#particle"},
				"west": {"uv": [6, 8, 6.125, 9.875], "texture": "#particle"},
				"up": {"uv": [10.125, 13.125, 10, 13], "texture": "#particle"},
				"down": {"uv": [13.125, 10, 13, 10.125], "texture": "#particle"}
			}
		},
		{
			"name": "hexadecagon",
			"from": [7.4249, 2.86713, 7.8856],
			"to": [7.53992, 6.70713, 8.1144],
			"rotation": {"angle": -22.5, "axis": "y", "origin": [8, 3.57712, 8]},
			"faces": {
				"north": {"uv": [8, 6, 8.125, 7.875], "texture": "#particle"},
				"east": {"uv": [6.5, 8, 6.625, 9.875], "texture": "#particle"},
				"south": {"uv": [7, 8, 7.125, 9.875], "texture": "#particle"},
				"west": {"uv": [7.5, 8, 7.625, 9.875], "texture": "#particle"},
				"up": {"uv": [10.625, 13.125, 10.5, 13], "texture": "#particle"},
				"down": {"uv": [13.125, 10.5, 13, 10.625], "texture": "#particle"}
			}
		},
		{
			"name": "hexadecagon",
			"from": [7.4249, 2.86713, 7.8856],
			"to": [7.53992, 6.70713, 8.1144],
			"rotation": {"angle": 0, "axis": "y", "origin": [8, 3.57712, 8]},
			"faces": {
				"north": {"uv": [8, 8, 8.125, 9.875], "texture": "#particle"},
				"east": {"uv": [8.5, 0, 8.625, 1.875], "texture": "#particle"},
				"south": {"uv": [8.5, 2, 8.625, 3.875], "texture": "#particle"},
				"west": {"uv": [8.5, 4, 8.625, 5.875], "texture": "#particle"},
				"up": {"uv": [11.125, 13.125, 11, 13], "texture": "#particle"},
				"down": {"uv": [13.125, 11, 13, 11.125], "texture": "#particle"}
			}
		},
		{
			"name": "hexadecagon",
			"from": [7.4249, 2.86713, 7.8856],
			"to": [7.53992, 6.70713, 8.1144],
			"rotation": {"angle": 22.5, "axis": "y", "origin": [8, 3.57712, 8]},
			"faces": {
				"north": {"uv": [8.5, 6, 8.625, 7.875], "texture": "#particle"},
				"east": {"uv": [8.5, 8, 8.625, 9.875], "texture": "#particle"},
				"south": {"uv": [0, 9, 0.125, 10.875], "texture": "#particle"},
				"west": {"uv": [9, 0, 9.125, 1.875], "texture": "#particle"},
				"up": {"uv": [11.625, 13.125, 11.5, 13], "texture": "#particle"},
				"down": {"uv": [13.125, 11.5, 13, 11.625], "texture": "#particle"}
			}
		},
		{
			"name": "hexadecagon",
			"from": [8.46008, 2.86713, 7.8856],
			"to": [8.5751, 6.70713, 8.1144],
			"rotation": {"angle": -22.5, "axis": "y", "origin": [8, 3.57712, 8]},
			"faces": {
				"north": {"uv": [0.5, 9, 0.625, 10.875], "texture": "#particle"},
				"east": {"uv": [2, 9, 2.125, 10.875], "texture": "#particle"},
				"south": {"uv": [9, 2, 9.125, 3.875], "texture": "#particle"},
				"west": {"uv": [2.5, 9, 2.625, 10.875], "texture": "#particle"},
				"up": {"uv": [12.125, 13.125, 12, 13], "texture": "#particle"},
				"down": {"uv": [13.125, 12, 13, 12.125], "texture": "#particle"}
			}
		},
		{
			"name": "hexadecagon",
			"from": [8.46008, 2.86713, 7.8856],
			"to": [8.5751, 6.70713, 8.1144],
			"rotation": {"angle": 0, "axis": "y", "origin": [8, 3.57712, 8]},
			"faces": {
				"north": {"uv": [9, 4, 9.125, 5.875], "texture": "#particle"},
				"east": {"uv": [9, 6, 9.125, 7.875], "texture": "#particle"},
				"south": {"uv": [9, 8, 9.125, 9.875], "texture": "#particle"},
				"west": {"uv": [9.5, 0, 9.625, 1.875], "texture": "#particle"},
				"up": {"uv": [12.625, 13.125, 12.5, 13], "texture": "#particle"},
				"down": {"uv": [13.125, 12.5, 13, 12.625], "texture": "#particle"}
			}
		},
		{
			"name": "hexadecagon",
			"from": [7.148, 6.675, 7.08888],
			"to": [8.81, 6.925, 8.91112],
			"rotation": {"angle": 0, "axis": "y", "origin": [8, 3.675, 8]},
			"faces": {
				"north": {"uv": [7.5, 10, 8.375, 10.125], "texture": "#particle"},
				"east": {"uv": [10, 7.5, 10.875, 7.625], "texture": "#particle"},
				"south": {"uv": [10, 8, 10.875, 8.125], "texture": "#particle"},
				"west": {"uv": [8.5, 10, 9.375, 10.125], "texture": "#particle"},
				"up": {"uv": [0.875, 2.875, 0, 2], "texture": "#particle"},
				"down": {"uv": [2.875, 0, 2, 0.875], "texture": "#particle"}
			}
		},
		{
			"name": "hexadecagon",
			"from": [6.398, 6.675, 7.38888],
			"to": [9.56, 6.925, 8.61112],
			"rotation": {"angle": 0, "axis": "y", "origin": [8, 3.675, 8]},
			"faces": {
				"north": {"uv": [10, 0, 11.625, 0.125], "texture": "#particle"},
				"east": {"uv": [10.5, 4.5, 11.125, 4.625], "texture": "#particle"},
				"south": {"uv": [10, 0.5, 11.625, 0.625], "texture": "#particle"},
				"west": {"uv": [5, 10.5, 5.625, 10.625], "texture": "#particle"},
				"up": {"uv": [1.625, 0.625, 0, 0], "texture": "#particle"},
				"down": {"uv": [1.625, 1, 0, 1.625], "texture": "#particle"}
			}
		},
		{
			"name": "hexadecagon",
			"from": [8.46008, 2.86713, 7.8856],
			"to": [8.5751, 6.70713, 8.1144],
			"rotation": {"angle": 22.5, "axis": "y", "origin": [8, 3.57712, 8]},
			"faces": {
				"north": {"uv": [9.5, 2, 9.625, 3.875], "texture": "#particle"},
				"east": {"uv": [9.5, 4, 9.625, 5.875], "texture": "#particle"},
				"south": {"uv": [9.5, 6, 9.625, 7.875], "texture": "#particle"},
				"west": {"uv": [9.5, 8, 9.625, 9.875], "texture": "#particle"},
				"up": {"uv": [13.125, 13.125, 13, 13], "texture": "#particle"},
				"down": {"uv": [0.125, 13.5, 0, 13.625], "texture": "#particle"}
			}
		}
	],
	"gui_light": "front",
	"display": {
		"thirdperson_righthand": {
			"translation": [0, 1.5, 0]
		},
		"thirdperson_lefthand": {
			"translation": [0, 1.5, 0]
		},
		"firstperson_righthand": {
			"rotation": [-5, 116, 6],
			"translation": [0, 5.5, 0]
		},
		"firstperson_lefthand": {
			"rotation": [-5, 116, 6],
			"translation": [0, 5.5, 0]
		},
		"ground": {
			"translation": [0, 7.5, 0]
		},
		"gui": {
			"rotation": [0, 180, -31],
			"translation": [-2.75, 6, 0],
			"scale": [1.87, 1.87, 1.87]
		},
		"fixed": {
			"translation": [0, 9, 0],
			"scale": [2.48, 2.48, 2.48]
		}
	},
	"groups": [
		0,
		{
			"name": "hexadecagon",
			"origin": [16, 8, 16],
			"color": 0,
			"children": [1, 2, 3, 4, 5, 6, 7, 8, 9, 10, 11, 12, 13, 14, 15, 16, 17, 18, 19, 20, 21, 22, 23, 24]
		},
		{
			"name": "hexadecagon",
			"origin": [16, 8, 16],
			"color": 0,
			"children": [25, 26, 27, 28, 29, 30, 31, 32, 33, 34, 35, 36, 37, 38, 39, 40]
		},
		{
			"name": "hexadecagon",
			"origin": [16, 8, 16],
			"color": 0,
			"children": [41, 42, 43, 44, 45, 46, 47, 48, 49, 50, 51, 52, 53, 54, 55, 56]
		},
		{
			"name": "hexadecagon",
			"origin": [16, 8, 16],
			"color": 0,
			"children": []
		},
		{
			"name": "hexadecagon",
			"origin": [8, 8, 8],
			"color": 0,
			"children": []
		},
		{
			"name": "hexadecagon",
			"origin": [8, 8, 8],
			"color": 0,
			"children": [57, 58, 59, 60, 61, 62, 63, 64, 65, 66, 67, 68, 69, 70, 71, 72, 73, 74]
		}
	]
}